{
  "offense": {
    "xGF_O": 1.736928,
    "SOG_O": 0.115262,
    "GF_O": 0.11519,
    "TO_O": 0.138941,
    "GA_O": 0.083827,
    "iFinish_shrunk": 1.963974
  },
  "defense": {
    "xGF_D": 0.589658,
    "SOG_D": -0.020639,
    "GF_D": -0.017935,
    "TO_D": 0.055731,
    "GA_D": -0.002258
  },
  "cv_r2_O": 0.1545,
  "cv_r2_D": -0.0006,
  "cv_r2_O_baseline": 0.1139,
  "ifinish_shrinkage_k": 80.0,
  "ifinish_yoy_r_raw": 0.2048,
  "ifinish_yoy_r_shrunk": 0.2342,
  "n_pairs": 5353,
  "seasons": [
    2015,
    2016,
    2017,
    2018,
    2019,
    2020,
    2021,
    2022,
    2023,
    2024
  ]
}