{
  "offense": {
    "r2_train": 0.0693,
    "r2_cv": 0.0464,
    "r2_eff": 0.0464,
    "sd_rapm": 0.14112,
    "prior_sd": 0.137805
  },
  "defense": {
    "r2_train": 0.0857,
    "r2_cv": 0.0665,
    "r2_eff": 0.0665,
    "sd_rapm": 0.151336,
    "prior_sd": 0.146221
  },
  "max_r2": 0.45
}