player_id,xGF_O,xGF_D,xGF_net,xGF_O_se,xGF_D_se,GF_O,GF_D,GF_net,GF_O_se,GF_D_se,SOG_O,SOG_D,SOG_net,SOG_O_se,SOG_D_se,TO_O,TO_D,TO_net,TO_O_se,TO_D_se,GA_O,GA_D,GA_net,GA_O_se,GA_D_se,BPR_O,BPR_D,BPR,BPR_O_se,BPR_D_se,BPR_se,player_name,position,prior_O,prior_D
8470638,0.1978,0.2542,-0.0564,0.0424,0.0466,-0.7268,1.1535,-1.8803,0.0218,0.023,3.0024,0.5626,2.4399,0.0322,0.034,-0.2646,-1.9821,1.7174,0.0088,0.0093,-3.3719,-1.3625,-2.0094,0.0059,0.0062,0.7694,0.3595,1.1289,0.0226,0.0247,0.0335,Patrice.Bergeron,F,0.1016,0.0502
8479325,0.1411,0.1264,0.0146,0.0428,0.0446,0.4947,0.7567,-0.262,0.0218,0.0229,1.2775,1.8501,-0.5726,0.0322,0.034,0.1004,-0.7182,0.8186,0.0088,0.0093,-0.9583,-0.9645,0.0061,0.0059,0.0062,0.4702,0.5792,1.0494,0.0228,0.0238,0.0329,Charlie.McAvoy,D,0.0579,0.0137
8478569,0.1913,0.0976,0.0938,0.0521,0.052,-0.1833,0.6248,-0.8081,0.0219,0.0231,0.7415,1.8267,-1.0852,0.0322,0.034,0.2966,-0.1322,0.4288,0.0088,0.0093,-1.043,-0.424,-0.619,0.0059,0.0062,0.2908,0.5534,0.8442,0.0272,0.0273,0.0385,Noel.Acciari,F,0.0106,0.076
8474009,0.068,0.1373,-0.0693,0.0464,0.046,0.0275,0.5022,-0.4747,0.0218,0.023,0.9311,1.2527,-0.3216,0.0322,0.034,1.2996,0.5869,0.7127,0.0088,0.0093,-0.2596,1.4975,-1.757,0.0059,0.0062,0.3313,0.3949,0.7262,0.0245,0.0244,0.0346,Nick.Bonino,F,0.0105,0.0696
8473422,0.0688,0.1277,-0.0588,0.0452,0.0461,0.1074,0.5508,-0.4434,0.0218,0.023,0.7647,1.0563,-0.2916,0.0322,0.034,0.3936,-0.3089,0.7025,0.0088,0.0093,-1.392,-1.3783,-0.0136,0.0059,0.0062,0.298,0.4155,0.7135,0.0239,0.0245,0.0342,Nick.Foligno,F,0.0314,0.0094
8479318,0.292,0.0986,0.1934,0.0421,0.0442,0.1651,0.1941,-0.029,0.0217,0.0229,0.2517,1.4837,-1.2321,0.0322,0.034,0.38,-0.2522,0.6322,0.0088,0.0093,-0.6187,-1.2085,0.5898,0.0059,0.0062,0.2737,0.438,0.7117,0.0225,0.0236,0.0326,Auston.Matthews,F,0.1463,0.0768
8478403,0.068,0.1241,-0.0561,0.0454,0.0462,0.6694,0.3141,0.3553,0.0218,0.023,1.5221,0.6931,0.829,0.0322,0.034,-0.9131,0.0273,-0.9404,0.0088,0.0093,-0.1971,-0.3909,0.1938,0.0059,0.0062,0.4224,0.2789,0.7013,0.024,0.0245,0.0343,Jack.Eichel,F,0.1048,0.005
8474716,0.1083,0.1376,-0.0293,0.0402,0.0413,0.3518,0.3978,-0.046,0.0217,0.0229,1.7726,0.0595,1.7132,0.0322,0.034,-0.0882,0.3934,-0.4816,0.0088,0.0093,-1.6089,0.6228,-2.2317,0.0059,0.0062,0.556,0.1403,0.6962,0.0216,0.0222,0.031,Jared.Spurgeon,D,0.0476,-0.0059
8474565,0.1637,0.0123,0.1514,0.0382,0.0391,-0.3605,0.7764,-1.1369,0.0217,0.0228,1.966,0.0885,1.8775,0.0322,0.0339,1.2567,-1.4548,2.7115,0.0088,0.0093,-3.0489,1.153,-4.2018,0.0059,0.0062,0.6577,0.0087,0.6663,0.0206,0.0212,0.0296,Alex.Pietrangelo,D,0.0651,0.0116
8474673,0.0468,0.2104,-0.1636,0.039,0.0401,-0.4723,1.0638,-1.5361,0.0217,0.0229,0.1885,1.6749,-1.4864,0.0322,0.0339,2.2258,-2.3591,4.5849,0.0088,0.0093,-0.5802,-0.2457,-0.3345,0.0059,0.0062,0.1508,0.5015,0.6523,0.021,0.0217,0.0302,TJ.Brodie,D,0.0259,0.0053
8474151,0.2553,0.052,0.2033,0.0396,0.0395,0.1812,0.9372,-0.7561,0.0217,0.0228,0.5939,0.6149,-0.021,0.0322,0.0339,0.4641,0.0526,0.4115,0.0088,0.0093,-0.9439,0.1339,-1.0778,0.0059,0.0062,0.3511,0.2997,0.6507,0.0213,0.0214,0.0302,Ryan.McDonagh,D,0.0384,0.0432
8478493,0.1414,0.116,0.0255,0.0505,0.0513,0.2577,0.2406,0.0171,0.0219,0.023,1.5077,0.2444,1.2634,0.0322,0.034,-0.9179,0.5423,-1.4601,0.0088,0.0093,-1.1564,-0.8626,-0.2938,0.0059,0.0062,0.4322,0.2149,0.6471,0.0264,0.0269,0.0377,Joel.Eriksson.Ek,F,0.0647,0.0068
8475760,0.2494,0.0211,0.2283,0.048,0.049,-0.029,0.8279,-0.8569,0.0218,0.023,1.373,-0.0575,1.4305,0.0322,0.034,0.2109,0.2519,-0.041,0.0088,0.0093,-1.3037,-0.565,-0.7387,0.0059,0.0062,0.4872,0.1598,0.647,0.0252,0.0259,0.0361,Nick.Bjugstad,F,0.0526,-0.0026
8479314,0.2408,-0.0217,0.2625,0.0434,0.0474,0.5599,0.4302,0.1297,0.0218,0.023,1.4455,-0.0332,1.4787,0.0322,0.034,-0.9894,-0.5427,-0.4467,0.0088,0.0093,-1.376,-2.8583,1.4822,0.0059,0.0062,0.5181,0.1281,0.6462,0.0231,0.0251,0.0341,Matthew.Tkachuk,F,0.1282,0.0093
8478402,0.2789,0.0784,0.2005,0.0396,0.0414,0.7174,-0.0021,0.7195,0.0217,0.0229,1.3969,0.5591,0.8378,0.0322,0.034,-0.8901,-0.9817,0.0917,0.0088,0.0093,0.1856,-1.1209,1.3065,0.0059,0.0062,0.4935,0.1478,0.6414,0.0213,0.0223,0.0308,Connor.McDavid,F,0.1343,0.0159
8478038,0.1526,0.1518,0.0008,0.0449,0.0483,0.2366,0.3916,-0.155,0.0218,0.023,1.0088,0.4883,0.5206,0.0322,0.034,0.2845,-0.2863,0.5708,0.0088,0.0093,-0.9735,-0.3929,-0.5806,0.0059,0.0062,0.3897,0.2406,0.6303,0.0238,0.0255,0.0349,Devon.Toews,D,0.0615,-0.022
8476448,-0.004,0.1158,-0.1199,0.043,0.0453,-0.0992,1.0224,-1.1216,0.0218,0.023,0.9199,0.9422,-0.0223,0.0322,0.034,0.323,-0.6737,0.9967,0.0088,0.0093,-1.2823,0.645,-1.9273,0.0059,0.0062,0.2562,0.3523,0.6085,0.0229,0.0241,0.0332,William.Karlsson,F,0.0456,0.0251
8476958,0.0217,0.1282,-0.1065,0.0387,0.0419,-0.309,0.8765,-1.1854,0.0217,0.0229,0.5646,0.9159,-0.3512,0.0322,0.034,1.42,-0.4483,1.8683,0.0088,0.0093,-0.706,-0.6446,-0.0614,0.0059,0.0062,0.2022,0.396,0.5981,0.0209,0.0225,0.0307,Jaccob.Slavin,D,0.0459,0.054
8476463,-0.0247,0.2111,-0.2358,0.0407,0.0411,-0.3556,0.3852,-0.7408,0.0217,0.0229,0.3274,1.3017,-0.9743,0.0322,0.034,0.3827,0.2645,0.1181,0.0088,0.0093,-1.7941,-0.5898,-1.2043,0.0059,0.0062,0.1011,0.4892,0.5902,0.0218,0.0221,0.0311,Jonas.Brodin,D,0.0271,0.0101
8476479,0.0955,0.0061,0.0894,0.043,0.0459,0.2107,0.5876,-0.3769,0.0218,0.023,0.8804,0.7173,0.1631,0.0322,0.034,-0.3703,-0.1335,-0.2368,0.0088,0.0093,-1.4878,-0.8401,-0.6478,0.0059,0.0062,0.3103,0.2746,0.5849,0.0229,0.0244,0.0334,Phillip.Danault,F,0.0298,0.0396
8476372,0.0262,0.1101,-0.0839,0.0562,0.0568,0.754,0.2183,0.5357,0.0219,0.0231,0.3368,1.2285,-0.8917,0.0323,0.034,0.0105,0.5541,-0.5436,0.0088,0.0093,-0.6165,0.9014,-1.5179,0.0059,0.0062,0.2256,0.3553,0.5808,0.0292,0.0296,0.0415,Nick.Seeler,D,0.0267,0.091
8471303,0.098,0.0014,0.0966,0.0447,0.0451,-0.1892,0.6212,-0.8104,0.0218,0.023,1.9963,-0.0089,2.0052,0.0322,0.034,-0.0663,0.4993,-0.5656,0.0088,0.0093,-1.7338,1.6767,-3.4106,0.0059,0.0062,0.5252,0.0548,0.58,0.0237,0.024,0.0337,Alexander.Edler,D,0.0577,0.0216
8475913,0.0662,0.2192,-0.153,0.0417,0.0437,0.3122,0.1052,0.207,0.0217,0.0229,-0.2393,1.318,-1.5573,0.0322,0.034,1.3216,-0.6934,2.015,0.0088,0.0093,-0.6641,-1.7566,1.0925,0.0059,0.0062,0.1331,0.444,0.5771,0.0223,0.0234,0.0323,Mark.Stone,F,0.0733,0.0642
8478396,0.1426,0.0475,0.0951,0.0398,0.0417,-0.0385,-0.0578,0.0193,0.0217,0.0229,0.6271,1.5253,-0.8981,0.0322,0.034,0.1244,-0.8042,0.9286,0.0088,0.0093,0.0038,-1.195,1.1987,0.0059,0.0062,0.2108,0.3502,0.561,0.0214,0.0224,0.031,Noah.Hanifin,D,0.0603,-0.0025
8474166,0.1967,0.1269,0.0698,0.0422,0.0429,-0.0363,0.9391,-0.9754,0.0218,0.0229,0.1348,0.9708,-0.836,0.0322,0.034,0.6663,0.3384,0.3279,0.0088,0.0093,-0.6317,1.6531,-2.2848,0.0059,0.0062,0.1878,0.3721,0.5599,0.0225,0.023,0.0322,Alec.Martinez,D,0.0412,0.0539
8475184,0.0617,-0.03,0.0917,0.0423,0.0434,0.1932,0.4627,-0.2695,0.0218,0.0229,0.8471,1.1104,-0.2633,0.0322,0.034,0.3975,-0.7261,1.1236,0.0088,0.0093,-0.4058,-0.344,-0.0618,0.0059,0.0062,0.2863,0.2689,0.5552,0.0226,0.0232,0.0324,Chris.Kreider,F,0.0716,-0.0235
8474590,0.1362,-0.0409,0.1771,0.0388,0.0397,0.0601,-0.0376,0.0977,0.0217,0.0228,1.2841,0.7468,0.5374,0.0322,0.0339,0.0238,-0.2302,0.2541,0.0088,0.0093,-2.0055,0.52,-2.5255,0.0059,0.0062,0.4413,0.1036,0.5449,0.0209,0.0215,0.03,John.Carlson,D,0.0779,0.0334
8475848,0.1352,-0.0573,0.1925,0.0432,0.046,0.1509,0.0119,0.1389,0.0218,0.023,0.5706,1.32,-0.7494,0.0322,0.034,-0.2858,-0.3546,0.0688,0.0088,0.0093,-1.6672,-0.8714,-0.7959,0.0059,0.0062,0.2653,0.2771,0.5424,0.023,0.0244,0.0335,Brendan.Gallagher,F,0.1124,0.0136
8479407,0.1491,-0.0215,0.1706,0.0487,0.051,0.029,0.415,-0.386,0.0218,0.023,0.6595,1.1692,-0.5097,0.0322,0.034,-0.1193,-1.1502,1.0309,0.0088,0.0093,-0.989,-0.9194,-0.0696,0.0059,0.0062,0.2564,0.2765,0.5329,0.0256,0.0268,0.037,Jesper.Bratt,F,0.0708,-0.0162
8475225,0.0959,0.0182,0.0777,0.0434,0.0461,-0.3975,0.7648,-1.1622,0.0218,0.023,1.6844,0.1818,1.5026,0.0322,0.034,0.4087,-1.1441,1.5528,0.0088,0.0093,-1.6773,0.3988,-2.076,0.0059,0.0062,0.4505,0.0792,0.5297,0.0231,0.0245,0.0336,Craig.Smith,F,0.0755,-0.0079
8476399,0.0622,0.0425,0.0197,0.0466,0.049,-0.4548,0.2913,-0.7461,0.0218,0.023,0.9251,1.1423,-0.2172,0.0322,0.034,-0.1094,-1.0491,0.9397,0.0088,0.0093,-1.5995,-1.0607,-0.5388,0.0059,0.0062,0.2238,0.2957,0.5196,0.0246,0.0259,0.0357,Blake.Coleman,F,0.0642,0.0502
8476854,0.0413,0.095,-0.0537,0.0397,0.0408,-0.2039,0.6945,-0.8984,0.0217,0.0229,0.9803,1.0176,-0.0374,0.0322,0.034,-0.8192,-0.7378,-0.0814,0.0088,0.0093,-0.0126,-0.5444,0.5319,0.0059,0.0062,0.1571,0.3531,0.5101,0.0213,0.022,0.0306,Hampus.Lindholm,D,0.0484,-0.0118
8476461,0.1279,0.0867,0.0412,0.0452,0.0471,0.5814,-0.2796,0.8611,0.0218,0.023,0.3768,1.1459,-0.7692,0.0322,0.034,-1.0233,-0.6809,-0.3424,0.0088,0.0093,-1.1222,-1.9409,0.8187,0.0059,0.0062,0.2175,0.2903,0.5078,0.0239,0.025,0.0346,Sean.Couturier,F,0.0439,0.0138
8478443,-0.0371,0.1648,-0.2019,0.0436,0.0441,0.2196,0.4665,-0.2469,0.0218,0.0229,0.7867,0.5556,0.2311,0.0322,0.034,0.6288,-0.2337,0.8625,0.0088,0.0093,-0.3131,0.2062,-0.5193,0.0059,0.0062,0.2377,0.2523,0.4901,0.0232,0.0235,0.033,Brandon.Carlo,D,0.0237,0.0133
8478856,0.0778,0.0544,0.0235,0.0525,0.0542,0.0821,0.7052,-0.6231,0.0219,0.0231,0.8604,0.2781,0.5822,0.0322,0.034,0.167,-0.4011,0.5681,0.0088,0.0093,-0.9111,-0.4804,-0.4307,0.0059,0.0062,0.287,0.1893,0.4763,0.0274,0.0283,0.0394,Conor.Garland,F,0.0703,-0.0017
8477447,0.0474,0.0165,0.0309,0.0407,0.0431,-0.0843,0.6451,-0.7294,0.0217,0.0229,0.7361,0.8255,-0.0894,0.0322,0.034,0.1387,-0.9221,1.0607,0.0088,0.0093,-1.2098,-0.2852,-0.9246,0.0059,0.0062,0.2297,0.2427,0.4724,0.0218,0.0231,0.0317,Shea.Theodore,D,0.086,-0.0143
8475855,0.0675,0.1788,-0.1114,0.045,0.0466,-0.6854,0.8636,-1.549,0.0218,0.023,0.2295,0.7928,-0.5633,0.0322,0.034,0.1033,-0.3815,0.4848,0.0088,0.0093,-1.4095,-1.3439,-0.0656,0.0059,0.0062,0.044,0.4242,0.4682,0.0238,0.0247,0.0343,Jesper.Fast,F,-0.0026,0.0139
8481542,0.0569,0.03,0.0269,0.0551,0.0558,0.1931,0.2333,-0.0402,0.0219,0.0231,0.3988,0.8708,-0.472,0.0323,0.034,-0.3474,0.6129,-0.9602,0.0088,0.0093,-1.0237,-0.1966,-0.8271,0.0059,0.0062,0.1653,0.2862,0.4515,0.0286,0.0291,0.0408,Moritz.Seider,D,0.0594,0.055
8475754,0.1627,0.0065,0.1562,0.0417,0.0415,0.991,0.4858,0.5052,0.0217,0.0229,0.0183,0.4883,-0.47,0.0322,0.034,-0.6842,0.2437,-0.9278,0.0088,0.0093,-0.1292,-1.323,1.1938,0.0059,0.0062,0.1981,0.2511,0.4492,0.0223,0.0223,0.0315,Brock.Nelson,F,0.0625,-0.0034
8479323,0.059,0.0913,-0.0323,0.0493,0.0512,-0.1335,0.6447,-0.7782,0.0219,0.023,0.2791,0.5329,-0.2538,0.0322,0.034,1.042,-0.7392,1.7811,0.0088,0.0093,-1.1165,-1.3962,0.2797,0.0059,0.0062,0.1781,0.2711,0.4491,0.0259,0.0269,0.0373,Adam.Fox,D,0.0818,0.0286
8476923,0.1776,0.0331,0.1445,0.0404,0.0415,0.1176,0.3769,-0.2593,0.0217,0.0229,0.9077,0.2718,0.6359,0.0322,0.034,0.1838,-1.0214,1.2052,0.0088,0.0093,-0.9404,-0.5387,-0.4017,0.0059,0.0062,0.3548,0.0931,0.4479,0.0217,0.0223,0.0311,Damon.Severson,D,0.0478,-0.0352
8477511,0.0446,0.0952,-0.0507,0.0478,0.05,0.2914,-0.3021,0.5936,0.0218,0.023,0.0368,1.5712,-1.5344,0.0322,0.034,-0.6816,-0.4653,-0.2162,0.0088,0.0093,-0.5155,-1.7603,1.2447,0.0059,0.0062,0.0538,0.3904,0.4443,0.0251,0.0263,0.0364,Anthony.Mantha,F,0.0584,-0.0031
8482113,0.0269,0.0316,-0.0047,0.0572,0.0603,0.1489,0.3914,-0.2425,0.0219,0.0231,0.1473,0.8824,-0.7351,0.0323,0.034,0.5178,-0.2021,0.7199,0.0088,0.0093,-0.6968,-1.4543,0.7576,0.0059,0.0062,0.1271,0.3147,0.4418,0.0297,0.0313,0.0431,Anton.Lundell,F,0.054,0.0402
8479371,0.0762,0.0076,0.0686,0.0518,0.053,-0.0589,0.4067,-0.4656,0.0219,0.0231,1.2744,0.3854,0.8889,0.0322,0.034,-0.1207,-0.1613,0.0406,0.0088,0.0093,-0.3942,0.6235,-1.0177,0.0059,0.0062,0.3182,0.115,0.4331,0.0271,0.0278,0.0388,Dante.Fabbro,D,0.0316,0.0258
8480027,0.0925,0.0109,0.0817,0.0522,0.0553,0.2255,0.1522,0.0733,0.0219,0.0231,0.1353,1.1511,-1.0158,0.0322,0.034,-0.7183,-0.1718,-0.5464,0.0088,0.0093,0.0659,-2.4264,2.4923,0.0059,0.0062,0.0641,0.3683,0.4324,0.0272,0.0289,0.0397,Jason.Robertson,F,0.111,-0.0027
8478013,0.0863,0.0336,0.0527,0.0592,0.0612,-0.1709,-0.2296,0.0587,0.0219,0.0231,0.5589,1.1399,-0.581,0.0323,0.034,-0.1048,0.0748,-0.1796,0.0088,0.0093,-1.048,-0.4135,-0.6344,0.0059,0.0062,0.1761,0.2542,0.4303,0.0306,0.0317,0.0441,Jake.Walman,D,0.0657,0.0317
8482093,0.1458,0.0896,0.0561,0.0562,0.0607,-0.4024,0.3769,-0.7793,0.0219,0.0231,0.3525,0.6843,-0.3318,0.0323,0.034,0.3454,-0.5463,0.8917,0.0088,0.0093,-0.9302,-1.4942,0.5639,0.0059,0.0062,0.148,0.2789,0.4269,0.0292,0.0315,0.0429,Seth.Jarvis,F,0.0863,0.0104
8477493,0.1472,0.0383,0.1089,0.0429,0.0457,-0.0166,0.6118,-0.6284,0.0218,0.023,1.3759,-0.3078,1.6837,0.0322,0.034,1.2068,-1.8185,3.0253,0.0088,0.0093,-1.2138,0.0639,-1.2777,0.0059,0.0062,0.4948,-0.0685,0.4263,0.0228,0.0243,0.0333,Aleksander.Barkov,F,0.0759,0.0422
8474602,0.0199,0.0583,-0.0385,0.0431,0.0439,0.0343,0.6585,-0.6242,0.0218,0.0229,0.6761,0.4965,0.1796,0.0322,0.034,0.8912,-0.7049,1.5961,0.0088,0.0093,-1.8054,1.6495,-3.4549,0.0059,0.0062,0.2895,0.1289,0.4184,0.0229,0.0235,0.0328,Justin.Schultz,D,0.0575,-0.0457
8477919,0.009,0.0368,-0.0277,0.0574,0.059,-0.0571,0.7989,-0.8561,0.0219,0.0231,0.5865,0.2306,0.356,0.0323,0.034,0.7477,0.104,0.6438,0.0088,0.0093,-0.6568,-0.6257,-0.0311,0.0059,0.0062,0.1961,0.2202,0.4163,0.0298,0.0306,0.0427,Frederick.Gaudreau,F,0.005,0.0168
8470794,0.0604,0.1889,-0.1284,0.0397,0.0421,0.0425,0.8692,-0.8267,0.0217,0.0229,-0.0674,0.717,-0.7844,0.0322,0.034,0.4589,-0.9497,1.4086,0.0088,0.0093,-1.075,0.0661,-1.1411,0.0059,0.0062,0.0923,0.3229,0.4152,0.0213,0.0226,0.0311,Joe.Pavelski,F,0.0885,0.0435
8475462,-0.0142,0.152,-0.1663,0.042,0.0437,-0.1862,0.6847,-0.8709,0.0217,0.0229,0.297,0.8439,-0.5469,0.0322,0.034,-0.1875,0.0254,-0.213,0.0088,0.0093,-0.3754,-0.3096,-0.0658,0.0059,0.0062,0.0341,0.3783,0.4123,0.0224,0.0234,0.0324,Radko.Gudas,D,0.0428,0.057
8477506,0.1219,0.0297,0.0922,0.0444,0.0437,-0.0363,0.3593,-0.3956,0.0218,0.0229,0.3448,1.0192,-0.6744,0.0322,0.034,-0.1074,-0.1012,-0.0063,0.0088,0.0093,0.0124,0.0175,-0.0051,0.0059,0.0062,0.1244,0.2862,0.4106,0.0235,0.0234,0.0332,Ryan.Pulock,D,0.0519,0.0257
8471887,0.1388,0.0518,0.0871,0.0463,0.0491,-0.3374,0.1362,-0.4737,0.0218,0.023,1.66,-0.7326,2.3926,0.0322,0.034,0.1142,0.7258,-0.6115,0.0088,0.0093,-1.9164,-0.256,-1.6605,0.0059,0.0062,0.4675,-0.0611,0.4064,0.0244,0.0259,0.0356,Patric.Hornqvist,F,0.1221,0.0057
8477949,0.0866,0.0197,0.0669,0.0472,0.0499,0.1479,-0.2389,0.3868,0.0218,0.023,0.2921,0.8562,-0.5641,0.0322,0.034,0.9122,-0.1705,1.0828,0.0088,0.0093,-0.4906,-1.2404,0.7498,0.0059,0.0062,0.2041,0.2018,0.4059,0.0249,0.0263,0.0362,Alex.Tuch,F,0.0807,0.0466
8478911,0.084,-0.0597,0.1436,0.05,0.0519,0.0105,0.5586,-0.5482,0.0219,0.0231,1.0559,0.35,0.7059,0.0322,0.034,-0.6502,0.0621,-0.7123,0.0088,0.0093,-0.8783,0.0901,-0.9684,0.0059,0.0062,0.272,0.1311,0.4031,0.0262,0.0272,0.0378,Matt.Roy,D,0.0436,0.0407
8475218,0.0962,-0.0012,0.0974,0.0372,0.039,0.4183,0.6253,-0.207,0.0216,0.0228,0.2712,0.2555,0.0157,0.0322,0.0339,0.6232,-0.2639,0.8871,0.0088,0.0093,-1.079,-0.2977,-0.7813,0.0059,0.0062,0.2511,0.1455,0.3965,0.0202,0.0212,0.0292,Mattias.Ekholm,D,0.0516,-0.0145
8476432,0.0455,-0.0067,0.0522,0.0445,0.0442,0.2576,-0.0254,0.283,0.0218,0.0229,1.1824,0.1736,1.0088,0.0322,0.034,-0.0216,0.2286,-0.2503,0.0088,0.0093,-1.398,0.6344,-2.0325,0.0059,0.0062,0.3761,0.0194,0.3955,0.0236,0.0236,0.0334,Boone.Jenner,F,0.0641,0.0428
8471702,0.0389,0.1253,-0.0863,0.0438,0.0449,-0.3066,0.7652,-1.0718,0.0218,0.023,0.0165,0.8038,-0.7873,0.0322,0.034,0.5857,-0.4326,1.0183,0.0088,0.0093,-0.5604,-0.6941,0.1336,0.0059,0.0062,0.0346,0.3561,0.3907,0.0233,0.0239,0.0334,Matt.Niskanen,D,0.0481,-0.0269
8477498,0.0918,-0.0299,0.1217,0.0391,0.0399,0.2016,0.0645,0.137,0.0217,0.0228,1.2577,0.3062,0.9516,0.0322,0.0339,0.1657,-0.5973,0.763,0.0088,0.0093,0.1694,-0.1594,0.3288,0.0059,0.0062,0.356,0.0326,0.3886,0.0211,0.0216,0.0301,Darnell.Nurse,D,0.0636,0.0217
8477478,0.1666,-0.0122,0.1788,0.0522,0.0555,0.2793,-0.0539,0.3332,0.0219,0.0231,0.6515,0.3213,0.3302,0.0322,0.034,-0.2706,-0.5492,0.2787,0.0088,0.0093,-2.1474,-0.6329,-1.5145,0.0059,0.0062,0.3382,0.0489,0.3871,0.0272,0.029,0.0398,William.Carrier,F,0.0579,0.0168
8470610,0.2709,0.023,0.248,0.0462,0.0469,-0.3057,0.4635,-0.7692,0.0218,0.023,1.6326,-0.7848,2.4174,0.0322,0.034,-0.035,0.3926,-0.4276,0.0088,0.0093,-1.3587,1.2021,-2.5609,0.0059,0.0062,0.501,-0.1162,0.3849,0.0244,0.0249,0.0348,Zach.Parise,F,0.0987,-0.0001
8475324,0.0238,0.1938,-0.1701,0.045,0.046,-0.0835,0.6216,-0.7051,0.0218,0.023,-0.5657,1.3635,-1.9292,0.0322,0.034,0.2632,-0.5362,0.7994,0.0088,0.0093,-0.5753,-0.2283,-0.347,0.0059,0.0062,-0.0863,0.4671,0.3808,0.0238,0.0244,0.0341,Nick.Jensen,D,0.027,-0.0066
8471669,0.2114,-0.0594,0.2709,0.0434,0.046,-0.1754,0.242,-0.4174,0.0218,0.023,1.2209,-0.4216,1.6425,0.0322,0.034,0.4762,0.1418,0.3345,0.0088,0.0093,-1.7229,-0.2609,-1.462,0.0059,0.0062,0.4455,-0.0672,0.3783,0.0231,0.0244,0.0336,Paul.Stastny,F,0.0516,-0.0096
8476872,0.1242,0.0252,0.099,0.0489,0.0488,0.2262,0.3894,-0.1632,0.0218,0.023,0.7739,0.2837,0.4902,0.0322,0.034,-0.6831,-0.1238,-0.5593,0.0088,0.0093,-0.9669,0.3093,-1.2762,0.0059,0.0062,0.264,0.1136,0.3776,0.0257,0.0258,0.0364,Scott.Laughton,F,0.0275,0.009
8478413,0.0822,0.1295,-0.0473,0.054,0.0547,0.2974,0.465,-0.1676,0.0219,0.0231,0.3838,0.2584,0.1253,0.0323,0.034,0.864,-0.0978,0.9618,0.0088,0.0093,-0.401,1.1852,-1.5862,0.0059,0.0062,0.238,0.1381,0.3761,0.0281,0.0286,0.0401,Jordan.Greenway,F,0.0156,0.0112
8480835,0.0317,0.0481,-0.0164,0.0637,0.0685,0.546,0.1973,0.3487,0.022,0.0232,0.1574,0.6349,-0.4775,0.0323,0.034,-0.5871,-0.1488,-0.4383,0.0088,0.0093,-0.657,-1.5575,0.9005,0.0059,0.0062,0.1234,0.2467,0.3701,0.0328,0.0352,0.0481,Jack.Drury,F,0.0329,0.0531
8477845,0.1019,0.1212,-0.0193,0.0438,0.0453,-0.3122,0.3006,-0.6129,0.0218,0.023,0.1669,0.7455,-0.5786,0.0322,0.034,0.8496,-0.574,1.4236,0.0088,0.0093,-1.141,0.0663,-1.2073,0.0059,0.0062,0.1375,0.2326,0.3701,0.0233,0.0241,0.0335,Trevor.van.Riemsdyk,D,0.03,0.0257
8478483,0.0792,0.1426,-0.0635,0.0424,0.0446,0.6367,0.0695,0.5673,0.0218,0.0229,-0.7669,1.3672,-2.1341,0.0322,0.034,0.2654,-0.3069,0.5723,0.0088,0.0093,0.7297,-1.2746,2.0043,0.0059,0.0062,-0.0469,0.4151,0.3682,0.0226,0.0238,0.0328,Mitchell.Marner,F,0.0818,0.0383
8477505,0.0249,-0.0428,0.0677,0.0442,0.0452,0.3335,-0.1134,0.4468,0.0218,0.023,0.8786,0.252,0.6265,0.0322,0.034,0.8492,-0.1843,1.0335,0.0088,0.0093,-0.6812,-0.6529,-0.0284,0.0059,0.0062,0.334,0.0321,0.3661,0.0234,0.0241,0.0336,Alexander.Wennberg,F,-0.0004,0.0104
8475176,-0.0068,0.1431,-0.1499,0.0444,0.0462,0.2572,0.2243,0.0329,0.0218,0.023,0.8288,-0.1869,1.0156,0.0322,0.034,0.8062,-0.3987,1.2049,0.0088,0.0093,-1.2425,-0.2554,-0.9871,0.0059,0.0062,0.3156,0.0504,0.366,0.0235,0.0245,0.034,Ryan.Ellis,D,0.0624,0.0046
8478519,0.0529,0.0546,-0.0017,0.0492,0.0513,-0.3541,0.7696,-1.1236,0.0219,0.023,-0.0263,0.9231,-0.9494,0.0322,0.034,-0.2668,-0.2592,-0.0076,0.0088,0.0093,-1.4259,-0.5835,-0.8424,0.0059,0.0062,0.0086,0.3536,0.3622,0.0258,0.0269,0.0373,Anthony.Cirelli,F,0.0404,0.0364
8475722,0.1733,-0.0282,0.2015,0.0444,0.046,0.0579,-0.0575,0.1154,0.0218,0.023,1.4547,-0.0236,1.4783,0.0322,0.034,0.1035,-1.1137,1.2172,0.0088,0.0093,-0.7496,-0.0896,-0.66,0.0059,0.0062,0.4516,-0.0912,0.3604,0.0235,0.0244,0.0339,Jason.Zucker,F,0.0716,-0.0079
8478445,-0.0139,0.022,-0.0359,0.0448,0.0464,0.177,0.4122,-0.2352,0.0218,0.023,-0.0977,1.0559,-1.1536,0.0322,0.034,-0.4165,-0.0288,-0.3878,0.0088,0.0093,0.0325,-2.1158,2.1483,0.0059,0.0062,-0.0282,0.388,0.3598,0.0237,0.0246,0.0342,Mathew.Barzal,F,0.0672,0.0123
8478416,0.0675,0.0316,0.0358,0.05,0.0516,0.1625,0.1001,0.0624,0.0219,0.023,0.6633,0.5355,0.1277,0.0322,0.034,0.374,-0.6039,0.9779,0.0088,0.0093,-0.5244,0.0045,-0.5289,0.0059,0.0062,0.2475,0.1122,0.3597,0.0262,0.0271,0.0377,Erik.Cernak,D,0.0333,0.0092
8478233,0.1772,0.0389,0.1383,0.05,0.0538,0.2034,0.2005,0.003,0.0219,0.0231,-0.0367,0.8084,-0.8451,0.0322,0.034,0.0377,-0.3336,0.3713,0.0088,0.0093,-0.4994,-0.4479,-0.0515,0.0059,0.0062,0.1333,0.2253,0.3585,0.0262,0.0281,0.0384,Andrew.Mangiapane,F,0.0455,0.0156
8476292,0.0129,0.1462,-0.1333,0.0427,0.0446,-0.0888,0.0424,-0.1313,0.0218,0.0229,0.4631,0.6687,-0.2055,0.0322,0.034,0.2943,-0.53,0.8243,0.0088,0.0093,-0.7496,-0.4923,-0.2573,0.0059,0.0062,0.1427,0.2145,0.3571,0.0227,0.0238,0.0329,Ondrej.Palat,F,0.04,0.0217
8478970,0.0469,-0.0502,0.0971,0.0582,0.0629,0.5738,-0.2902,0.864,0.0219,0.0231,0.5801,0.365,0.2151,0.0323,0.034,0.3687,0.1991,0.1697,0.0088,0.0093,-0.1533,-1.6761,1.5228,0.0059,0.0062,0.2654,0.0907,0.3561,0.0301,0.0325,0.0443,Jalen.Chatfield,D,0.04,-0.0226
8475786,0.2626,-0.0483,0.3109,0.0431,0.0448,0.0339,0.3012,-0.2673,0.0218,0.023,1.0862,-0.1684,1.2545,0.0322,0.034,0.5324,-0.8853,1.4177,0.0088,0.0093,-0.5339,0.1362,-0.6701,0.0059,0.0062,0.4286,-0.0746,0.3541,0.0229,0.0239,0.0331,Zach.Hyman,F,0.0924,-0.027
8478046,0.0717,0.0993,-0.0275,0.0508,0.0523,-0.1035,0.3566,-0.4601,0.0219,0.0231,0.1761,0.7904,-0.6143,0.0322,0.034,0.2334,-0.9343,1.1676,0.0088,0.0093,-1.3404,-0.1201,-1.2203,0.0059,0.0062,0.1267,0.2258,0.3525,0.0266,0.0274,0.0382,Danton.Heinen,F,0.0292,0.0258
8480036,0.1402,0.0621,0.0781,0.0436,0.0451,0.0998,0.3454,-0.2456,0.0218,0.023,0.3972,0.2918,0.1054,0.0322,0.034,-0.1419,0.0008,-0.1427,0.0088,0.0093,0.0641,-1.0586,1.1227,0.0059,0.0062,0.1614,0.1894,0.3508,0.0232,0.024,0.0334,Miro.Heiskanen,D,0.0725,-0.0214
8479944,-0.0011,0.1124,-0.1135,0.0573,0.0587,-0.3665,0.8826,-1.2492,0.0219,0.0231,0.6778,0.316,0.3618,0.0323,0.034,0.3915,-0.4025,0.794,0.0088,0.0093,-0.4744,0.4826,-0.957,0.0059,0.0062,0.1361,0.2147,0.3507,0.0297,0.0305,0.0426,Zachary.Aston.Reese,F,0.018,0.0468
8478449,0.1003,0.0754,0.0249,0.0508,0.053,0.7413,-0.3472,1.0885,0.0219,0.0231,0.5054,0.6857,-0.1803,0.0322,0.034,-0.307,-0.2547,-0.0524,0.0088,0.0093,0.7351,-0.0864,0.8214,0.0059,0.0062,0.2247,0.1246,0.3494,0.0266,0.0278,0.0384,Roope.Hintz,F,0.0891,-0.0042
8484258,0.0681,0.0536,0.0146,0.0659,0.07,0.7605,-0.2365,0.997,0.022,0.0232,-0.0946,0.3481,-0.4427,0.0323,0.034,-0.2078,0.8604,-1.0683,0.0088,0.0093,-0.2088,-2.4696,2.2609,0.0059,0.0062,0.1232,0.2183,0.3415,0.0339,0.036,0.0494,,D,0.0666,0.0468
8480113,-0.0131,-0.0381,0.025,0.049,0.0506,0.2628,0.3387,-0.0758,0.0218,0.023,0.7905,0.3781,0.4124,0.0322,0.034,0.1812,-0.2646,0.4458,0.0088,0.0093,-0.9213,0.3536,-1.2749,0.0059,0.0062,0.2545,0.0849,0.3394,0.0257,0.0266,0.037,Alex.Iafallo,F,0.0326,0.0031
8476967,0.0017,0.1536,-0.1518,0.0449,0.0469,-0.0722,0.3213,-0.3935,0.0218,0.023,-0.0597,0.9471,-1.0068,0.0322,0.034,0.6074,-0.6908,1.2982,0.0088,0.0093,0.4766,-1.2921,1.7687,0.0059,0.0062,-0.0057,0.3436,0.3379,0.0238,0.0249,0.0344,Brett.Kulak,D,0.037,-0.0142
8477946,0.1497,-0.0493,0.199,0.0435,0.0448,0.3258,-0.2714,0.5972,0.0218,0.0229,1.8112,-0.7031,2.5143,0.0322,0.034,-0.1275,0.0126,-0.1402,0.0088,0.0093,-1.0248,-0.0344,-0.9904,0.0059,0.0062,0.5555,-0.2179,0.3376,0.0231,0.0239,0.0332,Dylan.Larkin,F,0.0816,-0.0037
8475193,0.1477,0.1381,0.0096,0.0428,0.0461,-0.4689,0.5774,-1.0464,0.0218,0.023,1.013,-0.0652,1.0781,0.0322,0.034,-0.122,-1.7658,1.6438,0.0088,0.0093,-1.5723,-0.4741,-1.0983,0.0059,0.0062,0.2819,0.0543,0.3363,0.0228,0.0245,0.0334,Tomas.Tatar,F,0.0568,-0.0019
8471724,0.1287,0.0011,0.1276,0.0379,0.0401,0.1615,0.3588,-0.1973,0.0217,0.0229,0.8891,0.0764,0.8127,0.0322,0.0339,0.566,-0.5501,1.1161,0.0088,0.0093,0.1964,0.4575,-0.2611,0.0059,0.0062,0.3103,0.0199,0.3302,0.0205,0.0217,0.0298,Kris.Letang,D,0.0827,-0.0051
8471729,-0.0718,0.1843,-0.2561,0.0455,0.0445,-0.2214,0.7962,-1.0176,0.0218,0.0229,-0.6928,1.501,-2.1938,0.0322,0.034,1.3321,-0.4137,1.7458,0.0088,0.0093,0.5075,0.6299,-0.1224,0.0059,0.0062,-0.1619,0.4918,0.3299,0.0241,0.0237,0.0338,Kris.Russell,D,0.0337,0.0745
8476438,0.0925,0.0513,0.0412,0.0424,0.0436,-0.3085,0.1007,-0.4093,0.0218,0.0229,0.4121,0.7901,-0.378,0.0322,0.034,0.409,-1.2331,1.6421,0.0088,0.0093,-1.2747,-0.5413,-0.7334,0.0059,0.0062,0.1662,0.1622,0.3284,0.0226,0.0233,0.0325,Brandon.Saad,F,0.0589,-0.018
8475314,0.1545,0.0675,0.087,0.0418,0.0429,-0.5237,0.1649,-0.6886,0.0217,0.0229,0.3608,0.4908,-0.1301,0.0322,0.034,0.1476,0.3101,-0.1625,0.0088,0.0093,-0.7914,-0.5953,-0.1961,0.0059,0.0062,0.1186,0.2089,0.3275,0.0223,0.023,0.032,Anders.Lee,F,0.0975,-0.0293
8471769,0.0168,0.1189,-0.1021,0.0466,0.0476,-0.7663,0.462,-1.2283,0.0218,0.023,0.4772,0.3613,0.1158,0.0322,0.034,0.8335,0.3602,0.4733,0.0088,0.0093,-1.1474,-0.0801,-1.0673,0.0059,0.0062,0.0943,0.2331,0.3274,0.0246,0.0252,0.0352,Niklas.Hjalmarsson,D,0.0105,0.0532
8481524,0.1556,-0.0215,0.1771,0.0561,0.0589,0.6361,0.3824,0.2537,0.0219,0.0231,-0.1213,0.5436,-0.6649,0.0323,0.034,-0.5312,0.4152,-0.9464,0.0088,0.0093,-0.1763,-0.3393,0.163,0.0059,0.0062,0.1217,0.2047,0.3264,0.0291,0.0306,0.0422,Bowen.Byram,D,0.0458,-0.0414
8479365,0.1239,0.0513,0.0726,0.0594,0.0603,-0.3044,0.1909,-0.4953,0.0219,0.0231,0.2345,0.8557,-0.6212,0.0323,0.034,-0.4105,-0.0583,-0.3522,0.0088,0.0093,-0.3085,-0.7808,0.4723,0.0059,0.0062,0.0556,0.2703,0.3259,0.0307,0.0313,0.0438,Trent.Frederic,F,0.0219,0.01
8482245,0.0548,0.0313,0.0235,0.0545,0.0562,0.3132,0.3758,-0.0626,0.0219,0.0231,-0.2085,0.6739,-0.8823,0.0323,0.034,0.3588,0.7423,-0.3835,0.0088,0.0093,0.4302,-0.6508,1.081,0.0059,0.0062,0.0328,0.2908,0.3237,0.0284,0.0293,0.0408,Artem.Zub,D,0.0221,0.0202
8476392,0.2216,0.066,0.1556,0.0459,0.0466,-0.3807,0.3454,-0.7261,0.0218,0.023,0.9965,-0.4614,1.4579,0.0322,0.034,-0.3227,-0.162,-0.1607,0.0088,0.0093,-2.3076,-0.0921,-2.2155,0.0059,0.0062,0.3459,-0.0227,0.3231,0.0242,0.0247,0.0346,Adam.Lowry,F,0.0178,0.0292
8477416,0.0845,0.0651,0.0194,0.0475,0.049,-0.2591,0.1476,-0.4067,0.0218,0.023,0.6974,0.1925,0.5049,0.0322,0.034,0.502,-1.0118,1.5138,0.0088,0.0093,-2.2129,-0.2346,-1.9783,0.0059,0.0062,0.2754,0.0457,0.3212,0.025,0.0259,0.036,Oliver.Bjorkstrand,F,0.0724,-0.0018
8471274,0.0843,-0.0587,0.1431,0.0413,0.0419,-0.3632,0.4587,-0.8219,0.0217,0.0229,1.8052,-0.5895,2.3947,0.0322,0.034,0.4435,-0.5655,1.009,0.0088,0.0093,-2.3062,1.4837,-3.7899,0.0059,0.0062,0.5037,-0.1835,0.3202,0.0221,0.0225,0.0315,Alex.Goligoski,D,0.0451,-0.0114
8477507,-0.0679,0.0463,-0.1141,0.0424,0.0431,0.1743,0.1919,-0.0177,0.0218,0.0229,0.3609,0.788,-0.427,0.0322,0.034,-0.3948,-0.3656,-0.0292,0.0088,0.0093,-0.0038,-1.5802,1.5764,0.0059,0.0062,0.0481,0.2666,0.3146,0.0226,0.0231,0.0323,Nikita.Zadorov,D,0.026,-0.0382
8475692,0.0114,0.194,-0.1826,0.0423,0.043,0.0082,0.5901,-0.5819,0.0218,0.0229,-0.1821,0.4859,-0.668,0.0322,0.034,0.839,-0.4457,1.2846,0.0088,0.0093,-1.0227,0.2526,-1.2753,0.0059,0.0062,0.0581,0.2556,0.3137,0.0226,0.023,0.0322,Mats.Zuccarello,F,0.0485,0.0038
8477508,0.1645,0.0659,0.0986,0.0532,0.0535,-0.4215,0.1802,-0.6017,0.0219,0.0231,0.9663,0.1871,0.7793,0.0322,0.034,0.1718,-0.2127,0.3845,0.0088,0.0093,-0.8662,1.3333,-2.1995,0.0059,0.0062,0.2766,0.035,0.3116,0.0277,0.028,0.0394,Curtis.Lazar,F,0.0012,0.0278
8476902,0.0011,0.1403,-0.1392,0.0414,0.0412,0.073,0.0108,0.0622,0.0217,0.0229,0.3593,0.5432,-0.1839,0.0322,0.034,0.374,0.6045,-0.2306,0.0088,0.0093,0.8346,-0.0826,0.9172,0.0059,0.0062,0.0796,0.2308,0.3105,0.0221,0.0222,0.0313,Esa.Lindell,D,0.0351,0.0296
8478115,0.0899,-0.0021,0.092,0.0579,0.0608,-0.4362,0.5639,-1.0001,0.0219,0.0231,0.8483,-0.0952,0.9435,0.0323,0.034,0.1771,-0.5257,0.7028,0.0088,0.0093,-1.9112,-0.6271,-1.2841,0.0059,0.0062,0.2532,0.0561,0.3094,0.03,0.0315,0.0435,Pierre.Engvall,F,0.0414,-0.0077
8475690,-0.0182,0.275,-0.2932,0.0439,0.0451,-0.435,0.5643,-0.9993,0.0218,0.023,0.1609,0.7792,-0.6183,0.0322,0.034,0.1424,-1.0483,1.1907,0.0088,0.0093,-0.0727,-0.1079,0.0352,0.0059,0.0062,-0.0275,0.335,0.3075,0.0233,0.024,0.0335,Christopher.Tanev,D,0.0099,0.0626
8475753,-0.0412,0.0479,-0.0891,0.0379,0.0388,0.0141,0.3515,-0.3374,0.0217,0.0228,0.4564,0.7305,-0.2741,0.0322,0.0339,1.0337,-1.3528,2.3864,0.0088,0.0093,-0.5288,0.3536,-0.8824,0.0059,0.0062,0.1651,0.1421,0.3072,0.0205,0.0211,0.0294,Justin.Faulk,D,0.066,-0.0223
8480014,0.1024,0.0117,0.0907,0.0598,0.0615,0.3583,0.0146,0.3437,0.0219,0.0231,0.5109,0.188,0.3229,0.0323,0.034,-0.4109,0.5353,-0.9462,0.0088,0.0093,-1.1033,0.2929,-1.3962,0.0059,0.0062,0.2368,0.0698,0.3066,0.0309,0.0318,0.0444,Gabriel.Vilardi,F,0.0549,-0.0477
8478440,0.0966,0.0339,0.0627,0.0505,0.0512,0.2748,0.0797,0.1951,0.0219,0.023,0.209,0.4224,-0.2135,0.0322,0.034,0.6,-0.4412,1.0413,0.0088,0.0093,-0.5518,-0.4392,-0.1126,0.0059,0.0062,0.1936,0.1129,0.3065,0.0264,0.0269,0.0377,Dylan.Strome,F,0.0531,-0.0231
8481523,0.0099,0.0066,0.0033,0.0581,0.0591,0.2904,0.1639,0.1265,0.0219,0.0231,0.2953,0.855,-0.5597,0.0323,0.034,-0.1601,-0.8347,0.6746,0.0088,0.0093,0.2195,-1.116,1.3355,0.0059,0.0062,0.0951,0.2105,0.3056,0.0301,0.0307,0.043,Kirby.Dach,F,0.0221,-0.0012
8477456,0.0074,0.0568,-0.0494,0.0489,0.0496,-0.2299,0.2419,-0.4718,0.0218,0.023,0.5945,0.3282,0.2663,0.0322,0.034,0.3148,0.3019,0.0129,0.0088,0.0093,-1.0955,0.4167,-1.5122,0.0059,0.0062,0.1627,0.1383,0.301,0.0257,0.0261,0.0366,J.T..Compher,F,0.0106,0.0102
8476312,-0.0046,0.0199,-0.0245,0.0428,0.044,0.3684,0.1326,0.2358,0.0218,0.0229,0.849,0.2941,0.5549,0.0322,0.034,-0.5255,-0.3165,-0.2091,0.0088,0.0093,-0.299,-0.0843,-0.2147,0.0059,0.0062,0.2202,0.0789,0.2991,0.0228,0.0235,0.0327,Josh.Manson,D,0.0371,0.0022
8475343,0.0247,0.0289,-0.0041,0.0521,0.0536,0.0363,0.1209,-0.0846,0.0219,0.0231,0.3869,0.8304,-0.4435,0.0322,0.034,-0.2882,-0.4249,0.1367,0.0088,0.0093,-0.2688,-0.2939,0.0251,0.0059,0.0062,0.0964,0.2015,0.2979,0.0272,0.028,0.0391,Nic.Dowd,F,-0.0036,0.0692
8475791,0.1215,0.0072,0.1143,0.0424,0.0444,0.0876,0.1112,-0.0236,0.0218,0.0229,1.0017,-0.0449,1.0466,0.0322,0.034,0.0379,-1.1642,1.2021,0.0088,0.0093,-1.3067,-0.1909,-1.1159,0.0059,0.0062,0.3488,-0.0518,0.297,0.0226,0.0237,0.0327,Taylor.Hall,F,0.0938,0.0061
8478133,-0.0126,0.0419,-0.0545,0.0589,0.0604,0.2555,0.3375,-0.082,0.0219,0.0231,0.2096,0.6372,-0.4276,0.0323,0.034,-0.3907,-0.1818,-0.2089,0.0088,0.0093,0.6068,-1.5796,2.1864,0.0059,0.0062,0.0304,0.264,0.2945,0.0305,0.0313,0.0437,Jake.Evans,F,0.0044,0.0178
8470655,-0.0024,0.0921,-0.0945,0.0509,0.0527,-0.3089,0.032,-0.341,0.0219,0.0231,0.6099,0.3236,0.2863,0.0322,0.034,0.4457,-0.7126,1.1584,0.0088,0.0093,-1.9538,-0.5527,-1.4012,0.0059,0.0062,0.1915,0.1014,0.2929,0.0266,0.0276,0.0384,David.Backes,F,0.0564,0.0352
8476979,0.0386,-0.0225,0.0611,0.0484,0.05,-0.3031,0.9732,-1.2763,0.0218,0.023,0.8459,0.0988,0.7471,0.0322,0.034,0.2115,-1.4873,1.6988,0.0088,0.0093,-1.4202,0.172,-1.5922,0.0059,0.0062,0.2294,0.0603,0.2898,0.0254,0.0263,0.0366,Erik.Gustafsson,D,0.0596,-0.0635
8480459,0.0816,0.0604,0.0212,0.0579,0.0584,0.2296,0.3104,-0.0809,0.0219,0.0231,0.039,0.3211,-0.282,0.0323,0.034,-0.0076,-0.1755,0.1679,0.0088,0.0093,-0.5319,-1.1883,0.6564,0.0059,0.0062,0.1046,0.1844,0.289,0.03,0.0303,0.0427,Pius.Suter,F,0.0331,-0.013
8477903,0.0745,0.0644,0.0101,0.0519,0.0533,-0.108,0.429,-0.537,0.0219,0.0231,0.3158,0.5444,-0.2287,0.0322,0.034,-0.1298,-0.2433,0.1134,0.0088,0.0093,-0.5811,0.5327,-1.1139,0.0059,0.0062,0.106,0.1804,0.2864,0.0271,0.0279,0.0389,Garnet.Hathaway,F,0.0088,0.0697
8476454,0.0555,0.0987,-0.0432,0.0426,0.0432,0.1207,0.1937,-0.073,0.0218,0.0229,-0.1814,0.4725,-0.6539,0.0322,0.034,0.7185,0.3621,0.3564,0.0088,0.0093,0.2833,-1.1091,1.3924,0.0059,0.0062,0.0377,0.2484,0.2862,0.0227,0.0231,0.0324,Ryan.Nugent.Hopkins,F,0.059,-0.005
8476455,-0.0424,0.1744,-0.2168,0.0433,0.0453,0.037,0.2397,-0.2028,0.0218,0.023,0.3704,0.0555,0.3149,0.0322,0.034,-0.181,0.2984,-0.4794,0.0088,0.0093,-0.3674,-1.4743,1.1069,0.0059,0.0062,0.0697,0.2122,0.2819,0.023,0.0241,0.0333,Gabriel.Landeskog,F,0.0727,0.0203
8474031,-0.0004,0.0738,-0.0742,0.0425,0.0432,-0.148,0.4458,-0.5938,0.0218,0.0229,0.7916,-0.1023,0.8939,0.0322,0.034,0.957,-0.5047,1.4617,0.0088,0.0093,-1.1897,0.6605,-1.8503,0.0059,0.0062,0.2568,0.0246,0.2813,0.0226,0.0231,0.0324,Kevin.Shattenkirk,D,0.0692,-0.0232
8478904,0.0519,0.0592,-0.0073,0.06,0.0618,-0.1197,0.006,-0.1257,0.0219,0.0231,0.0654,0.6034,-0.5379,0.0323,0.034,-0.0412,0.2318,-0.273,0.0088,0.0093,-0.3748,-1.7216,1.3468,0.0059,0.0062,0.0349,0.246,0.2809,0.031,0.032,0.0446,Steven.Lorentz,F,0.0109,0.0364
8471276,-0.0006,0.1086,-0.1092,0.0454,0.0465,0.1047,0.8974,-0.7927,0.0218,0.023,0.2036,0.3888,-0.1852,0.0322,0.034,0.58,-2.1947,2.7748,0.0088,0.0093,-0.1109,-0.9221,0.8112,0.0059,0.0062,0.0994,0.1796,0.2791,0.024,0.0247,0.0344,David.Krejci,F,0.045,-0.0092
8475820,0.051,0.0081,0.0429,0.0486,0.0508,-0.1768,0.6461,-0.8228,0.0218,0.023,1.0712,-0.1243,1.1955,0.0322,0.034,0.1285,-1.105,1.2336,0.0088,0.0093,-1.0071,0.2775,-1.2845,0.0059,0.0062,0.2826,-0.0038,0.2789,0.0255,0.0267,0.0369,Joonas.Donskoi,F,0.0392,0.0108
8473618,-0.058,0.1223,-0.1803,0.0497,0.0522,-0.2598,0.1934,-0.4532,0.0219,0.0231,0.1019,0.5742,-0.4723,0.0322,0.034,1.1019,-0.6375,1.7394,0.0088,0.0093,-0.7414,-1.2542,0.5128,0.0059,0.0062,0.0502,0.2284,0.2786,0.0261,0.0274,0.0378,Mathieu.Perreault,F,0.0413,0.01
8477015,-0.0497,0.0017,-0.0514,0.0478,0.0487,0.3787,-0.1757,0.5544,0.0218,0.023,-0.23,0.8436,-1.0737,0.0322,0.034,0.1219,0.2105,-0.0887,0.0088,0.0093,-0.7096,-2.2128,1.5032,0.0059,0.0062,0.0171,0.2612,0.2783,0.0251,0.0257,0.036,Connor.Brown,F,0.0281,-0.0005
8476346,0.2175,0.042,0.1755,0.0407,0.0422,0.1527,0.7905,-0.6378,0.0217,0.0229,0.293,0.1531,0.1398,0.0322,0.034,0.602,-1.8098,2.4118,0.0088,0.0093,0.2687,0.2692,-0.0005,0.0059,0.0062,0.2215,0.0539,0.2754,0.0218,0.0227,0.0314,Johnny.Gaudreau,F,0.0837,-0.0295
8478427,0.1324,0.0062,0.1262,0.0424,0.046,0.384,-0.1561,0.5401,0.0218,0.023,-0.2345,0.9042,-1.1387,0.0322,0.034,0.0175,-0.9134,0.931,0.0088,0.0093,-0.3402,-1.6026,1.2625,0.0059,0.0062,0.0869,0.1879,0.2748,0.0226,0.0244,0.0333,Sebastian.Aho,F,0.0956,-0.0094
8473507,-0.0246,0.0742,-0.0988,0.0387,0.0405,-0.2865,0.1819,-0.4683,0.0217,0.0229,0.6459,0.5658,0.0801,0.0322,0.034,-0.5381,-0.5323,-0.0059,0.0088,0.0093,-0.2334,-1.3027,1.0693,0.0059,0.0062,0.0639,0.209,0.2729,0.0209,0.0219,0.0302,Jeff.Petry,D,0.0438,0.0042
8474563,0.0606,-0.0593,0.1199,0.0382,0.0404,0.014,0.2321,-0.2182,0.0217,0.0229,1.2652,0.2504,1.0148,0.0322,0.034,-1.0684,-0.6453,-0.423,0.0088,0.0093,0.2522,-0.3621,0.6143,0.0059,0.0062,0.2366,0.036,0.2726,0.0206,0.0218,0.03,Drew.Doughty,D,0.0547,-0.0383
8480188,0.0614,-0.0102,0.0717,0.0628,0.0656,0.4418,-0.1408,0.5826,0.022,0.0232,0.2622,0.4803,-0.2181,0.0323,0.034,-0.1733,-0.0304,-0.1429,0.0088,0.0093,-0.4099,-0.7455,0.3356,0.0059,0.0062,0.1607,0.1074,0.2681,0.0324,0.0338,0.0468,Fabian.Zetterlund,F,0.0643,0.008
8477932,0.0277,0.0158,0.0119,0.0392,0.0412,0.3966,-0.0547,0.4514,0.0217,0.0229,0.0555,0.7065,-0.6509,0.0322,0.034,0.601,0.1634,0.4376,0.0088,0.0093,1.2806,-0.812,2.0925,0.0059,0.0062,0.0704,0.1974,0.2678,0.0211,0.0222,0.0306,Aaron.Ekblad,D,0.0743,-0.0324
8479345,0.0879,-0.0599,0.1478,0.0462,0.0467,0.67,-0.1973,0.8674,0.0218,0.023,0.1571,0.7059,-0.5488,0.0322,0.034,-0.5102,0.4654,-0.9757,0.0088,0.0093,0.1095,0.0293,0.0802,0.0059,0.0062,0.144,0.1225,0.2665,0.0244,0.0248,0.0348,Jakob.Chychrun,D,0.0834,-0.0086
8473994,0.0935,0.0802,0.0133,0.041,0.0424,0.2411,0.5603,-0.3192,0.0217,0.0229,0.223,-0.3009,0.5239,0.0322,0.034,0.4656,0.2663,0.1992,0.0088,0.0093,-0.3728,-0.2361,-0.1368,0.0059,0.0062,0.1748,0.0834,0.2582,0.0219,0.0227,0.0316,Jamie.Benn,F,0.0843,0.0264
8473446,0.0608,0.0153,0.0455,0.045,0.0451,-0.1014,0.6685,-0.7699,0.0218,0.023,1.8745,-1.1883,3.0628,0.0322,0.034,0.9533,-1.0693,2.0226,0.0088,0.0093,-2.2464,2.4777,-4.7242,0.0059,0.0062,0.5746,-0.3168,0.2579,0.0238,0.024,0.0338,Erik.Johnson,D,0.0512,0.0183
8479370,0.0799,0.0011,0.0788,0.052,0.0528,-0.2908,0.1858,-0.4765,0.0219,0.0231,1.0424,-0.4054,1.4478,0.0322,0.034,0.3486,-0.0174,0.366,0.0088,0.0093,-2.4339,0.6161,-3.05,0.0059,0.0062,0.3439,-0.0865,0.2575,0.0272,0.0277,0.0388,Tyson.Jost,F,0.0216,-0.0112
8476892,-0.107,0.154,-0.261,0.0401,0.0401,-0.359,0.399,-0.758,0.0217,0.0229,-0.1672,0.7514,-0.9186,0.0322,0.0339,1.5349,-1.1055,2.6404,0.0088,0.0093,-1.5492,-0.2862,-1.263,0.0059,0.0062,0.0099,0.2473,0.2572,0.0215,0.0217,0.0305,Colton.Parayko,D,0.0523,0.0401
8481481,0.0393,-0.0426,0.0819,0.0569,0.06,-0.0998,0.1272,-0.2269,0.0219,0.0231,0.6364,0.2923,0.344,0.0323,0.034,-0.0694,-0.1502,0.0808,0.0088,0.0093,-1.1984,-0.3706,-0.8279,0.0059,0.0062,0.1885,0.0679,0.2564,0.0295,0.0311,0.0429,Blake.Lizotte,F,0.0108,0.0125
8479414,0.0496,0.0501,-0.0005,0.0626,0.0648,-0.1371,0.5297,-0.6668,0.022,0.0232,0.354,0.3396,0.0144,0.0323,0.034,-0.4929,-0.0011,-0.4918,0.0088,0.0093,-0.4967,-0.1193,-0.3773,0.0059,0.0062,0.0724,0.1839,0.2563,0.0323,0.0334,0.0465,Nathan.Bastian,F,0.0206,0.0289
8474102,-0.0471,0.0232,-0.0704,0.0429,0.0442,0.5124,0.1314,0.381,0.0218,0.0229,0.6566,-0.1352,0.7918,0.0322,0.034,0.5894,-0.3303,0.9197,0.0088,0.0093,-0.8432,-0.1694,-0.6738,0.0059,0.0062,0.2669,-0.0115,0.2554,0.0228,0.0236,0.0328,David.Perron,F,0.0562,-0.0293
8476453,0.2095,-0.1051,0.3146,0.0404,0.0429,0.5074,0.2201,0.2873,0.0217,0.0229,0.6719,0.2535,0.4184,0.0322,0.034,-0.3438,-1.8005,1.4567,0.0088,0.0093,0.1822,-0.6156,0.7978,0.0059,0.0062,0.3008,-0.0472,0.2536,0.0217,0.023,0.0316,Nikita.Kucherov,F,0.1209,-0.0163
8476880,0.0339,0.011,0.0229,0.0443,0.0451,0.5307,-0.2139,0.7446,0.0218,0.023,-0.19,0.6568,-0.8468,0.0322,0.034,0.3892,0.2152,0.174,0.0088,0.0093,-0.3261,-0.7827,0.4566,0.0059,0.0062,0.0912,0.1621,0.2533,0.0235,0.024,0.0336,Tom.Wilson,F,0.0398,0.0118
8481013,0.0169,-0.0052,0.0221,0.0664,0.0692,0.4417,0.2811,0.1606,0.022,0.0232,0.1074,0.172,-0.0645,0.0323,0.034,0.1996,0.2763,-0.0766,0.0088,0.0093,-0.6277,-0.5979,-0.0298,0.0059,0.0062,0.1354,0.1179,0.2533,0.0341,0.0356,0.0493,Jonatan.Berggren,F,0.0211,-0.0399
8477934,0.1752,0.0256,0.1496,0.0397,0.041,0.5102,0.0948,0.4153,0.0217,0.0229,0.1394,0.501,-0.3616,0.0322,0.034,0.2829,-1.747,2.0299,0.0088,0.0093,0.8505,-1.013,1.8635,0.0059,0.0062,0.1778,0.0729,0.2507,0.0213,0.0221,0.0307,Leon.Draisaitl,F,0.0901,0.0064
8474062,-0.0549,0.0972,-0.1521,0.0515,0.0522,-0.7015,0.5642,-1.2658,0.0219,0.0231,0.3599,0.5702,-0.2103,0.0322,0.034,1.4467,-1.0237,2.4704,0.0088,0.0093,-0.909,0.4277,-1.3366,0.0059,0.0062,0.0697,0.1801,0.2498,0.0269,0.0274,0.0384,Riley.Nash,F,0.0037,0.0298
8477402,0.1129,0.0655,0.0474,0.0481,0.0486,0.1828,0.1024,0.0804,0.0218,0.023,0.037,0.7605,-0.7235,0.0322,0.034,-0.416,-0.8988,0.4828,0.0088,0.0093,0.5799,-1.0718,1.6517,0.0059,0.0062,0.0439,0.2044,0.2482,0.0253,0.0257,0.036,Pavel.Buchnevich,F,0.0568,-0.0222
8480830,0.188,0.0556,0.1324,0.0478,0.0523,0.1112,0.0043,0.1069,0.0218,0.0231,0.1571,0.1539,0.0033,0.0322,0.034,-0.0609,-0.4372,0.3762,0.0088,0.0093,-0.8036,-0.9556,0.1519,0.0059,0.0062,0.1737,0.0743,0.248,0.0251,0.0274,0.0372,Andrei.Svechnikov,F,0.1088,0.0007
8475167,0.1379,-0.0,0.1379,0.038,0.0398,0.2117,0.7097,-0.498,0.0217,0.0228,1.3195,-0.9465,2.266,0.0322,0.0339,0.0468,-0.6916,0.7384,0.0088,0.0093,-0.8984,0.9668,-1.8651,0.0059,0.0062,0.4297,-0.1819,0.2478,0.0205,0.0215,0.0298,Victor.Hedman,D,0.0746,-0.0094
8471228,0.0017,0.0612,-0.0595,0.0493,0.0515,-0.1929,0.7708,-0.9637,0.0219,0.023,0.0063,0.5198,-0.5135,0.0322,0.034,0.2157,-0.1013,0.3171,0.0088,0.0093,0.1961,-0.3586,0.5546,0.0059,0.0062,-0.0216,0.2688,0.2472,0.0259,0.027,0.0374,Alexander.Radulov,F,0.0672,-0.0012
8479324,0.0084,0.0854,-0.0769,0.0514,0.0523,0.1569,0.3929,-0.236,0.0219,0.0231,-0.2701,0.6124,-0.8825,0.0322,0.034,0.2406,0.361,-0.1204,0.0088,0.0093,0.2337,-0.3352,0.5689,0.0059,0.0062,-0.0266,0.2714,0.2448,0.0269,0.0274,0.0384,Ryan.Lindgren,D,0.0221,-0.0
8478450,-0.0006,-0.0077,0.0071,0.0647,0.0677,0.7839,-0.6288,1.4127,0.022,0.0232,-0.1566,0.886,-1.0426,0.0323,0.034,-0.1949,0.8112,-1.0062,0.0088,0.0093,0.9313,-1.6022,2.5334,0.0059,0.0062,0.0339,0.2095,0.2434,0.0333,0.0348,0.0482,Parker.Wotherspoon,D,0.0155,0.0277
8477435,0.0051,0.0815,-0.0764,0.0502,0.0526,-0.0257,0.572,-0.5977,0.0219,0.0231,0.0128,0.2993,-0.2865,0.0322,0.034,0.8601,-0.1249,0.985,0.0088,0.0093,-0.7566,0.633,-1.3896,0.0059,0.0062,0.0834,0.1596,0.243,0.0263,0.0276,0.0381,Ryan.Graves,D,0.0369,0.0913
8476393,-0.0241,0.0127,-0.0369,0.0472,0.0487,-0.3815,0.0582,-0.4397,0.0218,0.023,0.3823,0.5257,-0.1434,0.0322,0.034,0.3257,-0.1648,0.4905,0.0088,0.0093,-1.4397,-0.74,-0.6997,0.0059,0.0062,0.092,0.1504,0.2424,0.0249,0.0257,0.0358,Nick.Cousins,F,0.031,0.0182
8469459,0.0055,0.1224,-0.1168,0.0508,0.0526,0.0992,0.1416,-0.0424,0.0219,0.0231,0.1322,0.1482,-0.016,0.0322,0.034,0.1878,0.5026,-0.3148,0.0088,0.0093,-0.9728,0.0586,-1.0314,0.0059,0.0062,0.0969,0.1429,0.2398,0.0266,0.0276,0.0383,Mikko.Koivu,F,0.044,0.008
8478466,0.086,-0.0322,0.1182,0.0582,0.0606,-0.099,0.587,-0.686,0.0219,0.0231,0.4758,-0.1624,0.6382,0.0323,0.034,0.5209,-0.4824,1.0033,0.0088,0.0093,-1.2476,-0.4486,-0.7989,0.0059,0.0062,0.214,0.0252,0.2392,0.0301,0.0314,0.0435,Daniel.Sprong,F,0.0639,-0.0506
8481606,0.0804,0.0311,0.0492,0.0642,0.0678,0.5524,-0.0533,0.6057,0.022,0.0232,-0.1838,0.5556,-0.7394,0.0323,0.034,-0.386,0.0523,-0.4383,0.0088,0.0093,0.2685,-1.4352,1.7037,0.0059,0.0062,0.0487,0.1903,0.2391,0.033,0.0349,0.0481,Jordan.Spence,D,0.0506,-0.0217
8475765,0.0844,-0.0165,0.1008,0.0428,0.0434,0.2298,0.5326,-0.3028,0.0218,0.0229,0.6724,0.3297,0.3427,0.0322,0.034,-0.4538,-0.9929,0.5391,0.0088,0.0093,0.1987,0.9314,-0.7327,0.0059,0.0062,0.1894,0.0473,0.2368,0.0228,0.0232,0.0325,Vladimir.Tarasenko,F,0.0943,-0.0345
8470257,-0.0062,0.0571,-0.0634,0.0507,0.0519,0.319,0.0585,0.2605,0.0219,0.0231,0.4052,0.1396,0.2656,0.0322,0.034,-0.3635,0.0104,-0.3738,0.0088,0.0093,-2.1072,0.7258,-2.833,0.0059,0.0062,0.1964,0.0396,0.236,0.0265,0.0272,0.038,Alexander.Steen,F,0.0506,0.0058
8480797,0.1064,-0.0144,0.1208,0.0547,0.0556,0.5553,0.2138,0.3415,0.0219,0.0231,0.6082,-0.2677,0.8758,0.0323,0.034,0.2424,-0.4865,0.7289,0.0088,0.0093,-0.9632,0.6312,-1.5944,0.0059,0.0062,0.3234,-0.0885,0.2349,0.0285,0.029,0.0406,Joel.Farabee,F,0.0414,-0.017
8482087,0.0381,0.0242,0.014,0.0658,0.0679,0.4255,0.3824,0.0431,0.022,0.0232,-0.0449,0.4944,-0.5393,0.0323,0.034,-0.0997,-0.1229,0.0232,0.0088,0.0093,-0.1176,0.195,-0.3126,0.0059,0.0062,0.0717,0.1631,0.2348,0.0338,0.0349,0.0486,Kaiden.Guhle,D,0.0296,0.0682
8478131,-0.0171,0.0538,-0.0709,0.0566,0.0594,-0.2116,0.5821,-0.7937,0.0219,0.0231,0.2471,0.1238,0.1233,0.0323,0.034,0.3055,-0.4692,0.7746,0.0088,0.0093,-1.4169,-0.7844,-0.6325,0.0059,0.0062,0.0891,0.1447,0.2338,0.0294,0.0308,0.0426,Ondrej.Kase,F,0.0748,0.0158
8480015,0.0369,0.0077,0.0292,0.057,0.0589,-0.2788,0.1928,-0.4716,0.0219,0.0231,0.2485,0.4776,-0.2291,0.0323,0.034,0.8904,-0.4897,1.3801,0.0088,0.0093,-0.8282,-0.1699,-0.6583,0.0059,0.0062,0.1179,0.1153,0.2331,0.0296,0.0306,0.0425,Owen.Tippett,F,0.0849,0.0153
8474145,-0.0025,0.0729,-0.0754,0.0513,0.0526,-0.7549,0.9658,-1.7207,0.0219,0.0231,0.3209,0.2631,0.0578,0.0322,0.034,1.0944,-0.956,2.0505,0.0088,0.0093,-1.2032,0.4709,-1.6741,0.0059,0.0062,0.0699,0.163,0.2329,0.0268,0.0276,0.0385,Robert.Bortuzzo,D,0.0242,0.0105
8475233,0.1243,0.1023,0.022,0.0422,0.0414,-0.5837,0.3108,-0.8945,0.0218,0.0229,1.6229,-0.9093,2.5322,0.0322,0.034,-0.1266,0.5007,-0.6273,0.0088,0.0093,-0.0611,0.5734,-0.6344,0.0059,0.0062,0.3265,-0.0952,0.2313,0.0225,0.0223,0.0317,David.Savard,D,0.0302,0.0153
8476419,0.0051,0.0495,-0.0444,0.0449,0.0442,0.1844,0.3791,-0.1947,0.0218,0.0229,0.0077,0.6327,-0.625,0.0322,0.034,-0.7009,0.3122,-1.013,0.0088,0.0093,-0.0295,0.025,-0.0544,0.0059,0.0062,-0.009,0.2385,0.2296,0.0238,0.0236,0.0335,Jean.Gabriel.Pageau,F,0.027,0.0286
8476539,0.0125,0.0064,0.0061,0.0426,0.045,-0.3694,0.0762,-0.4456,0.0218,0.023,0.4596,0.57,-0.1104,0.0322,0.034,0.5862,-1.554,2.1402,0.0088,0.0093,-1.2429,-1.0616,-0.1814,0.0059,0.0062,0.1368,0.0893,0.2261,0.0227,0.024,0.033,Jonathan.Marchessault,F,0.0976,-0.0331
8477948,0.0434,0.0055,0.0379,0.045,0.0456,0.1269,0.3339,-0.207,0.0218,0.023,0.3636,0.1803,0.1833,0.0322,0.034,-0.2057,0.2328,-0.4384,0.0088,0.0093,0.3966,-0.6252,1.0218,0.0059,0.0062,0.0925,0.1315,0.224,0.0238,0.0243,0.034,Travis.Sanheim,D,0.0459,0.0084
8475149,0.002,0.1361,-0.1341,0.0446,0.0452,0.0713,0.0093,0.0619,0.0218,0.023,0.9238,-0.1359,1.0597,0.0322,0.034,-0.1718,-0.7406,0.5689,0.0088,0.0093,-0.1262,-0.4764,0.3502,0.0059,0.0062,0.2097,0.0142,0.2238,0.0236,0.0241,0.0337,Marcus.Johansson,F,0.0206,-0.0317
8473504,0.0056,0.16,-0.1544,0.0506,0.05,-0.2262,0.6902,-0.9164,0.0219,0.023,0.704,-0.0222,0.7262,0.0322,0.034,-0.1553,-0.4949,0.3395,0.0088,0.0093,0.0489,0.9466,-0.8977,0.0059,0.0062,0.1125,0.1111,0.2236,0.0265,0.0263,0.0373,Cal.Clutterbuck,F,0.0157,0.0072
8470834,0.0104,0.073,-0.0625,0.048,0.05,-0.1269,0.4604,-0.5873,0.0218,0.023,0.2332,0.0447,0.1885,0.0322,0.034,0.4272,-0.1104,0.5376,0.0088,0.0093,-0.0636,-1.2119,1.1482,0.0059,0.0062,0.0656,0.1572,0.2229,0.0252,0.0263,0.0365,Dustin.Byfuglien,D,0.1117,-0.0357
8476878,0.0487,0.0261,0.0227,0.0501,0.05,0.1001,0.4989,-0.3988,0.0219,0.023,0.4127,-0.1036,0.5163,0.0322,0.034,-0.3414,-0.6181,0.2767,0.0088,0.0093,-1.6802,-0.444,-1.2362,0.0059,0.0062,0.1769,0.0458,0.2227,0.0262,0.0263,0.0372,Zemgus.Girgensons,F,0.008,-0.0151
8477451,0.0125,0.0401,-0.0276,0.0461,0.0479,0.3943,-0.0731,0.4674,0.0218,0.023,0.9104,-0.1638,1.0742,0.0322,0.034,-1.1716,0.2365,-1.4081,0.0088,0.0093,-0.6885,-0.2857,-0.4028,0.0059,0.0062,0.2229,-0.0013,0.2216,0.0243,0.0253,0.0351,Ryan.Hartman,F,0.0605,0.0368
8480064,0.0082,0.0024,0.0058,0.0613,0.0633,0.6223,0.4887,0.1337,0.022,0.0232,0.2282,-0.0231,0.2512,0.0323,0.034,-0.2678,0.5039,-0.7717,0.0088,0.0093,0.5533,-0.282,0.8354,0.0059,0.0062,0.1094,0.1109,0.2204,0.0316,0.0327,0.0455,Josh.Norris,F,0.0466,0.0052
8474053,0.106,0.0373,0.0687,0.044,0.0451,0.2821,0.3126,-0.0306,0.0218,0.023,-0.2621,0.54,-0.8021,0.0322,0.034,0.9615,-0.7213,1.6828,0.0088,0.0093,0.0742,0.3275,-0.2533,0.0059,0.0062,0.0924,0.128,0.2203,0.0233,0.024,0.0335,Logan.Couture,F,0.073,0.0527
8479998,0.0397,0.002,0.0377,0.053,0.0553,-0.1337,0.2907,-0.4244,0.0219,0.0231,0.1909,0.398,-0.2071,0.0322,0.034,0.1843,0.0519,0.1324,0.0088,0.0093,-1.4943,0.7011,-2.1954,0.0059,0.0062,0.1126,0.1072,0.2199,0.0276,0.0289,0.04,Mikey.Anderson,D,0.0185,0.0076
8480878,0.0559,0.0291,0.0267,0.0624,0.0649,-0.0707,0.2089,-0.2796,0.022,0.0232,0.0476,0.2584,-0.2108,0.0323,0.034,0.156,-0.0229,0.1789,0.0088,0.0093,-0.9618,-1.0121,0.0503,0.0059,0.0062,0.0756,0.1418,0.2175,0.0322,0.0335,0.0464,Nils.Lundkvist,D,0.044,-0.0357
8478420,0.1262,0.0608,0.0654,0.0428,0.045,0.2697,0.0837,0.186,0.0218,0.023,1.137,-0.9073,2.0443,0.0322,0.034,0.7762,-1.2019,1.9781,0.0088,0.0093,-1.9697,0.8528,-2.8225,0.0059,0.0062,0.4791,-0.2629,0.2162,0.0228,0.024,0.0331,Mikko.Rantanen,F,0.0909,-0.0089
8479400,0.1928,-0.0108,0.2036,0.0475,0.0493,-0.0668,0.5401,-0.6069,0.0218,0.023,0.6835,-0.4237,1.1072,0.0322,0.034,0.4859,-0.553,1.039,0.0088,0.0093,-0.7136,0.7243,-1.4379,0.0059,0.0062,0.2944,-0.0798,0.2147,0.025,0.026,0.0361,Pierre.Luc.Dubois,F,0.0584,-0.0071
8480281,0.0336,0.0491,-0.0155,0.065,0.0659,0.0941,0.5126,-0.4185,0.022,0.0232,-0.0931,0.5399,-0.633,0.0323,0.034,0.3381,-0.1513,0.4894,0.0088,0.0093,-0.0217,0.7317,-0.7534,0.0059,0.0062,0.0316,0.1819,0.2135,0.0334,0.034,0.0477,Alexei.Toropchenko,F,0.0133,0.0508
8475768,-0.0267,0.0977,-0.1244,0.0437,0.0453,-0.5541,0.2062,-0.7602,0.0218,0.023,-0.2094,1.2503,-1.4597,0.0322,0.034,0.3869,-1.6734,2.0603,0.0088,0.0093,-1.1355,-0.8137,-0.3219,0.0059,0.0062,-0.0739,0.287,0.2131,0.0232,0.0241,0.0335,Jaden.Schwartz,F,0.0577,0.003
8478055,0.0326,-0.0688,0.1014,0.0461,0.0486,0.1775,0.6153,-0.4378,0.0218,0.023,0.4453,0.2211,0.2241,0.0322,0.034,-0.0797,-0.6414,0.5618,0.0088,0.0093,-0.5612,0.4062,-0.9674,0.0059,0.0062,0.1586,0.0518,0.2104,0.0243,0.0257,0.0354,Gustav.Forsling,D,0.0549,-0.0309
8480018,0.0061,0.0014,0.0047,0.0508,0.0515,0.0901,0.4056,-0.3155,0.0219,0.023,-0.2924,1.0488,-1.3412,0.0322,0.034,-0.477,-0.3054,-0.1716,0.0088,0.0093,0.7965,-1.0662,1.8627,0.0059,0.0062,-0.1082,0.3166,0.2084,0.0266,0.027,0.0379,Nick.Suzuki,F,0.0485,0.0059
8482745,0.1121,-0.0135,0.1256,0.0626,0.0637,0.4897,0.1756,0.3141,0.022,0.0232,0.2424,-0.0484,0.2907,0.0323,0.034,-0.1232,-0.0728,-0.0504,0.0088,0.0093,-0.8877,0.1839,-1.0716,0.0059,0.0062,0.2109,-0.0028,0.2082,0.0323,0.0329,0.0461,Mason.McTavish,F,0.0614,-0.0251
8483808,0.0291,-0.0033,0.0324,0.0633,0.0668,0.5728,0.2901,0.2827,0.022,0.0232,-0.1087,0.1611,-0.2698,0.0323,0.034,0.0066,-0.1455,0.1521,0.0088,0.0093,-0.3835,-1.1797,0.7963,0.0059,0.0062,0.0923,0.1158,0.2081,0.0326,0.0344,0.0474,Andrei.Kuzmenko,F,0.0442,-0.0426
8474578,0.1694,-0.1466,0.316,0.0377,0.0393,0.2719,-0.1913,0.4632,0.0217,0.0228,0.5963,-0.0016,0.5978,0.0322,0.0339,0.7907,-1.0779,1.8686,0.0088,0.0093,-1.7606,0.0691,-1.8297,0.0059,0.0062,0.3745,-0.1698,0.2048,0.0204,0.0213,0.0295,Erik.Karlsson,D,0.0877,-0.0178
8476889,0.0586,0.1079,-0.0493,0.0466,0.0469,-0.0948,0.3091,-0.4039,0.0218,0.023,-0.4119,0.7915,-1.2033,0.0322,0.034,0.0942,-0.8427,0.9369,0.0088,0.0093,-0.91,-0.3584,-0.5517,0.0059,0.0062,-0.0335,0.2382,0.2047,0.0246,0.0249,0.035,Radek.Faksa,F,0.0077,0.0572
8477070,0.0687,-0.0046,0.0732,0.0661,0.0673,0.3096,0.6279,-0.3183,0.022,0.0232,-0.0448,0.1536,-0.1984,0.0323,0.034,-0.5543,0.1483,-0.7026,0.0088,0.0093,-0.0036,-0.8059,0.8023,0.0059,0.0062,0.0378,0.1668,0.2046,0.034,0.0347,0.0485,Liam.O'Brien,F,0.0083,-0.0284
8485414,0.0633,0.0331,0.0302,0.0675,0.0707,0.6607,-0.3034,0.9642,0.022,0.0232,0.0204,0.4374,-0.417,0.0323,0.034,-0.4929,0.5014,-0.9943,0.0088,0.0093,0.7621,-0.7936,1.5557,0.0059,0.0062,0.0752,0.1291,0.2043,0.0347,0.0363,0.0502,,?,0.0683,0.0629
8477021,0.0025,0.0923,-0.0898,0.05,0.0512,0.1834,0.1518,0.0316,0.0219,0.023,-0.1733,0.5338,-0.7072,0.0322,0.034,0.3843,-0.5666,0.9509,0.0088,0.0093,-0.269,-0.6814,0.4124,0.0059,0.0062,0.0245,0.1796,0.2041,0.0262,0.0269,0.0375,Alexander.Kerfoot,F,0.0217,0.0242
8476934,-0.0298,0.0845,-0.1143,0.0502,0.0515,-0.4118,0.2408,-0.6526,0.0219,0.023,0.5153,0.2039,0.3114,0.0322,0.034,0.7089,-0.6174,1.3263,0.0088,0.0093,-0.961,-0.003,-0.958,0.0059,0.0062,0.1177,0.0863,0.204,0.0263,0.027,0.0377,Brock.McGinn,F,0.0186,0.0063
8482073,-0.069,0.1137,-0.1827,0.0576,0.0579,0.3842,0.411,-0.0267,0.0219,0.0231,-0.7034,1.048,-1.7513,0.0323,0.034,0.0203,0.4909,-0.4706,0.0088,0.0093,1.7138,-0.5461,2.2599,0.0059,0.0062,-0.199,0.4004,0.2014,0.0299,0.0301,0.0424,Braden.Schneider,D,0.0273,0.0458
8474098,-0.0279,0.1177,-0.1456,0.0525,0.0538,-0.3515,0.3307,-0.6822,0.0219,0.0231,0.5031,0.07,0.4331,0.0322,0.034,0.4859,-0.752,1.2379,0.0088,0.0093,-1.0235,-0.2127,-0.8107,0.0059,0.0062,0.1141,0.0872,0.2013,0.0274,0.0281,0.0393,Colton.Sceviour,F,0.0423,0.0589
8478500,0.075,0.0238,0.0512,0.0415,0.0416,0.079,-0.1071,0.1861,0.0217,0.0229,0.5952,0.2318,0.3634,0.0322,0.034,-0.3917,0.0849,-0.4767,0.0088,0.0093,-0.1362,0.3659,-0.5021,0.0059,0.0062,0.1622,0.0373,0.1995,0.0222,0.0224,0.0315,Ivan.Provorov,D,0.0454,0.0115
8479344,0.0395,0.1211,-0.0815,0.0527,0.0556,-0.9869,0.7012,-1.688,0.0219,0.0231,0.3267,0.0202,0.3065,0.0322,0.034,0.4112,-0.7604,1.1715,0.0088,0.0093,-1.3609,-1.2954,-0.0655,0.0059,0.0062,0.0227,0.1764,0.1991,0.0275,0.029,0.04,Jesse.Puljujarvi,F,0.049,0.0196
8478507,-0.0097,0.0418,-0.0515,0.0499,0.0523,0.0464,0.1464,-0.1,0.0219,0.0231,-0.0839,0.8057,-0.8896,0.0322,0.034,0.0891,-0.7615,0.8505,0.0088,0.0093,-0.1851,-0.7038,0.5188,0.0059,0.0062,-0.0036,0.2026,0.199,0.0261,0.0274,0.0379,John.Marino,D,0.0271,-0.0133
8478498,0.1755,0.0104,0.1651,0.0484,0.0503,-0.1652,-0.1781,0.0128,0.0218,0.023,1.0913,-0.3882,1.4795,0.0322,0.034,0.1743,-0.8656,1.0399,0.0088,0.0093,-1.0877,-0.0143,-1.0735,0.0059,0.0062,0.357,-0.1583,0.1987,0.0254,0.0265,0.0367,Jake.DeBrusk,F,0.0799,-0.0286
8476191,-0.0463,0.0801,-0.1265,0.0526,0.0538,-0.2307,0.2467,-0.4774,0.0219,0.0231,0.2156,0.3837,-0.1681,0.0322,0.034,1.1196,-0.8666,1.9862,0.0088,0.0093,-0.471,-0.3076,-0.1634,0.0059,0.0062,0.0757,0.1218,0.1975,0.0274,0.0281,0.0393,Kevan.Miller,D,0.0149,0.0178
8482660,0.0189,0.0064,0.0125,0.0631,0.065,0.4912,0.3861,0.1051,0.022,0.0232,-0.1798,0.2827,-0.4626,0.0323,0.034,0.0186,-0.3547,0.3733,0.0088,0.0093,-1.0289,-0.1929,-0.836,0.0059,0.0062,0.0858,0.1097,0.1956,0.0325,0.0335,0.0467,Kent.Johnson,F,0.0256,-0.0331
8474157,0.0714,-0.0198,0.0912,0.0449,0.0478,-0.1715,0.1461,-0.3176,0.0218,0.023,1.0018,0.0202,0.9817,0.0322,0.034,-0.3096,-1.3073,0.9977,0.0088,0.0093,-0.7901,-0.3416,-0.4486,0.0059,0.0062,0.2434,-0.0483,0.1951,0.0238,0.0253,0.0347,Max.Pacioretty,F,0.103,-0.0051
8470144,-0.029,0.0638,-0.0928,0.0515,0.0522,0.0738,0.0795,-0.0057,0.0219,0.0231,0.5645,-0.0889,0.6534,0.0322,0.034,-0.1593,0.128,-0.2873,0.0088,0.0093,-0.3743,-0.8889,0.5146,0.0059,0.0062,0.1262,0.0675,0.1937,0.0269,0.0274,0.0384,Frans.Nielsen,F,0.0275,0.018
8481604,0.0605,-0.0048,0.0653,0.0656,0.0685,0.905,-0.5791,1.4841,0.022,0.0232,0.1185,0.5099,-0.3915,0.0323,0.034,-0.7847,1.0206,-1.8053,0.0088,0.0093,1.5711,-0.6701,2.2412,0.0059,0.0062,0.0821,0.111,0.1931,0.0337,0.0352,0.0488,Pavel.Dorofeyev,F,0.0904,-0.0165
8473463,-0.0475,0.1169,-0.1643,0.0507,0.0508,-0.158,0.6263,-0.7843,0.0219,0.023,0.0154,0.2566,-0.2412,0.0322,0.034,0.3106,0.4748,-0.1642,0.0088,0.0093,0.7208,-0.2292,0.95,0.0059,0.0062,-0.0543,0.2465,0.1922,0.0265,0.0267,0.0376,Leo.Komarov,F,0.0035,0.0028
8479293,0.0691,0.0398,0.0293,0.0527,0.054,-0.2468,0.2483,-0.4952,0.0219,0.0231,0.1633,0.3097,-0.1464,0.0322,0.034,0.3752,-0.0561,0.4313,0.0088,0.0093,-0.5445,0.1921,-0.7366,0.0059,0.0062,0.0777,0.1142,0.192,0.0275,0.0282,0.0394,Brandon.Tanev,F,0.0136,0.0676
8476460,0.1809,-0.0249,0.2059,0.0401,0.0408,0.3483,0.1293,0.219,0.0217,0.0229,0.2218,-0.2033,0.4252,0.0322,0.034,-0.1659,0.0721,-0.238,0.0088,0.0093,-0.1954,-0.8889,0.6935,0.0059,0.0062,0.1894,0.0021,0.1915,0.0215,0.022,0.0308,Mark.Scheifele,F,0.0619,-0.0043
8474176,-0.0181,-0.007,-0.0111,0.047,0.0492,-0.1041,0.353,-0.4571,0.0218,0.023,1.4384,-0.7841,2.2225,0.0322,0.034,-0.0512,-0.5699,0.5186,0.0088,0.0093,-1.7779,0.3003,-2.0781,0.0059,0.0062,0.3598,-0.1693,0.1906,0.0248,0.0259,0.0359,Carl.Hagelin,F,0.0422,-0.0023
8469506,0.0312,0.0006,0.0306,0.0518,0.0543,0.0285,-0.0688,0.0973,0.0219,0.0231,0.9318,-0.2323,1.1641,0.0322,0.034,-0.4957,0.253,-0.7487,0.0088,0.0093,-1.1087,0.0782,-1.1869,0.0059,0.0062,0.2395,-0.0491,0.1904,0.0271,0.0284,0.0392,Jason.Pominville,F,0.065,-0.0238
8473512,0.0593,-0.1603,0.2196,0.0408,0.0427,0.1514,0.0963,0.0552,0.0217,0.0229,1.2397,-0.2024,1.4421,0.0322,0.034,-0.54,-0.5083,-0.0316,0.0088,0.0093,-1.2477,0.2892,-1.5369,0.0059,0.0062,0.3426,-0.1523,0.1903,0.0218,0.0229,0.0316,Claude.Giroux,F,0.0637,-0.0101
8477404,0.2154,-0.0165,0.2319,0.0432,0.0456,0.408,0.0103,0.3977,0.0218,0.023,1.1099,-1.0166,2.1265,0.0322,0.034,-0.137,-0.3929,0.2559,0.0088,0.0093,-0.911,-0.0658,-0.8452,0.0059,0.0062,0.4413,-0.2513,0.19,0.023,0.0243,0.0334,Jake.Guentzel,F,0.1028,-0.0167
8484829,0.0391,0.031,0.0081,0.0689,0.0716,0.8325,-0.0844,0.9169,0.022,0.0232,0.019,0.1513,-0.1322,0.0323,0.034,-0.0339,-0.1841,0.1502,0.0088,0.0093,-0.1334,-0.3082,0.1748,0.0059,0.0062,0.1519,0.0374,0.1893,0.0353,0.0367,0.051,,F,0.0138,0.0271
8476326,-0.0254,0.0664,-0.0918,0.0589,0.0593,-0.2034,0.5394,-0.7428,0.0219,0.0231,-0.0142,0.2274,-0.2415,0.0323,0.034,0.2341,0.3333,-0.0992,0.0088,0.0093,-0.7585,-0.1771,-0.5814,0.0059,0.0062,-0.0019,0.1912,0.1893,0.0305,0.0308,0.0433,Josh.Archibald,F,0.0107,-0.0021
8480727,-0.0078,0.1223,-0.1301,0.0531,0.0551,0.1532,0.4313,-0.2781,0.0219,0.0231,-0.3308,0.5983,-0.929,0.0322,0.034,-0.2732,0.0589,-0.3321,0.0088,0.0093,-0.598,0.641,-1.239,0.0059,0.0062,-0.0462,0.2354,0.1892,0.0277,0.0288,0.0399,Zach.Whitecloud,D,0.0231,0.0306
8477488,0.0216,0.058,-0.0364,0.0404,0.0428,-0.2304,0.6529,-0.8834,0.0217,0.0229,0.1099,0.3343,-0.2244,0.0322,0.034,1.1005,-1.3394,2.4399,0.0088,0.0093,-0.5069,0.4421,-0.949,0.0059,0.0062,0.0867,0.1024,0.1892,0.0217,0.0229,0.0315,Brett.Pesce,D,0.0384,0.0288
8478469,0.1508,-0.0183,0.1691,0.0448,0.0457,0.3136,-0.231,0.5446,0.0218,0.023,0.8066,0.0253,0.7812,0.0322,0.034,-0.872,-0.3141,-0.5578,0.0088,0.0093,-0.501,0.5408,-1.0418,0.0059,0.0062,0.2676,-0.0787,0.1889,0.0237,0.0243,0.034,Thomas.Chabot,D,0.071,-0.0063
8478542,0.1218,-0.0775,0.1994,0.0496,0.0523,0.0695,-0.1002,0.1696,0.0219,0.0231,0.9361,-0.2009,1.137,0.0322,0.034,-0.2914,-0.5671,0.2757,0.0088,0.0093,-1.6553,0.1456,-1.801,0.0059,0.0062,0.326,-0.1378,0.1882,0.026,0.0274,0.0378,Evan.Rodrigues,F,0.0524,-0.0152
8475177,-0.0188,0.1758,-0.1947,0.0441,0.0454,-0.7025,0.643,-1.3455,0.0218,0.023,-0.1463,0.8793,-1.0256,0.0322,0.034,0.3478,-1.274,1.6217,0.0088,0.0093,-0.9252,0.614,-1.5391,0.0059,0.0062,-0.0891,0.2768,0.1877,0.0234,0.0242,0.0336,Calvin.de.Haan,D,0.0336,0.0761
8480043,0.1813,0.0157,0.1656,0.058,0.0603,-0.0698,0.765,-0.8349,0.0219,0.0231,0.156,-0.3693,0.5254,0.0323,0.034,0.2465,0.3259,-0.0794,0.0088,0.0093,-0.0887,0.1811,-0.2699,0.0059,0.0062,0.1328,0.0537,0.1865,0.03,0.0313,0.0434,Timothy.Liljegren,D,0.0294,0.0299
8482665,-0.0068,0.0198,-0.0266,0.0604,0.0617,0.7465,0.2088,0.5377,0.0219,0.0231,-0.392,0.4759,-0.8678,0.0323,0.034,-0.0115,0.5724,-0.5838,0.0088,0.0093,1.1302,-0.7453,1.8754,0.0059,0.0062,-0.0236,0.2101,0.1865,0.0312,0.0319,0.0447,Matty.Beniers,F,0.0396,0.0081
8477955,-0.0214,0.1174,-0.1389,0.0485,0.0501,0.2989,-0.0616,0.3605,0.0218,0.023,0.5292,-0.2294,0.7586,0.0322,0.034,0.4245,-0.2387,0.6632,0.0088,0.0093,-1.0194,0.3864,-1.4058,0.0059,0.0062,0.2168,-0.0308,0.186,0.0255,0.0264,0.0367,Jared.McCann,F,0.0675,-0.0081
8480002,0.0512,-0.0079,0.0591,0.0488,0.0504,0.0505,-0.0384,0.0889,0.0218,0.023,0.5137,0.0928,0.4209,0.0322,0.034,0.0898,-0.0943,0.184,0.0088,0.0093,-1.0189,0.3354,-1.3543,0.0059,0.0062,0.1923,-0.0084,0.184,0.0256,0.0265,0.0369,Nico.Hischier,F,0.0751,0.0328
8482511,0.006,0.0068,-0.0008,0.0667,0.0697,0.6149,-0.3191,0.934,0.022,0.0232,0.1009,0.2406,-0.1397,0.0323,0.034,-0.0185,0.2723,-0.2908,0.0088,0.0093,0.1201,-1.1698,1.2899,0.0059,0.0062,0.1115,0.0716,0.1831,0.0343,0.0358,0.0496,Mason.Lohrei,D,0.0422,0.0137
8478366,-0.0616,0.009,-0.0706,0.0484,0.0495,-0.4746,0.6122,-1.0869,0.0218,0.023,0.5634,0.0882,0.4753,0.0322,0.034,0.0707,-0.068,0.1387,0.0088,0.0093,-0.7893,-0.3112,-0.4781,0.0059,0.0062,0.0578,0.1241,0.1819,0.0254,0.0261,0.0364,Frank.Vatrano,F,0.0792,0.0056
8480950,-0.0095,0.0576,-0.067,0.0543,0.0547,-0.3431,0.6444,-0.9875,0.0219,0.0231,-0.0758,0.0326,-0.1084,0.0323,0.034,1.5682,-0.1147,1.6829,0.0088,0.0093,-1.0228,0.1872,-1.2099,0.0059,0.0062,0.0621,0.1183,0.1804,0.0283,0.0286,0.0402,Ilya.Lyubushkin,D,0.0112,0.0492
8476871,0.0529,-0.0111,0.0641,0.046,0.0478,0.1126,0.0653,0.0473,0.0218,0.023,0.8968,-0.1595,1.0564,0.0322,0.034,-0.7153,-0.131,-0.5843,0.0088,0.0093,-0.599,0.092,-0.6911,0.0059,0.0062,0.2217,-0.0424,0.1793,0.0243,0.0253,0.0351,Tanner.Pearson,F,0.041,-0.0008
8482092,0.0212,0.0642,-0.043,0.0661,0.0694,0.5825,-0.3303,0.9128,0.022,0.0232,-0.1052,0.2122,-0.3173,0.0323,0.034,-0.2557,0.2428,-0.4985,0.0088,0.0093,0.0822,-1.9478,2.0301,0.0059,0.0062,0.0562,0.1217,0.1779,0.034,0.0357,0.0493,Ridly.Greig,F,0.0365,-0.0018
8475784,0.1644,-0.1277,0.2921,0.0425,0.0443,0.5412,0.2178,0.3234,0.0218,0.0229,1.2778,-1.3943,2.6721,0.0322,0.034,0.8811,-0.6728,1.5539,0.0088,0.0093,-1.7777,0.3223,-2.1,0.0059,0.0062,0.5685,-0.3912,0.1773,0.0226,0.0236,0.0327,Jeff.Skinner,F,0.1019,-0.0269
8478407,-0.0063,0.0094,-0.0156,0.0449,0.0465,0.121,0.2578,-0.1368,0.0218,0.023,0.4524,-0.0061,0.4585,0.0322,0.034,0.5013,-0.7086,1.2099,0.0088,0.0093,-1.0273,0.2029,-1.2302,0.0059,0.0062,0.1857,-0.0086,0.1771,0.0238,0.0247,0.0343,Vince.Dunn,D,0.0708,-0.0517
8477500,0.1097,-0.0939,0.2035,0.0432,0.0432,-0.0486,0.351,-0.3997,0.0218,0.0229,0.8905,-0.4066,1.297,0.0322,0.034,0.2511,-0.4474,0.6985,0.0088,0.0093,-0.8469,0.1767,-1.0236,0.0059,0.0062,0.2924,-0.1177,0.1747,0.023,0.0231,0.0326,Bo.Horvat,F,0.0621,-0.008
8475164,-0.1025,0.0395,-0.142,0.0455,0.0457,-0.4466,0.0087,-0.4554,0.0218,0.023,1.1058,-0.4284,1.5343,0.0322,0.034,0.1529,0.062,0.0909,0.0088,0.0093,-2.2695,-0.4685,-1.801,0.0059,0.0062,0.225,-0.0507,0.1743,0.0241,0.0243,0.0342,Jakob.Silfverberg,F,0.0459,0.0015
8477495,-0.0875,0.0631,-0.1506,0.0389,0.04,-0.1999,0.4448,-0.6448,0.0217,0.0228,1.1593,-0.3484,1.5078,0.0322,0.0339,-0.0298,-0.2878,0.258,0.0088,0.0093,-0.3521,0.5923,-0.9444,0.0059,0.0062,0.1936,-0.0193,0.1743,0.021,0.0216,0.0301,Seth.Jones,D,0.0633,-0.0083
8476885,0.0546,0.0607,-0.0061,0.0389,0.0393,-0.3609,0.5392,-0.9001,0.0217,0.0228,0.4461,-0.0912,0.5373,0.0322,0.0339,0.0387,0.2861,-0.2474,0.0088,0.0093,-0.2647,0.4658,-0.7305,0.0059,0.0062,0.0842,0.0897,0.1739,0.021,0.0213,0.0299,Jacob.Trouba,D,0.0592,0.0578
8478873,0.0352,-0.0214,0.0566,0.054,0.0554,0.0603,0.0876,-0.0273,0.0219,0.0231,0.3011,0.0433,0.2578,0.0323,0.034,0.607,-0.9217,1.5287,0.0088,0.0093,-1.4322,-0.7137,-0.7185,0.0059,0.0062,0.1866,-0.0148,0.1718,0.0281,0.0289,0.0403,Troy.Terry,F,0.0508,-0.0281
8482730,0.019,0.0697,-0.0507,0.0655,0.069,0.5399,-0.1991,0.739,0.022,0.0232,-0.3363,0.3888,-0.725,0.0323,0.034,-0.2728,0.2144,-0.4871,0.0088,0.0093,-0.7993,-0.9082,0.1089,0.0059,0.0062,0.0321,0.1397,0.1718,0.0337,0.0355,0.0489,Brandt.Clarke,D,0.0903,0.0545
8480069,0.0957,-0.0604,0.1561,0.0466,0.0506,0.0378,0.3699,-0.3321,0.0218,0.023,0.4962,-0.13,0.6262,0.0322,0.034,0.2998,-0.6989,0.9988,0.0088,0.0093,-1.0802,0.1779,-1.2581,0.0059,0.0062,0.2239,-0.0524,0.1715,0.0246,0.0266,0.0362,Cale.Makar,D,0.1107,-0.0199
8478585,-0.018,0.1409,-0.1589,0.0499,0.0527,-0.5157,0.9212,-1.4369,0.0219,0.0231,-0.5715,0.1855,-0.757,0.0322,0.034,1.3855,-0.6008,1.9863,0.0088,0.0093,-0.269,-1.9088,1.6397,0.0059,0.0062,-0.1182,0.2897,0.1715,0.0261,0.0276,0.038,Derek.Ryan,F,0.0109,0.0242
8481624,0.0729,0.0093,0.0636,0.0568,0.059,0.3723,0.0692,0.3031,0.0219,0.0231,0.3898,-0.0118,0.4016,0.0323,0.034,-0.4937,-0.4175,-0.0763,0.0088,0.0093,-0.4238,-0.4589,0.0352,0.0059,0.0062,0.1654,0.0057,0.1711,0.0295,0.0306,0.0425,Ilya.Mikheyev,F,0.0538,-0.0132
8480039,-0.0027,-0.0124,0.0097,0.0497,0.0532,0.15,0.1725,-0.0224,0.0219,0.0231,-0.08,0.5012,-0.5811,0.0322,0.034,-0.6831,0.2553,-0.9384,0.0088,0.0093,-0.1371,-1.4392,1.3022,0.0059,0.0062,-0.032,0.2028,0.1709,0.0261,0.0279,0.0381,Martin.Necas,F,0.0713,-0.0147
8475799,0.1479,-0.0346,0.1825,0.0422,0.0449,0.1647,0.1246,0.0401,0.0218,0.023,0.5886,-0.228,0.8166,0.0322,0.034,-0.6143,-0.4504,-0.1639,0.0088,0.0093,-0.9605,-0.4219,-0.5387,0.0059,0.0062,0.2297,-0.0589,0.1708,0.0225,0.0239,0.0328,Nino.Niederreiter,F,0.0577,0.0016
8484806,0.0315,0.0084,0.0231,0.0683,0.0709,0.8358,-0.3136,1.1494,0.022,0.0232,-0.0978,0.1744,-0.2723,0.0323,0.034,-0.1739,0.1649,-0.3388,0.0088,0.0093,0.3733,-1.7696,2.1429,0.0059,0.0062,0.0942,0.0762,0.1704,0.035,0.0364,0.0505,,?,0.0313,-0.002
8470543,0.0012,0.01,-0.0089,0.0519,0.0549,-0.073,0.264,-0.3369,0.0219,0.0231,0.6789,-0.2476,0.9265,0.0322,0.034,-0.3781,-0.2341,-0.144,0.0088,0.0093,-2.0794,0.1462,-2.2255,0.0059,0.0062,0.1995,-0.0298,0.1697,0.0271,0.0287,0.0395,Chris.Kunitz,F,0.0518,-0.0205
8483425,0.0268,-0.0087,0.0355,0.0701,0.0733,0.5675,0.0206,0.5468,0.022,0.0232,0.0047,0.2007,-0.196,0.0323,0.034,-0.1456,0.0212,-0.1668,0.0088,0.0093,0.1436,-0.9914,1.1349,0.0059,0.0062,0.0851,0.0838,0.1689,0.0359,0.0376,0.052,,D,0.014,-0.043
8471262,0.0055,0.0656,-0.06,0.0501,0.0497,-0.0418,0.2954,-0.3371,0.0219,0.023,0.5336,-0.1686,0.7022,0.0322,0.034,-0.1996,0.2039,-0.4035,0.0088,0.0093,-0.913,0.5571,-1.4701,0.0059,0.0062,0.1384,0.03,0.1684,0.0262,0.0262,0.0371,Carl.Soderberg,F,0.042,0.0006
8468083,0.0459,0.0235,0.0224,0.0534,0.0556,0.1278,0.349,-0.2211,0.0219,0.0231,0.353,-0.2619,0.615,0.0322,0.034,0.6383,-0.319,0.9573,0.0088,0.0093,-0.8294,0.272,-1.1015,0.0059,0.0062,0.1913,-0.0235,0.1677,0.0278,0.029,0.0402,Henrik.Zetterberg,F,0.0903,-0.0209
8470613,0.0744,0.0478,0.0266,0.0353,0.0374,0.2108,0.286,-0.0752,0.0216,0.0228,0.0173,0.1077,-0.0903,0.0322,0.0339,0.3041,-0.4564,0.7604,0.0088,0.0093,-0.9634,0.7002,-1.6637,0.0059,0.0062,0.1294,0.0351,0.1645,0.0193,0.0204,0.0281,Brent.Burns,D,0.0996,-0.0214
8482095,0.0344,0.0363,-0.0019,0.0667,0.0701,0.6776,-0.5299,1.2075,0.022,0.0232,-0.1032,0.3285,-0.4316,0.0323,0.034,-0.1618,0.6547,-0.8165,0.0088,0.0093,0.7073,-1.38,2.0873,0.0059,0.0062,0.0581,0.1054,0.1636,0.0343,0.036,0.0497,Tyler.Kleven,D,0.0354,0.0285
8475191,0.0703,0.082,-0.0116,0.0416,0.0439,0.2068,-0.2767,0.4835,0.0217,0.0229,-0.1631,1.02,-1.1831,0.0322,0.034,0.161,-1.8291,1.99,0.0088,0.0093,0.9459,-1.173,2.1188,0.0059,0.0062,0.0021,0.1611,0.1632,0.0222,0.0235,0.0323,Reilly.Smith,F,0.0523,0.0055
8480208,0.0509,-0.0174,0.0683,0.0551,0.0565,-0.3312,0.073,-0.4042,0.0219,0.0231,0.369,0.4235,-0.0545,0.0323,0.034,-0.2637,0.238,-0.5017,0.0088,0.0093,0.5785,-0.873,1.4515,0.0059,0.0062,0.018,0.1446,0.1626,0.0286,0.0294,0.0411,Drake.Batherson,F,0.0597,-0.0276
8478906,0.043,-0.0294,0.0724,0.0556,0.0573,-0.2379,0.5622,-0.8002,0.0219,0.0231,0.6794,-0.4068,1.0862,0.0323,0.034,0.4042,-0.1107,0.5149,0.0088,0.0093,-1.2718,0.5593,-1.8311,0.0059,0.0062,0.2104,-0.0489,0.1615,0.0289,0.0298,0.0415,Markus.Nutivaara,D,0.0459,-0.0789
8471339,0.0349,0.0268,0.0081,0.0575,0.0594,-0.1949,0.3767,-0.5716,0.0219,0.0231,0.2807,0.023,0.2577,0.0323,0.034,0.1657,-0.485,0.6507,0.0088,0.0093,-1.5116,0.1229,-1.6345,0.0059,0.0062,0.1204,0.0409,0.1613,0.0298,0.0308,0.0429,Ryan.Callahan,F,0.0555,0.0281
8478414,0.1458,-0.0197,0.1656,0.0443,0.0467,-0.325,0.2029,-0.5279,0.0218,0.023,0.0121,0.551,-0.5389,0.0322,0.034,0.2135,-0.9472,1.1607,0.0088,0.0093,-1.115,0.2206,-1.3356,0.0059,0.0062,0.0842,0.0761,0.1604,0.0235,0.0248,0.0341,Timo.Meier,F,0.1101,0.0305
8477930,-0.0006,0.1023,-0.1029,0.0484,0.0496,-0.8764,0.6886,-1.5649,0.0218,0.023,0.3352,-0.125,0.4602,0.0322,0.034,1.076,-0.4435,1.5195,0.0088,0.0093,-1.7232,0.4106,-2.1338,0.0059,0.0062,0.0755,0.0839,0.1594,0.0254,0.0261,0.0365,Pierre.Edouard.Bellemare,F,-0.0045,0.0466
8481581,0.0626,0.0362,0.0264,0.0617,0.064,0.2281,0.1332,0.0949,0.022,0.0232,-0.3509,0.6229,-0.9738,0.0323,0.034,-0.0253,0.2241,-0.2494,0.0088,0.0093,1.0955,-0.6922,1.7876,0.0059,0.0062,-0.057,0.2163,0.1592,0.0318,0.0331,0.0459,Thomas.Harley,D,0.059,0.0224
8482768,0.0239,-0.019,0.0428,0.0689,0.0726,0.4814,-0.1437,0.6251,0.022,0.0232,0.0813,0.1107,-0.0294,0.0323,0.034,-0.0395,0.3507,-0.3902,0.0088,0.0093,-0.1348,-0.9908,0.8561,0.0059,0.0062,0.1051,0.054,0.159,0.0353,0.0372,0.0513,,F,0.017,-0.01
8482110,0.0389,-0.0127,0.0516,0.0562,0.0585,0.0882,-0.0539,0.1421,0.0219,0.0231,0.2199,0.3177,-0.0978,0.0323,0.034,0.0199,0.2174,-0.1975,0.0088,0.0093,0.2348,-0.4194,0.6543,0.0059,0.0062,0.0729,0.0853,0.1581,0.0292,0.0304,0.0421,Dawson.Mercer,F,0.04,0.0125
8477933,0.1189,0.1057,0.0132,0.0431,0.0447,-0.1281,-0.0536,-0.0745,0.0218,0.0229,0.4863,-0.2503,0.7366,0.0322,0.034,-0.7532,-0.0208,-0.7324,0.0088,0.0093,-1.0298,-0.6455,-0.3843,0.0059,0.0062,0.1432,0.0143,0.1575,0.0229,0.0238,0.0331,Sam.Reinhart,F,0.0777,-0.0124
8478020,0.0492,0.0593,-0.01,0.0543,0.0567,0.2546,-0.2545,0.5092,0.0219,0.0231,-0.164,0.2238,-0.3878,0.0323,0.034,0.9426,-0.1932,1.1357,0.0088,0.0093,-1.4353,0.3118,-1.7471,0.0059,0.0062,0.1407,0.0166,0.1573,0.0283,0.0295,0.0409,Michael.Amadio,F,0.0114,0.0116
8477380,0.0046,0.004,0.0006,0.0655,0.068,-0.3259,0.4753,-0.8013,0.022,0.0232,-0.2085,0.3734,-0.5818,0.0323,0.034,-0.0523,0.2438,-0.2961,0.0088,0.0093,-1.5613,-0.4843,-1.077,0.0059,0.0062,-0.0331,0.1894,0.1563,0.0337,0.035,0.0486,Jonny.Brodzinski,F,0.0334,-0.0199
8475762,-0.1013,0.0764,-0.1777,0.0471,0.0475,-0.2636,0.5578,-0.8214,0.0218,0.023,0.2916,0.3796,-0.088,0.0322,0.034,0.4246,-0.0293,0.4539,0.0088,0.0093,0.757,0.4133,0.3437,0.0059,0.0062,-0.0308,0.1871,0.1562,0.0248,0.0251,0.0353,Derek.Forbort,D,0.0157,0.0188
8475745,0.0302,0.0731,-0.0429,0.0424,0.0426,0.0792,0.0996,-0.0204,0.0218,0.0229,0.1616,0.2138,-0.0521,0.0322,0.034,0.1831,-0.5756,0.7587,0.0088,0.0093,-0.5493,0.0978,-0.647,0.0059,0.0062,0.0955,0.0601,0.1556,0.0226,0.0228,0.0321,Charlie.Coyle,F,0.0308,0.0207
8474569,0.0297,0.0809,-0.0512,0.0533,0.0548,0.1408,0.029,0.1118,0.0219,0.0231,0.4583,0.0984,0.3599,0.0322,0.034,-0.0969,-1.1244,1.0274,0.0088,0.0093,-1.5733,0.9518,-2.5251,0.0059,0.0062,0.1939,-0.0391,0.1548,0.0278,0.0286,0.0399,Colin.Wilson,F,0.0334,-0.0112
8474125,-0.0152,0.0529,-0.0681,0.0535,0.0542,0.2797,0.3986,-0.1189,0.0219,0.0231,0.2948,-0.0238,0.3185,0.0322,0.034,0.3442,-0.1235,0.4677,0.0088,0.0093,0.2543,0.7148,-0.4605,0.0059,0.0062,0.1097,0.045,0.1547,0.0279,0.0283,0.0397,Carl.Gunnarsson,D,0.0168,0.0218
8482671,0.1582,-0.0958,0.2541,0.0577,0.0598,0.3556,0.3607,-0.0051,0.0219,0.0231,0.4499,-0.116,0.566,0.0323,0.034,-0.2162,-0.4434,0.2272,0.0088,0.0093,-0.408,0.8648,-1.2728,0.0059,0.0062,0.2348,-0.0805,0.1543,0.0299,0.031,0.0431,Owen.Power,D,0.0426,-0.0428
8478399,-0.0329,0.0779,-0.1108,0.0508,0.0529,0.0977,-0.0694,0.1672,0.0219,0.0231,-0.0786,0.4136,-0.4923,0.0322,0.034,0.2479,0.2302,0.0176,0.0088,0.0093,-0.1067,-0.4719,0.3652,0.0059,0.0062,0.0001,0.1522,0.1523,0.0266,0.0277,0.0384,Jonas.Siegenthaler,D,0.0114,0.0448
8478017,0.0362,0.0165,0.0197,0.0676,0.0706,-0.1775,0.5132,-0.6907,0.022,0.0232,0.1537,0.0034,0.1503,0.0323,0.034,0.1625,0.1567,0.0057,0.0088,0.0093,-1.3894,0.9048,-2.2942,0.0059,0.0062,0.0906,0.0592,0.1498,0.0347,0.0363,0.0502,Mark.Friedman,D,0.0397,0.0126
8482659,0.047,0.0236,0.0233,0.0675,0.0706,0.6722,-0.2735,0.9458,0.022,0.0232,-0.0795,0.2539,-0.3335,0.0323,0.034,-0.021,0.4765,-0.4975,0.0088,0.0093,0.6662,-0.3817,1.048,0.0059,0.0062,0.0789,0.0705,0.1494,0.0347,0.0363,0.0502,,F,0.1095,0.0538
8483490,0.0516,0.0126,0.039,0.0663,0.0692,0.4373,-0.4637,0.901,0.022,0.0232,-0.0009,0.2713,-0.2723,0.0323,0.034,-0.5106,0.3958,-0.9064,0.0088,0.0093,0.0925,-1.7909,1.8834,0.0059,0.0062,0.0569,0.0918,0.1487,0.0341,0.0356,0.0493,Pavel.Mintyukov,D,0.0438,-0.0089
8477942,0.1772,0.0458,0.1314,0.0459,0.0482,0.2929,0.115,0.1779,0.0218,0.023,0.5962,-0.224,0.8202,0.0322,0.034,-0.4174,-1.1929,0.7755,0.0088,0.0093,0.0861,0.149,-0.0629,0.0059,0.0062,0.2352,-0.0867,0.1485,0.0242,0.0255,0.0352,Kevin.Fiala,F,0.0943,-0.0126
8475231,0.0692,-0.1232,0.1923,0.0477,0.047,-0.0681,-0.2051,0.1371,0.0218,0.023,0.1304,0.3239,-0.1934,0.0322,0.034,0.6168,0.8396,-0.2228,0.0088,0.0093,-0.3955,-0.3037,-0.0919,0.0059,0.0062,0.1059,0.0414,0.1473,0.0251,0.0249,0.0354,Casey.Cizikas,F,0.0097,0.0585
8471685,0.1606,0.0359,0.1247,0.0412,0.0433,0.1,-0.1444,0.2444,0.0217,0.0229,0.1926,0.0449,0.1477,0.0322,0.034,-0.5079,0.0874,-0.5952,0.0088,0.0093,-0.412,-0.3052,-0.1068,0.0059,0.0062,0.1237,0.0236,0.1473,0.022,0.0232,0.032,Anze.Kopitar,F,0.0471,0.0225
8473412,-0.0057,0.0406,-0.0463,0.0521,0.0539,0.0194,-0.0041,0.0235,0.0219,0.0231,0.3467,-0.133,0.4797,0.0322,0.034,0.2603,0.2251,0.0352,0.0088,0.0093,-0.7095,-0.5609,-0.1485,0.0059,0.0062,0.1203,0.0264,0.1467,0.0272,0.0282,0.0392,Bryan.Little,F,0.0422,-0.0258
8482126,0.0025,0.0042,-0.0018,0.0688,0.0717,0.3869,-0.1097,0.4967,0.022,0.0232,0.1152,0.129,-0.0137,0.0323,0.034,0.0641,0.294,-0.2299,0.0088,0.0093,-0.1502,-0.4618,0.3116,0.0059,0.0062,0.0945,0.0501,0.1446,0.0353,0.0368,0.051,Emil.Andrae,D,0.0308,-0.0164
8474600,-0.0317,0.0184,-0.0501,0.0366,0.0376,-0.0684,0.5063,-0.5746,0.0216,0.0228,0.5451,-0.1501,0.6952,0.0322,0.0339,-0.6327,-0.315,-0.3177,0.0088,0.0093,-1.0788,-0.2628,-0.8161,0.0059,0.0062,0.099,0.0437,0.1427,0.0199,0.0205,0.0286,Roman.Josi,D,0.0936,-0.0068
8478458,0.0315,-0.0877,0.1191,0.0512,0.0519,0.0292,0.1454,-0.1162,0.0219,0.0231,0.5201,0.0271,0.493,0.0322,0.034,0.3203,-0.0583,0.3786,0.0088,0.0093,-0.5314,0.3237,-0.8551,0.0059,0.0062,0.175,-0.0325,0.1425,0.0268,0.0272,0.0382,Jack.Roslovic,F,0.0365,-0.0274
8480426,0.0538,-0.0214,0.0752,0.0674,0.0708,0.9976,-0.3015,1.2992,0.022,0.0232,0.0171,0.0622,-0.0452,0.0323,0.034,-0.9625,0.3709,-1.3334,0.0088,0.0093,0.1614,-1.1403,1.3017,0.0059,0.0062,0.1161,0.0256,0.1417,0.0346,0.0364,0.0502,,?,0.0374,-0.0152
8474688,-0.0163,0.0898,-0.1061,0.0554,0.0569,-0.3306,0.2506,-0.5812,0.0219,0.0231,0.283,0.1797,0.1034,0.0323,0.034,0.1569,0.1156,0.0413,0.0088,0.0093,-1.0998,1.1729,-2.2726,0.0059,0.0062,0.0579,0.082,0.14,0.0288,0.0296,0.0413,Greg.Pateryn,D,0.0298,0.0214
8475810,0.0605,0.0102,0.0504,0.044,0.0461,0.061,0.0667,-0.0057,0.0218,0.023,0.7743,-0.4209,1.1952,0.0322,0.034,0.0102,0.0028,0.0074,0.0088,0.0093,-0.0296,-0.1354,0.1059,0.0059,0.0062,0.2115,-0.0719,0.1396,0.0233,0.0245,0.0338,Bryan.Rust,F,0.0781,-0.0005
8474150,-0.1128,0.103,-0.2158,0.0408,0.0436,-0.1126,0.1887,-0.3013,0.0217,0.0229,0.2612,0.3319,-0.0707,0.0322,0.034,0.3246,-0.8355,1.1602,0.0088,0.0093,0.1687,-0.9887,1.1573,0.0059,0.0062,-0.0031,0.1422,0.1391,0.0218,0.0233,0.0319,Mikael.Backlund,F,0.0592,0.0379
8479343,0.029,-0.0444,0.0735,0.0472,0.0483,0.3881,-0.0807,0.4687,0.0218,0.023,0.4176,-0.3453,0.7629,0.0322,0.034,0.5098,-0.1671,0.6769,0.0088,0.0093,-0.1918,-1.4147,1.2229,0.0059,0.0062,0.2028,-0.0637,0.1391,0.0249,0.0255,0.0356,Clayton.Keller,F,0.0804,-0.0316
8479619,0.0686,-0.008,0.0765,0.066,0.0693,0.1236,-0.0642,0.1878,0.022,0.0232,0.0048,0.1729,-0.168,0.0323,0.034,-0.4865,0.2486,-0.7351,0.0088,0.0093,-1.2815,-0.5835,-0.6981,0.0059,0.0062,0.076,0.0627,0.1386,0.0339,0.0356,0.0492,Michael.Carcone,F,0.05,-0.0096
8477244,0.0297,0.0407,-0.011,0.0548,0.0572,-0.5837,0.4193,-1.003,0.0219,0.0231,0.8629,-0.4069,1.2698,0.0323,0.034,0.6288,-0.6418,1.2706,0.0088,0.0093,-1.3056,0.5974,-1.903,0.0059,0.0062,0.2071,-0.0687,0.1384,0.0285,0.0298,0.0412,Chad.Ruhwedel,D,0.026,-0.0371
8474189,0.0083,0.0755,-0.0672,0.0435,0.045,-0.4261,0.1655,-0.5915,0.0218,0.023,-0.0911,0.7911,-0.8823,0.0322,0.034,0.4449,-1.0524,1.4973,0.0088,0.0093,-1.2245,0.7883,-2.0127,0.0059,0.0062,-0.0041,0.1419,0.1378,0.0231,0.024,0.0333,Lars.Eller,F,0.0263,0.0192
8484145,0.0633,0.0073,0.0559,0.0683,0.0712,0.5633,-0.1,0.6633,0.022,0.0232,-0.0697,0.066,-0.1357,0.0323,0.034,0.0926,0.4532,-0.3605,0.0088,0.0093,0.108,-0.1333,0.2412,0.0059,0.0062,0.102,0.0357,0.1377,0.035,0.0365,0.0506,Zach.Benson,F,0.0473,0.004
8479410,0.1417,-0.0848,0.2265,0.0431,0.0447,-0.055,0.5125,-0.5675,0.0218,0.0229,0.2572,-0.0349,0.292,0.0322,0.034,0.2024,-0.5211,0.7235,0.0088,0.0093,-0.5531,0.3056,-0.8586,0.0059,0.0062,0.1535,-0.0167,0.1368,0.0229,0.0238,0.0331,Mikhail.Sergachev,D,0.0664,-0.0074
8478047,0.0578,-0.0565,0.1143,0.0544,0.0577,0.31,-0.2624,0.5724,0.0219,0.0231,-0.0227,-0.0448,0.0221,0.0323,0.034,0.8745,0.0491,0.8254,0.0088,0.0093,-0.9667,-1.2319,0.2652,0.0059,0.0062,0.1615,-0.0252,0.1363,0.0283,0.03,0.0413,Michael.Bunting,F,0.0783,-0.0449
8475188,0.0772,0.0812,-0.004,0.0396,0.0419,-0.2484,0.3232,-0.5716,0.0217,0.0229,-0.3289,0.4986,-0.8275,0.0322,0.034,0.968,-0.6386,1.6067,0.0088,0.0093,-1.0303,1.3098,-2.3401,0.0059,0.0062,0.0283,0.1081,0.1363,0.0213,0.0225,0.031,Brayden.McNabb,D,0.0221,0.0434
8474613,-0.0424,0.1096,-0.152,0.0456,0.047,-0.7961,0.4569,-1.253,0.0218,0.023,0.1446,0.2215,-0.0769,0.0322,0.034,0.3157,-0.0745,0.3901,0.0088,0.0093,-0.9683,-0.4566,-0.5117,0.0059,0.0062,-0.0511,0.1859,0.1347,0.0241,0.0249,0.0347,Derek.Stepan,F,0.0505,0.0067
8478146,-0.0004,0.0168,-0.0172,0.0658,0.0673,-0.0149,0.5228,-0.5377,0.022,0.0232,0.1028,-0.0208,0.1236,0.0323,0.034,0.0953,0.1591,-0.0638,0.0088,0.0093,-0.2645,-0.1473,-0.1172,0.0059,0.0062,0.0365,0.0977,0.1342,0.0338,0.0347,0.0484,Matthew.Highmore,F,0.0106,0.0173
8483457,0.0434,-0.0059,0.0494,0.0657,0.0678,0.7484,-0.6323,1.3807,0.022,0.0232,-0.1414,0.7323,-0.8737,0.0323,0.034,-0.4328,0.4043,-0.8371,0.0088,0.0093,0.9585,-0.2005,1.159,0.0059,0.0062,0.0385,0.0956,0.1341,0.0338,0.0349,0.0486,,D,0.0708,0.0017
8476917,-0.0698,0.1113,-0.181,0.0437,0.044,0.0363,0.2177,-0.1814,0.0218,0.0229,-0.1635,0.2982,-0.4617,0.0322,0.034,0.464,-0.5764,1.0404,0.0088,0.0093,-0.8576,-0.4452,-0.4124,0.0059,0.0062,-0.0033,0.1371,0.1339,0.0232,0.0235,0.033,Adam.Pelech,D,0.0332,0.0443
8468498,0.0127,0.058,-0.0452,0.0501,0.0507,-0.1001,0.5524,-0.6525,0.0219,0.023,0.0783,0.2235,-0.1452,0.0322,0.034,-0.2474,-0.2843,0.0369,0.0088,0.0093,-0.3205,0.4325,-0.753,0.0059,0.0062,0.0065,0.1267,0.1332,0.0262,0.0267,0.0374,Brooks.Orpik,D,0.0083,0.0182
8476981,0.1093,-0.075,0.1843,0.0475,0.0478,0.1323,-0.0074,0.1397,0.0218,0.023,-0.2172,0.4732,-0.6904,0.0322,0.034,0.2381,-0.245,0.483,0.0088,0.0093,-0.8209,-0.2036,-0.6173,0.0059,0.0062,0.0738,0.0589,0.1328,0.025,0.0253,0.0356,Josh.Anderson,F,0.0464,-0.0152
8475764,0.117,0.0193,0.0977,0.0402,0.04,0.2103,0.4436,-0.2333,0.0217,0.0228,0.4184,-0.7271,1.1455,0.0322,0.0339,-0.4167,0.6146,-1.0313,0.0088,0.0093,0.0526,-0.6089,0.6615,0.0059,0.0062,0.155,-0.0225,0.1324,0.0216,0.0216,0.0305,Cam.Fowler,D,0.0434,-0.0469
8470616,0.0431,0.0517,-0.0086,0.0516,0.0526,-0.3675,0.3329,-0.7004,0.0219,0.0231,0.1148,0.1757,-0.061,0.0322,0.034,-0.1382,0.5504,-0.6887,0.0088,0.0093,0.2753,-0.3127,0.5879,0.0059,0.0062,-0.0276,0.16,0.1323,0.027,0.0276,0.0386,Ryan.Kesler,F,0.0494,0.0399
8474027,-0.1322,0.0998,-0.232,0.0416,0.0415,-0.6701,0.6381,-1.3081,0.0217,0.0229,-0.0011,0.373,-0.3742,0.0322,0.034,0.534,0.3208,0.2132,0.0088,0.0093,-0.1674,-0.3365,0.1691,0.0059,0.0062,-0.1281,0.2604,0.1323,0.0222,0.0223,0.0315,Justin.Braun,D,0.032,0.0106
8476462,0.0682,-0.0068,0.0749,0.0377,0.0405,-0.1571,0.1128,-0.2699,0.0217,0.0229,1.3585,-0.7322,2.0907,0.0322,0.034,-0.5827,0.1409,-0.7236,0.0088,0.0093,-0.6289,0.7158,-1.3446,0.0059,0.0062,0.2996,-0.1677,0.1319,0.0204,0.0219,0.0299,Dougie.Hamilton,D,0.1041,-0.022
8470619,0.002,0.0429,-0.0408,0.0542,0.0555,-0.1451,0.1006,-0.2457,0.0219,0.0231,0.6251,-0.3787,1.0039,0.0323,0.034,0.8036,0.082,0.7216,0.0088,0.0093,-0.9026,0.6909,-1.5934,0.0059,0.0062,0.2011,-0.0695,0.1316,0.0282,0.029,0.0404,Brian.Boyle,F,0.0305,0.0294
8482803,0.0348,-0.0375,0.0723,0.0662,0.0694,1.0264,-0.4347,1.4611,0.022,0.0232,-0.3141,0.2539,-0.5681,0.0323,0.034,-0.3239,0.0583,-0.3822,0.0088,0.0093,-0.0159,-1.8076,1.7917,0.0059,0.0062,0.0835,0.0477,0.1312,0.034,0.0357,0.0493,,D,0.058,-0.0212
8479705,0.0357,0.0175,0.0182,0.0689,0.072,0.254,-0.0814,0.3354,0.022,0.0232,0.0546,0.0618,-0.0072,0.0323,0.034,0.0391,0.1495,-0.1104,0.0088,0.0093,-0.4784,-0.5546,0.0762,0.0059,0.0062,0.0894,0.0413,0.1307,0.0353,0.0369,0.0511,Jeffrey.Viel,F,0.02,0.0306
8483431,0.0282,-0.0123,0.0404,0.0687,0.0718,0.7965,-0.1069,0.9034,0.022,0.0232,-0.0699,0.2176,-0.2875,0.0323,0.034,-0.4062,0.2242,-0.6304,0.0088,0.0093,0.6625,-0.5817,1.2442,0.0059,0.0062,0.0673,0.0624,0.1297,0.0352,0.0368,0.051,Logan.Cooley,F,0.0549,-0.0177
8481596,0.0168,0.038,-0.0212,0.0623,0.0647,0.0249,0.0915,-0.0665,0.022,0.0232,-0.2698,0.2649,-0.5346,0.0323,0.034,0.317,-0.0492,0.3661,0.0088,0.0093,-0.6164,-1.1193,0.5029,0.0059,0.0062,-0.0035,0.1328,0.1293,0.0321,0.0334,0.0463,Shane.Pinto,F,0.0599,0.0418
8476310,0.0405,0.0291,0.0114,0.0648,0.0674,-0.0187,0.1543,-0.1729,0.022,0.0232,0.2154,0.0762,0.1392,0.0323,0.034,-0.075,-0.2758,0.2009,0.0088,0.0093,-0.9698,0.1962,-1.1659,0.0059,0.0062,0.0991,0.0301,0.1292,0.0333,0.0347,0.0481,Lukas.Sedlak,F,0.0228,0.0489
8476881,0.0965,0.0298,0.0667,0.0414,0.0434,0.2371,-0.4292,0.6663,0.0217,0.0229,-0.1669,1.0454,-1.2123,0.0322,0.034,-0.7126,-0.7992,0.0867,0.0088,0.0093,0.0934,0.1009,-0.0075,0.0059,0.0062,0.0006,0.1285,0.1291,0.0221,0.0232,0.0321,Tomas.Hertl,F,0.0787,0.0271
8477330,0.0255,0.0839,-0.0585,0.0574,0.0579,-0.2919,0.5694,-0.8613,0.0219,0.0231,0.3614,-0.3229,0.6843,0.0323,0.034,0.725,-0.2141,0.9391,0.0088,0.0093,-0.2884,0.451,-0.7394,0.0059,0.0062,0.1035,0.0254,0.1289,0.0298,0.0301,0.0423,Dominik.Kubalik,F,0.0668,-0.048
8477810,-0.007,0.0474,-0.0544,0.0589,0.061,0.2074,-0.0435,0.2509,0.0219,0.0231,-0.1295,0.6748,-0.8043,0.0323,0.034,-0.6176,0.5935,-1.2112,0.0088,0.0093,1.5276,-0.6562,2.1838,0.0059,0.0062,-0.099,0.2275,0.1284,0.0305,0.0316,0.0439,Joel.Hanley,D,0.0175,0.0303
8477986,0.0386,-0.0723,0.1109,0.043,0.0442,-0.0336,0.464,-0.4976,0.0218,0.0229,0.4977,0.0849,0.4128,0.0322,0.034,-0.0982,-0.182,0.0837,0.0088,0.0093,0.6274,0.1704,0.457,0.0059,0.0062,0.0928,0.0344,0.1272,0.0229,0.0236,0.0329,Brandon.Montour,D,0.0737,-0.0514
8466285,0.0391,-0.0165,0.0556,0.0555,0.0578,-0.016,0.4951,-0.5111,0.0219,0.0231,0.48,-0.3791,0.8591,0.0323,0.034,0.3436,-0.337,0.6806,0.0088,0.0093,-1.5269,0.9929,-2.5197,0.0059,0.0062,0.2044,-0.0773,0.1271,0.0288,0.0301,0.0417,Brian.Campbell,D,0.0381,-0.0563
8480893,0.1013,-0.0433,0.1446,0.063,0.0648,-0.0043,-0.0616,0.0573,0.022,0.0232,-0.0314,0.3415,-0.3729,0.0323,0.034,-0.5298,0.8009,-1.3307,0.0088,0.0093,0.1294,-0.692,0.8213,0.0059,0.0062,0.0061,0.12,0.1261,0.0325,0.0334,0.0466,Kirill.Marchenko,F,0.071,-0.0028
8477446,0.075,0.0622,0.0128,0.0616,0.0638,0.2296,0.0458,0.1837,0.022,0.0232,-0.041,-0.1346,0.0936,0.0323,0.034,-0.3486,0.1019,-0.4505,0.0088,0.0093,-0.1818,-1.5442,1.3624,0.0059,0.0062,0.0493,0.0762,0.1255,0.0318,0.033,0.0458,Michael.McCarron,F,0.0152,0.059
8471273,0.0613,0.0019,0.0594,0.0552,0.0561,-0.2101,0.0683,-0.2784,0.0219,0.0231,0.4617,-0.106,0.5676,0.0323,0.034,-0.2152,0.0302,-0.2454,0.0088,0.0093,-2.1357,0.9385,-3.0742,0.0059,0.0062,0.1732,-0.0479,0.1254,0.0287,0.0292,0.041,Brandon.Dubinsky,F,0.0349,0.0026
8470760,-0.0296,0.0491,-0.0787,0.0546,0.0559,-0.0067,0.6071,-0.6139,0.0219,0.0231,0.0558,-0.0233,0.0791,0.0323,0.034,0.4964,0.2487,0.2477,0.0088,0.0093,0.0621,0.6001,-0.538,0.0059,0.0062,0.0238,0.1014,0.1252,0.0284,0.0291,0.0407,Marc.Methot,D,0.0103,-0.0429
8476826,0.0463,0.0282,0.0182,0.0459,0.048,0.0698,0.2018,-0.1319,0.0218,0.023,-0.1416,0.028,-0.1697,0.0322,0.034,-0.104,-0.1752,0.0712,0.0088,0.0093,-1.3539,-0.8529,-0.501,0.0059,0.0062,0.0504,0.0741,0.1245,0.0242,0.0254,0.0351,Yanni.Gourde,F,0.037,0.0095
8479335,0.0186,-0.014,0.0326,0.0639,0.066,-0.5914,0.5045,-1.0959,0.022,0.0232,0.5839,-0.2876,0.8715,0.0323,0.034,-0.3505,-0.162,-0.1885,0.0088,0.0093,-1.9887,-0.5241,-1.4646,0.0059,0.0062,0.1076,0.0166,0.1242,0.0329,0.034,0.0473,Rasmus.Asplund,F,0.0165,-0.0389
8481527,0.0677,0.0278,0.0399,0.0653,0.0685,0.0172,-0.3435,0.3607,0.022,0.0232,0.0129,0.4838,-0.4709,0.0323,0.034,-0.7274,0.4395,-1.1669,0.0088,0.0093,0.4346,-1.2538,1.6884,0.0059,0.0062,-0.0218,0.1453,0.1236,0.0336,0.0352,0.0487,Kaedan.Korczak,D,0.0372,0.02
8476887,0.1252,0.1145,0.0107,0.0412,0.0438,0.3541,0.0597,0.2944,0.0217,0.0229,-0.2344,-0.0703,-0.1641,0.0322,0.034,0.3841,-0.356,0.7401,0.0088,0.0093,-0.4607,0.295,-0.7557,0.0059,0.0062,0.1056,0.0176,0.1232,0.022,0.0234,0.0321,Filip.Forsberg,F,0.1055,0.009
8478439,0.0059,-0.0629,0.0688,0.0463,0.0472,-0.1186,0.3688,-0.4874,0.0218,0.023,0.2427,0.2916,-0.0489,0.0322,0.034,-0.1673,-0.3564,0.189,0.0088,0.0093,-1.2277,0.5536,-1.7813,0.0059,0.0062,0.0776,0.0445,0.1221,0.0244,0.025,0.035,Travis.Konecny,F,0.0726,-0.0143
8469619,0.0103,0.0152,-0.0049,0.056,0.056,0.1881,0.2539,-0.0658,0.0219,0.0231,0.4048,-0.1271,0.5319,0.0323,0.034,-0.3009,0.3409,-0.6418,0.0088,0.0093,-0.562,1.0828,-1.6447,0.0059,0.0062,0.1268,-0.0051,0.1217,0.0291,0.0292,0.0412,Dennis.Seidenberg,D,0.0354,0.0191
8477956,0.1006,-0.0689,0.1695,0.0406,0.0427,0.4481,0.2593,0.1888,0.0217,0.0229,0.0118,0.7948,-0.783,0.0322,0.034,-0.0088,-2.4182,2.4094,0.0088,0.0093,0.8469,-0.0444,0.8913,0.0059,0.0062,0.0857,0.036,0.1217,0.0218,0.0229,0.0316,David.Pastrnak,F,0.1331,-0.0099
8470755,0.0156,0.07,-0.0544,0.0542,0.0541,-0.3091,0.6103,-0.9194,0.0219,0.0231,-0.0625,0.0628,-0.1253,0.0323,0.034,-0.0873,0.4306,-0.5179,0.0088,0.0093,-0.3415,0.0418,-0.3834,0.0059,0.0062,-0.0439,0.1645,0.1206,0.0282,0.0283,0.04,Brad.Richardson,F,0.0195,-0.0126
8477499,0.0729,0.001,0.0719,0.0429,0.0411,-0.1884,0.0877,-0.2761,0.0218,0.0229,1.1328,-0.798,1.9308,0.0322,0.034,0.6611,0.3005,0.3606,0.0088,0.0093,-0.2852,1.1015,-1.3867,0.0059,0.0062,0.3085,-0.1879,0.1205,0.0228,0.0221,0.0318,Rasmus.Ristolainen,D,0.0479,-0.0249
8466148,0.0639,0.007,0.0568,0.0568,0.0597,-0.0076,0.3298,-0.3374,0.0219,0.0231,0.1996,-0.139,0.3386,0.0323,0.034,0.4271,-0.2949,0.722,0.0088,0.0093,-0.7361,0.351,-1.0871,0.0059,0.0062,0.1298,-0.0093,0.1204,0.0295,0.031,0.0427,Marian.Hossa,F,0.0991,0.0066
8483524,0.0395,0.0504,-0.0109,0.0679,0.0702,0.6502,-0.1964,0.8466,0.022,0.0232,0.0053,0.0178,-0.0125,0.0323,0.034,-0.2307,0.6982,-0.9289,0.0088,0.0093,1.3931,-0.7431,2.1362,0.0059,0.0062,0.0489,0.0713,0.1202,0.0348,0.0361,0.0501,Shane.Wright,F,0.0423,0.053
8480192,-0.014,-0.0021,-0.0119,0.0636,0.0658,-0.0325,0.3581,-0.3907,0.022,0.0232,-0.0743,0.0277,-0.102,0.0323,0.034,0.4743,-0.1157,0.5899,0.0088,0.0093,-0.4859,-1.2098,0.7239,0.0059,0.0062,0.0197,0.1002,0.1199,0.0328,0.0339,0.0472,Johnathan.Kovacevic,D,0.0248,0.0108
8479337,0.056,0.0991,-0.0431,0.0468,0.0477,0.1037,0.1319,-0.0282,0.0218,0.023,0.2985,-0.3333,0.6318,0.0322,0.034,0.4338,-0.2031,0.6369,0.0088,0.0093,-0.6013,0.5869,-1.1881,0.0059,0.0062,0.1593,-0.0397,0.1197,0.0247,0.0252,0.0353,Alex.DeBrincat,F,0.0956,-0.0257
8473673,0.0114,0.0465,-0.035,0.0573,0.0596,-0.2747,0.301,-0.5757,0.0219,0.0231,-0.1039,0.301,-0.4049,0.0323,0.034,0.4203,-0.2391,0.6594,0.0088,0.0093,-0.5217,-0.2785,-0.2432,0.0059,0.0062,-0.0123,0.1314,0.1191,0.0297,0.0309,0.0429,David.Schlemko,D,0.0373,0.0453
8482222,0.0287,-0.0256,0.0543,0.0618,0.0633,0.07,0.5405,-0.4705,0.022,0.0232,0.049,-0.1081,0.1572,0.0323,0.034,1.1363,-0.7209,1.8572,0.0088,0.0093,-0.7751,0.435,-1.2101,0.0059,0.0062,0.1348,-0.0162,0.1187,0.0319,0.0327,0.0457,Alexander.Barabanov,F,0.0261,-0.0095
8480946,-0.0019,-0.0137,0.0118,0.0614,0.0632,0.2774,0.1277,0.1497,0.022,0.0231,0.3332,-0.2364,0.5696,0.0323,0.034,0.1932,-0.02,0.2133,0.0088,0.0093,-0.236,-0.5978,0.3619,0.0059,0.0062,0.135,-0.017,0.118,0.0317,0.0327,0.0455,Dominik.Kahun,F,0.0312,-0.0341
8481593,0.0225,-0.02,0.0425,0.0693,0.0725,0.3797,-0.1206,0.5003,0.022,0.0232,0.0574,0.1957,-0.1383,0.0323,0.034,0.0927,-0.0885,0.1812,0.0088,0.0093,-0.3408,-0.1813,-0.1594,0.0059,0.0062,0.1,0.0169,0.1169,0.0355,0.0372,0.0514,,D,0.0186,-0.0323
8473563,-0.1067,0.1668,-0.2735,0.0431,0.0445,-0.7074,0.5599,-1.2673,0.0218,0.0229,0.0615,0.5777,-0.5162,0.0322,0.034,0.7057,-0.6896,1.3953,0.0088,0.0093,-0.1171,0.9502,-1.0673,0.0059,0.0062,-0.0989,0.2151,0.1162,0.0229,0.0237,0.033,Nicklas.Backstrom,F,0.0518,0.0116
8478438,0.0114,-0.0257,0.0371,0.0652,0.0681,-0.0089,0.4844,-0.4933,0.022,0.0232,-0.1266,0.2088,-0.3355,0.0323,0.034,0.0856,-0.5336,0.6192,0.0088,0.0093,-0.2285,-1.2869,1.0583,0.0059,0.0062,-0.0092,0.1252,0.116,0.0335,0.035,0.0485,Thomas.Novak,F,0.0475,-0.0093
8481716,0.0493,0.0016,0.0477,0.068,0.0711,0.2067,0.0662,0.1405,0.022,0.0232,-0.0719,0.1204,-0.1923,0.0323,0.034,-0.3886,0.4261,-0.8148,0.0088,0.0093,-0.6547,-0.2477,-0.407,0.0059,0.0062,0.0427,0.0727,0.1154,0.0349,0.0365,0.0505,Dmitri.Voronkov,F,0.0784,-0.0149
8474162,-0.0412,0.0089,-0.0501,0.0424,0.0449,-0.3074,0.3715,-0.6789,0.0218,0.023,0.338,0.279,0.059,0.0322,0.034,-0.9962,-0.2614,-0.7348,0.0088,0.0093,-0.5234,-1.0166,0.4932,0.0059,0.0062,-0.0312,0.1465,0.1153,0.0226,0.0239,0.0329,Jake.Muzzin,D,0.0565,0.0016
8475222,-0.0313,0.0704,-0.1016,0.048,0.0487,0.0088,0.3112,-0.3024,0.0218,0.023,0.2611,0.034,0.2271,0.0322,0.034,0.4307,-0.4583,0.889,0.0088,0.0093,-0.2149,0.6317,-0.8466,0.0059,0.0062,0.0776,0.0366,0.1141,0.0252,0.0257,0.036,Sami.Vatanen,D,0.0499,0.0017
8482874,0.0192,0.0467,-0.0275,0.0713,0.075,0.1287,0.0748,0.0539,0.022,0.0232,0.0616,0.1,-0.0384,0.0323,0.0341,-0.0429,0.0485,-0.0914,0.0088,0.0093,-0.14,-0.2109,0.0709,0.0059,0.0062,0.0455,0.0679,0.1134,0.0365,0.0384,0.053,,?,0.0153,0.0919
8478866,-0.0127,0.0474,-0.0601,0.058,0.0612,-0.6235,0.1786,-0.8021,0.0219,0.0231,0.4927,-0.0577,0.5504,0.0323,0.034,-0.1609,-0.4312,0.2703,0.0088,0.0093,-1.7092,-0.834,-0.8751,0.0059,0.0062,0.0672,0.0453,0.1125,0.03,0.0317,0.0437,Dominik.Simon,F,0.0096,0.0224
8474870,0.123,-0.0679,0.1909,0.0467,0.0476,-0.3942,0.6352,-1.0293,0.0218,0.023,1.0193,-0.8675,1.8868,0.0322,0.034,0.31,-0.056,0.3659,0.0088,0.0093,-0.6755,0.6788,-1.3543,0.0059,0.0062,0.2722,-0.16,0.1122,0.0246,0.0252,0.0352,Tyler.Johnson,F,0.0369,-0.0454
8480807,0.0581,-0.0626,0.1208,0.0581,0.0594,0.6478,0.2775,0.3702,0.0219,0.0231,0.3856,-0.4642,0.8498,0.0323,0.034,-0.3686,0.3752,-0.7438,0.0088,0.0093,-0.1377,0.3414,-0.4791,0.0059,0.0062,0.1944,-0.0829,0.1115,0.0301,0.0308,0.0431,Mattias.Samuelsson,D,0.0219,0.0044
8478550,-0.034,0.0052,-0.0393,0.0406,0.0423,0.5316,-0.149,0.6807,0.0217,0.0229,-0.4251,1.093,-1.5181,0.0322,0.034,-0.1701,-1.4878,1.3177,0.0088,0.0093,-0.0922,-0.4124,0.3202,0.0059,0.0062,-0.0373,0.1479,0.1106,0.0218,0.0227,0.0314,Artemi.Panarin,F,0.0881,-0.0489
8483570,0.034,-0.0157,0.0497,0.0682,0.0709,0.3429,-0.3058,0.6487,0.022,0.0232,0.0383,0.1412,-0.103,0.0323,0.034,0.0776,-0.1363,0.2139,0.0088,0.0093,-0.8156,-0.6718,-0.1438,0.0059,0.0062,0.1141,-0.004,0.1102,0.035,0.0364,0.0505,Ben.Meyers,F,0.0041,-0.0095
8476278,0.0431,-0.0054,0.0485,0.0609,0.0623,0.2299,0.1271,0.1028,0.022,0.0231,-0.0399,0.0183,-0.0582,0.0323,0.034,-0.1756,0.4816,-0.6572,0.0088,0.0093,-0.2625,-0.3381,0.0756,0.0059,0.0062,0.0472,0.0628,0.11,0.0314,0.0322,0.045,Colin.Blackwell,F,0.0148,0.0129
8477951,0.0554,0.0093,0.0461,0.048,0.0493,0.451,-0.2189,0.6699,0.0218,0.023,-0.5688,0.4942,-1.0629,0.0322,0.034,0.3026,-0.1084,0.411,0.0088,0.0093,-0.4864,-0.7042,0.2179,0.0059,0.0062,0.0078,0.1022,0.11,0.0252,0.026,0.0362,Nick.Schmaltz,F,0.0454,0.0041
8476886,0.0248,0.0009,0.024,0.0608,0.0622,0.1867,0.266,-0.0793,0.022,0.0231,0.2652,-0.0825,0.3477,0.0323,0.034,-0.2083,-0.2179,0.0096,0.0088,0.0093,-0.4902,0.1355,-0.6256,0.0059,0.0062,0.1059,0.0037,0.1096,0.0314,0.0322,0.045,Slater.Koekkoek,D,0.0365,0.0007
8481560,0.0639,-0.0593,0.1232,0.0644,0.0685,-0.1333,0.0797,-0.2129,0.022,0.0232,0.5782,-0.0349,0.6131,0.0323,0.034,-0.162,-0.3942,0.2322,0.0088,0.0093,-1.8169,1.0895,-2.9064,0.0059,0.0062,0.2021,-0.0926,0.1095,0.0331,0.0352,0.0484,Arthur.Kaliyev,F,0.0785,-0.0586
8475455,-0.0838,0.0844,-0.1681,0.0386,0.04,-0.0855,0.2645,-0.35,0.0217,0.0228,-0.2024,0.6278,-0.8303,0.0322,0.0339,-0.0953,-0.4998,0.4045,0.0088,0.0093,-0.478,-0.125,-0.353,0.0059,0.0062,-0.0859,0.195,0.1092,0.0208,0.0216,0.03,Brenden.Dillon,D,0.021,-0.0173
8467514,0.0403,0.0313,0.009,0.0623,0.067,0.1737,-0.0699,0.2437,0.022,0.0232,0.0913,-0.0042,0.0955,0.0323,0.034,0.0111,-0.0911,0.1021,0.0088,0.0093,-0.8143,-0.2409,-0.5734,0.0059,0.0062,0.0995,0.0084,0.1079,0.0321,0.0345,0.0471,Pavel.Datsyuk,F,0.0759,0.0639
8482159,0.0178,0.0169,0.0008,0.0703,0.0735,0.1628,0.0022,0.1606,0.022,0.0232,0.029,0.0515,-0.0224,0.0323,0.034,0.1399,-0.0832,0.2232,0.0088,0.0093,-0.4232,-0.6872,0.264,0.0059,0.0062,0.065,0.0426,0.1076,0.036,0.0377,0.0521,Tyson.Foerster,F,0.0378,0.0384
8479987,0.0736,-0.0749,0.1485,0.0581,0.0608,0.6674,-0.0149,0.6823,0.0219,0.0231,-0.2656,-0.0917,-0.1739,0.0323,0.034,-0.1032,0.963,-1.0662,0.0088,0.0093,-1.0034,0.0758,-1.0792,0.0059,0.0062,0.1124,-0.0051,0.1073,0.0301,0.0315,0.0436,Morgan.Geekie,F,0.0372,-0.0222
8483512,0.042,0.0046,0.0374,0.0679,0.071,0.8183,-0.6471,1.4654,0.022,0.0232,0.2148,0.1473,0.0674,0.0323,0.034,-0.8209,0.2889,-1.1098,0.0088,0.0093,0.0871,-0.3472,0.4343,0.0059,0.0062,0.1383,-0.0311,0.1071,0.0348,0.0365,0.0504,,F,0.0364,0.0089
8481617,0.0215,-0.0596,0.0811,0.0616,0.0635,0.1783,-0.2604,0.4387,0.022,0.0232,0.3252,0.0094,0.3157,0.0323,0.034,-0.0263,0.73,-0.7563,0.0088,0.0093,-0.2418,-0.3218,0.08,0.0059,0.0062,0.1171,-0.0101,0.107,0.0318,0.0328,0.0457,Vasily.Podkolzin,F,0.0145,0.0046
8483630,0.0455,0.0141,0.0313,0.071,0.0743,0.2789,-0.0091,0.288,0.022,0.0232,0.0599,0.0195,0.0404,0.0323,0.034,-0.1456,0.1117,-0.2573,0.0088,0.0093,-0.1517,-0.3599,0.2083,0.0059,0.0062,0.0751,0.0311,0.1062,0.0364,0.0381,0.0526,Pavol.Regenda,F,0.0682,0.039
8479984,0.0191,-0.0709,0.09,0.0638,0.0658,-0.0817,0.6082,-0.69,0.022,0.0232,0.3143,-0.2552,0.5695,0.0323,0.034,0.833,0.1523,0.6807,0.0088,0.0093,-1.3161,1.8301,-3.1462,0.0059,0.0062,0.1691,-0.0644,0.1046,0.0329,0.0339,0.0472,Callan.Foote,D,0.0282,-0.0284
8470622,0.028,0.0097,0.0183,0.06,0.0628,-0.0208,0.2116,-0.2325,0.0219,0.0231,0.0318,0.1721,-0.1403,0.0323,0.034,-0.2186,0.0373,-0.2559,0.0088,0.0093,-0.5403,-0.0382,-0.5021,0.0059,0.0062,0.0264,0.0782,0.1046,0.031,0.0325,0.0449,Patrick.Eaves,F,0.0511,-0.0001
8482705,0.0855,-0.013,0.0985,0.0601,0.0617,0.1424,0.118,0.0245,0.0219,0.0231,-0.1473,0.1796,-0.327,0.0323,0.034,0.1751,-0.1602,0.3353,0.0088,0.0093,-1.1809,0.6509,-1.8318,0.0059,0.0062,0.0894,0.0151,0.1045,0.0311,0.0319,0.0445,Cole.Sillinger,F,0.038,-0.0038
8471476,-0.0269,0.0277,-0.0546,0.0571,0.0583,-0.2008,0.491,-0.6918,0.0219,0.0231,0.0809,0.0871,-0.0062,0.0323,0.034,0.2268,-0.1693,0.3961,0.0088,0.0093,-0.5365,0.0593,-0.5958,0.0059,0.0062,0.0093,0.0941,0.1034,0.0296,0.0303,0.0424,Daniel.Winnik,F,0.0056,0.0206
8478424,-0.0075,0.0602,-0.0676,0.0637,0.0655,-0.3322,0.2808,-0.613,0.022,0.0232,-0.0066,0.0437,-0.0504,0.0323,0.034,-0.3813,0.3327,-0.714,0.0088,0.0093,-0.9266,-1.0541,0.1275,0.0059,0.0062,-0.0408,0.144,0.1031,0.0328,0.0338,0.0471,Jansen.Harkins,F,-0.0087,0.028
8482702,0.0603,0.0082,0.052,0.0662,0.0713,0.1096,-0.3547,0.4643,0.022,0.0232,-0.0733,0.0302,-0.1035,0.0323,0.034,-0.3392,0.3092,-0.6484,0.0088,0.0093,-1.0785,-1.8402,0.7617,0.0059,0.0062,0.0533,0.0497,0.103,0.034,0.0366,0.05,,F,0.083,0.0186
8481605,0.0569,0.0142,0.0427,0.0639,0.0669,0.7397,-0.897,1.6367,0.022,0.0232,-0.2046,0.4088,-0.6134,0.0323,0.034,-1.211,1.0266,-2.2376,0.0088,0.0093,0.0173,-1.4445,1.4618,0.0059,0.0062,0.021,0.0819,0.1029,0.0329,0.0345,0.0476,Jackson.LaCombe,D,0.052,0.0311
8476410,0.0322,0.0476,-0.0153,0.0594,0.0625,-0.1581,0.2671,-0.4252,0.0219,0.0231,0.0177,-0.1472,0.1649,0.0323,0.034,1.1776,-1.2929,2.4705,0.0088,0.0093,-1.6572,-0.3799,-1.2772,0.0059,0.0062,0.1332,-0.0309,0.1023,0.0307,0.0323,0.0446,Josh.Leivo,F,0.062,0.0073
8477476,0.1115,0.0471,0.0644,0.0454,0.0478,-0.2497,0.0324,-0.2821,0.0218,0.023,0.2643,-0.235,0.4992,0.0322,0.034,-0.1645,0.0452,-0.2097,0.0088,0.0093,-0.9498,-0.4459,-0.5039,0.0059,0.0062,0.1046,-0.0027,0.1018,0.024,0.0253,0.0349,Artturi.Lehkonen,F,0.059,-0.0138
8480003,-0.0071,0.034,-0.0411,0.0601,0.0625,-0.2034,0.5364,-0.7398,0.0219,0.0231,-0.5542,0.8281,-1.3823,0.0323,0.034,-0.6834,-0.178,-0.5053,0.0088,0.0093,-0.2554,-0.4825,0.2271,0.0059,0.0062,-0.1868,0.2883,0.1015,0.0311,0.0323,0.0448,Jesper.Boqvist,F,0.0071,-0.0067
8473991,-0.0274,0.0602,-0.0876,0.0502,0.0514,-0.3232,0.6354,-0.9586,0.0219,0.023,-0.235,0.0585,-0.2935,0.0322,0.034,0.4799,0.3533,0.1266,0.0088,0.0093,-0.2742,-0.3969,0.1227,0.0059,0.0062,-0.0741,0.1754,0.1012,0.0263,0.027,0.0377,Karl.Alzner,D,0.0119,0.024
8477365,-0.0183,0.0371,-0.0554,0.0537,0.0547,0.0287,0.2353,-0.2065,0.0219,0.0231,0.4094,0.0816,0.3277,0.0323,0.034,0.3417,-0.5633,0.905,0.0088,0.0093,-0.2729,1.3438,-1.6167,0.0059,0.0062,0.1166,-0.0158,0.1009,0.028,0.0286,0.04,Connor.Clifton,D,0.0226,0.02
8479359,-0.0273,0.0634,-0.0907,0.0676,0.0703,0.431,0.0016,0.4294,0.022,0.0232,-0.2283,0.1935,-0.4218,0.0323,0.034,-0.1772,0.0079,-0.185,0.0088,0.0093,0.2848,-1.1594,1.4442,0.0059,0.0062,-0.0212,0.1214,0.1001,0.0347,0.0361,0.0501,Beck.Malenstyn,F,-0.0115,0.0958
8475792,-0.0381,0.0007,-0.0388,0.0522,0.0537,0.0906,0.2518,-0.1612,0.0219,0.0231,-0.0165,0.0358,-0.0523,0.0322,0.034,0.5557,-0.4312,0.9869,0.0088,0.0093,-0.0814,-1.2959,1.2145,0.0059,0.0062,0.0275,0.072,0.0995,0.0272,0.0281,0.0391,Brett.Connolly,F,0.0182,-0.0332
8467407,0.0328,0.0087,0.0241,0.0596,0.0596,-0.2168,0.391,-0.6077,0.0219,0.0231,0.2869,-0.0868,0.3738,0.0323,0.034,-0.0726,0.0642,-0.1369,0.0088,0.0093,-1.092,0.8734,-1.9653,0.0059,0.0062,0.0863,0.0128,0.0991,0.0308,0.0309,0.0437,Brian.Gionta,F,0.0602,-0.0271
8475763,0.0757,-0.0205,0.0962,0.0445,0.0445,-0.0532,0.2497,-0.3029,0.0218,0.0229,0.2078,0.0225,0.1853,0.0322,0.034,0.1997,-0.9018,1.1015,0.0088,0.0093,0.073,-0.9011,0.9741,0.0059,0.0062,0.0846,0.0141,0.0987,0.0236,0.0237,0.0335,Kevin.Hayes,F,0.0502,-0.0211
8474709,-0.1375,0.0903,-0.2278,0.0497,0.0498,-0.6206,0.6313,-1.2519,0.0219,0.023,-0.0614,0.4733,-0.5348,0.0322,0.034,-0.3007,0.0201,-0.3208,0.0088,0.0093,-0.8959,-0.2769,-0.619,0.0059,0.0062,-0.1576,0.2563,0.0987,0.0261,0.0262,0.037,Matt.Martin,F,0.0058,0.0196
8477501,0.0565,0.1069,-0.0504,0.0479,0.0515,-0.0346,0.0894,-0.1241,0.0218,0.023,0.1897,-0.2103,0.4001,0.0322,0.034,-0.416,-0.9433,0.5273,0.0088,0.0093,-1.4603,-0.9004,-0.5599,0.0059,0.0062,0.0982,0.0,0.0983,0.0252,0.027,0.037,Valeri.Nichushkin,F,0.0518,0.0118
8479482,-0.0092,0.0907,-0.0999,0.0538,0.0557,-0.2367,0.8819,-1.1187,0.0219,0.0231,-0.1031,0.2524,-0.3555,0.0323,0.034,-0.5807,-0.9666,0.3859,0.0088,0.0093,-0.1657,-0.28,0.1143,0.0059,0.0062,-0.091,0.1864,0.0954,0.028,0.0291,0.0404,Michal.Kempny,D,0.0354,0.017
8479390,0.0433,0.0467,-0.0034,0.0607,0.0623,-0.2966,0.0691,-0.3657,0.022,0.0231,-0.2355,0.3137,-0.5492,0.0323,0.034,0.2467,0.1702,0.0765,0.0088,0.0093,-0.4648,-0.5903,0.1255,0.0059,0.0062,-0.0413,0.1366,0.0953,0.0314,0.0322,0.045,Taylor.Raddysh,F,0.0193,-0.0067
8475752,-0.0511,-0.016,-0.035,0.0553,0.0555,-0.1197,0.4375,-0.5571,0.0219,0.0231,0.0462,0.2879,-0.2416,0.0323,0.034,0.5338,0.4158,0.118,0.0088,0.0093,-0.1791,1.4222,-1.6013,0.0059,0.0062,0.0059,0.089,0.0949,0.0287,0.029,0.0408,Tyler.Pitlick,F,0.0077,0.0429
8481557,0.0888,0.0274,0.0614,0.0591,0.061,0.0201,0.1587,-0.1386,0.0219,0.0231,-0.1284,0.2696,-0.398,0.0323,0.034,0.2275,-0.1153,0.3429,0.0088,0.0093,0.0687,0.6271,-0.5584,0.0059,0.0062,0.0301,0.0648,0.0949,0.0306,0.0316,0.044,Matt.Boldy,F,0.1021,0.0279
8484221,0.0222,0.0115,0.0108,0.0696,0.0729,0.1443,0.0295,0.1148,0.022,0.0232,0.0324,0.039,-0.0066,0.0323,0.034,-0.1801,-0.0266,-0.1535,0.0088,0.0093,-0.4229,-0.7844,0.3615,0.0059,0.0062,0.046,0.0485,0.0945,0.0357,0.0374,0.0517,,F,0.0273,-0.0127
8476867,0.0121,0.012,0.0001,0.064,0.0668,0.4509,0.1458,0.3052,0.022,0.0232,0.0423,-0.128,0.1702,0.0323,0.034,-0.1906,0.0914,-0.282,0.0088,0.0093,-0.0594,-0.3689,0.3096,0.0059,0.0062,0.0739,0.0199,0.0939,0.033,0.0344,0.0476,Brendan.Gaunce,F,0.0163,0.0208
8481641,-0.0064,0.0266,-0.033,0.0616,0.0642,-0.5807,-0.0218,-0.5589,0.022,0.0232,0.2657,0.5281,-0.2624,0.0323,0.034,-0.0089,-0.7152,0.7063,0.0088,0.0093,-0.2175,-0.827,0.6095,0.0059,0.0062,-0.0237,0.1164,0.0927,0.0318,0.0331,0.0459,Joel.Kiviranta,F,0.0115,0.0163
8480789,0.0082,0.0284,-0.0202,0.0641,0.066,-0.2553,0.6921,-0.9473,0.022,0.0232,0.2747,-0.2534,0.5281,0.0323,0.034,-0.0426,-0.0716,0.029,0.0088,0.0093,-0.4825,0.2107,-0.6932,0.0059,0.0062,0.043,0.0495,0.0925,0.033,0.034,0.0474,Oliver.Wahlstrom,F,0.0532,-0.0172
8483573,0.0491,0.0263,0.0228,0.0693,0.0724,0.367,-0.2403,0.6072,0.022,0.0232,-0.0312,0.0866,-0.1178,0.0323,0.034,-0.2546,0.3303,-0.5849,0.0088,0.0093,-0.0328,-0.4406,0.4078,0.0059,0.0062,0.0588,0.0336,0.0924,0.0355,0.0371,0.0514,,F,0.0296,0.068
8476897,-0.0024,0.0316,-0.034,0.0547,0.0544,-0.0859,0.1992,-0.2852,0.0219,0.0231,0.1828,0.0847,0.0981,0.0323,0.034,0.3371,0.1354,0.2017,0.0088,0.0093,0.1668,0.4944,-0.3276,0.0059,0.0062,0.0397,0.0527,0.0923,0.0285,0.0284,0.0402,Oskar.Sundqvist,F,0.0061,0.0086
8482699,0.0586,-0.0293,0.088,0.0657,0.0689,0.3706,-0.2728,0.6434,0.022,0.0232,-0.2124,0.2853,-0.4977,0.0323,0.034,-0.0948,0.4953,-0.59,0.0088,0.0093,-0.1681,-0.4009,0.2327,0.0059,0.0062,0.0392,0.053,0.0921,0.0338,0.0354,0.0489,Dylan.Guenther,F,0.0931,-0.0133
8482911,0.0312,-0.0333,0.0645,0.0696,0.0741,0.3488,0.0963,0.2525,0.022,0.0232,-0.0252,-0.0131,-0.0121,0.0323,0.034,-0.3488,0.1691,-0.5179,0.0088,0.0093,-0.1321,-1.0017,0.8696,0.0059,0.0062,0.0467,0.0451,0.0919,0.0357,0.038,0.0521,,?,0.0472,-0.055
8478421,0.0604,-0.0035,0.0639,0.0644,0.0667,0.233,0.0146,0.2184,0.022,0.0232,-0.4149,0.2008,-0.6157,0.0323,0.034,0.0212,0.0195,0.0017,0.0088,0.0093,0.2455,-2.0079,2.2534,0.0059,0.0062,-0.0347,0.1261,0.0914,0.0331,0.0344,0.0477,A.J..Greer,F,0.0281,0.0206
8476331,-0.0417,0.0887,-0.1304,0.0449,0.0458,0.0643,0.5209,-0.4566,0.0218,0.023,-0.4351,0.5563,-0.9914,0.0322,0.034,-0.1833,0.066,-0.2493,0.0088,0.0093,1.2779,-0.2733,1.5513,0.0059,0.0062,-0.169,0.2598,0.0907,0.0238,0.0243,0.034,Dylan.DeMelo,D,0.0298,-0.0086
8480817,-0.0369,-0.0209,-0.016,0.0498,0.0521,0.2565,0.2659,-0.0093,0.0219,0.0231,-0.8663,0.8259,-1.6923,0.0322,0.034,0.8986,-0.5751,1.4737,0.0088,0.0093,0.2474,-1.001,1.2484,0.0059,0.0062,-0.1265,0.2167,0.0901,0.0261,0.0273,0.0378,K'Andre.Miller,D,0.0362,0.0189
8479638,0.021,0.0101,0.0109,0.0693,0.0725,0.4423,-0.0841,0.5264,0.022,0.0232,-0.0051,0.1718,-0.1769,0.0323,0.034,-0.3039,0.1933,-0.4971,0.0088,0.0093,0.9141,-0.6688,1.5829,0.0059,0.0062,0.0209,0.0686,0.0895,0.0355,0.0372,0.0514,,F,0.0616,0.0392
8473546,0.0371,0.0334,0.0036,0.0547,0.0552,-0.0615,0.1245,-0.186,0.0219,0.0231,-0.1792,0.2361,-0.4153,0.0323,0.034,1.3379,-0.0628,1.4007,0.0088,0.0093,1.5357,-0.424,1.9597,0.0059,0.0062,-0.0113,0.1005,0.0893,0.0285,0.0288,0.0405,Michael.Grabner,F,0.0676,0.0359
8481477,0.1011,-0.035,0.1361,0.0603,0.0613,0.2018,-0.3579,0.5597,0.0219,0.0231,0.4271,-0.171,0.5981,0.0323,0.034,-0.0314,-0.0654,0.034,0.0088,0.0093,-0.1928,-0.5268,0.3341,0.0059,0.0062,0.1806,-0.0917,0.089,0.0312,0.0317,0.0445,Nico.Sturm,F,0.0146,0.0194
8479322,0.0261,0.0382,-0.0122,0.068,0.0708,-0.6258,0.5695,-1.1953,0.022,0.0232,0.2084,0.0339,0.1745,0.0323,0.034,0.2938,0.0239,0.2699,0.0088,0.0093,-0.5067,0.6939,-1.2006,0.0059,0.0062,0.0029,0.0857,0.0886,0.0349,0.0364,0.0504,Wade.Allison,F,0.0417,0.0788
8470281,-0.0734,-0.0217,-0.0517,0.0407,0.0418,-0.0453,0.6912,-0.7365,0.0217,0.0229,1.0604,-1.0337,2.0941,0.0322,0.034,0.5819,-0.4225,1.0044,0.0088,0.0093,-0.4894,-0.1034,-0.386,0.0059,0.0062,0.2443,-0.1558,0.0885,0.0218,0.0225,0.0313,Duncan.Keith,D,0.0568,-0.0107
8475738,0.0115,0.007,0.0044,0.0603,0.0633,-0.3297,-0.0449,-0.2848,0.0219,0.0231,0.2764,0.0226,0.2538,0.0323,0.034,-0.2199,-0.0849,-0.135,0.0088,0.0093,-1.458,-0.7177,-0.7403,0.0059,0.0062,0.0622,0.0254,0.0876,0.0312,0.0327,0.0452,Jordan.Weal,F,0.0173,-0.0072
8478462,0.1234,0.0455,0.0779,0.054,0.0563,-0.0205,0.1879,-0.2084,0.0219,0.0231,-0.218,0.1564,-0.3744,0.0323,0.034,-0.2743,-0.7046,0.4302,0.0088,0.0093,-0.3598,-0.8896,0.5298,0.0059,0.0062,0.0086,0.0787,0.0872,0.0281,0.0293,0.0406,Nicolas.Roy,F,0.0338,0.0323
8484158,0.0167,0.0072,0.0095,0.0691,0.0718,0.4013,-0.4645,0.8659,0.022,0.0232,0.1783,0.1019,0.0764,0.0323,0.034,-0.1976,0.1717,-0.3694,0.0088,0.0093,0.3361,-0.9486,1.2847,0.0059,0.0062,0.0825,0.0046,0.0871,0.0354,0.0368,0.0511,,?,0.0266,0.0036
8467496,0.0089,0.0199,-0.011,0.055,0.0574,0.0371,0.4571,-0.42,0.0219,0.0231,-0.0344,-0.1132,0.0789,0.0323,0.034,0.1549,0.1535,0.0014,0.0088,0.0093,-0.2854,-0.0277,-0.2578,0.0059,0.0062,0.0232,0.0639,0.0871,0.0286,0.0299,0.0414,Andrei.Markov,D,0.0612,-0.0312
8480944,-0.0126,0.0584,-0.071,0.0674,0.07,-0.1068,0.3526,-0.4594,0.022,0.0232,-0.0737,0.0943,-0.168,0.0323,0.034,0.1156,-0.0268,0.1425,0.0088,0.0093,-0.1433,-0.2833,0.14,0.0059,0.0062,-0.0259,0.1126,0.0867,0.0346,0.036,0.0499,Par.Lindholm,F,-0.0099,0.0875
8475160,-0.0207,0.0107,-0.0315,0.0534,0.056,-0.7201,0.4164,-1.1365,0.0219,0.0231,0.5169,-0.2205,0.7374,0.0322,0.034,-0.5095,0.123,-0.6326,0.0088,0.0093,-1.206,-1.1735,-0.0325,0.0059,0.0062,0.013,0.0736,0.0866,0.0278,0.0292,0.0403,Kyle.Clifford,F,0.0304,-0.0416
8480009,-0.0639,0.0845,-0.1484,0.0578,0.0591,0.3777,-0.1969,0.5746,0.0219,0.0231,-0.4728,0.8544,-1.3272,0.0323,0.034,-0.0714,-0.1917,0.1203,0.0088,0.0093,0.4335,0.0535,0.38,0.0059,0.0062,-0.1009,0.187,0.0861,0.0299,0.0307,0.0429,Eeli.Tolvanen,F,0.0386,0.0218
8477392,0.0061,-0.0002,0.0063,0.0675,0.0704,-0.0308,0.3731,-0.4039,0.022,0.0232,-0.1158,0.045,-0.1608,0.0323,0.034,0.2712,-0.1856,0.4568,0.0088,0.0093,-1.0394,-0.0128,-1.0267,0.0059,0.0062,0.0308,0.0551,0.0859,0.0347,0.0362,0.0501,Hudson.Fasching,F,-0.009,0.0111
8480068,0.039,0.034,0.005,0.0617,0.0637,-0.1092,-0.1771,0.0679,0.022,0.0232,-0.0386,0.3526,-0.3912,0.0323,0.034,0.1239,-0.2499,0.3738,0.0088,0.0093,-0.3069,-0.4456,0.1388,0.0059,0.0062,0.0143,0.0708,0.0852,0.0318,0.0329,0.0458,Ryan.Poehling,F,0.0178,0.0722
8474000,0.0013,0.0099,-0.0086,0.0618,0.0636,-0.3424,0.3309,-0.6733,0.022,0.0232,0.2732,0.0693,0.2039,0.0323,0.034,0.5216,-0.4897,1.0113,0.0088,0.0093,-0.9311,0.8567,-1.7878,0.0059,0.0062,0.0779,0.0062,0.0841,0.0319,0.0329,0.0458,Steven.Kampfer,D,0.0347,-0.0162
8478057,0.0552,-0.0306,0.0858,0.0649,0.0664,0.6207,-0.128,0.7486,0.022,0.0232,0.0988,-0.118,0.2168,0.0323,0.034,-0.0627,0.307,-0.3697,0.0088,0.0093,-0.3876,0.7062,-1.0939,0.0059,0.0062,0.1542,-0.0703,0.0839,0.0334,0.0342,0.0478,Dakota.Joshua,F,0.0118,0.0219
8482097,0.0701,-0.0352,0.1053,0.0632,0.0655,0.5935,-0.3042,0.8978,0.022,0.0232,0.1687,-0.0495,0.2182,0.0323,0.034,0.0732,-0.5997,0.6729,0.0088,0.0093,-0.2067,-0.5012,0.2945,0.0059,0.0062,0.1738,-0.0901,0.0838,0.0326,0.0338,0.0469,Jack.Quinn,F,0.0615,-0.0502
8480873,0.1327,-0.0122,0.1449,0.0555,0.058,-0.4968,0.5187,-1.0154,0.0219,0.0231,-0.3043,0.3911,-0.6955,0.0323,0.034,0.7407,-1.0175,1.7583,0.0088,0.0093,-0.3236,-0.1115,-0.2121,0.0059,0.0062,-0.0177,0.1012,0.0834,0.0288,0.0302,0.0417,Rasmus.Sandin,D,0.0401,0.0003
8482775,0.0387,-0.0036,0.0423,0.068,0.0709,0.2678,-0.0638,0.3316,0.022,0.0232,-0.3238,0.2255,-0.5493,0.0323,0.034,-0.545,0.2013,-0.7463,0.0088,0.0093,0.1812,-2.1038,2.285,0.0059,0.0062,-0.0517,0.1345,0.0828,0.0349,0.0364,0.0504,,F,0.0162,-0.0232
8477969,0.091,-0.0367,0.1277,0.0472,0.0488,-0.1408,0.1192,-0.26,0.0218,0.023,0.4486,-0.3306,0.7793,0.0322,0.034,0.4177,0.2162,0.2014,0.0088,0.0093,-0.6509,0.7775,-1.4285,0.0059,0.0062,0.1742,-0.0913,0.0828,0.0249,0.0258,0.0358,Marcus.Pettersson,D,0.0307,0.0107
8474697,-0.0021,0.0767,-0.0788,0.052,0.0517,-0.6465,0.4284,-1.0749,0.0219,0.023,0.7656,-0.4626,1.2282,0.0322,0.034,0.0879,0.2943,-0.2064,0.0088,0.0093,-1.5362,1.8406,-3.3769,0.0059,0.0062,0.1371,-0.0551,0.082,0.0272,0.0271,0.0384,Mark.Borowiecki,D,0.0142,0.0528
8477504,0.0533,0.0156,0.0377,0.0415,0.042,0.2884,-0.0735,0.3618,0.0217,0.0229,0.1457,-0.0909,0.2366,0.0322,0.034,-0.1751,-0.0597,-0.1154,0.0088,0.0093,0.1472,-0.5783,0.7255,0.0059,0.0062,0.0856,-0.0037,0.0819,0.0222,0.0226,0.0316,Josh.Morrissey,D,0.0596,-0.0229
8476779,0.0177,-0.014,0.0317,0.0566,0.0589,-0.6129,0.2869,-0.8998,0.0219,0.0231,0.6791,-0.5659,1.245,0.0323,0.034,0.8198,0.0076,0.8122,0.0088,0.0093,-2.0529,0.6917,-2.7446,0.0059,0.0062,0.1976,-0.1157,0.0819,0.0294,0.0306,0.0424,Brad.Hunt,D,0.0627,-0.0833
8482726,0.0084,0.0206,-0.0122,0.0708,0.074,0.1704,0.0544,0.116,0.022,0.0232,-0.0123,0.1092,-0.1215,0.0323,0.034,-0.202,0.1445,-0.3465,0.0088,0.0093,0.1395,-0.5359,0.6754,0.0059,0.0062,0.0094,0.0726,0.0819,0.0363,0.0379,0.0525,,F,-0.0054,0.0223
8475200,0.0703,0.0299,0.0404,0.0388,0.04,-0.2525,0.426,-0.6786,0.0217,0.0228,0.3734,0.0876,0.2858,0.0322,0.0339,-0.5174,-1.3572,0.8398,0.0088,0.0093,-0.1896,-0.2083,0.0187,0.0059,0.0062,0.056,0.025,0.081,0.0209,0.0216,0.0301,Dmitry.Orlov,D,0.0432,-0.0166
8475168,0.056,-0.0145,0.0705,0.043,0.0431,0.316,-0.0901,0.4061,0.0218,0.0229,-0.5305,0.8194,-1.3499,0.0322,0.034,0.7424,-1.2366,1.979,0.0088,0.0093,0.199,-0.0081,0.2071,0.0059,0.0062,-0.0047,0.0856,0.0809,0.0229,0.0231,0.0325,Matt.Duchene,F,0.0712,-0.0048
8485702,0.0066,-0.0323,0.0389,0.0702,0.0734,0.5109,-0.0136,0.5245,0.022,0.0232,-0.0036,0.0633,-0.0669,0.0323,0.034,0.094,-0.1708,0.2648,0.0088,0.0093,-0.5133,0.2469,-0.7602,0.0059,0.0062,0.1053,-0.0244,0.0809,0.036,0.0376,0.052,,?,0.0188,-0.0487
8477018,-0.1019,0.0368,-0.1387,0.0468,0.0471,-0.1484,0.3902,-0.5385,0.0218,0.023,0.1815,0.1523,0.0292,0.0322,0.034,0.1269,-0.4192,0.5461,0.0088,0.0093,-1.0416,0.5559,-1.5975,0.0059,0.0062,0.016,0.063,0.079,0.0247,0.025,0.0351,Ben.Hutton,D,0.0453,-0.0095
8470105,0.0254,-0.0142,0.0396,0.061,0.0625,-0.0235,0.0181,-0.0417,0.022,0.0231,0.2732,-0.0982,0.3713,0.0323,0.034,0.0615,0.1577,-0.0963,0.0088,0.0093,-1.237,0.6747,-1.9117,0.0059,0.0062,0.1224,-0.0435,0.0789,0.0315,0.0323,0.0451,Scottie.Upshall,F,0.0444,-0.0261
8482145,0.0074,0.0195,-0.0121,0.0681,0.0707,0.4113,0.2481,0.1632,0.022,0.0232,-0.2149,0.2251,-0.44,0.0323,0.034,-0.1173,0.0661,-0.1833,0.0088,0.0093,1.3438,-0.5228,1.8666,0.0059,0.0062,-0.0427,0.1214,0.0787,0.0349,0.0363,0.0504,,F,0.0334,0.0144
8476166,0.0227,0.0035,0.0192,0.0634,0.0665,-0.3616,0.1777,-0.5393,0.022,0.0232,0.1511,0.0497,0.1014,0.0323,0.034,0.1639,0.1546,0.0093,0.0088,0.0093,0.1448,-0.8869,1.0317,0.0059,0.0062,-0.0056,0.0841,0.0785,0.0327,0.0343,0.0473,Taylor.Fedun,D,0.0615,-0.0067
8478851,0.1189,0.0349,0.084,0.0569,0.0581,0.175,-0.0145,0.1895,0.0219,0.0231,0.4511,-0.6584,1.1095,0.0323,0.034,0.1167,-0.2926,0.4093,0.0088,0.0093,-1.7032,0.8757,-2.579,0.0059,0.0062,0.2601,-0.1822,0.0779,0.0295,0.0302,0.0422,Alexandre.Carrier,D,0.0314,0.0457
8471260,-0.1003,0.0996,-0.1998,0.0496,0.0502,-0.6067,0.2213,-0.8281,0.0219,0.023,0.3475,0.1767,0.1707,0.0322,0.034,-0.1332,-0.3547,0.2216,0.0088,0.0093,-0.9463,-0.2735,-0.6727,0.0059,0.0062,-0.0348,0.1115,0.0767,0.026,0.0264,0.0371,Blake.Comeau,F,0.0184,-0.0162
8480801,0.247,-0.0595,0.3064,0.0496,0.0519,-0.1141,0.0614,-0.1754,0.0219,0.0231,0.5897,-0.8369,1.4266,0.0322,0.034,-0.1279,-0.4465,0.3186,0.0088,0.0093,-0.942,-1.0303,0.0882,0.0059,0.0062,0.2661,-0.1902,0.0759,0.026,0.0272,0.0377,Brady.Tkachuk,F,0.1541,-0.0086
8478870,0.0057,0.0346,-0.0288,0.0623,0.0642,-0.4642,0.4581,-0.9222,0.022,0.0232,0.2179,0.0587,0.1592,0.0323,0.034,0.5452,-0.7954,1.3406,0.0088,0.0093,-0.4883,0.2229,-0.7112,0.0059,0.0062,0.0334,0.0423,0.0757,0.0321,0.0331,0.0462,Rudolfs.Balcers,F,0.0422,0.0294
8477979,-0.0248,0.0143,-0.0391,0.0608,0.0632,-0.409,0.8167,-1.2256,0.022,0.0231,0.0216,0.205,-0.1834,0.0323,0.034,0.1994,-1.0678,1.2672,0.0088,0.0093,-0.9446,0.4222,-1.3668,0.0059,0.0062,-0.0192,0.0938,0.0745,0.0314,0.0327,0.0453,Nicolas.Aube.Kubel,F,0.0178,0.0277
8477839,0.0331,0.0573,-0.0242,0.0456,0.0471,-0.0284,0.1159,-0.1442,0.0218,0.023,0.0531,0.0883,-0.0352,0.0322,0.034,-0.0108,-0.4445,0.4338,0.0088,0.0093,-0.4328,0.1258,-0.5587,0.0059,0.0062,0.0406,0.0338,0.0744,0.0241,0.025,0.0347,Conor.Sheary,F,0.0395,-0.0036
8479977,0.0477,0.0305,0.0172,0.0533,0.0552,-0.3556,0.7136,-1.0692,0.0219,0.0231,-0.0953,0.0498,-0.1451,0.0322,0.034,0.0879,-0.895,0.9829,0.0088,0.0093,-0.5789,-0.4175,-0.1614,0.0059,0.0062,-0.022,0.0962,0.0742,0.0278,0.0288,0.04,Kailer.Yamamoto,F,0.0335,0.0191
8470966,-0.0493,0.0349,-0.0842,0.0397,0.0419,-0.4861,0.4251,-0.9112,0.0217,0.0229,-0.4236,0.6501,-1.0738,0.0322,0.034,1.186,-0.7092,1.8952,0.0088,0.0093,-0.9218,0.6221,-1.544,0.0059,0.0062,-0.0827,0.1568,0.0741,0.0213,0.0225,0.031,Mark.Giordano,D,0.0608,0.0325
8475279,-0.0512,0.0362,-0.0874,0.0412,0.0412,-0.2573,0.3739,-0.6311,0.0217,0.0229,-0.1067,0.4851,-0.5918,0.0322,0.034,-0.4911,0.3466,-0.8377,0.0088,0.0093,0.4419,-0.1644,0.6063,0.0059,0.0062,-0.1348,0.2083,0.0735,0.022,0.0222,0.0313,Ben.Chiarot,D,0.0317,0.0207
8470642,-0.0448,0.157,-0.2018,0.0441,0.0459,-0.5738,0.6508,-1.2246,0.0218,0.023,0.588,-0.2967,0.8847,0.0322,0.034,-0.2618,-0.2932,0.0313,0.0088,0.0093,0.5045,0.1344,0.3702,0.0059,0.0062,-0.015,0.0879,0.0729,0.0234,0.0244,0.0338,Shea.Weber,D,0.0746,-0.0017
8481093,0.0163,0.0421,-0.0258,0.0697,0.0725,0.2333,0.167,0.0664,0.022,0.0232,-0.0169,0.016,-0.0328,0.0323,0.034,-0.0056,-0.1231,0.1175,0.0088,0.0093,0.0313,0.2178,-0.1865,0.0059,0.0062,0.0378,0.0335,0.0714,0.0357,0.0372,0.0516,Rafael.Harvey.Pinard,F,0.0075,0.0705
8481656,-0.0113,0.0135,-0.0248,0.062,0.0649,0.202,-0.0748,0.2768,0.022,0.0232,-0.2215,0.4396,-0.6611,0.0323,0.034,-0.6499,0.0538,-0.7037,0.0088,0.0093,0.4213,-1.3938,1.815,0.0059,0.0062,-0.0799,0.1512,0.0713,0.032,0.0335,0.0463,Aliaksei.Protas,F,0.0432,0.0158
8471794,-0.0918,0.0196,-0.1114,0.0505,0.0516,-0.4774,0.2855,-0.7629,0.0219,0.023,0.9832,-0.6816,1.6648,0.0322,0.034,-0.1902,-0.4008,0.2105,0.0088,0.0093,-2.5196,-0.106,-2.4136,0.0059,0.0062,0.1882,-0.1171,0.071,0.0264,0.0271,0.0379,Darren.Helm,F,0.0365,-0.0083
8471498,0.0097,-0.0034,0.0131,0.0587,0.0602,0.2387,0.1642,0.0746,0.0219,0.0231,-0.0508,-0.0185,-0.0324,0.0323,0.034,0.2266,-0.1176,0.3442,0.0088,0.0093,0.0778,-0.4622,0.54,0.0059,0.0062,0.04,0.0303,0.0703,0.0304,0.0312,0.0436,Jannik.Hansen,F,0.0205,-0.021
8483513,0.0039,0.0389,-0.0351,0.0713,0.0751,0.2992,-0.0457,0.3449,0.022,0.0232,0.0157,-0.0098,0.0255,0.0323,0.0341,-0.0587,0.0684,-0.1272,0.0088,0.0093,0.0202,-0.2383,0.2585,0.0059,0.0062,0.046,0.0241,0.07,0.0365,0.0385,0.053,,?,-0.0049,0.0839
8477213,0.0286,0.031,-0.0024,0.0603,0.0608,-0.3248,-0.053,-0.2718,0.0219,0.0231,0.181,-0.067,0.2479,0.0323,0.034,0.0983,0.1254,-0.0272,0.0088,0.0093,-1.1702,-0.2858,-0.8844,0.0059,0.0062,0.0581,0.0118,0.0699,0.0312,0.0315,0.0443,Tim.Schaller,F,0.0081,0.029
8474586,0.0766,-0.0326,0.1093,0.0405,0.0415,-0.0713,0.0407,-0.1119,0.0217,0.0229,0.0976,0.2792,-0.1815,0.0322,0.034,0.2057,-0.5855,0.7912,0.0088,0.0093,-0.2169,0.4226,-0.6395,0.0059,0.0062,0.0701,-0.0008,0.0693,0.0217,0.0223,0.0311,Jordan.Eberle,F,0.0643,-0.0158
8481528,0.1013,0.0546,0.0467,0.0571,0.0589,0.1655,0.1323,0.0331,0.0219,0.0231,0.2297,-0.1994,0.4291,0.0323,0.034,-0.4103,-0.9359,0.5257,0.0088,0.0093,-0.4791,-0.0383,-0.4408,0.0059,0.0062,0.1206,-0.0513,0.0692,0.0296,0.0306,0.0426,Dylan.Cozens,F,0.0682,-0.0305
8476927,-0.013,0.0287,-0.0417,0.058,0.0596,0.0263,0.3532,-0.3269,0.0219,0.0231,0.7628,-0.9139,1.6767,0.0323,0.034,0.115,0.3982,-0.2832,0.0088,0.0093,-0.5554,0.3896,-0.9449,0.0059,0.0062,0.1944,-0.1254,0.069,0.03,0.0309,0.0431,Teddy.Blueger,F,0.0148,0.0288
8483500,-0.0041,0.0043,-0.0084,0.0689,0.0719,0.6188,-0.117,0.7358,0.022,0.0232,-0.0659,-0.0601,-0.0058,0.0323,0.034,-0.2008,0.2099,-0.4107,0.0088,0.0093,0.1891,-0.7084,0.8975,0.0059,0.0062,0.0567,0.0123,0.069,0.0353,0.0369,0.0511,,F,-0.0055,-0.0068
8479675,-0.0036,0.0606,-0.0642,0.0547,0.0573,-0.0902,-0.0104,-0.0798,0.0219,0.0231,0.1263,0.1605,-0.0342,0.0323,0.034,-0.2631,0.1954,-0.4584,0.0088,0.0093,-0.55,0.6419,-1.1919,0.0059,0.0062,0.0187,0.0501,0.0688,0.0285,0.0298,0.0412,Trevor.Moore,F,0.0582,0.0031
8484149,0.0221,-0.003,0.0251,0.0696,0.0736,0.3235,-0.112,0.4355,0.022,0.0232,0.0091,0.0953,-0.0862,0.0323,0.034,-0.3076,0.1748,-0.4824,0.0088,0.0093,0.191,-0.5011,0.6921,0.0059,0.0062,0.0355,0.0332,0.0687,0.0357,0.0377,0.0519,,?,0.0294,-0.0126
8471742,0.0273,-0.0131,0.0404,0.0575,0.0598,-0.368,0.2741,-0.6421,0.0219,0.0231,0.3848,-0.119,0.5038,0.0323,0.034,0.306,-0.2374,0.5434,0.0088,0.0093,-0.6597,0.3458,-1.0054,0.0059,0.0062,0.0879,-0.0197,0.0682,0.0298,0.031,0.043,Cody.Franson,D,0.061,-0.0169
8475825,0.0069,0.0366,-0.0298,0.0568,0.0573,-0.5703,0.7564,-1.3267,0.0219,0.0231,0.1181,-0.0897,0.2078,0.0323,0.034,0.3366,-0.5344,0.871,0.0088,0.0093,-1.4992,0.8947,-2.3939,0.0059,0.0062,0.0241,0.0442,0.0682,0.0295,0.0298,0.0419,Jani.Hakanpaa,D,0.0129,0.0203
8480008,0.008,-0.0128,0.0208,0.0682,0.0722,0.0036,0.3562,-0.3526,0.022,0.0232,0.1199,0.0363,0.0836,0.0323,0.034,0.1464,-0.4378,0.5842,0.0088,0.0093,-0.4356,0.4437,-0.8793,0.0059,0.0062,0.0571,0.011,0.0681,0.035,0.037,0.051,Adam.Ruzicka,F,0.0281,-0.025
8481813,-0.0169,0.0385,-0.0554,0.069,0.0719,-0.1387,0.2373,-0.3759,0.022,0.0232,-0.0332,0.1039,-0.1371,0.0323,0.034,0.041,0.0562,-0.0152,0.0088,0.0093,-0.1477,-0.3779,0.2302,0.0059,0.0062,-0.0282,0.0962,0.068,0.0354,0.0369,0.0511,Gaetan.Haas,F,-0.0198,0.0538
8478067,0.0502,-0.0091,0.0593,0.0566,0.0577,-0.2896,-0.0399,-0.2496,0.0219,0.0231,0.4359,-0.1735,0.6094,0.0323,0.034,0.5338,-0.222,0.7558,0.0088,0.0093,-1.1501,0.6411,-1.7912,0.0059,0.0062,0.1556,-0.0877,0.0679,0.0294,0.03,0.042,Oskar.Lindblom,F,0.0298,-0.0022
8479378,0.0433,-0.0237,0.067,0.0603,0.0622,0.7533,-0.1654,0.9187,0.0219,0.0231,-0.224,0.2092,-0.4332,0.0323,0.034,-0.1011,0.3412,-0.4423,0.0088,0.0093,1.1256,-0.0884,1.214,0.0059,0.0062,0.0343,0.0334,0.0676,0.0312,0.0322,0.0448,Logan.Stanley,D,0.0354,0.0238
8477149,0.0091,0.0216,-0.0125,0.0709,0.0739,0.1872,0.0612,0.126,0.022,0.0232,0.015,0.0095,0.0055,0.0323,0.034,-0.0878,0.0211,-0.1089,0.0088,0.0093,-0.208,-0.097,-0.111,0.0059,0.0062,0.039,0.0272,0.0662,0.0363,0.0379,0.0525,Scott.Sabourin,F,0.023,0.0373
8477240,-0.0397,0.0497,-0.0894,0.0616,0.0625,0.0785,0.0627,0.0158,0.022,0.0231,-0.0885,0.0644,-0.1529,0.0323,0.034,0.3712,0.319,0.0523,0.0088,0.0093,-0.0276,-0.0704,0.0428,0.0059,0.0062,-0.0042,0.0704,0.0662,0.0318,0.0323,0.0453,Carter.Rowney,F,-0.0203,0.0332
8480029,0.0514,-0.0234,0.0748,0.0663,0.0683,-0.0983,0.0223,-0.1206,0.022,0.0232,0.1834,-0.14,0.3235,0.0323,0.034,0.355,0.1836,0.1714,0.0088,0.0093,-0.3387,-0.1875,-0.1511,0.0059,0.0062,0.0862,-0.0206,0.0655,0.0341,0.0351,0.0489,Alex.Formenton,F,0.0367,0.0088
8473579,0.0061,0.0424,-0.0363,0.0582,0.0597,0.0778,0.0663,0.0116,0.0219,0.0231,-0.011,0.1241,-0.1351,0.0323,0.034,0.2698,-0.4148,0.6846,0.0088,0.0093,-0.0427,-0.0316,-0.0111,0.0059,0.0062,0.0302,0.0348,0.065,0.0301,0.031,0.0432,Nikolay.Kulemin,F,0.0158,0.0364
8482470,0.0259,0.0277,-0.0018,0.0708,0.0744,0.209,-0.0487,0.2577,0.022,0.0232,0.0337,0.0138,0.0199,0.0323,0.034,-0.0775,-0.0639,-0.0137,0.0088,0.0093,0.0117,-0.3083,0.32,0.0059,0.0062,0.0466,0.0181,0.0647,0.0363,0.0381,0.0526,Ilya.Solovyov,D,0.0414,0.0679
8482201,0.0355,0.0178,0.0177,0.0691,0.0728,0.2003,-0.3463,0.5466,0.022,0.0232,0.0146,0.1716,-0.1571,0.0323,0.034,-0.245,-0.1947,-0.0503,0.0088,0.0093,-0.2011,-0.9302,0.7291,0.0059,0.0062,0.0444,0.0202,0.0646,0.0354,0.0373,0.0515,,F,0.0077,-0.0013
8474685,0.0616,0.0151,0.0464,0.0536,0.0545,-0.1946,-0.1384,-0.0562,0.0219,0.0231,0.5497,-0.401,0.9507,0.0323,0.034,-0.1103,-0.1723,0.062,0.0088,0.0093,-1.5177,0.014,-1.5317,0.0059,0.0062,0.1766,-0.1123,0.0643,0.0279,0.0285,0.0399,Matt.Calvert,F,0.0186,-0.0021
8476858,-0.0215,0.0023,-0.0238,0.0594,0.0618,-0.6482,0.5719,-1.2201,0.0219,0.0231,0.1047,0.0614,0.0433,0.0323,0.034,0.4884,0.1635,0.3249,0.0088,0.0093,-1.3816,1.1425,-2.524,0.0059,0.0062,-0.0004,0.0646,0.0642,0.0307,0.032,0.0443,Phillip.Di.Giuseppe,F,0.0334,-0.0006
8470828,0.0183,0.0227,-0.0044,0.0556,0.0575,0.0426,0.0527,-0.0102,0.0219,0.0231,-0.0057,-0.0263,0.0206,0.0323,0.034,0.1466,0.2932,-0.1467,0.0088,0.0093,0.5457,-0.7955,1.3411,0.0059,0.0062,0.0013,0.0629,0.0641,0.0289,0.0299,0.0416,Toby.Enstrom,D,0.0285,-0.0283
8484471,0.0098,0.0209,-0.011,0.0676,0.0707,0.1873,-0.2346,0.4219,0.022,0.0232,-0.2084,0.2814,-0.4899,0.0323,0.034,0.0786,0.0411,0.0375,0.0088,0.0093,0.0572,-0.8731,0.9303,0.0059,0.0062,-0.0104,0.0746,0.0641,0.0347,0.0363,0.0502,,?,0.0334,0.0254
8481580,0.0222,0.043,-0.0209,0.0631,0.0657,0.1295,-0.013,0.1425,0.022,0.0232,-0.2174,0.3717,-0.5892,0.0323,0.034,-0.3483,0.1236,-0.4719,0.0088,0.0093,0.6752,-0.5094,1.1846,0.0059,0.0062,-0.0652,0.1291,0.0639,0.0325,0.0339,0.047,Connor.McMichael,F,0.0571,-0.0092
8474013,0.0594,0.0571,0.0023,0.0401,0.0413,-0.1373,0.4094,-0.5467,0.0217,0.0229,-0.8123,0.9613,-1.7736,0.0322,0.034,0.6866,-1.2429,1.9295,0.0088,0.0093,0.3981,0.4776,-0.0795,0.0059,0.0062,-0.1443,0.2078,0.0634,0.0215,0.0222,0.0309,Ian.Cole,D,0.0237,0.0495
8478975,0.0378,0.0678,-0.0299,0.0564,0.0593,-0.0852,0.3769,-0.4622,0.0219,0.0231,-0.5324,0.119,-0.6515,0.0323,0.034,0.2127,-0.2997,0.5124,0.0088,0.0093,-0.3268,-1.237,0.9102,0.0059,0.0062,-0.0852,0.1481,0.0629,0.0293,0.0308,0.0425,Mason.Marchment,F,0.0723,0.0107
8481186,-0.0013,0.0631,-0.0644,0.0606,0.0632,-0.5378,0.7718,-1.3096,0.022,0.0231,-0.1629,-0.1236,-0.0393,0.0323,0.034,1.5359,-0.792,2.3279,0.0088,0.0093,-1.7609,1.3816,-3.1425,0.0059,0.0062,0.0454,0.0173,0.0628,0.0313,0.0327,0.0452,Logan.O'Connor,F,0.0275,0.0727
8476891,-0.0426,0.0193,-0.0619,0.0464,0.0481,-0.0594,0.3483,-0.4077,0.0218,0.023,-0.1622,0.4866,-0.6487,0.0322,0.034,0.4705,-0.4692,0.9396,0.0088,0.0093,0.3964,0.6314,-0.235,0.0059,0.0062,-0.0535,0.1155,0.062,0.0245,0.0254,0.0353,Matt.Grzelcyk,D,0.0441,-0.0374
8470803,-0.0142,0.0362,-0.0503,0.0571,0.0578,-0.1682,0.1254,-0.2936,0.0219,0.0231,0.214,-0.0378,0.2518,0.0323,0.034,0.1388,0.1162,0.0225,0.0088,0.0093,-0.7688,0.6852,-1.454,0.0059,0.0062,0.0538,0.0082,0.062,0.0296,0.0301,0.0422,Kyle.Brodziak,F,0.0038,0.0348
8480216,0.0357,-0.0309,0.0666,0.0683,0.0702,-0.1432,0.1881,-0.3313,0.022,0.0232,0.0788,0.0148,0.064,0.0323,0.034,0.0734,-0.025,0.0984,0.0088,0.0093,-0.5147,-0.2043,-0.3104,0.0059,0.0062,0.0387,0.0227,0.0614,0.035,0.0361,0.0503,Jacob.Peterson,F,0.0373,-0.0441
8479336,0.0154,0.0129,0.0025,0.0606,0.0626,-0.07,0.3686,-0.4386,0.022,0.0231,-0.1235,0.1266,-0.2501,0.0323,0.034,-0.8823,0.2842,-1.1666,0.0088,0.0093,-0.1603,-0.7816,0.6212,0.0059,0.0062,-0.0765,0.1379,0.0614,0.0313,0.0324,0.045,Carl.Grundstrom,F,0.0433,-0.015
8480748,0.0629,0.0182,0.0446,0.0615,0.0635,0.4858,-0.0437,0.5295,0.022,0.0232,-0.393,-0.0505,-0.3425,0.0323,0.034,-0.2618,0.3252,-0.587,0.0088,0.0093,-0.3676,-0.8388,0.4712,0.0059,0.0062,0.0169,0.0445,0.0614,0.0317,0.0328,0.0456,Kiefer.Sherwood,F,0.0399,0.0138
8476875,0.0167,-0.1179,0.1345,0.043,0.0442,0.1313,-0.0323,0.1636,0.0218,0.0229,0.1309,0.1177,0.0132,0.0322,0.034,0.894,-0.3318,1.2258,0.0088,0.0093,-0.6056,0.3893,-0.9949,0.0059,0.0062,0.1347,-0.0734,0.0613,0.0229,0.0236,0.0329,Michael.Matheson,D,0.0586,0.0169
8476806,-0.0011,0.0213,-0.0224,0.0604,0.0623,-0.4325,0.2836,-0.7161,0.0219,0.0231,0.0937,0.0809,0.0128,0.0323,0.034,0.0548,0.0583,-0.0036,0.0088,0.0093,-0.6003,-0.0987,-0.5015,0.0059,0.0062,-0.0175,0.0784,0.0609,0.0312,0.0322,0.0449,J.T..Brown,F,0.0204,0.013
8477210,0.0158,-0.001,0.0168,0.0701,0.0732,-0.0703,0.2635,-0.3338,0.022,0.0232,0.0929,-0.005,0.0979,0.0323,0.034,-0.0538,-0.0693,0.0155,0.0088,0.0093,-0.2618,-0.0449,-0.2169,0.0059,0.0062,0.025,0.0356,0.0606,0.0359,0.0375,0.0519,Buddy.Robinson,F,0.0286,-0.007
8482809,0.037,-0.0283,0.0653,0.0658,0.0708,0.5994,-0.4104,1.0098,0.022,0.0232,-0.1606,0.0971,-0.2577,0.0323,0.034,-0.4678,0.2404,-0.7082,0.0088,0.0093,-0.4416,-0.9455,0.5039,0.0059,0.0062,0.0627,-0.0021,0.0606,0.0338,0.0364,0.0497,,F,0.0778,0.0086
8479022,0.0291,0.0231,0.0061,0.0707,0.074,0.3255,-0.3398,0.6653,0.022,0.0232,0.0218,0.0601,-0.0383,0.0323,0.034,-0.092,0.0388,-0.1308,0.0088,0.0093,0.1044,-0.6507,0.7551,0.0059,0.0062,0.0585,0.0022,0.0606,0.0362,0.0379,0.0524,,F,0.0368,0.0404
8478106,0.0199,0.0297,-0.0098,0.0693,0.073,0.0126,0.0725,-0.0599,0.022,0.0232,0.0203,0.0231,-0.0028,0.0323,0.034,0.0922,-0.0424,0.1346,0.0088,0.0093,-0.0958,-0.1515,0.0556,0.0059,0.0062,0.0257,0.0343,0.06,0.0355,0.0374,0.0516,Dylan.Sikura,F,0.0429,0.0496
8483516,0.0386,-0.005,0.0436,0.0685,0.0717,0.3079,-0.1729,0.4808,0.022,0.0232,-0.0826,0.087,-0.1696,0.0323,0.034,-0.233,0.5188,-0.7518,0.0088,0.0093,0.18,-0.2986,0.4786,0.0059,0.0062,0.0261,0.0338,0.0599,0.0351,0.0368,0.0509,,F,0.0624,-0.0166
8482088,0.0129,0.0073,0.0055,0.0679,0.0711,0.1434,0.2325,-0.0891,0.022,0.0232,-0.1088,0.2658,-0.3746,0.0323,0.034,-0.6634,0.2506,-0.914,0.0088,0.0093,1.44,-1.0248,2.4647,0.0059,0.0062,-0.0934,0.153,0.0596,0.0348,0.0365,0.0505,Justin.Sourdif,F,0.0372,0.0389
8469760,0.0024,0.0388,-0.0364,0.0628,0.0644,-0.0653,0.1485,-0.2138,0.022,0.0232,0.0445,0.0481,-0.0036,0.0323,0.034,0.1347,-0.1726,0.3073,0.0088,0.0093,-0.5345,0.3477,-0.8821,0.0059,0.0062,0.0307,0.028,0.0586,0.0324,0.0332,0.0464,Zbynek.Michalek,D,0.0193,0.062
8478891,0.0327,-0.1021,0.1349,0.056,0.0574,0.042,0.4631,-0.4212,0.0219,0.0231,0.3249,-0.4607,0.7856,0.0323,0.034,-0.2894,0.2758,-0.5652,0.0088,0.0093,-0.8885,-0.3175,-0.571,0.0059,0.0062,0.1123,-0.0537,0.0586,0.0291,0.0299,0.0417,Mason.Appleton,F,0.011,-0.0228
8475832,-0.022,0.0453,-0.0673,0.0613,0.0614,-0.2144,0.2137,-0.4281,0.022,0.0231,-0.0008,0.1137,-0.1145,0.0323,0.034,-0.2186,0.5891,-0.8077,0.0088,0.0093,-0.0484,0.0524,-0.1009,0.0059,0.0062,-0.0545,0.113,0.0585,0.0316,0.0318,0.0449,Tom.Kuhnhackl,F,-0.0006,0.0447
8476469,-0.0695,0.1283,-0.1978,0.0496,0.0509,-0.2497,0.4069,-0.6566,0.0219,0.023,0.045,-0.1499,0.195,0.0322,0.034,0.1832,0.1582,0.025,0.0088,0.0093,0.5216,-0.7213,1.2429,0.0059,0.0062,-0.0722,0.1306,0.0584,0.026,0.0268,0.0373,Joel.Armia,F,0.0319,0.0105
8471710,0.0125,0.0051,0.0074,0.0659,0.0682,0.0397,0.2434,-0.2037,0.022,0.0232,0.0146,0.0151,-0.0005,0.0323,0.034,0.0169,0.0025,0.0144,0.0088,0.0093,-0.0557,0.0853,-0.1409,0.0059,0.0062,0.0187,0.0391,0.0578,0.0339,0.0351,0.0488,Taylor.Chorney,D,0.0226,0.0029
8482094,0.0106,0.0298,-0.0192,0.0711,0.0744,0.1598,-0.0243,0.184,0.022,0.0232,0.0353,0.0689,-0.0337,0.0323,0.034,-0.0148,0.2661,-0.2809,0.0088,0.0093,0.5494,-0.0274,0.5769,0.0059,0.0062,0.0142,0.0435,0.0576,0.0364,0.0381,0.0527,Daemon.Hunt,D,0.0196,0.0446
8475151,0.1911,0.0274,0.1637,0.0459,0.0462,-0.0417,0.4538,-0.4956,0.0218,0.023,0.2588,-0.4019,0.6606,0.0322,0.034,-0.5723,-0.7638,0.1915,0.0088,0.0093,-0.1342,0.1791,-0.3134,0.0059,0.0062,0.1173,-0.0596,0.0576,0.0242,0.0245,0.0345,Kyle.Palmieri,F,0.0715,-0.0323
8473933,0.0139,0.0782,-0.0642,0.0516,0.0524,-0.6298,0.5966,-1.2264,0.0219,0.0231,0.3312,-0.2988,0.63,0.0322,0.034,0.671,-0.0118,0.6828,0.0088,0.0093,-0.3924,1.154,-1.5464,0.0059,0.0062,0.0413,0.016,0.0573,0.027,0.0275,0.0385,Ben.Lovejoy,D,0.0356,0.0116
8482703,0.0071,0.0115,-0.0044,0.0696,0.0725,0.4383,0.0562,0.3822,0.022,0.0232,-0.1576,0.0812,-0.2388,0.0323,0.034,-0.2721,0.0689,-0.341,0.0088,0.0093,0.4682,-0.5354,1.0036,0.0059,0.0062,-0.0004,0.0576,0.0572,0.0357,0.0372,0.0515,,F,0.008,0.0242
8484388,0.0281,0.0395,-0.0113,0.071,0.0749,0.2025,-0.0643,0.2667,0.022,0.0232,-0.0285,0.0331,-0.0615,0.0323,0.0341,-0.0549,0.0806,-0.1356,0.0088,0.0093,0.0855,-0.0835,0.169,0.0059,0.0062,0.0314,0.0256,0.057,0.0364,0.0384,0.0529,,?,0.0516,0.0758
8476907,0.0221,-0.0002,0.0224,0.0672,0.0705,0.0275,-0.0463,0.0739,0.022,0.0232,0.0927,0.0215,0.0712,0.0323,0.034,0.0816,0.041,0.0406,0.0088,0.0093,-0.2388,-0.1603,-0.0785,0.0059,0.0062,0.05,0.0066,0.0566,0.0345,0.0362,0.05,Mackenzie.MacEachern,F,0.0356,0.002
8467400,-0.0226,0.0444,-0.067,0.0523,0.0525,-0.2102,0.416,-0.6262,0.0219,0.0231,0.1128,0.0497,0.0631,0.0322,0.034,0.1967,-0.0711,0.2678,0.0088,0.0093,-0.5253,1.2465,-1.7718,0.0059,0.0062,0.0148,0.0414,0.0562,0.0273,0.0275,0.0388,Francois.Beauchemin,D,0.0335,0.0184
8479393,0.0885,-0.043,0.1315,0.0618,0.0625,-0.4357,0.3023,-0.738,0.022,0.0231,-0.1306,0.0394,-0.17,0.0323,0.034,0.942,-0.1572,1.0993,0.0088,0.0093,-1.5327,0.8801,-2.4128,0.0059,0.0062,0.068,-0.0121,0.0559,0.0319,0.0323,0.0454,Noah.Gregor,F,0.0352,-0.0031
8477353,0.0114,0.0174,-0.0059,0.057,0.0566,-0.545,0.6181,-1.1631,0.0219,0.0231,0.2083,-0.4099,0.6182,0.0323,0.034,1.0418,0.1605,0.8813,0.0088,0.0093,-0.9197,0.855,-1.7746,0.0059,0.0062,0.0691,-0.0133,0.0557,0.0296,0.0295,0.0418,Tyler.Motte,F,0.0173,0.0763
8477939,0.0493,-0.0528,0.1021,0.0435,0.0456,0.3483,0.0298,0.3185,0.0218,0.023,-0.2782,0.594,-0.8723,0.0322,0.034,0.1201,-0.6834,0.8035,0.0088,0.0093,0.721,0.1551,0.566,0.0059,0.0062,-0.0059,0.0615,0.0556,0.0231,0.0243,0.0335,William.Nylander,F,0.0997,-0.0216
8480084,0.0234,-0.0114,0.0348,0.0696,0.0731,0.3082,-0.1542,0.4624,0.022,0.0232,-0.058,0.1292,-0.1873,0.0323,0.034,-0.2307,0.0404,-0.2711,0.0088,0.0093,-0.2405,-0.3131,0.0726,0.0059,0.0062,0.0409,0.0145,0.0555,0.0357,0.0375,0.0517,Nick.DeSimone,D,0.0351,-0.0098
8483406,0.0224,0.0189,0.0035,0.0715,0.0751,0.0249,-0.018,0.0429,0.022,0.0232,-0.0078,0.0663,-0.074,0.0323,0.0341,-0.0513,0.048,-0.0994,0.0088,0.0093,-0.2223,-0.2971,0.0749,0.0059,0.0062,0.019,0.0361,0.0551,0.0366,0.0385,0.0531,,F,0.0342,0.0339
8480434,0.0237,0.0173,0.0065,0.0576,0.06,-0.0707,-0.0106,-0.0601,0.0219,0.0231,-0.0781,0.6834,-0.7615,0.0323,0.034,-0.5528,-0.1542,-0.3986,0.0088,0.0093,0.7275,0.3737,0.3539,0.0059,0.0062,-0.0782,0.1332,0.055,0.0299,0.0311,0.0431,Sean.Durzi,D,0.0571,0.0511
8482751,0.0032,0.0059,-0.0028,0.0693,0.0719,0.2715,-0.2174,0.4889,0.022,0.0232,-0.0111,0.1465,-0.1576,0.0323,0.034,-0.3017,0.348,-0.6497,0.0088,0.0093,0.8313,-1.0737,1.905,0.0059,0.0062,-0.0115,0.0664,0.0549,0.0355,0.0369,0.0512,,F,0.0081,-0.003
8474641,0.0605,0.0607,-0.0002,0.0465,0.0464,0.4818,-0.002,0.4837,0.0218,0.023,-0.2059,0.0723,-0.2782,0.0322,0.034,-0.495,-0.27,-0.225,0.0088,0.0093,0.1889,-0.1289,0.3178,0.0059,0.0062,0.02,0.0349,0.0549,0.0245,0.0246,0.0348,Adam.Henrique,F,0.033,0.0172
8482105,0.0208,-0.0249,0.0458,0.06,0.0628,0.0878,-0.5369,0.6247,0.0219,0.0231,0.1361,-0.0013,0.1374,0.0323,0.034,0.292,0.0852,0.2069,0.0088,0.0093,-0.8118,-0.9832,0.1714,0.0059,0.0062,0.1035,-0.0488,0.0547,0.031,0.0325,0.0449,Jake.Sanderson,D,0.0653,0.0444
8483733,-0.0018,0.0112,-0.013,0.0699,0.0732,0.5249,-0.1165,0.6414,0.022,0.0232,-0.0759,0.0863,-0.1622,0.0323,0.034,-0.0125,0.1304,-0.1429,0.0088,0.0093,0.5109,0.0135,0.4974,0.0059,0.0062,0.04,0.0144,0.0543,0.0358,0.0375,0.0519,,F,-0.0267,0.0135
8478444,0.0057,-0.1465,0.1522,0.0489,0.0498,0.2452,-0.1926,0.4378,0.0218,0.023,0.5299,-0.0663,0.5963,0.0322,0.034,-0.4124,-0.0025,-0.4098,0.0088,0.0093,-0.8909,-0.096,-0.7948,0.0059,0.0062,0.1671,-0.113,0.0541,0.0257,0.0262,0.0367,Brock.Boeser,F,0.0756,-0.0552
8477680,0.0107,0.0704,-0.0597,0.0722,0.0759,0.0032,0.0357,-0.0326,0.022,0.0232,0.0066,0.028,-0.0214,0.0323,0.0341,-0.0147,0.0137,-0.0284,0.0088,0.0093,-0.017,0.0137,-0.0307,0.0059,0.0062,0.0071,0.047,0.0541,0.0369,0.0388,0.0536,Josh.Currie,F,0.0206,0.1361
8475170,0.1121,-0.0923,0.2043,0.042,0.042,0.1367,0.0006,0.1361,0.0217,0.0229,0.7038,-0.7688,1.4726,0.0322,0.034,0.3458,-0.403,0.7488,0.0088,0.0093,-1.4864,0.4565,-1.9429,0.0059,0.0062,0.3116,-0.2576,0.054,0.0224,0.0226,0.0318,Brayden.Schenn,F,0.0563,-0.0197
8470151,-0.0375,0.0461,-0.0836,0.0476,0.0474,-0.5183,0.7586,-1.2769,0.0218,0.023,0.3502,-0.6443,0.9946,0.0322,0.034,1.3084,0.1284,1.18,0.0088,0.0093,-0.5966,0.793,-1.3896,0.0059,0.0062,0.0829,-0.0289,0.054,0.0251,0.0251,0.0355,Jay.Bouwmeester,D,0.0291,-0.049
8477346,-0.0675,0.0184,-0.0859,0.0444,0.0479,-0.4593,-0.0032,-0.4562,0.0218,0.023,0.1626,0.6301,-0.4675,0.0322,0.034,0.2215,-1.3732,1.5947,0.0088,0.0093,-0.6064,-0.4566,-0.1499,0.0059,0.0062,-0.0293,0.0832,0.0539,0.0235,0.0253,0.0346,MacKenzie.Weegar,D,0.0578,0.0672
8475714,-0.0291,0.0396,-0.0687,0.0446,0.0458,0.147,0.2335,-0.0864,0.0218,0.023,-0.0671,-0.2643,0.1972,0.0322,0.034,0.4095,0.429,-0.0195,0.0088,0.0093,-0.6856,0.3332,-1.0188,0.0059,0.0062,0.0447,0.0091,0.0538,0.0236,0.0243,0.0339,Calle.Jarnkrok,F,0.0158,-0.0492
8477429,-0.0253,0.032,-0.0573,0.0463,0.0468,-0.268,0.2493,-0.5172,0.0218,0.023,-0.0109,0.3896,-0.4005,0.0322,0.034,-0.7826,-0.116,-0.6666,0.0088,0.0093,0.2456,-0.8334,1.0791,0.0059,0.0062,-0.112,0.1655,0.0535,0.0244,0.0248,0.0348,Andrew.Copp,F,0.0275,0.0059
8479992,0.0243,-0.0121,0.0365,0.0588,0.0588,0.4061,-0.1331,0.5392,0.0219,0.0231,0.329,0.016,0.3129,0.0323,0.034,-0.6342,0.3183,-0.9525,0.0088,0.0093,0.0012,1.2628,-1.2617,0.0059,0.0062,0.1073,-0.0539,0.0534,0.0304,0.0305,0.0431,Michael.Rasmussen,F,0.0291,0.0232
8482947,0.0108,0.0391,-0.0283,0.0703,0.0744,0.0735,-0.1342,0.2078,0.022,0.0232,-0.0607,0.1035,-0.1642,0.0323,0.034,-0.0962,0.071,-0.1672,0.0088,0.0093,-0.2489,-0.4927,0.2438,0.0059,0.0062,0.0073,0.0462,0.0534,0.036,0.0381,0.0524,,?,0.0085,0.0536
8479941,0.0176,0.0073,0.0103,0.0689,0.0721,-0.0924,0.1764,-0.2688,0.022,0.0232,0.023,-0.0127,0.0356,0.0323,0.034,-0.022,-0.0524,0.0303,0.0088,0.0093,-0.9859,0.2266,-1.2125,0.0059,0.0062,0.0381,0.0151,0.0532,0.0353,0.037,0.0512,Justin.Danforth,F,0.0317,0.0077
8468486,0.0398,-0.0048,0.0446,0.057,0.059,0.2973,-0.0932,0.3905,0.0219,0.0231,0.1921,-0.1298,0.322,0.0323,0.034,-0.4692,-0.0777,-0.3915,0.0088,0.0093,-0.7171,0.1207,-0.8378,0.0059,0.0062,0.1073,-0.0544,0.0529,0.0296,0.0306,0.0426,Scott.Hartnell,F,0.0654,-0.0095
8480443,0.0174,0.063,-0.0456,0.0725,0.0761,-0.0006,0.0133,-0.0139,0.022,0.0232,0.0113,0.0261,-0.0148,0.0323,0.0341,0.0222,-0.0008,0.0229,0.0088,0.0093,-0.01,-0.0228,0.0127,0.0059,0.0062,0.0128,0.0401,0.0529,0.0371,0.0389,0.0538,Kristian.Reichel,F,0.0325,0.1196
8480849,0.0141,-0.0266,0.0407,0.0584,0.0606,0.1488,-0.3234,0.4722,0.0219,0.0231,0.4532,-0.0673,0.5205,0.0323,0.034,-0.4958,0.1892,-0.685,0.0088,0.0093,-0.4295,-0.0392,-0.3903,0.0059,0.0062,0.1165,-0.0637,0.0528,0.0302,0.0314,0.0436,Barrett.Hayton,F,0.0334,-0.028
8475766,-0.0915,0.0057,-0.0973,0.0543,0.0536,-0.9035,0.3727,-1.2762,0.0219,0.0231,0.3577,0.3821,-0.0245,0.0323,0.034,-0.0282,0.403,-0.4312,0.0088,0.0093,-0.6357,0.8838,-1.5195,0.0059,0.0062,-0.0788,0.1316,0.0528,0.0283,0.028,0.0398,Austin.Watson,F,0.0053,0.0726
8481719,0.0186,0.0134,0.0052,0.0698,0.0736,0.1859,-0.3146,0.5004,0.022,0.0232,-0.0085,0.1175,-0.126,0.0323,0.034,-0.2282,0.2432,-0.4714,0.0088,0.0093,0.1381,-0.9071,1.0453,0.0059,0.0062,0.0161,0.0362,0.0523,0.0358,0.0377,0.052,,D,0.0448,0.0192
8480049,0.0227,0.0278,-0.0051,0.0615,0.0647,0.1469,-0.0122,0.1591,0.022,0.0232,-0.1535,0.3155,-0.4689,0.0323,0.034,-0.1148,-0.3741,0.2593,0.0088,0.0093,0.1335,-0.1326,0.2661,0.0059,0.0062,-0.0126,0.0643,0.0517,0.0317,0.0334,0.0461,Dylan.Samberg,D,0.031,0.0637
8475834,-0.0021,-0.0207,0.0186,0.0598,0.0621,0.0652,0.2588,-0.1936,0.0219,0.0231,0.0156,-0.1462,0.1618,0.0323,0.034,0.6175,-0.1445,0.7619,0.0088,0.0093,-0.7888,0.4165,-1.2054,0.0059,0.0062,0.0808,-0.029,0.0517,0.0309,0.0321,0.0446,Marcus.Sorensen,F,0.0062,-0.0099
8480172,0.0283,-0.1081,0.1364,0.0529,0.0543,-0.1996,0.5338,-0.7334,0.0219,0.0231,0.8259,-1.0423,1.8682,0.0322,0.034,0.7121,0.3442,0.3679,0.0088,0.0093,-1.9551,1.3144,-3.2695,0.0059,0.0062,0.2868,-0.2352,0.0516,0.0276,0.0284,0.0396,Jan.Rutta,D,0.0324,-0.0456
8482482,0.0418,-0.0168,0.0587,0.0686,0.0721,-0.1152,0.1181,-0.2333,0.022,0.0232,0.02,-0.0422,0.0622,0.0323,0.034,-0.2409,0.4064,-0.6474,0.0088,0.0093,-0.1167,-0.7207,0.6039,0.0059,0.0062,-0.0018,0.0532,0.0515,0.0352,0.037,0.0511,,D,0.0416,-0.0082
8482634,0.0136,0.0374,-0.0238,0.0701,0.0734,0.1487,0.0076,0.1411,0.022,0.0232,-0.0033,0.0635,-0.0668,0.0323,0.034,0.0615,0.2057,-0.1442,0.0088,0.0093,0.614,0.0622,0.5518,0.0059,0.0062,0.0075,0.0437,0.0512,0.0359,0.0376,0.052,Alex.Steeves,F,0.0343,0.0757
8480762,0.056,-0.0549,0.1109,0.0578,0.0596,-0.1619,-0.1402,-0.0217,0.0219,0.0231,0.1377,-0.4645,0.6022,0.0323,0.034,0.3823,0.0077,0.3746,0.0088,0.0093,-1.4056,-2.204,0.7984,0.0059,0.0062,0.1132,-0.062,0.0511,0.0299,0.0309,0.043,Eric.Robinson,F,0.0334,-0.0234
8481161,0.0232,-0.0002,0.0234,0.0687,0.0714,0.1205,0.3497,-0.2293,0.022,0.0232,0.0255,0.0085,0.0171,0.0323,0.034,0.0576,0.1095,-0.0519,0.0088,0.0093,0.5564,0.6728,-0.1165,0.0059,0.0062,0.0165,0.0339,0.0504,0.0352,0.0366,0.0508,Jake.Christiansen,D,0.0264,-0.0264
8481532,0.0284,0.0308,-0.0024,0.0685,0.0725,0.1932,-0.1709,0.3641,0.022,0.0232,-0.1176,0.1554,-0.273,0.0323,0.034,-0.1585,0.4073,-0.5658,0.0088,0.0093,0.5638,-0.3812,0.9451,0.0059,0.0062,-0.0148,0.0636,0.0489,0.0351,0.0372,0.0512,Alex.Turcotte,F,0.0377,0.0495
8481754,0.0181,-0.0068,0.0249,0.0708,0.0741,0.0943,-0.1262,0.2204,0.022,0.0232,0.0061,0.0528,-0.0467,0.0323,0.034,0.1177,0.2077,-0.09,0.0088,0.0093,0.0052,-0.3942,0.3993,0.0059,0.0062,0.0314,0.0175,0.0489,0.0363,0.038,0.0525,Nikita.Nesterenko,F,0.0393,-0.0147
8481030,0.0093,0.0079,0.0014,0.0718,0.0753,0.0993,0.065,0.0344,0.022,0.0232,-0.0011,0.0362,-0.0373,0.0323,0.0341,0.0154,-0.047,0.0624,0.0088,0.0093,-0.105,-0.1384,0.0334,0.0059,0.0062,0.0244,0.0244,0.0488,0.0367,0.0386,0.0533,,D,0.0244,0.0218
8476235,0.0112,0.0008,0.0104,0.0661,0.0684,0.0654,0.034,0.0314,0.022,0.0232,0.0228,0.0285,-0.0057,0.0323,0.034,0.1161,0.0216,0.0944,0.0088,0.0093,-0.2054,0.0001,-0.2055,0.0059,0.0062,0.0356,0.0131,0.0487,0.034,0.0352,0.0489,Justin.Fontaine,F,0.0197,-0.0094
8476921,0.0122,-0.0842,0.0963,0.0459,0.0486,-0.0621,-0.4428,0.3807,0.0218,0.023,0.1288,0.2404,-0.1116,0.0322,0.034,-0.1281,-0.0939,-0.0342,0.0088,0.0093,-1.3921,-0.9202,-0.4719,0.0059,0.0062,0.0731,-0.0245,0.0487,0.0242,0.0257,0.0353,Jordan.Martinook,F,0.0286,0.0215
8477413,0.0029,0.0137,-0.0108,0.0606,0.0629,-0.1633,0.2365,-0.3998,0.0219,0.0231,-0.0011,0.027,-0.0281,0.0323,0.034,0.1883,-0.2823,0.4706,0.0088,0.0093,-0.6082,-0.1102,-0.498,0.0059,0.0062,0.0123,0.0357,0.0481,0.0313,0.0325,0.0451,Sven.Andrighetto,F,0.0305,-0.0287
8470358,0.0048,-0.0113,0.0161,0.0578,0.0593,-0.2582,0.1089,-0.3671,0.0219,0.0231,0.2204,-0.1184,0.3388,0.0323,0.034,0.1883,0.1418,0.0465,0.0088,0.0093,-0.8738,0.0853,-0.9591,0.0059,0.0062,0.0584,-0.0103,0.0481,0.0299,0.0308,0.0429,Alexandre.Burrows,F,0.0463,-0.0248
8480259,0.0003,0.0145,-0.0143,0.0717,0.0753,0.1766,-0.0063,0.1829,0.022,0.0232,0.0286,0.0142,0.0144,0.0323,0.0341,-0.0061,0.0518,-0.0579,0.0088,0.0093,0.122,-0.195,0.317,0.0059,0.0062,0.0277,0.0203,0.048,0.0367,0.0386,0.0532,Ben.Jones,F,0.0013,0.0303
8480990,0.019,0.0198,-0.0008,0.0707,0.0746,0.1578,-0.0127,0.1705,0.022,0.0232,0.0026,0.0259,-0.0233,0.0323,0.034,-0.0781,0.0151,-0.0932,0.0088,0.0093,0.4093,-0.5159,0.9252,0.0059,0.0062,0.0127,0.0352,0.0479,0.0362,0.0382,0.0526,Declan.Chisholm,D,0.0288,0.0254
8474743,0.0246,0.0009,0.0236,0.0655,0.0676,0.0351,0.133,-0.098,0.022,0.0232,0.0507,-0.0027,0.0534,0.0323,0.034,0.1892,-0.1131,0.3023,0.0088,0.0093,-0.366,0.4967,-0.8626,0.0059,0.0062,0.0547,-0.0068,0.0479,0.0337,0.0348,0.0484,Zach.Redmond,D,0.0454,0.0007
8483487,0.0242,0.0203,0.0039,0.0717,0.0756,-0.0044,0.0169,-0.0213,0.022,0.0232,0.0153,0.0282,-0.0129,0.0323,0.0341,-0.0474,0.0922,-0.1396,0.0088,0.0093,-0.071,-0.2133,0.1423,0.0059,0.0062,0.0148,0.033,0.0478,0.0367,0.0387,0.0533,,F,0.0422,0.036
8470041,0.0371,0.0036,0.0335,0.0542,0.0559,0.0424,-0.2939,0.3363,0.0219,0.0231,0.1271,0.1143,0.0128,0.0323,0.034,0.65,-0.0918,0.7417,0.0088,0.0093,0.2181,0.3202,-0.1021,0.0059,0.0062,0.0831,-0.0355,0.0477,0.0282,0.0291,0.0406,Rick.Nash,F,0.1041,-0.0079
8482178,0.0327,0.0294,0.0033,0.0686,0.0723,0.2271,-0.5137,0.7408,0.022,0.0232,-0.1409,0.2615,-0.4024,0.0323,0.034,-0.2332,-0.1587,-0.0746,0.0088,0.0093,-0.8359,-0.5761,-0.2597,0.0059,0.0062,0.0389,0.0087,0.0476,0.0352,0.0371,0.0511,,D,0.0481,0.0806
8478104,-0.0652,0.0411,-0.1063,0.0611,0.0621,0.2282,0.2702,-0.042,0.022,0.0231,-0.119,0.1594,-0.2784,0.0323,0.034,0.5802,-0.7637,1.3439,0.0088,0.0093,-0.5281,0.8571,-1.3852,0.0059,0.0062,0.0314,0.016,0.0474,0.0315,0.0321,0.045,Sammy.Blais,F,0.0081,0.0045
8448208,0.063,-0.0294,0.0924,0.0575,0.0607,0.2527,-0.0498,0.3025,0.0219,0.0231,0.362,-0.2823,0.6444,0.0323,0.034,-0.0413,-0.4019,0.3607,0.0088,0.0093,-1.0656,0.839,-1.9046,0.0059,0.0062,0.1892,-0.1419,0.0472,0.0298,0.0315,0.0433,Jaromir.Jagr,F,0.0675,-0.056
8483398,0.002,-0.0247,0.0267,0.0701,0.0737,0.2592,0.0582,0.201,0.022,0.0232,-0.0104,0.0988,-0.1092,0.0323,0.034,-0.2995,-0.0737,-0.2259,0.0088,0.0093,-0.2713,-0.0735,-0.1978,0.0059,0.0062,0.0305,0.0166,0.0471,0.0359,0.0378,0.0521,,D,0.0118,-0.0444
8484428,0.0368,0.0331,0.0037,0.0726,0.0766,0.0173,-0.0189,0.0362,0.022,0.0232,0.0183,0.02,-0.0017,0.0323,0.0341,0.0307,0.0084,0.0223,0.0088,0.0093,0.029,-0.061,0.09,0.0059,0.0062,0.0257,0.0211,0.0468,0.0371,0.0392,0.054,,?,0.0713,0.0635
8468483,0.0497,-0.0142,0.0639,0.0587,0.0624,-0.0973,0.1257,-0.223,0.0219,0.0231,0.0636,-0.0834,0.147,0.0323,0.034,-0.2231,-0.0186,-0.2045,0.0088,0.0093,-0.6614,-0.4114,-0.25,0.0059,0.0062,0.0373,0.0087,0.0461,0.0304,0.0323,0.0443,Marian.Gaborik,F,0.0902,-0.0425
8477950,0.0619,-0.1904,0.2523,0.0489,0.0498,0.1541,-0.1955,0.3497,0.0218,0.023,0.8649,0.0895,0.7754,0.0322,0.034,-0.6382,-0.2682,-0.37,0.0088,0.0093,-0.0183,0.9982,-1.0165,0.0059,0.0062,0.2068,-0.1609,0.0459,0.0257,0.0262,0.0367,Tony.DeAngelo,D,0.075,-0.0537
8467890,-0.0032,0.0196,-0.0229,0.0618,0.065,-0.1604,0.1658,-0.3262,0.022,0.0232,0.0442,0.0509,-0.0067,0.0323,0.034,0.0753,-0.1087,0.1841,0.0088,0.0093,-0.6303,0.1826,-0.8129,0.0059,0.0062,0.0138,0.032,0.0458,0.0319,0.0335,0.0463,Barret.Jackman,D,0.0168,0.0224
8477227,0.0111,0.0591,-0.048,0.0732,0.0772,0.0024,0.0171,-0.0148,0.022,0.0232,0.0052,0.0256,-0.0205,0.0323,0.0341,0.0016,0.0077,-0.0061,0.0088,0.0093,0.0016,-0.0042,0.0058,0.0059,0.0062,0.0071,0.0384,0.0455,0.0374,0.0395,0.0544,Eriah.Hayes,F,0.0215,0.1147
8482241,0.0125,0.0165,-0.0039,0.0709,0.075,0.0732,0.0865,-0.0133,0.022,0.0232,0.0422,-0.0249,0.0671,0.0323,0.0341,0.0858,-0.1782,0.264,0.0088,0.0093,-0.4537,0.2408,-0.6945,0.0059,0.0062,0.0498,-0.0046,0.0452,0.0363,0.0384,0.0529,Radim.Zohorna,F,0.0179,0.032
8484994,0.0533,-0.0099,0.0632,0.072,0.0757,0.1866,-0.0559,0.2425,0.022,0.0232,0.0388,-0.0141,0.0529,0.0323,0.0341,-0.0478,0.0373,-0.0851,0.0088,0.0093,-0.1026,0.1345,-0.2371,0.0059,0.0062,0.0644,-0.0196,0.0448,0.0368,0.0387,0.0535,,?,0.0931,-0.0171
8475323,-0.018,0.0339,-0.052,0.0574,0.0596,-0.2784,0.0277,-0.3061,0.0219,0.0231,0.28,-0.011,0.2909,0.0323,0.034,0.0397,-0.1767,0.2164,0.0088,0.0093,-1.0675,0.4826,-1.5501,0.0059,0.0062,0.0559,-0.0112,0.0447,0.0298,0.0309,0.0429,Marcus.Kruger,F,-0.0083,0.0396
8475902,0.0163,-0.0018,0.0181,0.0661,0.0687,-0.0048,0.0946,-0.0994,0.022,0.0232,0.088,-0.0119,0.0999,0.0323,0.034,-0.0524,0.08,-0.1324,0.0088,0.0093,-0.0943,-0.0395,-0.0548,0.0059,0.0062,0.0274,0.0171,0.0445,0.034,0.0353,0.049,Zach.Trotman,D,0.0384,-0.0123
8482072,0.0195,0.0227,-0.0032,0.0717,0.0755,0.0641,-0.0531,0.1172,0.022,0.0232,0.041,0.0333,0.0077,0.0323,0.0341,-0.0145,-0.0247,0.0102,0.0088,0.0093,-0.162,-0.0327,-0.1293,0.0059,0.0062,0.034,0.0105,0.0445,0.0367,0.0387,0.0533,Jack.Ahcan,D,0.0324,0.0392
8480035,0.0225,-0.0956,0.1181,0.0526,0.0536,-0.1368,0.2891,-0.4259,0.0219,0.0231,1.1146,-0.6251,1.7397,0.0322,0.034,-0.3711,-0.1242,-0.2469,0.0088,0.0093,-0.1913,0.6915,-0.8828,0.0059,0.0062,0.2213,-0.1771,0.0443,0.0274,0.028,0.0392,Henri.Jokiharju,D,0.0281,-0.048
8480019,0.0312,0.0329,-0.0017,0.0729,0.0767,0.0054,0.0205,-0.0152,0.022,0.0232,0.0159,0.0181,-0.0022,0.0323,0.0341,0.0012,0.0015,-0.0003,0.0088,0.0093,-0.0107,-0.0072,-0.0034,0.0059,0.0062,0.0204,0.0239,0.0443,0.0373,0.0392,0.0541,Isaac.Ratcliffe,F,0.0598,0.0627
8478011,0.0214,0.0299,-0.0085,0.0726,0.0763,0.0085,0.0482,-0.0397,0.022,0.0232,0.0061,0.0186,-0.0125,0.0323,0.0341,0.029,0.0098,0.0193,0.0088,0.0093,-0.071,0.0171,-0.0881,0.0059,0.0062,0.0179,0.0262,0.0441,0.0371,0.039,0.0539,Louie.Belpedio,D,0.0412,0.0586
8470104,0.0068,0.016,-0.0093,0.0636,0.0654,-0.1256,0.176,-0.3016,0.022,0.0232,0.0418,0.0467,-0.0049,0.0323,0.034,-0.0335,0.1138,-0.1473,0.0088,0.0093,-0.0755,0.0611,-0.1366,0.0059,0.0062,-0.0052,0.0491,0.0438,0.0328,0.0337,0.047,Tom.Gilbert,D,0.0257,0.0184
8477034,-0.0053,0.0161,-0.0214,0.0613,0.0636,-0.2695,0.4371,-0.7066,0.022,0.0232,-0.0426,0.2007,-0.2433,0.0323,0.034,0.884,-1.103,1.987,0.0088,0.0093,-0.0897,0.3003,-0.39,0.0059,0.0062,0.0042,0.0396,0.0438,0.0316,0.0329,0.0456,Jaycob.Megna,D,0.0101,0.036
8462038,0.0278,-0.0148,0.0427,0.0596,0.0606,-0.0832,0.2904,-0.3736,0.0219,0.0231,0.1096,-0.1239,0.2335,0.0323,0.034,-0.2066,-0.2864,0.0798,0.0088,0.0093,-1.2855,0.3222,-1.6078,0.0059,0.0062,0.0646,-0.0212,0.0434,0.0308,0.0314,0.044,Shane.Doan,F,0.0624,-0.0455
8470611,0.0247,0.0439,-0.0192,0.0597,0.061,-0.3222,-0.0036,-0.3186,0.0219,0.0231,0.0985,0.0089,0.0896,0.0323,0.034,0.0614,0.1539,-0.0925,0.0088,0.0093,-1.0599,0.5368,-1.5967,0.0059,0.0062,0.0318,0.0111,0.0429,0.0309,0.0316,0.0442,Eric.Fehr,F,0.0508,0.0505
8476478,0.0286,0.0375,-0.0089,0.0723,0.076,0.0068,0.0093,-0.0025,0.022,0.0232,0.0119,0.0163,-0.0044,0.0323,0.0341,0.0089,0.0015,0.0074,0.0088,0.0093,-0.0049,-0.0042,-0.0006,0.0059,0.0062,0.0187,0.024,0.0427,0.037,0.0389,0.0537,Stuart.Percy,D,0.0557,0.0727
8479385,0.0026,-0.0895,0.092,0.0546,0.0551,0.3783,-0.0034,0.3817,0.0219,0.0231,0.484,-0.1939,0.6779,0.0323,0.034,0.6772,-0.9744,1.6516,0.0088,0.0093,0.1954,0.2103,-0.0149,0.0059,0.0062,0.1973,-0.1548,0.0425,0.0284,0.0288,0.0404,Jordan.Kyrou,F,0.0715,-0.0282
8476396,-0.0132,0.0646,-0.0778,0.0721,0.0755,-0.0343,0.0662,-0.1006,0.022,0.0232,-0.012,0.0331,-0.0451,0.0323,0.0341,0.0559,-0.0064,0.0623,0.0088,0.0093,-0.0193,-0.0796,0.0603,0.0059,0.0062,-0.0103,0.0523,0.0421,0.0369,0.0387,0.0534,Steven.Fogarty,F,-0.0236,0.1227
8482652,0.011,-0.0074,0.0184,0.0708,0.0747,0.0412,0.1143,-0.0731,0.022,0.0232,0.0466,-0.0149,0.0615,0.0323,0.034,-0.0231,-0.0435,0.0204,0.0088,0.0093,-0.5469,0.2021,-0.7489,0.0059,0.0062,0.0424,-0.0005,0.0419,0.0363,0.0383,0.0527,Walker.Duehr,F,0.0161,-0.009
8476856,0.1185,-0.0496,0.1682,0.0429,0.0433,-0.186,0.2285,-0.4145,0.0218,0.0229,1.2882,-1.0743,2.3625,0.0322,0.034,0.1797,-0.5197,0.6995,0.0088,0.0093,-1.2155,1.8608,-3.0762,0.0059,0.0062,0.3742,-0.3325,0.0417,0.0228,0.0232,0.0325,Matt.Dumba,D,0.0489,-0.0433
8480965,0.0241,-0.0027,0.0268,0.0701,0.0736,-0.019,0.0848,-0.1038,0.022,0.0232,0.034,0.0264,0.0076,0.0323,0.034,0.038,-0.0366,0.0746,0.0088,0.0093,-0.2278,0.0355,-0.2633,0.0059,0.0062,0.0281,0.0136,0.0416,0.0359,0.0377,0.0521,Antti.Suomela,F,0.0454,-0.0118
8479353,-0.0533,0.0468,-0.1001,0.0563,0.056,0.0028,0.3706,-0.3678,0.0219,0.0231,-0.8143,0.7079,-1.5222,0.0323,0.034,-0.2244,0.6108,-0.8352,0.0088,0.0093,0.3509,-0.069,0.4199,0.0059,0.0062,-0.2329,0.2741,0.0413,0.0292,0.0292,0.0413,Brett.Howden,F,0.0031,0.024
8480448,-0.0063,0.0612,-0.0676,0.0642,0.0669,0.5452,-0.3844,0.9296,0.022,0.0232,-0.0982,-0.114,0.0157,0.0323,0.034,-0.5493,0.4142,-0.9635,0.0088,0.0093,-0.5463,-0.5646,0.0183,0.0059,0.0062,0.0459,-0.0047,0.0412,0.033,0.0345,0.0477,Parker.Kelly,F,0.0103,0.0788
8480220,-0.0169,0.0241,-0.041,0.0622,0.0638,-0.1166,0.01,-0.1265,0.022,0.0232,-0.4376,0.3039,-0.7414,0.0323,0.034,0.3075,-0.4114,0.719,0.0088,0.0093,-0.8307,-1.401,0.5703,0.0059,0.0062,-0.0705,0.1118,0.0412,0.0321,0.033,0.046,Noah.Cates,F,0.03,0.0374
8477467,0.0143,0.0124,0.0018,0.0693,0.0722,-0.0339,0.1042,-0.1381,0.022,0.0232,0.0295,0.0152,0.0143,0.0323,0.034,0.0996,0.0604,0.0392,0.0088,0.0093,-0.0981,0.153,-0.2511,0.0059,0.0062,0.0185,0.0227,0.0411,0.0355,0.037,0.0513,Gustav.Olofsson,D,0.0234,0.0228
8476436,0.0102,0.0337,-0.0234,0.0575,0.0606,-0.3634,0.1252,-0.4887,0.0219,0.0231,0.235,-0.1503,0.3853,0.0323,0.034,0.3253,-0.4018,0.7271,0.0088,0.0093,-1.7453,0.7306,-2.4759,0.0059,0.0062,0.0916,-0.0508,0.0409,0.0298,0.0314,0.0433,Dmitrij.Jaskin,F,0.0241,0.0219
8484984,0.0574,-0.0216,0.079,0.0681,0.071,0.4226,-0.3897,0.8123,0.022,0.0232,-0.0911,-0.0475,-0.0436,0.0323,0.034,-0.4316,0.4444,-0.8761,0.0088,0.0093,-0.1667,-1.0229,0.8563,0.0059,0.0062,0.0528,-0.0121,0.0407,0.0349,0.0365,0.0505,,F,0.0552,-0.0522
8471233,-0.0043,-0.0106,0.0064,0.0513,0.0518,-0.204,0.3927,-0.5967,0.0219,0.023,0.5455,-0.4987,1.0442,0.0322,0.034,0.5271,-0.5156,1.0427,0.0088,0.0093,-0.4702,0.2506,-0.7208,0.0059,0.0062,0.1377,-0.0971,0.0406,0.0268,0.0272,0.0382,Travis.Zajac,F,0.0129,-0.0169
8480011,-0.0076,-0.0105,0.0029,0.0673,0.07,-0.0115,0.5249,-0.5364,0.022,0.0232,-0.0278,-0.0571,0.0293,0.0323,0.034,0.2961,-0.4133,0.7094,0.0088,0.0093,-0.388,0.438,-0.8261,0.0059,0.0062,0.0216,0.0186,0.0402,0.0346,0.036,0.0499,Klim.Kostin,F,0.0012,-0.0094
8477249,0.0309,0.0317,-0.0009,0.0722,0.076,0.0036,0.0106,-0.007,0.022,0.0232,0.0133,0.0146,-0.0013,0.0323,0.0341,0.0043,0.0039,0.0003,0.0088,0.0093,0.0034,-0.0011,0.0045,0.0059,0.0062,0.019,0.0209,0.04,0.0369,0.0389,0.0536,Andrew.Miller,F,0.0598,0.0618
8470852,0.029,-0.0074,0.0364,0.0615,0.0626,-0.177,0.1215,-0.2984,0.022,0.0231,0.2256,-0.1266,0.3522,0.0323,0.034,0.1053,0.0993,0.006,0.0088,0.0093,-0.824,0.7363,-1.5603,0.0059,0.0062,0.0769,-0.0368,0.04,0.0317,0.0324,0.0453,Matt.Moulson,F,0.0504,-0.0211
8468504,0.0336,-0.0092,0.0428,0.0651,0.0684,0.028,-0.0359,0.0638,0.022,0.0232,0.0461,-0.011,0.0571,0.0323,0.034,0.1039,-0.0581,0.162,0.0088,0.0093,-0.4568,0.0049,-0.4617,0.0059,0.0062,0.0556,-0.0161,0.0396,0.0335,0.0352,0.0486,Brad.Boyes,F,0.0563,-0.014
8483752,0.0223,0.0107,0.0116,0.07,0.0738,0.2647,-0.1684,0.4331,0.022,0.0232,-0.0266,0.0995,-0.1261,0.0323,0.034,-0.2527,0.1428,-0.3955,0.0088,0.0093,0.561,-0.5372,1.0982,0.0059,0.0062,0.0074,0.032,0.0394,0.0359,0.0378,0.0521,,?,0.0282,0.0176
8467875,0.0578,-0.0544,0.1122,0.055,0.0566,-0.0127,0.2483,-0.261,0.0219,0.0231,0.4937,-0.297,0.7907,0.0323,0.034,-0.2616,-0.6413,0.3796,0.0088,0.0093,-0.3797,0.0507,-0.4305,0.0059,0.0062,0.1351,-0.0958,0.0393,0.0286,0.0295,0.0411,Daniel.Sedin,F,0.1036,-0.0695
8470039,0.0252,-0.0134,0.0385,0.0638,0.0665,-0.0244,-0.0104,-0.014,0.022,0.0232,0.0641,-0.0161,0.0801,0.0323,0.034,-0.0288,0.0495,-0.0783,0.0088,0.0093,-0.3033,-0.3664,0.0631,0.0059,0.0062,0.0334,0.0058,0.0393,0.0329,0.0343,0.0475,Tomas.Fleischmann,F,0.0483,-0.0352
8479423,0.0142,-0.0124,0.0266,0.0669,0.07,-0.2293,0.1706,-0.3998,0.022,0.0232,0.0525,-0.0289,0.0814,0.0323,0.034,0.0639,-0.1665,0.2305,0.0088,0.0093,-0.4972,-0.7021,0.2049,0.0059,0.0062,0.008,0.0311,0.0391,0.0344,0.036,0.0497,Alexander.Nylander,F,0.0358,-0.0423
8481725,0.0331,-0.0037,0.0368,0.0691,0.0722,0.1456,-0.1032,0.2489,0.022,0.0232,-0.1018,0.0175,-0.1193,0.0323,0.034,-0.1062,0.1442,-0.2505,0.0088,0.0093,-0.4633,-0.3876,-0.0757,0.0059,0.0062,0.0282,0.0107,0.0388,0.0354,0.037,0.0513,Elmer.Soderblom,F,0.037,0.0169
8482896,0.0068,0.058,-0.0513,0.071,0.0743,0.2088,-0.2573,0.4662,0.022,0.0232,0.0101,0.0614,-0.0513,0.0323,0.034,-0.1385,0.0452,-0.1837,0.0088,0.0093,0.2306,-0.3094,0.54,0.0059,0.0062,0.0194,0.019,0.0384,0.0364,0.0381,0.0526,,F,-0.0167,0.1218
8468508,0.0049,0.0575,-0.0526,0.0478,0.0511,-0.197,0.051,-0.248,0.0218,0.023,-0.0976,0.4481,-0.5457,0.0322,0.034,0.0822,-1.6078,1.69,0.0088,0.0093,-0.625,-0.4603,-0.1646,0.0059,0.0062,-0.0186,0.0569,0.0383,0.0251,0.0269,0.0368,Justin.Williams,F,0.0884,0.0009
8476464,0.0161,0.0519,-0.0358,0.072,0.0756,-0.0137,0.0072,-0.021,0.022,0.0232,0.0056,0.0214,-0.0158,0.0323,0.0341,-0.0019,0.0077,-0.0096,0.0088,0.0093,0.0173,0.0107,0.0066,0.0059,0.0062,0.0064,0.0318,0.0382,0.0368,0.0387,0.0534,Duncan.Siemens,D,0.0319,0.1002
8479383,0.0078,-0.0027,0.0105,0.0667,0.0691,-0.3033,0.2149,-0.5182,0.022,0.0232,-0.0052,0.0539,-0.0591,0.0323,0.034,0.1915,-0.2457,0.4372,0.0088,0.0093,-1.613,0.5812,-2.1943,0.0059,0.0062,0.0333,0.0048,0.038,0.0343,0.0355,0.0494,Boris.Katchouk,F,0.0066,0.0026
8481461,0.0186,0.004,0.0146,0.0706,0.0738,-0.0845,0.0666,-0.1511,0.022,0.0232,0.0203,-0.0297,0.05,0.0323,0.034,0.2022,0.0704,0.1317,0.0088,0.0093,-0.2869,-0.0885,-0.1984,0.0059,0.0062,0.0247,0.0132,0.0379,0.0362,0.0378,0.0523,Corey.Schueneman,D,0.0361,0.0231
8482834,0.0219,0.0314,-0.0095,0.0718,0.0759,-0.0089,0.063,-0.0719,0.022,0.0232,0.0091,0.0082,0.0008,0.0323,0.0341,0.0313,-0.0314,0.0627,0.0088,0.0093,-0.0442,0.0649,-0.1091,0.0059,0.0062,0.0153,0.0225,0.0377,0.0367,0.0388,0.0535,Jesper.Froden,F,0.0405,0.0598
8481441,0.0318,-0.0035,0.0353,0.0715,0.075,0.069,0.0672,0.0018,0.022,0.0232,0.0314,0.0041,0.0273,0.0323,0.0341,-0.0178,-0.0338,0.016,0.0088,0.0093,0.0107,0.033,-0.0223,0.0059,0.0062,0.0317,0.0059,0.0375,0.0366,0.0384,0.0531,Joe.Snively,F,0.0617,-0.01
8470176,0.0389,0.014,0.0249,0.0692,0.073,0.0002,-0.0063,0.0065,0.022,0.0232,0.0299,-0.0004,0.0303,0.0323,0.034,0.0292,0.0002,0.029,0.0088,0.0093,-0.0886,0.0031,-0.0917,0.0059,0.0062,0.0314,0.0059,0.0372,0.0355,0.0374,0.0516,Sean.Bergenheim,F,0.0743,0.0269
8476472,-0.0073,0.0379,-0.0453,0.0488,0.0502,-0.4355,0.128,-0.5635,0.0218,0.023,0.3082,0.1455,0.1628,0.0322,0.034,0.4079,-0.456,0.8639,0.0088,0.0093,0.1856,0.5517,-0.3661,0.0059,0.0062,0.0159,0.0207,0.0366,0.0256,0.0264,0.0368,Oscar.Klefbom,D,0.056,0.0444
8470778,0.0044,0.0182,-0.0137,0.0667,0.0674,-0.0567,0.0542,-0.111,0.022,0.0232,0.0785,-0.0303,0.1088,0.0323,0.034,0.0517,-0.0353,0.0869,0.0088,0.0093,-0.4913,0.1405,-0.6318,0.0059,0.0062,0.0337,0.0028,0.0365,0.0343,0.0347,0.0488,Drew.Miller,F,0.0024,0.0281
8484186,0.0298,-0.005,0.0348,0.0684,0.0718,0.5883,-0.3487,0.937,0.022,0.0232,-0.0392,0.0715,-0.1107,0.0323,0.034,-0.335,0.1257,-0.4608,0.0088,0.0093,0.1707,-0.0113,0.182,0.0059,0.0062,0.0676,-0.0311,0.0365,0.0351,0.0368,0.0509,,F,0.052,0.0216
8481732,0.0219,0.0443,-0.0223,0.0728,0.0768,-0.0064,-0.0012,-0.0052,0.022,0.0232,0.004,0.0251,-0.021,0.0323,0.0341,-0.0338,0.0079,-0.0417,0.0088,0.0093,0.0284,-0.0186,0.047,0.0059,0.0062,0.0077,0.0287,0.0364,0.0372,0.0393,0.0541,,F,0.0417,0.0863
8482765,0.0032,0.0097,-0.0065,0.0716,0.0751,0.0374,-0.0172,0.0546,0.022,0.0232,-0.041,0.0485,-0.0896,0.0323,0.0341,0.0779,0.0844,-0.0065,0.0088,0.0093,0.1919,-0.5743,0.7661,0.0059,0.0062,-0.0048,0.041,0.0362,0.0367,0.0385,0.0531,,F,0.0086,0.0109
8482259,0.0212,0.0249,-0.0038,0.0672,0.0698,0.6637,-0.6503,1.3141,0.022,0.0232,-0.1564,0.2254,-0.3818,0.0323,0.034,-0.306,0.3204,-0.6264,0.0088,0.0093,1.0611,-0.9379,1.9991,0.0059,0.0062,0.0149,0.0212,0.0362,0.0345,0.0359,0.0498,Bobby.McMann,F,0.0733,-0.0185
8476430,0.0086,-0.0096,0.0182,0.0637,0.0669,-0.1322,0.0035,-0.1357,0.022,0.0232,0.0891,0.0521,0.037,0.0323,0.034,0.0553,-0.0848,0.1402,0.0088,0.0093,-0.5957,-0.0701,-0.5256,0.0059,0.0062,0.0312,0.0049,0.0361,0.0328,0.0345,0.0476,Tomas.Jurco,F,0.0232,-0.0237
8478843,-0.0284,0.0374,-0.0658,0.0589,0.062,-0.781,0.3168,-1.0978,0.0219,0.0231,0.2176,0.0228,0.1948,0.0323,0.034,0.5178,-0.4889,1.0067,0.0088,0.0093,-1.024,-0.1383,-0.8857,0.0059,0.0062,-0.0115,0.0474,0.036,0.0305,0.0321,0.0443,Denis.Malgin,F,0.0287,0.0167
8482148,0.0422,0.0005,0.0418,0.069,0.0723,0.2959,-0.1572,0.4531,0.022,0.0232,-0.0366,-0.0268,-0.0098,0.0323,0.034,-0.402,0.2566,-0.6587,0.0088,0.0093,0.5557,-0.9659,1.5216,0.0059,0.0062,0.0111,0.0248,0.0359,0.0354,0.0371,0.0513,Hendrix.Lapierre,F,0.0242,0.0212
8475968,-0.0027,0.0112,-0.0139,0.0705,0.0735,0.1239,0.0293,0.0946,0.022,0.0232,0.0022,0.0409,-0.0387,0.0323,0.034,-0.0013,-0.1443,0.1429,0.0088,0.0093,-0.0559,-0.1384,0.0826,0.0059,0.0062,0.0199,0.0159,0.0357,0.0361,0.0377,0.0522,Alex.Belzile,F,-0.0014,0.0146
8478567,0.038,-0.0308,0.0688,0.0619,0.0639,-0.0272,0.2115,-0.2386,0.022,0.0232,0.5977,-0.4069,1.0045,0.0323,0.034,-0.2176,-0.3286,0.111,0.0088,0.0093,-0.8947,1.0232,-1.9179,0.0059,0.0062,0.1691,-0.1338,0.0353,0.0319,0.033,0.0459,Dean.Kukan,D,0.0309,-0.0294
8481219,0.0145,-0.0033,0.0177,0.0684,0.0715,0.7231,-0.1668,0.89,0.022,0.0232,-0.1788,-0.0157,-0.163,0.0323,0.034,-0.4806,0.6332,-1.1138,0.0088,0.0093,1.47,-0.9631,2.4331,0.0059,0.0062,-0.0113,0.0464,0.0351,0.0351,0.0367,0.0508,,?,0.0138,0.0107
8476439,0.0048,-0.0118,0.0166,0.0557,0.0583,-0.5024,0.6299,-1.1322,0.0219,0.0231,0.0516,-0.1217,0.1733,0.0323,0.034,-0.0252,-0.1906,0.1653,0.0088,0.0093,-0.9835,-0.2117,-0.7718,0.0059,0.0062,-0.0238,0.0588,0.0351,0.0289,0.0303,0.0419,Brett.Ritchie,F,0.0365,-0.035
8470886,0.0054,0.018,-0.0127,0.0622,0.0645,-0.1329,0.1521,-0.285,0.022,0.0232,0.0542,0.0347,0.0196,0.0323,0.034,-0.1102,-0.0105,-0.0997,0.0088,0.0093,-0.1545,-0.0513,-0.1031,0.0059,0.0062,-0.0057,0.0409,0.0351,0.0321,0.0333,0.0462,Clayton.Stoner,D,0.0152,0.0032
8482165,0.0008,0.0104,-0.0096,0.0673,0.0706,0.4325,-0.2972,0.7298,0.022,0.0232,0.0142,-0.1337,0.1479,0.0323,0.034,-0.6633,1.0112,-1.6745,0.0088,0.0093,0.4308,-0.7929,1.2238,0.0059,0.0062,0.0114,0.0236,0.035,0.0346,0.0363,0.0501,,D,0.0226,0.0389
8471709,-0.0007,0.0758,-0.0765,0.0419,0.042,-0.4415,0.3116,-0.7531,0.0217,0.0229,-0.8897,0.7026,-1.5923,0.0322,0.034,1.6196,-0.6118,2.2314,0.0088,0.0093,-0.9372,0.9968,-1.9339,0.0059,0.0062,-0.1276,0.1626,0.035,0.0224,0.0226,0.0318,Marc.Edouard.Vlasic,D,0.0312,0.0223
8481743,0.0248,0.0121,0.0128,0.0732,0.0771,0.009,0.0324,-0.0235,0.022,0.0232,0.011,0.0129,-0.002,0.0323,0.0341,0.0126,0.008,0.0046,0.0088,0.0093,-0.0022,-0.0705,0.0683,0.0059,0.0062,0.017,0.017,0.0341,0.0374,0.0394,0.0544,Marc.Del.Gaizo,D,0.0482,0.0226
8474074,0.0168,-0.0112,0.0281,0.0641,0.067,-0.0841,0.1546,-0.2387,0.022,0.0232,0.0328,0.0054,0.0274,0.0323,0.034,0.1419,0.0142,0.1277,0.0088,0.0093,0.0302,-0.1022,0.1324,0.0059,0.0062,0.0103,0.0237,0.034,0.033,0.0345,0.0477,Paul.Postma,D,0.0378,-0.0225
8479520,0.0405,-0.0217,0.0622,0.0627,0.0648,-0.0474,0.3976,-0.445,0.022,0.0232,-0.2028,-0.158,-0.0448,0.0323,0.034,-0.2865,0.8854,-1.1719,0.0088,0.0093,-0.3822,-0.0027,-0.3795,0.0059,0.0062,-0.0334,0.0673,0.0339,0.0323,0.0334,0.0465,Brandon.Duhaime,F,0.0118,0.0333
8477520,0.0196,0.042,-0.0223,0.0715,0.075,-0.0154,0.0281,-0.0435,0.022,0.0232,0.0065,0.0122,-0.0057,0.0323,0.0341,-0.0057,0.0017,-0.0074,0.0088,0.0093,-0.0207,0.0892,-0.1099,0.0059,0.0062,0.0094,0.0244,0.0338,0.0366,0.0384,0.0531,Jean.Sebastien.Dea,F,0.0351,0.0807
8474642,0.0011,0.0432,-0.0421,0.0614,0.0626,-0.149,0.1053,-0.2543,0.022,0.0231,-0.009,0.0508,-0.0598,0.0323,0.034,0.2699,0.1261,0.1438,0.0088,0.0093,-0.31,0.6788,-0.9888,0.0059,0.0062,0.0048,0.029,0.0338,0.0317,0.0324,0.0453,Lance.Bouma,F,0.004,0.0634
8482993,0.036,0.0171,0.0189,0.0725,0.0765,-0.0279,0.0443,-0.0722,0.022,0.0232,0.01,0.0192,-0.0092,0.0323,0.0341,-0.0302,0.029,-0.0592,0.0088,0.0093,0.0716,-0.0291,0.1007,0.0059,0.0062,0.0113,0.0223,0.0337,0.0371,0.0391,0.0539,,?,0.0673,0.0337
8475841,0.02,0.0064,0.0137,0.0653,0.0692,-0.0361,0.12,-0.1562,0.022,0.0232,-0.0614,0.0934,-0.1548,0.0323,0.034,0.2821,-0.288,0.5702,0.0088,0.0093,0.1519,-0.1838,0.3357,0.0059,0.0062,0.0019,0.0318,0.0337,0.0336,0.0356,0.0489,Tim.Heed,D,0.056,-0.0062
8478056,0.0145,0.026,-0.0115,0.0705,0.0739,0.0017,-0.0142,0.0159,0.022,0.0232,0.0097,0.0062,0.0035,0.0323,0.034,0.0639,-0.0264,0.0903,0.0088,0.0093,-0.1598,-0.0775,-0.0823,0.0059,0.0062,0.0199,0.0138,0.0336,0.0361,0.0379,0.0523,Clark.Bishop,F,0.0261,0.0492
8479546,-0.0001,0.0273,-0.0274,0.0715,0.0752,-0.0115,0.0551,-0.0666,0.022,0.0232,0.0371,0.0162,0.0209,0.0323,0.0341,0.0243,-0.0506,0.0749,0.0088,0.0093,-0.1453,0.0647,-0.21,0.0059,0.0062,0.0137,0.0199,0.0335,0.0366,0.0385,0.0531,Oskar.Steen,F,-0.0027,0.0496
8481704,0.0472,-0.0043,0.0515,0.0684,0.071,-0.0071,-0.0307,0.0236,0.022,0.0232,-0.0097,0.0358,-0.0455,0.0323,0.034,0.2974,0.0228,0.2746,0.0088,0.0093,-0.1431,0.3288,-0.4719,0.0059,0.0062,0.044,-0.0107,0.0333,0.0351,0.0365,0.0506,Juuso.Parssinen,F,0.0035,0.0002
8480945,0.0177,0.0001,0.0175,0.0671,0.0699,-0.0468,0.2688,-0.3156,0.022,0.0232,0.0103,-0.0022,0.0124,0.0323,0.034,0.1259,-0.1481,0.274,0.0088,0.0093,-0.0225,0.2565,-0.279,0.0059,0.0062,0.0126,0.0207,0.0333,0.0345,0.0359,0.0498,Juuso.Riikola,D,0.0366,-0.027
8482742,0.0158,0.0255,-0.0097,0.0725,0.0765,0.0075,0.0175,-0.01,0.022,0.0232,-0.0004,0.0101,-0.0104,0.0323,0.0341,0.025,0.0313,-0.0063,0.0088,0.0093,0.0053,-0.0799,0.0851,0.0059,0.0062,0.0102,0.0227,0.0329,0.0371,0.0391,0.0539,,F,0.0365,0.0532
8474625,0.0231,-0.0183,0.0413,0.0608,0.0622,-0.0251,0.0395,-0.0646,0.022,0.0231,0.1689,-0.0961,0.265,0.0323,0.034,0.0878,-0.0541,0.1418,0.0088,0.0093,-0.4305,0.1764,-0.607,0.0059,0.0062,0.0674,-0.0347,0.0328,0.0314,0.0322,0.045,Jimmy.Hayes,F,0.038,-0.0438
8475767,0.025,0.0234,0.0017,0.0728,0.0764,0.0069,0.0099,-0.003,0.022,0.0232,0.0116,0.0114,0.0002,0.0323,0.0341,0.0053,0.0022,0.0031,0.0088,0.0093,-0.0052,-0.0007,-0.0045,0.0059,0.0062,0.0166,0.0159,0.0325,0.0372,0.0391,0.054,Joey.Hishon,F,0.0484,0.0451
8482132,0.0092,0.0286,-0.0193,0.0726,0.0763,-0.0082,0.0153,-0.0235,0.022,0.0232,0.0047,0.0134,-0.0087,0.0323,0.0341,-0.0233,0.0418,-0.0651,0.0088,0.0093,-0.0929,-0.0943,0.0014,0.0059,0.0062,0.0067,0.0258,0.0325,0.0371,0.039,0.0539,,F,0.0188,0.0521
8476913,0.0003,0.0289,-0.0286,0.0549,0.0552,-0.2348,0.2428,-0.4776,0.0219,0.0231,0.0979,-0.233,0.3309,0.0323,0.034,0.4346,0.1789,0.2557,0.0088,0.0093,-1.3981,1.1606,-2.5587,0.0059,0.0062,0.0685,-0.0361,0.0324,0.0286,0.0288,0.0406,Devin.Shore,F,0.0049,0.0288
8475175,0.0,0.0276,-0.0276,0.0597,0.0609,-0.4573,0.3349,-0.7922,0.0219,0.0231,0.1839,-0.1401,0.324,0.0323,0.034,0.097,0.1722,-0.0752,0.0088,0.0093,-0.7722,0.4955,-1.2677,0.0059,0.0062,0.0086,0.0237,0.0323,0.0309,0.0316,0.0441,Magnus.Paajarvi,F,0.0294,-0.0048
8474616,0.0134,0.0359,-0.0224,0.0733,0.0773,0.0033,0.0112,-0.0079,0.022,0.0232,0.0059,0.0159,-0.01,0.0323,0.0341,0.0017,0.0045,-0.0028,0.0088,0.0093,-0.002,-0.0046,0.0027,0.0059,0.0062,0.0087,0.0236,0.0323,0.0375,0.0395,0.0545,Patrice.Cormier,F,0.0261,0.0696
8470207,0.0451,-0.0137,0.0588,0.0666,0.0684,0.009,0.0294,-0.0204,0.022,0.0232,0.0422,-0.0172,0.0594,0.0323,0.034,0.1376,-0.1078,0.2453,0.0088,0.0093,-0.2839,0.1987,-0.4826,0.0059,0.0062,0.0528,-0.0206,0.0322,0.0342,0.0352,0.0491,Joffrey.Lupul,F,0.0795,-0.0263
8474581,0.0308,0.0208,0.01,0.045,0.0467,-0.391,0.6684,-1.0594,0.0218,0.023,-0.2861,-0.1308,-0.1552,0.0322,0.034,0.6725,-1.1436,1.8161,0.0088,0.0093,-1.7529,-0.3631,-1.3898,0.0059,0.0062,0.0043,0.0278,0.0321,0.0238,0.0248,0.0344,Jake.Gardiner,D,0.0438,-0.0333
8481556,-0.005,0.0358,-0.0408,0.0709,0.0739,-0.1011,0.1671,-0.2683,0.022,0.0232,0.0052,0.0348,-0.0296,0.0323,0.034,0.0698,0.1011,-0.0313,0.0088,0.0093,-0.1561,0.4673,-0.6234,0.0059,0.0062,-0.0061,0.038,0.0319,0.0363,0.0379,0.0525,John.Beecher,F,-0.0176,0.0829
8477497,-0.0579,-0.0471,-0.0108,0.0427,0.0438,0.0062,-0.2823,0.2885,0.0218,0.0229,-0.0332,0.3185,-0.3517,0.0322,0.034,-0.2052,-0.2497,0.0445,0.0088,0.0093,0.0009,-2.2563,2.2572,0.0059,0.0062,-0.0477,0.0794,0.0318,0.0227,0.0234,0.0326,Sean.Monahan,F,0.0687,-0.0197
8481521,0.0224,0.0203,0.0021,0.0717,0.0755,0.0015,0.0105,-0.009,0.022,0.0232,0.0172,0.0057,0.0114,0.0323,0.0341,0.0393,0.0105,0.0288,0.0088,0.0093,-0.0222,0.0126,-0.0349,0.0059,0.0062,0.0185,0.0131,0.0316,0.0367,0.0387,0.0533,Ronnie.Attard,D,0.042,0.0404
8476798,0.0113,0.0423,-0.031,0.0713,0.0754,-0.0091,0.0064,-0.0155,0.022,0.0232,0.0047,0.0185,-0.0138,0.0323,0.0341,0.016,0.0006,0.0154,0.0088,0.0093,0.0013,0.0238,-0.0225,0.0059,0.0062,0.0062,0.0253,0.0315,0.0365,0.0386,0.0531,Karl.Stollery,D,0.0207,0.0816
8478474,0.0279,0.0341,-0.0062,0.0516,0.0511,0.5171,0.1579,0.3592,0.0219,0.023,0.3167,-0.6489,0.9656,0.0322,0.034,-0.6543,-0.0436,-0.6107,0.0088,0.0093,-0.3037,-0.044,-0.2597,0.0059,0.0062,0.1341,-0.1029,0.0312,0.027,0.0269,0.0381,Lawson.Crouse,F,0.0258,0.0077
8476244,0.0187,0.0249,-0.0062,0.0695,0.0727,-0.0217,0.04,-0.0616,0.022,0.0232,-0.0023,0.0217,-0.0241,0.0323,0.034,0.0538,-0.0003,0.0541,0.0088,0.0093,0.0288,0.0005,0.0283,0.0059,0.0062,0.0077,0.0232,0.0309,0.0356,0.0373,0.0516,Raphael.Diaz,D,0.0378,0.0451
8484160,0.0122,0.0227,-0.0105,0.0714,0.075,0.1855,0.0417,0.1438,0.022,0.0232,0.0094,-0.0067,0.0161,0.0323,0.0341,-0.0196,0.0547,-0.0743,0.0088,0.0093,0.5559,0.0393,0.5166,0.0059,0.0062,0.0126,0.0178,0.0304,0.0366,0.0384,0.053,,?,0.0292,0.0399
8476162,0.0145,0.0317,-0.0172,0.0724,0.0762,0.0052,0.0097,-0.0045,0.022,0.0232,0.0083,0.0137,-0.0053,0.0323,0.0341,0.0014,-0.0027,0.0041,0.0088,0.0093,-0.0163,0.0115,-0.0278,0.0059,0.0062,0.0106,0.0197,0.0303,0.037,0.039,0.0538,Steve.Oleksy,D,0.0279,0.0612
8482149,0.0635,-0.0011,0.0646,0.0635,0.0666,0.0137,-0.3196,0.3333,0.022,0.0232,0.299,-0.1236,0.4226,0.0323,0.034,-0.6106,-0.4279,-0.1827,0.0088,0.0093,-0.464,-1.2507,0.7867,0.0059,0.0062,0.0815,-0.0513,0.0302,0.0327,0.0343,0.0474,Cole.Perfetti,F,0.0586,-0.0356
8484166,0.0571,-0.0156,0.0727,0.0653,0.0682,0.7542,-0.3778,1.132,0.022,0.0232,-0.2097,0.1983,-0.4081,0.0323,0.034,-0.6032,0.2124,-0.8156,0.0088,0.0093,1.6102,-1.0822,2.6924,0.0059,0.0062,-0.0051,0.0352,0.0301,0.0336,0.0351,0.0486,Adam.Fantilli,F,0.0644,-0.0156
8482516,0.0165,0.0011,0.0153,0.071,0.0744,0.1191,0.0551,0.0639,0.022,0.0232,0.0085,-0.0125,0.021,0.0323,0.034,-0.0897,0.07,-0.1597,0.0088,0.0093,0.074,-0.0024,0.0764,0.0059,0.0062,0.0196,0.0104,0.03,0.0364,0.0381,0.0527,Matthew.Kessel,D,0.0111,-0.0035
8467370,0.0087,0.0454,-0.0367,0.0578,0.0602,-0.036,-0.1007,0.0647,0.0219,0.0231,0.1724,0.0689,0.1035,0.0323,0.034,-0.1258,-0.1978,0.072,0.0088,0.0093,-0.3605,0.6149,-0.9754,0.0059,0.0062,0.0437,-0.0137,0.03,0.0299,0.0312,0.0433,Mike.Fisher,F,0.0216,0.0323
8477472,0.0069,-0.0168,0.0238,0.0672,0.0701,-0.0425,0.2032,-0.2457,0.022,0.0232,0.0703,-0.0825,0.1528,0.0323,0.034,0.0088,-0.0617,0.0705,0.0088,0.0093,0.0167,-0.4233,0.44,0.0059,0.0062,0.0124,0.0172,0.0296,0.0345,0.036,0.0499,Carl.Dahlstrom,D,0.0203,-0.0315
8478839,0.0254,0.0155,0.0098,0.0726,0.0764,0.0067,0.0174,-0.0107,0.022,0.0232,0.0105,0.0062,0.0042,0.0323,0.0341,0.0012,0.01,-0.0088,0.0088,0.0093,0.0167,-0.0461,0.0628,0.0059,0.0062,0.0154,0.0142,0.0296,0.0371,0.0391,0.0539,Aleksi.Saarela,F,0.0485,0.0296
8478176,0.0107,0.0385,-0.0277,0.0715,0.0748,-0.0295,0.0201,-0.0496,0.022,0.0232,-0.0003,0.0189,-0.0192,0.0323,0.0341,0.0322,0.0165,0.0158,0.0088,0.0093,0.0642,-0.0443,0.1085,0.0059,0.0062,0.0002,0.0292,0.0294,0.0366,0.0383,0.053,Joe.Hicketts,D,0.0236,0.0731
8479387,0.0199,0.0323,-0.0124,0.073,0.0769,0.0025,0.0048,-0.0023,0.022,0.0232,0.0021,0.0137,-0.0116,0.0323,0.0341,0.0037,-0.0184,0.0221,0.0088,0.0093,0.0144,0.0013,0.0132,0.0059,0.0062,0.0104,0.0187,0.0292,0.0373,0.0393,0.0542,Keaton.Middleton,D,0.0391,0.0613
8468542,-0.0324,0.0144,-0.0468,0.0517,0.054,-0.3828,0.4623,-0.8452,0.0219,0.0231,-0.3622,0.2477,-0.6099,0.0322,0.034,0.3646,0.3652,-0.0006,0.0088,0.0093,0.7682,-0.9577,1.7259,0.0059,0.0062,-0.1622,0.1913,0.0291,0.027,0.0282,0.0391,Paul.Martin,D,0.0241,-0.0084
8480007,-0.0001,0.0181,-0.0182,0.0706,0.0742,-0.0962,0.1126,-0.2088,0.022,0.0232,-0.023,0.0192,-0.0422,0.0323,0.034,0.2173,-0.0126,0.2299,0.0088,0.0093,-0.1781,0.0261,-0.2042,0.0059,0.0062,0.0006,0.0284,0.029,0.0362,0.038,0.0525,Jonas.Rondbjerg,F,0.0029,0.0264
8480901,0.0392,-0.0291,0.0683,0.064,0.0667,-0.9856,0.6632,-1.6487,0.022,0.0232,0.1813,0.0312,0.1501,0.0323,0.034,0.1239,-0.1113,0.2352,0.0088,0.0093,-0.8226,0.2095,-1.0322,0.0059,0.0062,-0.048,0.0767,0.0287,0.033,0.0344,0.0476,Karson.Kuhlman,F,0.0252,-0.0248
8483525,0.0235,0.0035,0.02,0.0684,0.0712,0.4903,-0.5329,1.0231,0.022,0.0232,0.0887,0.0052,0.0835,0.0323,0.034,-0.4156,0.5609,-0.9765,0.0088,0.0093,0.614,-0.4162,1.0302,0.0059,0.0062,0.0553,-0.0267,0.0286,0.0351,0.0365,0.0507,,?,0.022,0.0137
8474727,0.0034,0.0418,-0.0384,0.0659,0.0681,-0.1,0.1382,-0.2382,0.022,0.0232,-0.0009,0.006,-0.0069,0.0323,0.034,0.0326,-0.0478,0.0804,0.0088,0.0093,-0.2227,0.2301,-0.4528,0.0059,0.0062,-0.0026,0.0309,0.0282,0.0339,0.035,0.0487,Ben.Smith,F,0.0049,0.0719
8484136,0.0162,0.0159,0.0002,0.0691,0.0726,0.1415,-0.2328,0.3742,0.022,0.0232,-0.0308,0.0482,-0.0791,0.0323,0.034,-0.3797,0.1928,-0.5725,0.0088,0.0093,0.3339,-1.1564,1.4903,0.0059,0.0062,-0.0136,0.0415,0.0279,0.0354,0.0372,0.0514,,F,0.0066,0.0285
8483491,0.0271,0.0207,0.0063,0.0731,0.077,0.0058,-0.0024,0.0082,0.022,0.0232,0.0066,0.0185,-0.012,0.0323,0.0341,-0.0064,0.0168,-0.0231,0.0088,0.0093,0.0295,0.0375,-0.008,0.0059,0.0062,0.0143,0.0136,0.0279,0.0374,0.0394,0.0543,,F,0.0516,0.0394
8476379,0.0243,0.0182,0.006,0.0723,0.0762,0.0073,0.0067,0.0006,0.022,0.0232,0.0119,0.0077,0.0042,0.0323,0.0341,0.0007,0.0025,-0.0019,0.0088,0.0093,-0.0052,0.0037,-0.0089,0.0059,0.0062,0.0161,0.0118,0.0279,0.037,0.039,0.0537,Darren.Dietz,D,0.0471,0.0355
8481043,-0.0011,-0.0054,0.0042,0.0697,0.073,0.0562,0.1105,-0.0544,0.022,0.0232,-0.1215,0.0812,-0.2027,0.0323,0.034,0.02,-0.0934,0.1134,0.0088,0.0093,-0.0946,-0.384,0.2893,0.0059,0.0062,-0.0139,0.0415,0.0276,0.0357,0.0374,0.0517,Cole.Koepke,F,0.0125,-0.0003
8476808,-0.0091,0.0127,-0.0217,0.0647,0.0659,0.0008,0.1022,-0.1014,0.022,0.0232,0.0073,0.0085,-0.0013,0.0323,0.034,0.0559,0.1171,-0.0612,0.0088,0.0093,-0.0465,0.136,-0.1824,0.0059,0.0062,0.0024,0.0251,0.0275,0.0333,0.034,0.0476,Brian.Flynn,F,-0.0061,0.0052
8484177,0.0044,0.0232,-0.0188,0.0719,0.0756,0.0673,0.0301,0.0372,0.022,0.0232,-0.0254,0.0208,-0.0462,0.0323,0.0341,-0.0027,-0.0301,0.0274,0.0088,0.0093,0.1525,-0.2034,0.3559,0.0059,0.0062,0.0004,0.027,0.0275,0.0368,0.0387,0.0534,,?,0.0118,0.0409
8470162,-0.0157,0.0376,-0.0533,0.059,0.0603,-0.3611,0.4,-0.7611,0.0219,0.0231,-0.0844,0.1047,-0.1891,0.0323,0.034,-0.1436,0.1003,-0.2439,0.0088,0.0093,-0.123,-0.0962,-0.0268,0.0059,0.0062,-0.0843,0.1117,0.0274,0.0305,0.0313,0.0437,Matt.Stajan,F,0.0041,0.0173
8475598,0.0171,0.0226,-0.0055,0.069,0.0716,-0.0016,0.0548,-0.0564,0.022,0.0232,0.0112,0.0103,0.0009,0.0323,0.034,0.0169,-0.025,0.0419,0.0088,0.0093,0.0279,0.0905,-0.0626,0.0059,0.0062,0.0107,0.0167,0.0273,0.0354,0.0367,0.051,Ryan.Stanton,D,0.035,0.0461
8475715,-0.0043,0.0238,-0.028,0.0592,0.0614,0.0506,0.1623,-0.1117,0.0219,0.0231,-0.0178,0.0822,-0.1001,0.0323,0.034,0.1949,-0.6426,0.8375,0.0088,0.0093,0.0924,-0.0445,0.1369,0.0059,0.0062,0.0095,0.0176,0.0271,0.0306,0.0318,0.0441,Oscar.Lindberg,F,0.0307,0.0124
8484797,0.0288,0.0171,0.0117,0.0726,0.0765,-0.0014,-0.003,0.0016,0.022,0.0232,0.0113,0.0041,0.0072,0.0323,0.0341,0.0174,0.0094,0.008,0.0088,0.0093,0.0349,-0.03,0.0649,0.0059,0.0062,0.0163,0.0108,0.0271,0.0371,0.0391,0.054,,?,0.0558,0.0347
8481638,0.0176,0.0111,0.0065,0.0713,0.0747,0.0008,0.0359,-0.0351,0.022,0.0232,0.0047,0.0056,-0.0009,0.0323,0.0341,0.0694,0.0187,0.0507,0.0088,0.0093,0.0656,-0.0584,0.1241,0.0059,0.0062,0.0115,0.0156,0.0271,0.0365,0.0383,0.0529,Joakim.Nygard,F,0.033,0.0186
8477417,0.0063,0.0205,-0.0142,0.0699,0.0737,-0.0311,0.0146,-0.0457,0.022,0.0232,0.0075,0.0155,-0.008,0.0323,0.034,0.0633,-0.0364,0.0997,0.0088,0.0093,-0.0695,-0.168,0.0984,0.0059,0.0062,0.0067,0.0204,0.0271,0.0358,0.0378,0.0521,Peter.Cehlarik,F,0.0107,0.0374
8477935,0.1183,-0.0285,0.1467,0.0441,0.0462,-0.2435,-0.1331,-0.1104,0.0218,0.023,-0.0982,0.2847,-0.3829,0.0322,0.034,0.074,-0.7084,0.7824,0.0088,0.0093,-0.4473,-0.4441,-0.0032,0.0059,0.0062,0.0234,0.0037,0.027,0.0234,0.0245,0.0339,Sam.Bennett,F,0.0762,0.0055
8480468,-0.005,0.0532,-0.0583,0.0728,0.0768,-0.0246,0.0246,-0.0492,0.022,0.0232,-0.0032,0.0201,-0.0233,0.0323,0.0341,0.0211,0.0036,0.0175,0.0088,0.0093,0.0037,0.0632,-0.0596,0.0059,0.0062,-0.0058,0.0324,0.0266,0.0372,0.0393,0.0541,James.Hamblin,F,-0.0098,0.1041
8474040,0.0138,-0.0647,0.0786,0.05,0.0512,-0.5126,0.2665,-0.7791,0.0219,0.023,1.4689,-1.1057,2.5745,0.0322,0.034,0.1057,-0.7395,0.8452,0.0088,0.0093,-2.3089,1.1338,-3.4426,0.0059,0.0062,0.3519,-0.3254,0.0265,0.0262,0.0269,0.0375,Sam.Gagner,F,0.0486,-0.0402
8474715,0.1238,-0.0984,0.2221,0.0468,0.0472,0.1029,0.2344,-0.1316,0.0218,0.023,1.2725,-1.5563,2.8288,0.0322,0.034,-0.0616,0.2332,-0.2947,0.0088,0.0093,-1.5832,1.1991,-2.7823,0.0059,0.0062,0.4169,-0.3904,0.0265,0.0247,0.025,0.0351,Cam.Atkinson,F,0.0836,-0.0205
8481554,-0.0382,0.052,-0.0902,0.0549,0.0564,-0.6368,0.1927,-0.8296,0.0219,0.0231,0.2452,-0.1131,0.3583,0.0323,0.034,0.3395,-0.2678,0.6073,0.0088,0.0093,-0.6287,-0.6885,0.0598,0.0059,0.0062,-0.0152,0.0415,0.0263,0.0286,0.0294,0.041,Kaapo.Kakko,F,0.0248,-0.0254
8475147,0.0117,-0.0052,0.0169,0.0675,0.0699,-0.0129,0.0984,-0.1113,0.022,0.0232,0.0221,-0.0182,0.0402,0.0323,0.034,0.12,-0.0271,0.1471,0.0088,0.0093,-0.2149,0.1198,-0.3347,0.0059,0.0062,0.0246,0.0017,0.0263,0.0347,0.0359,0.0499,Jordan.Schroeder,F,0.02,-0.0166
8471879,0.0189,0.0228,-0.0039,0.0722,0.0762,0.0031,0.0063,-0.0032,0.022,0.0232,0.0073,0.0098,-0.0025,0.0323,0.0341,0.0001,0.0028,-0.0027,0.0088,0.0093,0.0016,-0.0028,0.0044,0.0059,0.0062,0.0115,0.0148,0.0262,0.0369,0.039,0.0537,Kyle.Cumiskey,D,0.0369,0.0443
8474131,-0.0055,0.0119,-0.0174,0.0693,0.072,-0.072,0.1288,-0.2007,0.022,0.0232,-0.0024,0.0518,-0.0541,0.0323,0.034,-0.0562,0.0296,-0.0858,0.0088,0.0093,0.0115,-0.1364,0.1478,0.0059,0.0062,-0.0179,0.0439,0.026,0.0355,0.0369,0.0513,Mario.Kempe,F,-0.009,0.0155
8482074,0.0132,-0.016,0.0292,0.0675,0.0706,0.5465,-0.0685,0.615,0.022,0.0232,-0.047,0.1194,-0.1664,0.0323,0.034,-0.7017,-0.0734,-0.6283,0.0088,0.0093,0.5616,-0.2151,0.7767,0.0059,0.0062,0.0137,0.0122,0.0259,0.0347,0.0363,0.0502,Connor.Zary,F,0.038,-0.0141
8476458,0.0412,-0.0894,0.1307,0.0434,0.0437,0.3815,0.043,0.3384,0.0218,0.0229,1.1165,-1.0319,2.1483,0.0322,0.034,0.4717,-0.4897,0.9615,0.0088,0.0093,-0.4142,1.1945,-1.6087,0.0059,0.0062,0.3683,-0.3424,0.0259,0.0231,0.0234,0.0328,Ryan.Strome,F,0.0409,-0.0346
8473544,-0.1069,0.0378,-0.1447,0.0451,0.0459,-0.3031,0.7015,-1.0046,0.0218,0.023,-0.1605,0.0368,-0.1973,0.0322,0.034,0.1465,-0.6074,0.754,0.0088,0.0093,0.0394,-1.4173,1.4567,0.0059,0.0062,-0.127,0.1525,0.0255,0.0239,0.0244,0.0341,Derick.Brassard,F,0.041,-0.045
8476447,-0.0099,0.0422,-0.0521,0.0635,0.066,-0.217,0.0814,-0.2983,0.022,0.0232,0.025,0.064,-0.039,0.0323,0.034,0.1357,-0.1505,0.2862,0.0088,0.0093,-0.4371,0.165,-0.6021,0.0059,0.0062,-0.0064,0.0318,0.0254,0.0327,0.034,0.0472,Miikka.Salomaki,F,0.0072,0.057
8476617,0.0185,0.0174,0.0011,0.0712,0.0754,0.0047,0.0062,-0.0015,0.022,0.0232,0.0036,0.0145,-0.0109,0.0323,0.0341,0.0044,-0.0233,0.0277,0.0088,0.0093,-0.0186,-0.0553,0.0367,0.0059,0.0062,0.0118,0.0136,0.0254,0.0365,0.0386,0.0531,Tomas.Hyka,F,0.0362,0.0332
8478854,0.0201,0.0048,0.0153,0.0659,0.0691,-0.0097,-0.2243,0.2145,0.022,0.0232,-0.3608,0.2213,-0.5821,0.0323,0.034,-0.4438,0.9536,-1.3974,0.0088,0.0093,0.306,-1.5096,1.8156,0.0059,0.0062,-0.1096,0.135,0.0254,0.0339,0.0355,0.0491,Ryan.Shea,D,0.0095,0.0074
8469664,0.0299,0.0124,0.0175,0.0695,0.0727,-0.032,0.022,-0.0541,0.022,0.0232,0.0201,0.0036,0.0164,0.0323,0.034,-0.0011,-0.0001,-0.0009,0.0088,0.0093,-0.0672,0.0536,-0.1208,0.0059,0.0062,0.0172,0.0081,0.0253,0.0356,0.0373,0.0516,David.Moss,F,0.0573,0.0228
8482737,0.0225,-0.007,0.0295,0.0683,0.0712,0.0553,-0.2268,0.2821,0.022,0.0232,0.118,0.101,0.017,0.0323,0.034,-0.3731,0.1704,-0.5435,0.0088,0.0093,-0.2725,0.0939,-0.3665,0.0059,0.0062,0.034,-0.0088,0.0252,0.035,0.0365,0.0506,,F,0.037,0.0274
8470169,-0.002,0.0068,-0.0088,0.0671,0.0679,-0.1004,0.186,-0.2864,0.022,0.0232,0.0115,-0.0155,0.027,0.0323,0.034,0.0806,0.0772,0.0034,0.0088,0.0093,-0.2441,0.2148,-0.4589,0.0059,0.0062,0.0011,0.0239,0.025,0.0345,0.0349,0.0491,Gregory.Campbell,F,-0.0027,0.0042
8466378,0.0406,-0.0085,0.0491,0.0663,0.0687,0.0793,0.0089,0.0704,0.022,0.0232,0.0121,-0.0167,0.0288,0.0323,0.034,0.0715,-0.0267,0.0982,0.0088,0.0093,0.0016,0.1552,-0.1536,0.0059,0.0062,0.0391,-0.0144,0.0247,0.0341,0.0353,0.0491,Martin.St..Louis,F,0.074,-0.0122
8478028,0.0034,0.0263,-0.0229,0.0708,0.075,-0.1611,0.0392,-0.2002,0.022,0.0232,0.0184,0.0441,-0.0257,0.0323,0.0341,0.0114,-0.0711,0.0826,0.0088,0.0093,-0.3658,-0.0813,-0.2845,0.0059,0.0062,-0.0031,0.0277,0.0246,0.0363,0.0384,0.0528,Fredrik.Olofsson,F,0.0133,0.0418
8476873,-0.0701,0.0254,-0.0955,0.0557,0.0576,-0.0591,0.5609,-0.6199,0.0219,0.0231,-0.0608,0.0355,-0.0963,0.0323,0.034,-0.2557,0.2013,-0.457,0.0088,0.0093,0.9636,-0.4733,1.4369,0.0059,0.0062,-0.1112,0.1357,0.0245,0.0289,0.03,0.0417,Mark.Jankowski,F,0.0124,0.0357
8477851,0.0108,-0.0021,0.0128,0.0519,0.0519,-0.6338,0.3651,-0.9989,0.0219,0.0231,0.6887,-0.3582,1.0469,0.0322,0.034,-0.1127,0.1252,-0.2379,0.0088,0.0093,-1.1281,1.4588,-2.5869,0.0059,0.0062,0.1002,-0.0759,0.0243,0.0271,0.0272,0.0384,Jordan.Oesterle,D,0.0317,0.0049
8480053,0.0267,-0.0023,0.029,0.0717,0.0752,-0.0073,0.0259,-0.0332,0.022,0.0232,0.022,-0.0004,0.0224,0.0323,0.0341,0.0001,-0.043,0.0431,0.0088,0.0093,-0.0852,-0.092,0.0068,0.0059,0.0062,0.0205,0.0037,0.0243,0.0367,0.0385,0.0532,Alexander.Chmelevski,F,0.0511,-0.0039
8481812,-0.0019,0.0074,-0.0093,0.0669,0.0693,-0.5898,0.3855,-0.9753,0.022,0.0232,0.0678,0.0572,0.0106,0.0323,0.034,0.1416,-0.1349,0.2765,0.0088,0.0093,-1.0525,0.4444,-1.4968,0.0059,0.0062,-0.0239,0.0482,0.0243,0.0344,0.0356,0.0495,Nikolai.Knyzhov,D,0.0061,-0.0031
8479315,0.0012,0.0024,-0.0012,0.0676,0.0707,-0.0941,-0.1119,0.0178,0.022,0.0232,-0.0166,0.019,-0.0357,0.0323,0.034,0.2371,-0.0074,0.2445,0.0088,0.0093,-0.5536,-0.4207,-0.1328,0.0059,0.0062,0.0192,0.005,0.0242,0.0347,0.0363,0.0502,Joey.Anderson,F,-0.0027,0.02
8475739,0.0105,0.0236,-0.0131,0.0708,0.0741,-0.0175,0.0314,-0.0489,0.022,0.0232,0.0076,0.0136,-0.006,0.0323,0.034,-0.0073,-0.0065,-0.0008,0.0088,0.0093,-0.0286,-0.0001,-0.0285,0.0059,0.0062,0.005,0.0191,0.0241,0.0363,0.038,0.0525,Michael.Bournival,F,0.0211,0.0448
8483506,0.0479,-0.0196,0.0675,0.0696,0.0726,0.3077,-0.3056,0.6133,0.022,0.0232,-0.0482,-0.0495,0.0013,0.0323,0.034,-0.2895,0.275,-0.5645,0.0088,0.0093,0.2872,-1.0798,1.367,0.0059,0.0062,0.0306,-0.0068,0.0238,0.0357,0.0372,0.0516,,D,0.0748,-0.0635
8480879,-0.0062,0.0445,-0.0507,0.0661,0.0682,-0.1103,0.395,-0.5053,0.022,0.0232,-0.2049,0.3814,-0.5863,0.0323,0.034,-0.3899,-0.1655,-0.2244,0.0088,0.0093,1.0212,0.0753,0.9459,0.0059,0.0062,-0.129,0.1525,0.0235,0.034,0.0351,0.0488,Jacob.Bernard.Docker,D,0.0186,0.0172
8480252,0.0216,0.0079,0.0137,0.0723,0.0758,0.018,0.0325,-0.0145,0.022,0.0232,0.01,0.0105,-0.0005,0.0323,0.0341,0.0415,-0.022,0.0636,0.0088,0.0093,0.0113,0.1038,-0.0926,0.0059,0.0062,0.0177,0.0057,0.0234,0.037,0.0388,0.0536,Cole.Guttman,F,0.0381,0.0162
8481703,0.0162,0.0158,0.0004,0.0733,0.0773,0.0168,0.0055,0.0113,0.022,0.0232,0.0062,0.0064,-0.0002,0.0323,0.0341,0.0073,0.0047,0.0026,0.0088,0.0093,0.0023,-0.0149,0.0172,0.0059,0.0062,0.0123,0.011,0.0233,0.0375,0.0395,0.0545,Valtteri.Puustinen,F,0.031,0.0306
8479972,0.0127,0.0078,0.0049,0.0702,0.0734,-0.1348,0.1805,-0.3154,0.022,0.0232,0.02,-0.0297,0.0497,0.0323,0.034,-0.052,-0.0473,-0.0046,0.0088,0.0093,-0.3444,-0.0008,-0.3435,0.0059,0.0062,0.0012,0.0216,0.0228,0.036,0.0376,0.052,Mason.Shaw,F,0.0296,0.0102
8479373,0.0238,0.002,0.0218,0.0687,0.0717,-0.295,0.2122,-0.5072,0.022,0.0232,0.0361,-0.0303,0.0664,0.0323,0.034,0.1504,0.0782,0.0722,0.0088,0.0093,-0.3549,0.1714,-0.5264,0.0059,0.0062,-0.0012,0.024,0.0228,0.0352,0.0368,0.0509,Jonathan.Dahlen,F,0.0486,0.0129
8476480,0.0423,0.0255,0.0168,0.0464,0.0472,0.0064,0.0456,-0.0392,0.0218,0.023,0.1831,-0.0972,0.2802,0.0322,0.034,0.1087,-0.5114,0.6202,0.0088,0.0093,-0.359,0.7004,-1.0593,0.0059,0.0062,0.0833,-0.0605,0.0228,0.0245,0.025,0.035,Vladislav.Namestnikov,F,0.0271,-0.0103
8474659,0.0243,0.0104,0.0139,0.0718,0.0757,0.009,0.0041,0.0048,0.022,0.0232,0.0097,0.0071,0.0026,0.0323,0.0341,0.0066,-0.0008,0.0074,0.0088,0.0093,0.0139,0.0077,0.0062,0.0059,0.0062,0.0155,0.007,0.0225,0.0367,0.0387,0.0534,Matt.Donovan,D,0.0472,0.0202
8477901,0.0188,0.0044,0.0144,0.0662,0.0693,-0.0319,-0.0369,0.005,0.022,0.0232,0.0293,0.0079,0.0214,0.0323,0.034,0.125,-0.0658,0.1908,0.0088,0.0093,-0.3374,0.1107,-0.4481,0.0059,0.0062,0.0321,-0.01,0.0221,0.034,0.0356,0.0493,Daniel.Carr,F,0.0424,0.0006
8471309,0.0477,-0.0071,0.0548,0.071,0.075,0.0128,-0.0121,0.0249,0.022,0.0232,0.0241,-0.0091,0.0331,0.0323,0.0341,-0.0002,-0.0066,0.0064,0.0088,0.0093,-0.0132,0.0423,-0.0555,0.0059,0.0062,0.0316,-0.0095,0.0221,0.0364,0.0384,0.0529,Johan.Franzen,F,0.0929,-0.0133
8474772,0.0125,0.0203,-0.0078,0.0732,0.0769,0.004,0.0077,-0.0037,0.022,0.0232,0.0058,0.0096,-0.0038,0.0323,0.0341,0.0015,0.0024,-0.0009,0.0088,0.0093,-0.0001,-0.0043,0.0042,0.0059,0.0062,0.0082,0.0137,0.022,0.0374,0.0393,0.0543,Stu.Bickel,D,0.0242,0.0393
8483424,-0.0071,0.0295,-0.0366,0.0724,0.0762,-0.0215,0.0244,-0.0459,0.022,0.0232,0.0011,0.0348,-0.0338,0.0323,0.0341,-0.0018,-0.0246,0.0228,0.0088,0.0093,0.0479,-0.1466,0.1945,0.0059,0.0062,-0.0086,0.0305,0.0219,0.037,0.039,0.0538,Owen.Beck,F,-0.0142,0.0584
8475342,0.0099,0.024,-0.0141,0.0733,0.0773,0.0028,0.0065,-0.0038,0.022,0.0232,0.0041,0.0104,-0.0063,0.0323,0.0341,0.001,0.0031,-0.0021,0.0088,0.0093,-0.001,-0.0017,0.0006,0.0059,0.0062,0.0064,0.0155,0.0219,0.0375,0.0395,0.0545,Oliver.Lauridsen,D,0.0192,0.0465
8479525,0.0474,-0.0628,0.1102,0.057,0.0598,-0.2211,-0.229,0.0078,0.0219,0.0231,0.4715,-0.0057,0.4772,0.0323,0.034,0.0352,-0.527,0.5621,0.0088,0.0093,-1.0471,0.4471,-1.4942,0.0059,0.0062,0.1383,-0.1165,0.0218,0.0296,0.031,0.0429,Ross.Colton,F,0.0822,0.0214
8482133,0.0142,0.0191,-0.0049,0.0717,0.0751,-0.065,0.0599,-0.1249,0.022,0.0232,-0.0281,0.0213,-0.0494,0.0323,0.0341,0.0653,0.0305,0.0348,0.0088,0.0093,-0.0098,-0.0284,0.0186,0.0059,0.0062,-0.0045,0.0262,0.0217,0.0367,0.0385,0.0532,Thomas.Bordeleau,F,0.0319,0.0372
8479466,0.0095,0.0335,-0.024,0.0702,0.0738,-0.0832,0.0406,-0.1238,0.022,0.0232,0.0064,0.0219,-0.0156,0.0323,0.034,0.0123,0.0605,-0.0482,0.0088,0.0093,0.0425,0.0587,-0.0162,0.0059,0.0062,-0.0073,0.0289,0.0217,0.036,0.0378,0.0522,Patrick.Russell,F,0.0212,0.0587
8477046,0.0077,0.0357,-0.028,0.0606,0.0637,-0.8064,0.4693,-1.2757,0.0219,0.0232,0.0785,0.1265,-0.0479,0.0323,0.034,0.22,-0.5876,0.8077,0.0088,0.0093,-0.4462,-0.2383,-0.2079,0.0059,0.0062,-0.0688,0.0904,0.0216,0.0313,0.0329,0.0454,Joakim.Ryan,D,0.032,0.0131
8480891,0.0219,-0.006,0.0279,0.07,0.0732,0.0463,-0.0687,0.1151,0.022,0.0232,0.0476,0.0555,-0.0078,0.0323,0.034,0.1047,-0.1143,0.219,0.0088,0.0093,-0.1593,0.2903,-0.4497,0.0059,0.0062,0.041,-0.0196,0.0215,0.0359,0.0375,0.0519,Michael.Kesselring,D,0.0508,-0.0185
8468501,0.0094,0.0245,-0.0151,0.0698,0.0734,0.003,0.0134,-0.0104,0.022,0.0232,-0.0007,0.0063,-0.0071,0.0323,0.034,0.0115,0.0088,0.0027,0.0088,0.0093,-0.0206,0.0294,-0.05,0.0059,0.0062,0.0065,0.015,0.0215,0.0358,0.0376,0.0519,Anton.Volchenkov,D,0.0194,0.0469
8479933,-0.0017,-0.0152,0.0135,0.0697,0.0728,-0.0461,0.0708,-0.117,0.022,0.0232,0.0073,0.0299,-0.0225,0.0323,0.034,-0.0087,0.1032,-0.1119,0.0088,0.0093,-0.3874,0.0825,-0.4699,0.0059,0.0062,0.0088,0.0125,0.0213,0.0357,0.0373,0.0517,Gerald.Mayhew,F,-0.0002,-0.0304
8476966,0.0011,-0.0004,0.0016,0.0688,0.0714,0.0448,0.0292,0.0156,0.022,0.0232,0.0336,-0.0036,0.0372,0.0323,0.034,0.0434,-0.1316,0.175,0.0088,0.0093,-0.2549,0.0407,-0.2957,0.0059,0.0062,0.0275,-0.0061,0.0213,0.0353,0.0366,0.0509,Gemel.Smith,F,-0.0022,0.0005
8466393,0.0277,-0.0044,0.0322,0.0709,0.0743,0.0222,0.0084,0.0138,0.022,0.0232,0.0165,-0.0051,0.0216,0.0323,0.034,0.0032,0.0101,-0.007,0.0088,0.0093,-0.0503,0.0091,-0.0595,0.0059,0.0062,0.023,-0.0018,0.0212,0.0363,0.0381,0.0526,Pascal.Dupuis,F,0.0538,-0.009
8479576,-0.0001,0.038,-0.0381,0.0664,0.0692,-0.0552,0.1305,-0.1857,0.022,0.0232,0.1706,0.0754,0.0952,0.0323,0.034,-0.3316,-0.5958,0.2642,0.0088,0.0093,-0.236,0.4268,-0.6628,0.0059,0.0062,0.0187,0.0023,0.0211,0.0341,0.0356,0.0493,Vincent.Desharnais,D,0.001,0.0467
8477936,-0.0087,0.006,-0.0147,0.0667,0.0688,-0.3481,0.1543,-0.5024,0.022,0.0232,0.0522,0.0287,0.0235,0.0323,0.034,0.0734,-0.0808,0.1541,0.0088,0.0093,-0.0098,-0.8425,0.8327,0.0059,0.0062,-0.0403,0.0613,0.021,0.0343,0.0354,0.0493,Michael.Dal.Colle,F,-0.0027,-0.0256
8476456,-0.0059,-0.0484,0.0424,0.0428,0.0448,0.2653,0.3078,-0.0425,0.0218,0.0229,0.581,-0.339,0.92,0.0322,0.034,-0.0111,-1.441,1.4299,0.0088,0.0093,0.4299,-0.3328,0.7627,0.0059,0.0062,0.1468,-0.1258,0.021,0.0228,0.0239,0.033,Jonathan.Huberdeau,F,0.0691,-0.0087
8471703,0.0135,0.0018,0.0117,0.0682,0.071,0.0003,0.0719,-0.0716,0.022,0.0232,0.0317,0.0008,0.0309,0.0323,0.034,-0.0238,-0.0601,0.0363,0.0088,0.0093,-0.1991,0.1932,-0.3924,0.0059,0.0062,0.0203,0.0005,0.0208,0.035,0.0365,0.0505,Steve.Downie,F,0.0275,0.0015
8473584,0.0125,0.0403,-0.0278,0.0548,0.0553,0.0827,0.2457,-0.163,0.0219,0.0231,-0.1725,0.1143,-0.2869,0.0323,0.034,0.4516,-0.3269,0.7785,0.0088,0.0093,0.0837,1.1574,-1.0737,0.0059,0.0062,0.0045,0.0162,0.0207,0.0285,0.0289,0.0406,Andrew.MacDonald,D,0.0198,0.0584
8482460,-0.0016,0.0073,-0.0089,0.0719,0.0753,0.0571,0.0482,0.0089,0.022,0.0232,-0.0089,0.031,-0.04,0.0323,0.0341,-0.1207,0.02,-0.1407,0.0088,0.0093,0.0463,-0.1255,0.1718,0.0059,0.0062,-0.0033,0.0239,0.0206,0.0368,0.0386,0.0533,,F,-0.0037,0.0032
8482749,0.0243,0.0153,0.009,0.0731,0.0772,0.0055,-0.0147,0.0202,0.022,0.0232,0.0099,0.0031,0.0068,0.0323,0.0341,0.0051,0.0087,-0.0036,0.0088,0.0093,0.0164,0.0239,-0.0075,0.0059,0.0062,0.0148,0.0057,0.0205,0.0374,0.0395,0.0544,,F,0.0471,0.0301
8471717,-0.0228,0.0421,-0.0648,0.0548,0.0557,-0.3137,0.0986,-0.4123,0.0219,0.0231,-0.066,0.2431,-0.3091,0.0323,0.034,0.3077,0.0059,0.3018,0.0088,0.0093,-0.0762,0.4455,-0.5217,0.0059,0.0062,-0.0515,0.0719,0.0204,0.0285,0.0291,0.0407,Adam.McQuaid,D,0.0114,0.0227
8476200,0.0055,0.0291,-0.0236,0.0722,0.0757,-0.0029,0.0102,-0.0131,0.022,0.0232,0.0011,0.0095,-0.0084,0.0323,0.0341,0.0089,0.0005,0.0083,0.0088,0.0093,-0.0085,0.0316,-0.0401,0.0059,0.0062,0.0034,0.0169,0.0204,0.0369,0.0387,0.0535,Paul.Thompson,F,0.0112,0.057
8482078,0.0708,-0.0661,0.1369,0.0579,0.0594,0.0529,0.4285,-0.3756,0.0219,0.0231,0.3421,-0.6202,0.9623,0.0323,0.034,0.169,0.0021,0.1669,0.0088,0.0093,-0.9477,1.0397,-1.9873,0.0059,0.0062,0.1666,-0.1467,0.02,0.03,0.0308,0.043,Lucas.Raymond,F,0.0614,-0.014
8476894,0.0004,0.0199,-0.0195,0.0629,0.0653,-0.1562,0.1561,-0.3123,0.022,0.0232,-0.0624,0.1705,-0.2329,0.0323,0.034,0.2436,-0.2946,0.5382,0.0088,0.0093,0.1533,0.1169,0.0364,0.0059,0.0062,-0.0285,0.0485,0.02,0.0324,0.0337,0.0467,Brendan.Leipsic,F,0.0239,-0.0069
8485402,0.0463,-0.0054,0.0517,0.0709,0.0749,0.0135,-0.1468,0.1604,0.022,0.0232,0.0672,-0.0039,0.071,0.0323,0.0341,-0.0593,0.0951,-0.1544,0.0088,0.0093,0.1226,-0.2038,0.3264,0.0059,0.0062,0.0315,-0.0117,0.0198,0.0363,0.0384,0.0528,,?,0.0677,-0.0133
8474497,0.0204,0.001,0.0194,0.0715,0.0749,0.0131,0.011,0.0022,0.022,0.0232,0.0104,0.0003,0.0102,0.0323,0.0341,0.0056,0.0055,0.0002,0.0088,0.0093,-0.0253,-0.0329,0.0076,0.0059,0.0062,0.0158,0.0039,0.0197,0.0366,0.0384,0.053,Michael.Kostka,D,0.0394,0.0018
8468598,0.0294,0.0004,0.0291,0.0671,0.0711,-0.0198,-0.0171,-0.0027,0.022,0.0232,-0.0014,0.0143,-0.0157,0.0323,0.034,0.1259,-0.079,0.2049,0.0088,0.0093,-0.0042,-0.1101,0.1059,0.0059,0.0062,0.0191,0.0004,0.0196,0.0345,0.0365,0.0502,Lubomir.Visnovsky,D,0.0567,-0.0034
8480839,0.0605,-0.042,0.1025,0.047,0.0484,-0.5777,-0.0231,-0.5546,0.0218,0.023,0.884,-0.3905,1.2745,0.0322,0.034,0.5114,-0.4169,0.9283,0.0088,0.0093,-0.34,0.6834,-1.0233,0.0059,0.0062,0.1824,-0.1627,0.0196,0.0248,0.0256,0.0356,Rasmus.Dahlin,D,0.0838,-0.0391
8480037,0.0264,0.0168,0.0095,0.0716,0.0753,-0.0489,0.0123,-0.0612,0.022,0.0232,0.0126,-0.0058,0.0184,0.0323,0.0341,0.0195,0.043,-0.0235,0.0088,0.0093,0.0608,-0.0127,0.0735,0.0059,0.0062,0.0074,0.0121,0.0194,0.0367,0.0386,0.0532,Aleksi.Heponiemi,F,0.0547,0.0329
8480245,0.0241,-0.0026,0.0266,0.0725,0.0761,-0.007,0.0217,-0.0287,0.022,0.0232,0.0194,0.006,0.0134,0.0323,0.0341,-0.0036,-0.0103,0.0068,0.0088,0.0093,0.0058,-0.0465,0.0523,0.0059,0.0062,0.0148,0.0045,0.0193,0.0371,0.0389,0.0538,Olle.Lycksell,F,0.0452,-0.0072
8479421,0.0049,0.0233,-0.0184,0.0704,0.0745,-0.055,0.0469,-0.1019,0.022,0.0232,0.0119,-0.0271,0.0391,0.0323,0.034,0.0863,-0.0136,0.1,0.0088,0.0093,-0.2576,0.1238,-0.3814,0.0059,0.0062,0.0123,0.007,0.0193,0.0361,0.0382,0.0525,Jacob.Moverare,D,0.0072,0.0513
8473658,0.0105,0.0079,0.0026,0.0695,0.0724,0.007,0.0269,-0.0199,0.022,0.0232,0.0084,0.0046,0.0038,0.0323,0.034,0.0025,0.0047,-0.0022,0.0088,0.0093,-0.0402,-0.0009,-0.0393,0.0059,0.0062,0.0099,0.0093,0.0192,0.0356,0.0371,0.0515,Victor.Bartley,D,0.0196,0.0134
8475613,-0.0103,0.0518,-0.0621,0.0614,0.062,-0.3599,0.1444,-0.5043,0.022,0.0231,-0.015,0.1213,-0.1363,0.0323,0.034,0.4003,0.4077,-0.0074,0.0088,0.0093,-0.4026,1.4289,-1.8316,0.0059,0.0062,-0.0223,0.0416,0.0192,0.0317,0.0321,0.0451,Nate.Prosser,D,0.0043,0.063
8470640,0.019,0.0132,0.0057,0.0717,0.0754,0.0074,-0.0037,0.0111,0.022,0.0232,0.0102,0.0045,0.0057,0.0323,0.0341,-0.002,0.0086,-0.0106,0.0088,0.0093,0.0122,0.0186,-0.0064,0.0059,0.0062,0.0122,0.0068,0.0191,0.0367,0.0386,0.0533,Matt.Carle,D,0.0365,0.0265
8474135,0.0074,0.0256,-0.0181,0.0693,0.0724,-0.026,0.0352,-0.0612,0.022,0.0232,-0.0012,0.0185,-0.0197,0.0323,0.034,0.044,-0.0509,0.0949,0.0088,0.0093,0.0127,0.0464,-0.0337,0.0059,0.0062,0.0017,0.0172,0.0189,0.0355,0.0371,0.0514,Brett.Bellemore,D,0.0157,0.0472
8482408,0.0094,0.0342,-0.0248,0.07,0.0737,0.1555,-0.2763,0.4317,0.022,0.0232,-0.0688,0.1663,-0.2351,0.0323,0.034,-0.1773,0.2024,-0.3797,0.0088,0.0093,0.4992,-0.3064,0.8056,0.0059,0.0062,-0.0177,0.0366,0.0189,0.0359,0.0378,0.0521,Jeff.Malott,F,0.0206,0.0776
8482740,0.0237,-0.0382,0.0619,0.0604,0.0619,0.5354,-0.287,0.8225,0.0219,0.0231,-0.1073,0.2461,-0.3533,0.0323,0.034,0.093,-0.4272,0.5202,0.0088,0.0093,0.0739,0.4731,-0.3992,0.0059,0.0062,0.0712,-0.0526,0.0186,0.0312,0.032,0.0447,Wyatt.Johnston,F,0.0826,-0.0032
8485493,0.0217,-0.0184,0.0401,0.0718,0.0758,0.1436,-0.1137,0.2573,0.022,0.0232,0.03,0.0098,0.0202,0.0323,0.0341,0.0087,0.0362,-0.0275,0.0088,0.0093,0.0793,-0.1013,0.1806,0.0059,0.0062,0.0363,-0.0179,0.0185,0.0367,0.0388,0.0534,,?,0.0407,-0.0283
8471767,0.0086,0.0202,-0.0116,0.0732,0.0772,0.0019,0.0039,-0.002,0.022,0.0232,0.0038,0.0084,-0.0047,0.0323,0.0341,0.001,0.0028,-0.0018,0.0088,0.0093,-0.0001,0.0,-0.0002,0.0059,0.0062,0.0055,0.0127,0.0182,0.0374,0.0395,0.0544,Blair.Jones,F,0.0167,0.0393
8470189,0.009,0.0191,-0.0101,0.0733,0.0774,0.0024,0.0058,-0.0035,0.022,0.0232,0.0039,0.0083,-0.0043,0.0323,0.0341,0.0009,0.0024,-0.0015,0.0088,0.0093,0.0002,-0.002,0.0022,0.0059,0.0062,0.0058,0.0125,0.0182,0.0375,0.0396,0.0545,David.Van.Der.Gulik,F,0.0175,0.037
8466140,0.0292,-0.0074,0.0366,0.0693,0.0727,-0.0301,0.039,-0.0691,0.022,0.0232,0.0219,-0.0032,0.0252,0.0323,0.034,0.0183,-0.0091,0.0274,0.0088,0.0093,-0.0925,0.0606,-0.1532,0.0059,0.0062,0.0197,-0.0015,0.0182,0.0355,0.0373,0.0515,Olli.Jokinen,F,0.057,-0.0159
8471862,0.0234,0.0046,0.0187,0.0702,0.0739,-0.0154,-0.0014,-0.014,0.022,0.0232,0.0073,-0.0031,0.0104,0.0323,0.034,0.0346,0.0123,0.0223,0.0088,0.0093,-0.0652,-0.0084,-0.0568,0.0059,0.0062,0.0157,0.0025,0.0182,0.036,0.0379,0.0522,Colin.Greening,F,0.046,0.01
8476429,-0.0498,0.0969,-0.1467,0.0453,0.0454,-0.077,0.3168,-0.3938,0.0218,0.023,-0.5775,0.3487,-0.9261,0.0322,0.034,0.1572,0.3212,-0.164,0.0088,0.0093,0.4959,-0.0006,0.4965,0.0059,0.0062,-0.1739,0.192,0.0181,0.024,0.0242,0.034,Scott.Mayfield,D,0.0283,0.047
8473449,0.0312,-0.0435,0.0747,0.047,0.0477,-0.5981,0.5693,-1.1674,0.0218,0.023,1.3169,-1.4206,2.7375,0.0322,0.034,0.0287,0.142,-0.1134,0.0088,0.0093,-1.4042,0.3811,-1.7853,0.0059,0.0062,0.2735,-0.2556,0.0179,0.0248,0.0252,0.0354,Kyle.Okposo,F,0.0547,-0.012
8471236,0.0259,-0.0041,0.03,0.0695,0.0711,0.0152,0.0139,0.0013,0.022,0.0232,0.028,-0.0216,0.0496,0.0323,0.034,0.0253,0.0597,-0.0344,0.0088,0.0093,-0.0774,0.1749,-0.2523,0.0059,0.0062,0.026,-0.0081,0.0179,0.0356,0.0365,0.051,Andrej.Meszaros,D,0.0467,-0.007
8475730,-0.0038,0.0332,-0.037,0.0596,0.0623,-0.3541,0.1739,-0.528,0.0219,0.0231,-0.1118,0.0606,-0.1724,0.0323,0.034,0.2611,0.4414,-0.1803,0.0088,0.0093,-0.5042,0.5247,-1.0289,0.0059,0.0062,-0.0438,0.0615,0.0177,0.0308,0.0322,0.0446,Stephen.Johns,D,0.035,0.0532
8483468,0.0191,0.0133,0.0058,0.0722,0.076,-0.0159,-0.0228,0.0069,0.022,0.0232,0.0032,0.0131,-0.0099,0.0323,0.0341,-0.0217,0.0719,-0.0936,0.0088,0.0093,0.0239,-0.0403,0.0643,0.0059,0.0062,0.0056,0.012,0.0176,0.0369,0.0389,0.0536,,F,0.0398,0.0239
8482667,0.0581,-0.0111,0.0692,0.0658,0.0682,0.6178,-0.4721,1.09,0.022,0.0232,-0.108,0.2242,-0.3321,0.0323,0.034,-0.4357,0.2958,-0.7315,0.0088,0.0093,1.5675,-0.4396,2.0071,0.0059,0.0062,0.0091,0.0083,0.0174,0.0338,0.0351,0.0487,William.Eklund,F,0.0383,-0.0011
8482858,0.0364,-0.0415,0.0779,0.0681,0.0704,0.4827,-0.3323,0.815,0.022,0.0232,0.0898,-0.1189,0.2087,0.0323,0.034,-0.196,0.0849,-0.2808,0.0088,0.0093,-0.242,-0.0143,-0.2277,0.0059,0.0062,0.1083,-0.0911,0.0172,0.0349,0.0362,0.0503,,D,0.0213,-0.029
8480876,0.0066,0.0072,-0.0006,0.0722,0.076,0.0033,0.0095,-0.0062,0.022,0.0232,0.0262,0.0014,0.0249,0.0323,0.0341,-0.0522,-0.0277,-0.0245,0.0088,0.0093,-0.0436,-0.1289,0.0853,0.0059,0.0062,0.0082,0.0088,0.017,0.0369,0.0389,0.0536,,?,0.0104,0.0139
8471241,0.0008,0.0256,-0.0248,0.0726,0.0764,-0.0004,0.0057,-0.0062,0.022,0.0232,0.0006,0.0112,-0.0106,0.0323,0.0341,0.0016,0.0032,-0.0017,0.0088,0.0093,-0.0055,0.0036,-0.0091,0.0059,0.0062,0.0008,0.0162,0.017,0.0371,0.0391,0.0539,Mark.Fistric,D,0.0019,0.0498
8468639,0.0182,0.0175,0.0007,0.0597,0.0624,-0.3008,0.2536,-0.5544,0.0219,0.0231,0.0286,0.0909,-0.0623,0.0323,0.034,0.1508,-0.6868,0.8376,0.0088,0.0093,-0.5338,0.2368,-0.7706,0.0059,0.0062,0.0007,0.0161,0.0168,0.0309,0.0323,0.0447,John.Michael.Liles,D,0.0521,-0.0002
8474018,0.0013,0.0221,-0.0208,0.0716,0.0752,-0.0034,0.0076,-0.011,0.022,0.0232,0.0002,0.014,-0.0138,0.0323,0.0341,-0.0025,0.0055,-0.008,0.0088,0.0093,0.0049,-0.0351,0.04,0.0059,0.0062,-0.0002,0.017,0.0168,0.0367,0.0385,0.0532,Christopher.DiDomenico,F,0.002,0.0412
8484801,0.0318,-0.0013,0.0331,0.0664,0.069,1.0441,-0.8637,1.9078,0.022,0.0232,-0.1164,0.1869,-0.3033,0.0323,0.034,-0.8276,0.5609,-1.3885,0.0088,0.0093,1.2738,-0.6475,1.9213,0.0059,0.0062,0.0463,-0.0295,0.0168,0.0341,0.0355,0.0492,,F,0.1133,0.0378
8477085,0.0144,0.0085,0.0059,0.0716,0.0751,-0.0133,0.0259,-0.0392,0.022,0.0232,0.0093,0.0007,0.0086,0.0323,0.0341,0.0063,0.0027,0.0036,0.0088,0.0093,-0.0224,0.0034,-0.0258,0.0059,0.0062,0.0085,0.0083,0.0168,0.0367,0.0385,0.0531,Ashton.Sautner,D,0.0299,0.014
8478541,0.0123,0.0071,0.0051,0.0692,0.0721,-0.0659,0.0155,-0.0814,0.022,0.0232,0.0352,-0.012,0.0472,0.0323,0.034,0.1001,-0.0708,0.1708,0.0088,0.0093,-0.3016,0.1095,-0.411,0.0059,0.0062,0.0221,-0.0054,0.0167,0.0355,0.037,0.0513,Markus.Hannikainen,F,0.0184,0.022
8476336,0.0125,-0.0144,0.0269,0.0669,0.0692,-0.1172,0.1841,-0.3013,0.022,0.0232,-0.0057,-0.0261,0.0204,0.0323,0.034,0.0931,0.0281,0.065,0.0088,0.0093,-0.0651,-0.1163,0.0512,0.0059,0.0062,-0.0044,0.021,0.0166,0.0344,0.0356,0.0495,Iiro.Pakarinen,F,0.0336,-0.0302
8470920,0.0323,-0.0185,0.0508,0.0686,0.0706,-0.0165,0.0251,-0.0416,0.022,0.0232,0.0147,0.0011,0.0135,0.0323,0.034,0.0542,-0.051,0.1052,0.0088,0.0093,-0.2163,0.0968,-0.3132,0.0059,0.0062,0.0288,-0.0122,0.0166,0.0352,0.0363,0.0505,David.Clarkson,F,0.0598,-0.0374
8474164,0.0104,0.0156,-0.0053,0.0732,0.0772,0.0021,0.0031,-0.001,0.022,0.0232,0.0047,0.0064,-0.0017,0.0323,0.0341,0.0014,0.0022,-0.0008,0.0088,0.0093,-0.002,0.0004,-0.0024,0.0059,0.0062,0.0067,0.0098,0.0165,0.0374,0.0395,0.0544,Jonathon.Blum,D,0.0201,0.0304
8477448,0.0238,0.0238,-0.0001,0.0655,0.0688,-0.1209,0.0356,-0.1564,0.022,0.0232,0.0108,-0.0036,0.0144,0.0323,0.034,0.2223,-0.0989,0.3212,0.0088,0.0093,-0.1141,0.2032,-0.3173,0.0059,0.0062,0.014,0.0024,0.0164,0.0337,0.0354,0.0488,Marko.Dano,F,0.0534,0.0401
8476345,0.0109,-0.017,0.0279,0.0717,0.0752,0.0375,0.0653,-0.0278,0.022,0.0232,0.0161,-0.0179,0.034,0.0323,0.0341,0.0175,0.0095,0.008,0.0088,0.0093,-0.0646,-0.004,-0.0606,0.0059,0.0062,0.0183,-0.0019,0.0163,0.0367,0.0385,0.0532,Gregory.Hofmann,F,0.0196,-0.036
8481726,0.0083,0.0458,-0.0375,0.0713,0.075,0.0553,0.002,0.0533,0.022,0.0232,-0.0522,-0.0078,-0.0443,0.0323,0.0341,-0.0974,0.0581,-0.1554,0.0088,0.0093,0.2413,-0.1476,0.389,0.0059,0.0062,-0.0145,0.0309,0.0163,0.0365,0.0384,0.053,,F,0.0104,0.0932
8471682,0.0292,-0.0052,0.0343,0.069,0.0726,-0.03,-0.0242,-0.0058,0.022,0.0232,0.0063,0.0084,-0.0022,0.0323,0.034,-0.0032,0.0035,-0.0067,0.0088,0.0093,-0.1156,-0.1149,-0.0007,0.0059,0.0062,0.0159,0.0004,0.0163,0.0354,0.0372,0.0514,Devin.Setoguchi,F,0.0587,-0.0136
8483756,0.0014,0.0013,0.0,0.0727,0.0766,0.0259,-0.0096,0.0355,0.022,0.0232,-0.0037,0.0228,-0.0265,0.0323,0.0341,-0.0203,0.0304,-0.0508,0.0088,0.0093,-0.0343,-0.1567,0.1224,0.0059,0.0062,0.0039,0.0123,0.0162,0.0372,0.0392,0.054,,?,0.0,0.0
8469622,0.0278,-0.002,0.0298,0.0725,0.0763,0.0083,0.0007,0.0076,0.022,0.0232,0.0128,-0.0029,0.0157,0.0323,0.0341,0.0025,-0.0022,0.0048,0.0088,0.0093,-0.004,0.0108,-0.0148,0.0059,0.0062,0.0183,-0.0021,0.0162,0.0371,0.039,0.0539,Ryane.Clowe,F,0.0541,-0.0037
8469490,0.0189,0.0079,0.011,0.0703,0.0738,-0.0153,0.0013,-0.0166,0.022,0.0232,0.0132,0.0008,0.0124,0.0323,0.034,0.0082,0.0067,0.0015,0.0088,0.0093,-0.0563,0.0334,-0.0898,0.0059,0.0062,0.0128,0.0034,0.0162,0.036,0.0378,0.0522,Tim.Jackman,F,0.0372,0.0152
8473514,0.003,0.023,-0.0199,0.0722,0.076,-0.0041,0.0028,-0.0069,0.022,0.0232,0.0008,0.0094,-0.0085,0.0323,0.0341,0.0046,0.0073,-0.0027,0.0088,0.0093,-0.0082,0.0053,-0.0135,0.0059,0.0062,0.0017,0.0142,0.0159,0.0369,0.0389,0.0536,Jesse.Joensuu,F,0.0057,0.0447
8471996,0.0094,0.0153,-0.0059,0.0731,0.0771,0.0007,0.0063,-0.0056,0.022,0.0232,0.0043,0.0065,-0.0022,0.0323,0.0341,0.0017,0.0041,-0.0024,0.0088,0.0093,0.0038,0.002,0.0018,0.0059,0.0062,0.0057,0.0102,0.0159,0.0374,0.0394,0.0543,Bracken.Kearns,F,0.0182,0.0296
8475060,0.0221,0.0025,0.0196,0.0731,0.0771,0.0061,0.0023,0.0038,0.022,0.0232,0.0096,0.0005,0.009,0.0323,0.0341,0.0024,-0.0003,0.0026,0.0088,0.0093,0.0005,0.0006,-0.0001,0.0059,0.0062,0.0142,0.0017,0.0159,0.0374,0.0394,0.0543,Matt.Taormina,D,0.0431,0.0048
8481206,0.0209,0.0062,0.0147,0.0733,0.0773,0.0026,-0.005,0.0075,0.022,0.0232,0.0096,0.0023,0.0073,0.0323,0.0341,-0.0035,0.0039,-0.0074,0.0088,0.0093,0.0135,-0.0153,0.0288,0.0059,0.0062,0.0122,0.0037,0.0159,0.0375,0.0395,0.0545,John.Ludvig,D,0.041,0.0125
8470120,0.0367,0.0042,0.0325,0.0672,0.0714,-0.0534,0.005,-0.0584,0.022,0.0232,-0.0098,0.0095,-0.0193,0.0323,0.034,0.0821,-0.0967,0.1788,0.0088,0.0093,0.0031,-0.0914,0.0945,0.0059,0.0062,0.013,0.0028,0.0158,0.0345,0.0366,0.0503,Alexander.Semin,F,0.0772,0.0062
8474739,0.0027,0.0461,-0.0434,0.0574,0.0587,-0.4545,0.0142,-0.4687,0.0219,0.0231,0.0555,0.119,-0.0635,0.0323,0.034,-0.1529,0.2532,-0.4061,0.0088,0.0093,-0.1017,-0.2232,0.1215,0.0059,0.0062,-0.0597,0.0755,0.0158,0.0298,0.0305,0.0426,Tommy.Wingels,F,0.0327,0.0399
8484938,0.0028,0.002,0.0008,0.0728,0.0768,0.029,0.0013,0.0276,0.022,0.0232,0.0115,0.0087,0.0027,0.0323,0.0341,-0.0249,-0.0004,-0.0245,0.0088,0.0093,-0.0202,-0.1288,0.1087,0.0059,0.0062,0.0076,0.0082,0.0158,0.0372,0.0393,0.0541,,F,0.0,0.0
8481077,0.0115,0.0135,-0.002,0.0692,0.0719,0.0446,-0.0144,0.059,0.022,0.0232,0.0091,-0.0259,0.035,0.0323,0.034,0.1316,0.2175,-0.0859,0.0088,0.0093,0.1834,0.2806,-0.0972,0.0059,0.0062,0.015,0.0007,0.0157,0.0355,0.0369,0.0512,John.Leonard,F,0.0252,0.0088
8480143,0.0157,0.0144,0.0012,0.0695,0.0726,-0.0157,-0.012,-0.0037,0.022,0.0232,0.0066,0.0005,0.0061,0.0323,0.034,0.011,-0.0287,0.0397,0.0088,0.0093,-0.1205,0.0134,-0.1339,0.0059,0.0062,0.0124,0.0033,0.0157,0.0356,0.0372,0.0515,Jakub.Jerabek,D,0.0266,0.0265
8484241,0.0374,-0.0227,0.0601,0.0694,0.0728,0.2777,-0.3002,0.5779,0.022,0.0232,-0.0627,-0.0002,-0.0624,0.0323,0.034,-0.3406,0.4244,-0.7649,0.0088,0.0093,0.6319,-1.1399,1.7719,0.0059,0.0062,0.0008,0.0146,0.0155,0.0356,0.0373,0.0516,,F,0.0629,-0.0518
8479661,0.0909,-0.0283,0.1191,0.0588,0.06,0.0483,0.0332,0.0151,0.0219,0.0231,-0.01,-0.1311,0.1211,0.0323,0.034,0.2246,-1.0361,1.2607,0.0088,0.0093,-1.517,0.226,-1.7429,0.0059,0.0062,0.1247,-0.1092,0.0154,0.0304,0.0311,0.0435,Tanner.Jeannot,F,0.0208,0.0505
8481564,0.0155,-0.0076,0.0232,0.0731,0.0771,0.0186,0.0213,-0.0026,0.022,0.0232,0.0117,-0.007,0.0187,0.0323,0.0341,0.028,-0.0066,0.0345,0.0088,0.0093,-0.0458,-0.0289,-0.0169,0.0059,0.0062,0.0166,-0.0014,0.0152,0.0374,0.0394,0.0543,Ryan.Johnson,D,0.0308,-0.0147
8475958,0.0066,-0.001,0.0076,0.0701,0.0734,0.0151,0.0315,-0.0164,0.022,0.0232,0.0626,-0.0387,0.1014,0.0323,0.034,-0.0546,-0.0172,-0.0374,0.0088,0.0093,-0.2858,0.1733,-0.4591,0.0059,0.0062,0.0275,-0.0123,0.0152,0.0359,0.0376,0.052,Michael.Sgarbossa,F,0.0096,-0.0004
8479573,0.0183,0.0177,0.0006,0.0701,0.074,-0.1102,0.0004,-0.1106,0.022,0.0232,0.0362,-0.0529,0.0891,0.0323,0.034,0.0645,0.0284,0.0361,0.0088,0.0093,-0.191,-0.1008,-0.0902,0.0059,0.0062,0.0121,0.003,0.0151,0.0359,0.0379,0.0522,Mikhail.Maltsev,F,0.042,0.0364
8482758,0.0219,0.017,0.0049,0.0704,0.0742,0.1787,-0.2658,0.4444,0.022,0.0232,-0.0336,0.0206,-0.0542,0.0323,0.034,-0.1711,0.0476,-0.2187,0.0088,0.0093,0.1863,-0.6604,0.8467,0.0059,0.0062,0.0126,0.0024,0.0151,0.0361,0.038,0.0524,,F,0.0429,0.0156
8467331,0.0126,0.0018,0.0108,0.0679,0.0688,-0.0369,0.1064,-0.1432,0.022,0.0232,0.0202,-0.0035,0.0237,0.0323,0.034,0.1136,-0.044,0.1576,0.0088,0.0093,-0.1323,0.3955,-0.5279,0.0059,0.0062,0.0173,-0.0024,0.0149,0.0348,0.0354,0.0497,Brad.Stuart,D,0.0243,-0.0054
8478528,-0.0071,0.0157,-0.0227,0.0657,0.0679,-0.2585,0.1471,-0.4056,0.022,0.0232,-0.0017,0.11,-0.1117,0.0323,0.034,0.1598,-0.1626,0.3223,0.0088,0.0093,-0.1127,0.0275,-0.1402,0.0059,0.0062,-0.0286,0.0433,0.0147,0.0338,0.0349,0.0486,Tanner.Kero,F,0.0037,0.0136
8470378,0.023,0.0027,0.0203,0.0697,0.0708,0.0024,0.0286,-0.0262,0.022,0.0232,0.0216,-0.0138,0.0354,0.0323,0.034,0.0049,0.0294,-0.0245,0.0088,0.0093,-0.0854,0.2515,-0.3368,0.0059,0.0062,0.0203,-0.0057,0.0146,0.0357,0.0364,0.051,Andre.Benoit,D,0.0446,0.0069
8470614,-0.0023,0.032,-0.0343,0.0613,0.0632,-0.1353,0.1952,-0.3305,0.022,0.0231,-0.0097,0.0143,-0.024,0.0323,0.034,-0.0087,0.1856,-0.1943,0.0088,0.0093,0.3503,0.1746,0.1757,0.0059,0.0062,-0.0381,0.0526,0.0145,0.0316,0.0327,0.0455,Mark.Stuart,D,0.0109,0.05
8474519,0.0147,0.0067,0.008,0.0705,0.0737,-0.0075,0.0146,-0.0221,0.022,0.0232,0.0031,0.0017,0.0014,0.0323,0.034,0.0148,-0.0005,0.0153,0.0088,0.0093,-0.0378,0.0193,-0.0571,0.0059,0.0062,0.0093,0.0051,0.0144,0.0361,0.0378,0.0523,Jack.Hillen,D,0.0298,0.0126
8483432,0.004,0.0194,-0.0154,0.0724,0.0765,0.0392,-0.0401,0.0793,0.022,0.0232,0.008,0.0077,0.0004,0.0323,0.0341,-0.0386,0.0399,-0.0785,0.0088,0.0093,-0.0174,0.0387,-0.0561,0.0059,0.0062,0.008,0.0062,0.0142,0.037,0.0391,0.0539,,F,0.0029,0.0395
8479483,0.0421,-0.0449,0.087,0.0686,0.0721,0.0661,0.0466,0.0195,0.022,0.0232,0.0416,-0.0492,0.0908,0.0323,0.034,0.0145,0.0157,-0.0012,0.0088,0.0093,-0.046,0.0851,-0.1311,0.0059,0.0062,0.0428,-0.0287,0.0141,0.0352,0.037,0.0511,Yohann.Auvitu,D,0.0834,-0.0878
8483771,-0.0016,-0.0067,0.0051,0.0721,0.0762,0.0337,0.0606,-0.0268,0.022,0.0232,-0.0168,0.0013,-0.0181,0.0323,0.0341,0.0169,0.0228,-0.006,0.0088,0.0093,0.0343,-0.1612,0.1955,0.0059,0.0062,0.0002,0.0138,0.014,0.0369,0.039,0.0537,,?,-0.0103,-0.011
8475310,0.0125,0.0079,0.0046,0.0671,0.0702,-0.0122,0.0608,-0.073,0.022,0.0232,-0.0064,0.0077,-0.0141,0.0323,0.034,0.0068,-0.0301,0.0369,0.0088,0.0093,-0.0967,0.1613,-0.2581,0.0059,0.0062,0.0073,0.0065,0.0138,0.0345,0.0361,0.0499,Curtis.McKenzie,F,0.0192,0.0185
8469485,0.0276,0.0049,0.0227,0.0676,0.0703,-0.0139,-0.0081,-0.0058,0.022,0.0232,0.0002,-0.0025,0.0026,0.0323,0.034,0.0759,-0.0495,0.1254,0.0088,0.0093,0.0572,-0.0464,0.1036,0.0059,0.0062,0.014,-0.0004,0.0136,0.0347,0.0361,0.0501,Derek.Roy,F,0.0554,0.0106
8459670,0.025,-0.0021,0.0271,0.0713,0.0748,0.0033,0.0108,-0.0075,0.022,0.0232,0.0106,-0.0067,0.0173,0.0323,0.0341,0.0061,0.0012,0.0048,0.0088,0.0093,0.0051,0.0255,-0.0204,0.0059,0.0062,0.0155,-0.0019,0.0136,0.0365,0.0383,0.0529,Kimmo.Timonen,D,0.0492,-0.0036
8478137,-0.0023,0.0095,-0.0119,0.0663,0.0692,-0.0937,0.0774,-0.1712,0.022,0.0232,0.0142,0.0166,-0.0025,0.0323,0.034,-0.0381,-0.0031,-0.035,0.0088,0.0093,-0.133,-0.0658,-0.0672,0.0059,0.0062,-0.009,0.0225,0.0134,0.0341,0.0356,0.0493,Jiri.Sekac,F,0.0043,0.0137
8477929,-0.0021,0.0224,-0.0246,0.0662,0.0688,-0.0203,0.0711,-0.0914,0.022,0.0232,0.0169,0.0041,0.0127,0.0323,0.034,0.0054,0.0287,-0.0233,0.0088,0.0093,0.1064,0.1731,-0.0667,0.0059,0.0062,-0.0043,0.0176,0.0133,0.034,0.0354,0.0491,Dennis.Rasmussen,F,-0.0039,0.0339
8473571,0.022,-0.0006,0.0226,0.0681,0.0721,0.0042,0.0322,-0.028,0.022,0.0232,0.0025,-0.0057,0.0082,0.0323,0.034,-0.0123,0.0038,-0.0161,0.0088,0.0093,-0.0398,0.0797,-0.1195,0.0059,0.0062,0.013,0.0003,0.0133,0.0349,0.037,0.0509,Jamie.McBain,D,0.0409,-0.0031
8468482,0.037,-0.0154,0.0524,0.073,0.0768,0.0107,-0.0063,0.017,0.022,0.0232,0.016,-0.0071,0.0231,0.0323,0.0341,0.005,-0.0044,0.0094,0.0088,0.0093,-0.0035,0.0063,-0.0098,0.0059,0.0062,0.0241,-0.0107,0.0133,0.0373,0.0393,0.0542,Dany.Heatley,F,0.0719,-0.03
8476368,-0.0202,0.0335,-0.0537,0.0607,0.0627,-0.4787,0.3004,-0.7791,0.022,0.0231,-0.047,0.0421,-0.0891,0.0323,0.034,0.4277,0.2337,0.194,0.0088,0.0093,0.4876,-0.3488,0.8364,0.0059,0.0062,-0.0861,0.099,0.013,0.0314,0.0324,0.0451,Fredrik.Claesson,D,0.0242,-0.0006
8477409,0.1288,-0.0864,0.2152,0.0504,0.0545,0.0723,-0.3361,0.4085,0.0219,0.0231,0.2432,-0.4573,0.7005,0.0322,0.034,0.1162,-0.3887,0.5049,0.0088,0.0093,-2.0703,-0.2971,-1.7733,0.0059,0.0062,0.2185,-0.2057,0.0129,0.0264,0.0285,0.0388,Carter.Verhaeghe,F,0.087,0.0033
8481167,0.0224,-0.0006,0.023,0.0685,0.0716,-0.3929,0.024,-0.4169,0.022,0.0232,-0.0182,0.0458,-0.064,0.0323,0.034,0.2096,0.154,0.0556,0.0088,0.0093,-0.4329,-0.3032,-0.1297,0.0059,0.0062,-0.0218,0.0347,0.0129,0.0351,0.0367,0.0508,Brayden.Pachal,D,0.0318,0.0151
8470159,-0.0087,0.0182,-0.0269,0.067,0.0686,-0.1659,0.0932,-0.2591,0.022,0.0232,0.0165,0.0427,-0.0262,0.0323,0.034,0.0388,0.04,-0.0013,0.0088,0.0093,-0.1775,0.1474,-0.3248,0.0059,0.0062,-0.0162,0.029,0.0128,0.0344,0.0353,0.0493,Boyd.Gordon,F,-0.0131,0.0343
8481650,-0.0174,0.023,-0.0404,0.072,0.0752,0.0101,0.0433,-0.0332,0.022,0.0232,-0.0031,0.0095,-0.0126,0.0323,0.0341,-0.0166,0.0208,-0.0374,0.0088,0.0093,-0.0173,0.0087,-0.026,0.0059,0.0062,-0.0082,0.021,0.0128,0.0368,0.0385,0.0533,Jakob.Lilja,F,-0.0323,0.0411
8475253,0.0147,-0.0098,0.0246,0.0695,0.0725,-0.0439,0.0618,-0.1057,0.022,0.0232,0.0319,-0.023,0.0549,0.0323,0.034,-0.0267,-0.0343,0.0076,0.0088,0.0093,-0.122,-0.1077,-0.0142,0.0059,0.0062,0.0111,0.0016,0.0126,0.0356,0.0372,0.0515,Garrett.Wilson,F,0.0264,-0.023
8473426,0.0056,0.0294,-0.0238,0.0664,0.0678,-0.1133,0.0985,-0.2118,0.022,0.0232,0.036,0.0009,0.0352,0.0323,0.034,-0.0279,0.0992,-0.1271,0.0088,0.0093,-0.1154,0.4927,-0.6081,0.0059,0.0062,-0.0033,0.0159,0.0126,0.0341,0.0349,0.0488,Mike.Weber,D,0.0101,0.0522
8476906,-0.045,0.0093,-0.0543,0.0433,0.0443,-0.2613,0.3928,-0.6541,0.0218,0.0229,-0.1576,0.32,-0.4776,0.0322,0.034,-0.3644,-0.4927,0.1283,0.0088,0.0093,0.316,-0.9746,1.2906,0.0059,0.0062,-0.1309,0.1434,0.0125,0.023,0.0236,0.033,Shayne.Gostisbehere,D,0.089,-0.0382
8471299,0.0106,0.0087,0.002,0.0731,0.0772,0.0027,0.0035,-0.0007,0.022,0.0232,0.0049,0.0033,0.0016,0.0323,0.0341,0.0015,0.0012,0.0003,0.0088,0.0093,0.0012,-0.0011,0.0023,0.0059,0.0062,0.0068,0.0057,0.0125,0.0374,0.0395,0.0544,Peter.Regin,F,0.0207,0.0169
8475770,0.0159,0.0023,0.0136,0.0657,0.0682,-0.0708,0.0182,-0.089,0.022,0.0232,0.028,-0.0149,0.0429,0.0323,0.034,0.0597,0.0619,-0.0022,0.0088,0.0093,-0.1231,0.0943,-0.2174,0.0059,0.0062,0.012,0.0005,0.0125,0.0338,0.0351,0.0487,Emerson.Etem,F,0.0322,0.0062
8470644,0.03,-0.0096,0.0396,0.0716,0.0751,0.0097,0.0016,0.008,0.022,0.0232,0.0153,-0.0076,0.0229,0.0323,0.0341,-0.003,-0.0038,0.0007,0.0088,0.0093,-0.009,0.0284,-0.0374,0.0059,0.0062,0.02,-0.0076,0.0124,0.0367,0.0385,0.0531,Colin.McDonald,F,0.0577,-0.0181
8467389,0.0301,-0.0219,0.0521,0.0618,0.0652,0.0749,0.0949,-0.02,0.022,0.0232,0.0688,-0.1555,0.2243,0.0323,0.034,-0.0795,0.0064,-0.0858,0.0088,0.0093,-0.3187,0.1626,-0.4813,0.0059,0.0062,0.0494,-0.037,0.0124,0.0319,0.0336,0.0463,Brad.Richards,F,0.0736,-0.0256
8467988,0.0283,-0.0087,0.0371,0.0731,0.0771,0.0075,-0.0048,0.0123,0.022,0.0232,0.0128,-0.0043,0.0171,0.0323,0.0341,0.0019,-0.0012,0.0032,0.0088,0.0093,-0.0049,0.0011,-0.006,0.0059,0.0062,0.0184,-0.0061,0.0123,0.0374,0.0394,0.0543,Ryan.Malone,F,0.0549,-0.0169
8477445,0.0141,0.0068,0.0073,0.0724,0.076,-0.0014,0.0001,-0.0016,0.022,0.0232,0.0069,0.0038,0.0031,0.0323,0.0341,-0.0002,-0.0022,0.0019,0.0088,0.0093,-0.008,0.011,-0.019,0.0059,0.0062,0.0087,0.0037,0.0123,0.037,0.0389,0.0537,Hunter.Shinkaruk,F,0.0274,0.0134
8477426,-0.0588,0.0484,-0.1072,0.0531,0.0543,-0.6827,0.7884,-1.4711,0.0219,0.0231,-0.6484,0.5704,-1.2188,0.0322,0.034,0.6114,-1.0551,1.6665,0.0088,0.0093,-1.4276,0.2924,-1.72,0.0059,0.0062,-0.1807,0.1929,0.0123,0.0277,0.0284,0.0396,Nick.Paul,F,0.0336,0.0127
8469638,0.0143,0.0039,0.0104,0.0572,0.0598,-0.2548,0.1154,-0.3702,0.0219,0.0231,0.2925,-0.2257,0.5182,0.0323,0.034,-0.0545,-0.1402,0.0857,0.0088,0.0093,-1.4433,0.9193,-2.3627,0.0059,0.0062,0.0877,-0.0756,0.0122,0.0297,0.031,0.0429,Jussi.Jokinen,F,0.0337,-0.0022
8477510,0.0233,-0.0037,0.027,0.0712,0.0744,0.0225,-0.0007,0.0231,0.022,0.0232,0.0037,-0.0059,0.0096,0.0323,0.034,0.0112,0.0017,0.0094,0.0088,0.0093,-0.0203,0.0513,-0.0716,0.0059,0.0062,0.0173,-0.0052,0.0121,0.0365,0.0381,0.0527,Kerby.Rychel,F,0.0452,-0.0061
8482476,0.0156,-0.0381,0.0537,0.0676,0.0703,0.6154,-0.3313,0.9468,0.022,0.0232,0.0064,0.2029,-0.1965,0.0323,0.034,-0.4753,0.1869,-0.6622,0.0088,0.0093,1.1804,0.022,1.1584,0.0059,0.0062,0.0258,-0.0138,0.012,0.0347,0.0361,0.0501,,F,0.0234,0.007
8483565,0.0494,-0.0001,0.0496,0.0646,0.0675,0.2098,-0.2526,0.4625,0.022,0.0232,0.0182,-0.052,0.0702,0.0323,0.034,-0.7011,0.4783,-1.1793,0.0088,0.0093,-0.3739,0.0091,-0.383,0.0059,0.0062,0.0331,-0.021,0.012,0.0332,0.0347,0.0481,Nick.Blankenburg,D,0.0427,0.0078
8467338,0.0112,-0.0136,0.0248,0.0636,0.0644,0.0694,0.095,-0.0256,0.022,0.0232,0.0605,-0.0471,0.1076,0.0323,0.034,0.2538,-0.0524,0.3062,0.0088,0.0093,-0.3415,1.0049,-1.3464,0.0059,0.0062,0.0582,-0.0463,0.012,0.0328,0.0332,0.0467,Alex.Tanguay,F,0.0156,-0.0169
8469531,0.0132,0.0094,0.0038,0.0687,0.0723,-0.0362,0.0518,-0.088,0.022,0.0232,-0.0033,0.0002,-0.0035,0.0323,0.034,0.0197,0.0302,-0.0105,0.0088,0.0093,0.0453,0.0566,-0.0113,0.0059,0.0062,-0.0002,0.0121,0.0119,0.0352,0.0371,0.0512,Jay.Harrison,D,0.028,0.0207
8475254,0.004,0.008,-0.004,0.0698,0.0728,-0.0558,0.068,-0.1238,0.022,0.0232,-0.006,0.0059,-0.012,0.0323,0.034,-0.0167,0.004,-0.0206,0.0088,0.0093,-0.1058,-0.0167,-0.0891,0.0059,0.0062,-0.0045,0.0164,0.0119,0.0358,0.0373,0.0517,Gabriel.Dumont,F,0.0088,0.0122
8474094,0.0142,-0.0049,0.0191,0.0694,0.0727,-0.0246,0.051,-0.0756,0.022,0.0232,0.0089,-0.004,0.0128,0.0323,0.034,0.024,0.0286,-0.0046,0.0088,0.0093,0.0109,0.0135,-0.0026,0.0059,0.0062,0.0064,0.0055,0.0119,0.0356,0.0373,0.0515,Matt.Halischuk,F,0.0274,-0.0096
8478465,0.0123,0.0111,0.0011,0.0717,0.0747,-0.0484,0.0187,-0.0671,0.022,0.0232,0.0231,-0.0033,0.0264,0.0323,0.0341,0.0262,0.0639,-0.0377,0.0088,0.0093,-0.0316,0.159,-0.1906,0.0059,0.0062,0.0068,0.0051,0.0119,0.0367,0.0383,0.053,Guillaume.Brisebois,D,0.0147,0.018
8474627,-0.0063,-0.0044,-0.0019,0.0564,0.058,0.1558,-0.2851,0.4409,0.0219,0.0231,0.2438,-0.1192,0.363,0.0323,0.034,0.0885,-0.4545,0.5431,0.0088,0.0093,-1.2736,0.4975,-1.7711,0.0059,0.0062,0.1301,-0.1184,0.0118,0.0293,0.0302,0.042,Jori.Lehtera,F,-0.0134,-0.0376
8483930,0.0049,0.0072,-0.0023,0.0729,0.0769,0.0343,-0.0184,0.0527,0.022,0.0232,0.0082,0.0138,-0.0056,0.0323,0.0341,-0.0082,0.0033,-0.0116,0.0088,0.0093,0.0089,0.0234,-0.0145,0.0059,0.0062,0.0086,0.0031,0.0117,0.0373,0.0393,0.0542,,F,0.0082,0.0125
8478488,0.0031,0.0297,-0.0266,0.0701,0.0736,-0.0512,-0.0134,-0.0378,0.022,0.0232,0.0102,0.019,-0.0088,0.0323,0.034,0.0152,-0.0996,0.1148,0.0088,0.0093,-0.0504,-0.036,-0.0145,0.0059,0.0062,-0.001,0.0125,0.0115,0.0359,0.0377,0.0521,Filip.Chlapik,F,0.008,0.0529
8477963,-0.0004,0.0237,-0.0241,0.0677,0.0709,-0.0174,-0.0712,0.0539,0.022,0.0232,0.0172,0.0171,0.0001,0.0323,0.034,0.2238,-0.0004,0.2243,0.0088,0.0093,0.1702,0.0273,0.1429,0.0059,0.0062,0.0076,0.0038,0.0114,0.0347,0.0364,0.0503,Jayce.Hawryluk,F,0.0037,0.0405
8465185,0.0114,-0.0034,0.0148,0.0646,0.0665,0.0709,-0.0169,0.0878,0.022,0.0232,0.0734,-0.0867,0.1601,0.0323,0.034,0.0165,0.0615,-0.045,0.0088,0.0093,-0.4169,0.4771,-0.894,0.0059,0.0062,0.0501,-0.0387,0.0114,0.0332,0.0343,0.0477,Willie.Mitchell,D,0.0125,-0.0061
8476452,0.0083,0.0107,-0.0023,0.0719,0.0757,-0.0068,0.0061,-0.0129,0.022,0.0232,0.0041,0.0058,-0.0017,0.0323,0.0341,0.0026,-0.0056,0.0083,0.0088,0.0093,-0.0059,0.0075,-0.0133,0.0059,0.0062,0.0044,0.0069,0.0113,0.0368,0.0387,0.0534,Tyler.Wotherspoon,D,0.0164,0.0201
8482153,0.0271,0.0027,0.0244,0.0732,0.0772,-0.0028,-0.0222,0.0194,0.022,0.0232,0.0092,-0.0035,0.0128,0.0323,0.0341,0.0056,0.0036,0.002,0.0088,0.0093,0.0242,0.018,0.0062,0.0059,0.0062,0.0145,-0.0033,0.0113,0.0374,0.0395,0.0544,,F,0.0529,0.0057
8481019,-0.0197,0.0051,-0.0248,0.0699,0.0727,-0.1682,0.3602,-0.5284,0.022,0.0232,-0.0398,-0.0495,0.0097,0.0323,0.034,0.2392,-0.0821,0.3212,0.0088,0.0093,0.0419,-0.0393,0.0811,0.0059,0.0062,-0.0312,0.0423,0.0112,0.0358,0.0373,0.0517,David.Gustafsson,F,-0.0196,0.0056
8470877,0.0165,-0.0039,0.0204,0.0632,0.0641,-0.0024,0.0678,-0.0702,0.022,0.0232,-0.0184,-0.0147,-0.0036,0.0323,0.034,0.1302,0.1558,-0.0256,0.0088,0.0093,-0.0703,0.4413,-0.5117,0.0059,0.0062,0.0145,-0.0033,0.0111,0.0326,0.0331,0.0464,David.Jones,F,0.0281,-0.0218
8477957,0.0046,0.0254,-0.0207,0.0707,0.0741,-0.0516,0.0278,-0.0794,0.022,0.0232,-0.0014,0.0071,-0.0085,0.0323,0.034,0.0021,-0.0114,0.0135,0.0088,0.0093,-0.0142,0.0402,-0.0544,0.0059,0.0062,-0.0051,0.0161,0.0111,0.0362,0.038,0.0525,Nikita.Scherbak,F,0.0108,0.0463
8475749,0.0173,-0.0009,0.0182,0.0719,0.0761,-0.0015,0.0043,-0.0058,0.022,0.0232,0.0074,-0.0002,0.0075,0.0323,0.0341,0.0028,0.0032,-0.0004,0.0088,0.0093,-0.0024,-0.0116,0.0092,0.0059,0.0062,0.0103,0.0008,0.0111,0.0368,0.0389,0.0536,Christian.Thomas,F,0.034,-0.0021
8476925,0.0068,0.0301,-0.0233,0.0486,0.0489,-0.0333,0.2307,-0.264,0.0218,0.023,-0.2411,0.4868,-0.7279,0.0322,0.034,-0.8407,-0.0233,-0.8174,0.0088,0.0093,0.969,0.0096,0.9595,0.0059,0.0062,-0.1438,0.155,0.0111,0.0255,0.0258,0.0363,Colton.Sissons,F,-0.0039,0.0325
8470612,-0.0769,0.0701,-0.1471,0.0453,0.0469,-0.5087,-0.2422,-0.2665,0.0218,0.023,-0.0471,0.5857,-0.6328,0.0322,0.034,0.3126,-0.7798,1.0923,0.0088,0.0093,0.5108,-1.4268,1.9376,0.0059,0.0062,-0.1268,0.1379,0.0111,0.024,0.0249,0.0345,Ryan.Getzlaf,F,0.0461,0.0616
8481028,0.0203,-0.0062,0.0265,0.0724,0.0761,0.0033,-0.0045,0.0078,0.022,0.0232,0.0002,0.0023,-0.0021,0.0323,0.0341,-0.0139,0.0169,-0.0308,0.0088,0.0093,-0.1297,0.0411,-0.1708,0.0059,0.0062,0.015,-0.0039,0.0111,0.037,0.0389,0.0537,Martin.Pospisil,F,0.0411,-0.0087
8470719,0.0018,0.0151,-0.0133,0.0732,0.0771,0.0004,0.0042,-0.0037,0.022,0.0232,0.0008,0.0066,-0.0058,0.0323,0.0341,0.0009,0.001,-0.0001,0.0088,0.0093,-0.0033,0.0004,-0.0037,0.0059,0.0062,0.0013,0.0097,0.011,0.0374,0.0394,0.0544,Alexandre.Bolduc,F,0.0035,0.0293
8477541,0.0186,0.0164,0.0022,0.0696,0.0726,0.0227,0.0321,-0.0094,0.022,0.0232,0.0119,0.0732,-0.0613,0.0323,0.034,-0.2412,0.1244,-0.3656,0.0088,0.0093,0.6609,-0.0001,0.661,0.0059,0.0062,-0.0256,0.0366,0.011,0.0357,0.0372,0.0516,Dakota.Mermis,D,0.0217,0.0203
8476465,0.0183,-0.0201,0.0384,0.0638,0.0663,-0.1245,0.1203,-0.2448,0.022,0.0232,0.0136,0.0537,-0.0401,0.0323,0.034,0.3528,-0.2562,0.609,0.0088,0.0093,-0.4805,0.6847,-1.1652,0.0059,0.0062,0.0339,-0.023,0.0109,0.0329,0.0342,0.0474,Ryan.Murphy,D,0.0411,-0.0386
8471266,0.038,-0.0195,0.0574,0.0691,0.0716,-0.0456,0.0192,-0.0648,0.022,0.0232,0.0242,0.0009,0.0232,0.0323,0.034,0.0681,-0.0539,0.122,0.0088,0.0093,-0.0559,0.0742,-0.1301,0.0059,0.0062,0.0238,-0.0129,0.0109,0.0354,0.0367,0.051,David.Booth,F,0.0777,-0.0364
8473536,-0.0017,0.0236,-0.0253,0.0676,0.0703,-0.0856,0.0704,-0.156,0.022,0.0232,-0.0071,0.0169,-0.024,0.0323,0.034,0.0743,-0.0348,0.109,0.0088,0.0093,0.0343,0.0259,0.0084,0.0059,0.0062,-0.0122,0.023,0.0108,0.0347,0.0361,0.0501,James.Sheppard,F,-0.0008,0.0433
8470018,0.0152,0.003,0.0122,0.0721,0.0751,-0.0019,-0.0013,-0.0006,0.022,0.0232,0.0101,-0.0017,0.0118,0.0323,0.0341,0.0055,0.0037,0.0018,0.0088,0.0093,-0.0278,0.0333,-0.0611,0.0059,0.0062,0.011,-0.0002,0.0108,0.0369,0.0385,0.0533,Matt.Ellis,F,0.0297,0.0056
8481072,0.0249,-0.0058,0.0307,0.068,0.0703,-0.5338,0.152,-0.6858,0.022,0.0232,0.0714,0.0385,0.0328,0.0323,0.034,0.2368,-0.0207,0.2574,0.0088,0.0093,-0.5889,0.0594,-0.6483,0.0059,0.0062,-0.0141,0.0248,0.0106,0.0349,0.0361,0.0502,Tim.Berni,D,0.0155,0.0025
8468478,0.0015,0.0161,-0.0146,0.0717,0.0752,0.0019,0.0049,-0.003,0.022,0.0232,-0.0011,0.0059,-0.007,0.0323,0.0341,0.0025,0.0123,-0.0098,0.0088,0.0093,0.01,0.0199,-0.01,0.0059,0.0062,0.0005,0.01,0.0106,0.0367,0.0385,0.0532,Mike.Weaver,D,0.0032,0.0313
8476428,0.0236,-0.023,0.0465,0.0612,0.064,-0.3949,0.0817,-0.4766,0.022,0.0232,0.3179,-0.3613,0.6791,0.0323,0.034,-0.1155,0.2274,-0.3429,0.0088,0.0093,-0.8922,-0.6098,-0.2825,0.0059,0.0062,0.0513,-0.0407,0.0106,0.0316,0.0331,0.0457,Rocco.Grimaldi,F,0.0381,-0.0063
8485251,0.0002,0.0006,-0.0004,0.0731,0.0771,0.033,0.0152,0.0178,0.022,0.0232,-0.003,0.0054,-0.0084,0.0323,0.0341,0.0031,-0.0104,0.0135,0.0088,0.0093,-0.036,-0.0337,-0.0023,0.0059,0.0062,0.006,0.0045,0.0105,0.0374,0.0394,0.0543,,?,0.0,0.0
8483505,0.0061,0.0073,-0.0012,0.0721,0.0759,0.0033,0.0728,-0.0695,0.022,0.0232,0.0019,-0.0132,0.0151,0.0323,0.0341,0.0027,0.0415,-0.0388,0.0088,0.0093,-0.0914,0.2848,-0.3762,0.0059,0.0062,0.0078,0.0028,0.0105,0.0369,0.0388,0.0536,Matthew.Poitras,F,0.0105,0.0146
8467346,0.0311,-0.0137,0.0448,0.072,0.0756,0.0067,-0.0019,0.0086,0.022,0.0232,0.0129,-0.0081,0.021,0.0323,0.0341,0.003,-0.0025,0.0055,0.0088,0.0093,-0.0049,0.0043,-0.0093,0.0059,0.0062,0.0198,-0.0092,0.0105,0.0368,0.0387,0.0534,Simon.Gagne,F,0.0604,-0.0268
8462196,0.0154,-0.0154,0.0308,0.0692,0.0716,-0.0147,0.0795,-0.0943,0.022,0.0232,0.0001,-0.0011,0.0012,0.0323,0.034,0.0905,-0.0668,0.1573,0.0088,0.0093,-0.0227,0.035,-0.0577,0.0059,0.0062,0.0119,-0.0014,0.0104,0.0355,0.0367,0.0511,Stephane.Robidas,D,0.0316,-0.0305
8480874,-0.0013,0.0112,-0.0125,0.0728,0.0767,0.0358,-0.005,0.0408,0.022,0.0232,-0.0102,-0.0039,-0.0063,0.0323,0.0341,0.009,0.0437,-0.0347,0.0088,0.0093,0.0517,-0.0601,0.1117,0.0059,0.0062,0.0009,0.009,0.01,0.0372,0.0392,0.0541,Adam.Ginning,D,-0.0014,0.0222
8474001,0.0065,0.0089,-0.0023,0.0717,0.0751,-0.0106,0.009,-0.0196,0.022,0.0232,0.0014,0.0028,-0.0014,0.0323,0.0341,0.0025,0.0105,-0.008,0.0088,0.0093,-0.0073,-0.0109,0.0035,0.0059,0.0062,0.0024,0.0075,0.0099,0.0367,0.0385,0.0532,TJ.Galiardi,F,0.0129,0.0171
8478021,0.0039,-0.0074,0.0113,0.069,0.072,-0.1108,0.064,-0.1748,0.022,0.0232,0.0167,0.0186,-0.0018,0.0323,0.034,-0.1703,0.0242,-0.1945,0.0088,0.0093,-0.1092,-0.3813,0.2721,0.0059,0.0062,-0.0168,0.0267,0.0098,0.0354,0.0369,0.0512,William.Lagesson,D,0.0152,-0.0204
8475278,-0.0036,0.0325,-0.0361,0.067,0.0694,-0.2323,0.2157,-0.448,0.022,0.0232,-0.0612,0.0093,-0.0705,0.0323,0.034,0.1523,-0.0506,0.2029,0.0088,0.0093,-0.1268,0.052,-0.1788,0.0059,0.0062,-0.0359,0.0455,0.0096,0.0344,0.0357,0.0496,Byron.Froese,F,-0.0032,0.0409
8467545,0.0345,-0.0174,0.052,0.0711,0.0744,0.0078,0.0057,0.0021,0.022,0.0232,0.0175,-0.0134,0.0309,0.0323,0.034,-0.0021,-0.012,0.0099,0.0088,0.0093,-0.0253,0.0507,-0.076,0.0059,0.0062,0.0232,-0.0135,0.0096,0.0364,0.0381,0.0527,Michael.Ryder,F,0.0666,-0.0334
8474184,0.0067,0.0082,-0.0015,0.0733,0.0773,0.0017,0.0018,-0.0001,0.022,0.0232,0.0027,0.0036,-0.0009,0.0323,0.0341,0.0005,0.0014,-0.0009,0.0088,0.0093,-0.0003,0.0002,-0.0005,0.0059,0.0062,0.0042,0.0052,0.0095,0.0375,0.0395,0.0545,Keaton.Ellerby,D,0.013,0.016
8480880,0.0002,0.0244,-0.0242,0.072,0.0753,-0.0309,0.0302,-0.0612,0.022,0.0232,-0.0131,0.005,-0.0181,0.0323,0.0341,0.0219,0.0006,0.0214,0.0088,0.0093,-0.0802,0.1391,-0.2193,0.0059,0.0062,-0.0029,0.0123,0.0094,0.0368,0.0386,0.0533,Jakub.Lauko,F,-0.0022,0.0444
8475461,-0.0089,0.0054,-0.0143,0.071,0.0746,0.0517,0.0581,-0.0065,0.022,0.0232,0.0024,0.0043,-0.0019,0.0323,0.034,-0.0725,0.0345,-0.107,0.0088,0.0093,0.1336,-0.0204,0.154,0.0059,0.0062,-0.0059,0.0152,0.0094,0.0364,0.0382,0.0527,Andrew.Agozzino,F,-0.0219,0.0101
8484860,0.0158,0.002,0.0138,0.0714,0.0749,0.0945,-0.0477,0.1422,0.022,0.0232,-0.0394,0.0396,-0.0789,0.0323,0.0341,-0.0813,0.0731,-0.1544,0.0088,0.0093,0.4088,-0.2582,0.667,0.0059,0.0062,-0.0078,0.0173,0.0094,0.0366,0.0384,0.053,,?,0.0443,0.0009
8475949,0.0072,0.0082,-0.0009,0.0719,0.0758,-0.0002,0.0038,-0.004,0.022,0.0232,0.0052,0.0024,0.0028,0.0323,0.0341,-0.0102,0.0014,-0.0116,0.0088,0.0093,-0.0009,-0.0002,-0.0007,0.0059,0.0062,0.0041,0.0053,0.0094,0.0368,0.0388,0.0535,Marek.Hrivik,F,0.0142,0.0159
8475214,0.0355,-0.0223,0.0578,0.0707,0.0745,0.0128,-0.0082,0.021,0.022,0.0232,0.023,-0.0118,0.0349,0.0323,0.034,0.0074,-0.0179,0.0253,0.0088,0.0093,-0.0103,0.0058,-0.0161,0.0059,0.0062,0.0256,-0.0163,0.0093,0.0362,0.0382,0.0526,Jeremy.Morin,F,0.0692,-0.0437
8481065,0.0119,0.001,0.0109,0.0728,0.0768,-0.0081,0.0186,-0.0267,0.022,0.0232,0.0035,0.0015,0.002,0.0323,0.0341,-0.0334,0.0186,-0.052,0.0088,0.0093,-0.0741,0.0477,-0.1218,0.0059,0.0062,0.0065,0.0028,0.0093,0.0372,0.0393,0.0541,,F,0.0239,0.0031
8467332,0.0066,0.0085,-0.002,0.0724,0.0763,0.0023,0.0014,0.0009,0.022,0.0232,0.0019,0.0037,-0.0019,0.0323,0.0341,0.0006,-0.0005,0.001,0.0088,0.0093,-0.001,0.0012,-0.0022,0.0059,0.0062,0.0041,0.0052,0.0093,0.037,0.039,0.0538,Bryan.Allen,D,0.0127,0.0164
8473537,0.0316,0.0082,0.0234,0.0623,0.0643,-0.1026,-0.0354,-0.0671,0.022,0.0232,0.0274,-0.0267,0.0541,0.0323,0.034,0.1377,-0.1154,0.2531,0.0088,0.0093,-0.5996,0.3859,-0.9854,0.0059,0.0062,0.0387,-0.0294,0.0092,0.0321,0.0332,0.0462,Viktor.Stalberg,F,0.0608,0.0065
8476467,-0.0941,0.0149,-0.1089,0.0438,0.0448,-0.3164,0.2739,-0.5903,0.0218,0.0229,0.1545,0.1527,0.0018,0.0322,0.034,0.121,-0.1953,0.3163,0.0088,0.0093,-0.0821,0.2866,-0.3687,0.0059,0.0062,-0.05,0.0589,0.009,0.0233,0.0239,0.0333,Jamie.Oleksiak,D,0.0256,0.0297
8479982,0.0083,0.0462,-0.0379,0.0647,0.0679,0.1245,-0.1707,0.2952,0.022,0.0232,-0.0256,0.1164,-0.142,0.0323,0.034,-0.5407,-0.5551,0.0144,0.0088,0.0093,-0.2385,-0.6198,0.3813,0.0059,0.0062,-0.0057,0.0146,0.0089,0.0333,0.0349,0.0483,Conor.Timmins,D,0.0321,0.0126
8470054,0.0097,0.0042,0.0055,0.0726,0.0762,0.0033,0.0002,0.0031,0.022,0.0232,0.0042,0.0017,0.0025,0.0323,0.0341,0.0,0.0002,-0.0002,0.0088,0.0093,-0.0023,0.0006,-0.0029,0.0059,0.0062,0.0064,0.0025,0.0089,0.0371,0.039,0.0538,Keith.Ballard,D,0.0189,0.0082
8470063,-0.0023,0.0174,-0.0198,0.0724,0.0757,-0.0024,0.0043,-0.0067,0.022,0.0232,-0.0016,0.0067,-0.0082,0.0323,0.0341,0.0003,0.0062,-0.0058,0.0088,0.0093,-0.001,0.0117,-0.0127,0.0059,0.0062,-0.0018,0.0107,0.0089,0.037,0.0387,0.0536,Adam.Burish,F,-0.0043,0.0341
8471760,-0.0156,0.0293,-0.0449,0.0725,0.0757,-0.0125,0.0141,-0.0265,0.022,0.0232,-0.0054,0.013,-0.0184,0.0323,0.0341,0.0014,0.0063,-0.0049,0.0088,0.0093,0.001,0.0066,-0.0057,0.0059,0.0062,-0.0108,0.0197,0.0089,0.0371,0.0387,0.0536,Cody.Bass,F,-0.0299,0.0566
8475816,0.024,-0.0099,0.0339,0.0719,0.0759,0.0019,0.0026,-0.0007,0.022,0.0232,0.009,-0.0044,0.0134,0.0323,0.0341,0.0078,-0.005,0.0128,0.0088,0.0093,-0.0031,0.0057,-0.0088,0.0059,0.0062,0.0149,-0.0061,0.0088,0.0368,0.0388,0.0535,Stanislav.Galiev,F,0.0468,-0.0192
8470289,0.0062,0.0089,-0.0028,0.07,0.073,-0.0196,0.0266,-0.0461,0.022,0.0232,-0.0012,-0.0012,-0.0001,0.0323,0.034,0.0172,0.0224,-0.0052,0.0088,0.0093,0.0548,-0.0104,0.0652,0.0059,0.0062,-0.0013,0.0099,0.0087,0.0359,0.0374,0.0518,Jim.Slater,F,0.0122,0.0173
8467396,0.0252,-0.0108,0.0361,0.0684,0.0717,0.0114,0.0223,-0.0109,0.022,0.0232,0.0102,-0.0057,0.0158,0.0323,0.034,0.0135,-0.0784,0.0919,0.0088,0.0093,-0.038,0.0557,-0.0936,0.0059,0.0062,0.0189,-0.0102,0.0086,0.0351,0.0368,0.0508,Erik.Cole,F,0.049,-0.0222
8483472,0.0195,-0.0143,0.0337,0.0728,0.0766,0.0434,-0.02,0.0634,0.022,0.0232,0.0177,0.0011,0.0166,0.0323,0.0341,-0.0201,-0.0089,-0.0112,0.0088,0.0093,0.0069,-0.0101,0.017,0.0059,0.0062,0.0187,-0.01,0.0086,0.0372,0.0392,0.0541,,D,0.0336,-0.0235
8479367,-0.0054,0.0315,-0.0369,0.0716,0.0751,-0.1179,0.0117,-0.1296,0.022,0.0232,0.0127,0.0167,-0.004,0.0323,0.0341,0.0123,0.0446,-0.0323,0.0088,0.0093,-0.0771,0.0366,-0.1137,0.0059,0.0062,-0.0138,0.0224,0.0086,0.0367,0.0385,0.0531,William.Lockwood,F,-0.0112,0.0607
8474535,0.0055,0.0075,-0.002,0.073,0.077,0.0021,0.001,0.0011,0.022,0.0232,0.0025,0.0035,-0.001,0.0323,0.0341,0.0001,0.0009,-0.0008,0.0088,0.0093,-0.0013,-0.0009,-0.0004,0.0059,0.0062,0.0037,0.0048,0.0084,0.0373,0.0394,0.0543,Chris.Mueller,F,0.0107,0.0148
8473682,0.0101,0.0026,0.0075,0.0725,0.0762,0.0013,0.0017,-0.0004,0.022,0.0232,0.0046,0.0014,0.0032,0.0323,0.0341,0.0008,-0.0003,0.0012,0.0088,0.0093,-0.0111,0.0052,-0.0163,0.0059,0.0062,0.0067,0.0016,0.0084,0.0371,0.039,0.0538,Andrew.Ebbett,F,0.0197,0.0051
8481516,-0.0051,0.007,-0.0121,0.0715,0.075,-0.0067,0.0346,-0.0413,0.022,0.0232,0.0059,0.0041,0.0018,0.0323,0.0341,0.0148,0.0089,0.0059,0.0088,0.0093,-0.0103,0.0211,-0.0313,0.0059,0.0062,-0.001,0.0093,0.0083,0.0366,0.0384,0.0531,Joel.Kellman,F,-0.0111,0.0119
8480289,0.0487,-0.0016,0.0503,0.0637,0.0658,-0.0718,-0.4597,0.3879,0.022,0.0232,-0.067,0.0172,-0.0842,0.0323,0.034,0.1384,0.3417,-0.2033,0.0088,0.0093,-1.2484,0.0832,-1.3316,0.0059,0.0062,0.0571,-0.0488,0.0083,0.0328,0.0339,0.0472,Morgan.Barron,F,0.031,0.0428
8480798,-0.0139,-0.0079,-0.006,0.0598,0.0602,-0.1087,0.2728,-0.3815,0.0219,0.0231,0.0003,-0.3824,0.3827,0.0323,0.034,0.6039,0.504,0.0999,0.0088,0.0093,0.1289,-0.4317,0.5606,0.0059,0.0062,0.0079,0.0003,0.0082,0.0309,0.0312,0.0439,Philipp.Kurashev,F,0.0096,-0.0341
8480078,-0.0186,0.0293,-0.0479,0.0536,0.0548,-0.0518,0.4174,-0.4692,0.0219,0.0231,-0.0234,0.2384,-0.2618,0.0323,0.034,0.3851,-1.6238,2.009,0.0088,0.0093,0.3988,0.2269,0.1719,0.0059,0.0062,-0.0151,0.0232,0.0081,0.0279,0.0286,0.04,Filip.Chytil,F,0.0659,-0.023
8484403,0.0005,0.0,0.0004,0.0731,0.077,-0.0005,0.0094,-0.0099,0.022,0.0232,0.0004,0.0009,-0.0004,0.0323,0.0341,0.0434,0.0197,0.0237,0.0088,0.0093,-0.0185,-0.0421,0.0236,0.0059,0.0062,0.0036,0.0045,0.0081,0.0374,0.0394,0.0543,,?,0.0,0.0
8484144,0.0466,-0.0477,0.0943,0.0669,0.0693,0.0239,-0.2953,0.3192,0.022,0.0232,-0.1599,0.0052,-0.1651,0.0323,0.034,0.0465,0.5491,-0.5026,0.0088,0.0093,-0.302,-0.8896,0.5876,0.0059,0.0062,0.0066,0.0015,0.0081,0.0344,0.0356,0.0495,Connor.Bedard,F,0.082,-0.0535
8458951,0.0292,-0.0192,0.0483,0.0698,0.0727,-0.0107,0.0435,-0.0542,0.022,0.0232,0.0134,-0.0065,0.0199,0.0323,0.034,-0.0036,-0.0098,0.0063,0.0088,0.0093,0.0313,0.035,-0.0037,0.0059,0.0062,0.0145,-0.0065,0.008,0.0358,0.0373,0.0517,Sergei.Gonchar,D,0.0571,-0.0385
8481518,0.0003,0.0001,0.0002,0.0724,0.0763,0.0104,0.0195,-0.0091,0.022,0.0232,0.0061,-0.0021,0.0081,0.0323,0.0341,0.0079,0.0109,-0.003,0.0088,0.0093,-0.032,0.0018,-0.0337,0.0059,0.0062,0.0048,0.0031,0.0079,0.037,0.039,0.0538,Nolan.Foote,F,0.0,0.0
8470609,0.0123,-0.0001,0.0124,0.0677,0.0702,-0.0494,0.0852,-0.1346,0.022,0.0232,0.0057,-0.0082,0.0139,0.0323,0.034,0.0186,-0.0523,0.0708,0.0088,0.0093,-0.0886,0.1134,-0.202,0.0059,0.0062,0.0047,0.0033,0.0079,0.0347,0.0361,0.0501,Steve.Bernier,F,0.0272,0.0005
8478415,0.0172,-0.0314,0.0486,0.0672,0.0705,-0.2586,0.144,-0.4027,0.022,0.0232,0.1877,-0.1428,0.3305,0.0323,0.034,0.4791,-0.226,0.7052,0.0088,0.0093,-0.6729,0.4959,-1.1689,0.0059,0.0062,0.0668,-0.0589,0.0079,0.0345,0.0362,0.05,Jakub.Zboril,D,0.0339,-0.048
8474748,0.0004,0.0133,-0.0129,0.0725,0.0761,-0.0033,0.0046,-0.0079,0.022,0.0232,0.0003,0.005,-0.0047,0.0323,0.0341,0.0019,-0.0011,0.003,0.0088,0.0093,0.0014,0.0065,-0.005,0.0059,0.0062,-0.0002,0.0081,0.0079,0.0371,0.0389,0.0538,Andrew.MacWilliam,D,0.001,0.0258
8473647,0.0061,0.0065,-0.0005,0.0731,0.0771,0.0003,0.0023,-0.002,0.022,0.0232,0.0024,0.0027,-0.0003,0.0323,0.0341,0.0007,0.0007,-0.0,0.0088,0.0093,0.0001,0.0005,-0.0004,0.0059,0.0062,0.0037,0.0042,0.0079,0.0374,0.0394,0.0543,Frédéric.St.Denis,D,0.0118,0.0127
8478460,0.0307,0.0101,0.0206,0.0435,0.0449,-0.1933,-0.1278,-0.0655,0.0218,0.023,0.7624,-0.8842,1.6466,0.0322,0.034,0.0344,0.219,-0.1846,0.0088,0.0093,-1.0883,-0.0918,-0.9965,0.0059,0.0062,0.1997,-0.1918,0.0078,0.0231,0.0239,0.0333,Zach.Werenski,D,0.0926,-0.0336
8479970,-0.0061,0.0169,-0.023,0.0727,0.0763,0.0054,0.0086,-0.0032,0.022,0.0232,-0.0036,0.0059,-0.0095,0.0323,0.0341,0.0076,-0.0023,0.01,0.0088,0.0093,0.0008,0.0127,-0.012,0.0059,0.0062,-0.0026,0.0104,0.0078,0.0372,0.039,0.0539,Joseph.Gambardella,F,-0.0113,0.0324
8482167,0.0001,0.0003,-0.0002,0.0733,0.0773,0.0102,0.0043,0.006,0.022,0.0232,0.0015,0.0022,-0.0008,0.0323,0.0341,0.0143,0.0032,0.0112,0.0088,0.0093,-0.0277,-0.0605,0.0328,0.0059,0.0062,0.0039,0.0039,0.0078,0.0375,0.0395,0.0545,,?,0.0,0.0
8478136,-0.0283,0.0378,-0.0661,0.0561,0.0571,-0.2832,0.0959,-0.379,0.0219,0.0231,0.005,-0.059,0.064,0.0323,0.034,1.0713,0.1614,0.9099,0.0088,0.0093,-0.8272,1.602,-2.4292,0.0059,0.0062,0.0418,-0.0341,0.0077,0.0291,0.0297,0.0416,Jacob.Middleton,D,0.0312,0.0262
8480846,-0.0139,0.0283,-0.0421,0.0724,0.0761,-0.0244,0.0243,-0.0486,0.022,0.0232,-0.0081,0.0061,-0.0141,0.0323,0.0341,0.0202,0.0113,0.009,0.0088,0.0093,-0.0165,0.0427,-0.0592,0.0059,0.0062,-0.0105,0.0181,0.0076,0.037,0.0389,0.0537,Sampo.Ranta,F,-0.0279,0.0537
8471311,0.0388,-0.0101,0.0489,0.0674,0.0709,-0.0361,-0.0322,-0.0038,0.022,0.0232,0.027,-0.0204,0.0474,0.0323,0.034,0.0242,-0.0918,0.1159,0.0088,0.0093,-0.1462,-0.0005,-0.1457,0.0059,0.0062,0.0272,-0.0199,0.0074,0.0346,0.0364,0.0502,Tyler.Kennedy,F,0.0757,-0.0181
8480467,0.0179,-0.0157,0.0337,0.0714,0.0753,-0.027,-0.0109,-0.0161,0.022,0.0232,0.0423,-0.0182,0.0605,0.0323,0.0341,-0.026,0.0381,-0.0641,0.0088,0.0093,-0.0943,-0.0538,-0.0405,0.0059,0.0062,0.0164,-0.0091,0.0074,0.0366,0.0386,0.0531,Austin.Strand,D,0.0313,-0.0278
8482399,-0.005,0.0137,-0.0187,0.0727,0.076,-0.0136,0.043,-0.0567,0.022,0.0232,-0.0101,0.0036,-0.0136,0.0323,0.0341,0.0099,0.0115,-0.0015,0.0088,0.0093,-0.0209,0.0531,-0.074,0.0059,0.0062,-0.0053,0.0127,0.0073,0.0372,0.0389,0.0538,Billy.Sweezey,D,-0.0105,0.0296
8480803,0.0195,-0.0412,0.0606,0.0515,0.0546,-0.4767,-0.699,0.2222,0.0219,0.0231,0.0493,0.5045,-0.4553,0.0322,0.034,-0.0645,-0.1727,0.1081,0.0088,0.0093,-0.9344,-1.2393,0.305,0.0059,0.0062,-0.0174,0.0248,0.0073,0.0269,0.0285,0.0392,Evan.Bouchard,D,0.1027,0.0096
8482475,0.026,-0.0119,0.0379,0.0642,0.0667,0.1903,-0.3381,0.5284,0.022,0.0232,-0.0378,0.1785,-0.2162,0.0323,0.034,-0.0053,-0.4746,0.4693,0.0088,0.0093,0.4384,-0.9437,1.3821,0.0059,0.0062,0.0154,-0.0081,0.0073,0.033,0.0344,0.0477,Yegor.Chinakhov,F,0.0435,-0.0164
8480842,0.0399,-0.0035,0.0433,0.0723,0.0759,-0.0162,0.0313,-0.0475,0.022,0.0232,0.0089,0.0101,-0.0013,0.0323,0.0341,0.0057,0.0033,0.0024,0.0088,0.0093,0.2523,0.1957,0.0566,0.0059,0.0062,0.0097,-0.0025,0.0073,0.037,0.0388,0.0536,Filip.Hallander,?,0.0731,-0.0043
8478409,0.0174,-0.0123,0.0297,0.0725,0.0761,0.0181,0.0169,0.0012,0.022,0.0232,0.0048,-0.0009,0.0057,0.0323,0.0341,-0.0064,-0.0384,0.032,0.0088,0.0093,0.0023,-0.0367,0.039,0.0059,0.0062,0.012,-0.0046,0.0073,0.0371,0.0389,0.0538,Anthony.Richard,F,0.0332,-0.0245
8483676,0.0348,0.0012,0.0336,0.0719,0.0756,0.0106,-0.1391,0.1497,0.022,0.0232,0.0228,0.0112,0.0115,0.0323,0.0341,0.0102,0.0506,-0.0404,0.0088,0.0093,0.1221,-0.0541,0.1762,0.0059,0.0062,0.0197,-0.0126,0.0071,0.0368,0.0387,0.0534,,?,0.0659,0.0006
8471388,-0.0061,0.0185,-0.0246,0.0722,0.0751,-0.0082,0.0103,-0.0185,0.022,0.0232,-0.0004,0.0048,-0.0052,0.0323,0.0341,0.0016,0.0061,-0.0045,0.0088,0.0093,-0.0088,0.0313,-0.0401,0.0059,0.0062,-0.0039,0.011,0.007,0.0369,0.0385,0.0533,Patrick.Kaleta,F,-0.0116,0.036
8484305,0.0075,-0.0088,0.0163,0.0708,0.0744,0.1124,0.0484,0.064,0.022,0.0232,-0.0141,-0.0353,0.0213,0.0323,0.034,-0.0626,0.0481,-0.1106,0.0088,0.0093,0.3287,-0.2105,0.5393,0.0059,0.0062,0.0006,0.0064,0.007,0.0363,0.0381,0.0526,,?,0.0208,-0.015
8482953,0.0018,-0.0007,0.0025,0.0728,0.0768,0.0156,-0.0085,0.0241,0.022,0.0232,-0.005,0.0132,-0.0182,0.0323,0.0341,-0.0159,-0.0009,-0.015,0.0088,0.0093,-0.0644,-0.0496,-0.0148,0.0059,0.0062,0.0038,0.0032,0.007,0.0372,0.0393,0.0541,,?,0.0,0.0
8470798,0.0133,-0.0025,0.0159,0.0732,0.0772,0.004,-0.0015,0.0056,0.022,0.0232,0.0057,-0.0009,0.0066,0.0323,0.0341,0.0025,-0.0014,0.004,0.0088,0.0093,-0.0004,-0.0006,0.0002,0.0059,0.0062,0.0087,-0.0017,0.0069,0.0374,0.0395,0.0544,Dylan.Reese,D,0.026,-0.0049
8480890,0.0236,-0.0175,0.0411,0.0724,0.0761,0.0005,-0.0022,0.0027,0.022,0.0232,0.0132,-0.0025,0.0157,0.0323,0.0341,0.0121,-0.0049,0.017,0.0088,0.0093,0.0127,-0.0468,0.0596,0.0059,0.0062,0.015,-0.0081,0.0069,0.037,0.0389,0.0537,Jan.Jenik,F,0.0455,-0.0326
8475155,0.0153,0.0161,-0.0008,0.0631,0.0656,-0.0576,0.0403,-0.0979,0.022,0.0232,0.0427,0.0133,0.0294,0.0323,0.034,-0.0646,-0.1057,0.0411,0.0088,0.0093,-0.2471,0.4585,-0.7055,0.0059,0.0062,0.0144,-0.0077,0.0068,0.0325,0.0338,0.0469,Simon.Despres,D,0.0363,0.0266
8483471,0.0011,-0.0002,0.0013,0.0727,0.0765,0.0484,-0.0098,0.0582,0.022,0.0232,-0.0021,0.0061,-0.0081,0.0323,0.0341,0.0183,-0.0017,0.02,0.0088,0.0093,0.0406,-0.0078,0.0484,0.0059,0.0062,0.0068,-0.0,0.0068,0.0372,0.0391,0.054,,F,0.0,0.0
8480292,0.0135,-0.0054,0.019,0.0719,0.0756,-0.0673,0.0741,-0.1414,0.022,0.0232,0.008,-0.0109,0.0189,0.0323,0.0341,0.004,-0.0216,0.0256,0.0088,0.0093,-0.1511,0.0658,-0.2168,0.0059,0.0062,0.0047,0.0021,0.0068,0.0368,0.0387,0.0534,Carson.Meyer,F,0.027,-0.0095
8480056,0.0277,-0.0247,0.0524,0.0711,0.0742,-0.0493,0.0722,-0.1215,0.022,0.0232,0.0153,-0.0241,0.0394,0.0323,0.034,0.022,0.0168,0.0052,0.0088,0.0093,-0.0468,0.0136,-0.0603,0.0059,0.0062,0.013,-0.0064,0.0067,0.0364,0.038,0.0526,Jack.Rathbone,D,0.0493,-0.0475
8483731,-0.0004,-0.0012,0.0008,0.0728,0.0767,0.0104,0.0331,-0.0227,0.022,0.0232,0.0015,0.016,-0.0145,0.0323,0.0341,-0.002,0.0234,-0.0254,0.0088,0.0093,0.1283,-0.0243,0.1526,0.0059,0.0062,-0.0036,0.0103,0.0067,0.0372,0.0392,0.0541,,?,0.0,0.0
8481592,0.0163,0.0137,0.0026,0.0711,0.0755,-0.1566,0.0814,-0.238,0.022,0.0232,-0.0005,0.0079,-0.0085,0.0323,0.0341,0.0312,-0.0786,0.1098,0.0088,0.0093,-0.1104,0.0064,-0.1168,0.0059,0.0062,-0.0092,0.0158,0.0067,0.0364,0.0387,0.0531,Jakob.Pelletier,F,0.0282,0.0321
8470302,0.0028,0.0099,-0.0071,0.0696,0.0722,-0.0399,0.0284,-0.0682,0.022,0.0232,0.0,0.0119,-0.0119,0.0323,0.034,0.028,-0.0108,0.0387,0.0088,0.0093,-0.0479,0.0893,-0.1372,0.0059,0.0062,-0.001,0.0076,0.0066,0.0357,0.037,0.0514,Patrick.Dwyer,F,0.0081,0.0167
8471856,-0.0046,0.0129,-0.0175,0.07,0.0725,-0.0448,0.0524,-0.0972,0.022,0.0232,0.0015,-0.0016,0.0031,0.0323,0.034,0.0178,0.0214,-0.0036,0.0088,0.0093,-0.0983,0.1236,-0.2219,0.0059,0.0062,-0.0037,0.0103,0.0066,0.0359,0.0372,0.0517,Joe.Vitale,F,-0.0096,0.024
8480147,-0.011,0.0051,-0.0161,0.0635,0.0651,-0.3772,0.3746,-0.7518,0.022,0.0232,-0.0918,0.0059,-0.0976,0.0323,0.034,0.3669,0.3205,0.0463,0.0088,0.0093,0.2218,0.0882,0.1336,0.0059,0.0062,-0.0691,0.0757,0.0066,0.0327,0.0336,0.0469,Oscar.Fantenberg,D,0.0375,-0.0187
8478452,0.0184,-0.0228,0.0411,0.0582,0.0596,-0.2751,0.2443,-0.5194,0.0219,0.0231,-0.1763,0.3221,-0.4984,0.0323,0.034,0.9849,-0.5874,1.5722,0.0088,0.0093,0.6081,0.4564,0.1518,0.0059,0.0062,-0.0361,0.0426,0.0065,0.0301,0.0309,0.0432,Caleb.Jones,D,0.0298,0.0242
8484180,0.0075,0.0068,0.0007,0.072,0.076,0.0027,-0.0357,0.0385,0.022,0.0232,0.0119,0.0006,0.0114,0.0323,0.0341,-0.0219,0.0048,-0.0266,0.0088,0.0093,-0.0121,-0.0495,0.0374,0.0059,0.0062,0.0059,0.0004,0.0064,0.0368,0.0389,0.0536,,F,0.0137,0.0106
8467899,0.0304,-0.0142,0.0446,0.0709,0.074,-0.0021,-0.0086,0.0066,0.022,0.0232,0.0123,-0.0134,0.0258,0.0323,0.034,0.0072,-0.0029,0.0101,0.0088,0.0093,-0.0028,0.0067,-0.0095,0.0059,0.0062,0.0181,-0.0118,0.0064,0.0363,0.0379,0.0525,Martin.Havlat,F,0.0592,-0.0278
8475769,0.0005,-0.002,0.0025,0.0705,0.0737,-0.0124,0.0321,-0.0444,0.022,0.0232,0.0097,-0.0075,0.0172,0.0323,0.034,0.0183,0.0081,0.0103,0.0088,0.0093,-0.0609,0.0138,-0.0746,0.0059,0.0062,0.0041,0.0021,0.0062,0.0361,0.0378,0.0523,Quinton.Howden,F,0.0017,-0.0057
8477529,-0.015,0.0032,-0.0182,0.0692,0.0725,-0.0715,0.0489,-0.1204,0.022,0.0232,0.0183,0.0016,0.0167,0.0323,0.034,0.0852,-0.0562,0.1415,0.0088,0.0093,-0.1273,-0.1061,-0.0212,0.0059,0.0062,-0.004,0.0102,0.0062,0.0355,0.0372,0.0514,Colby.Cave,F,-0.0292,0.002
8466142,0.0115,-0.0018,0.0133,0.0698,0.0725,0.0131,-0.024,0.0371,0.022,0.0232,0.0123,-0.0085,0.0208,0.0323,0.034,0.022,0.0061,0.0159,0.0088,0.0093,-0.0757,0.0646,-0.1402,0.0059,0.0062,0.0148,-0.0086,0.0062,0.0358,0.0372,0.0516,Eric.Brewer,D,0.0229,-0.0032
8483447,0.0048,0.0104,-0.0056,0.0728,0.0765,0.0512,-0.0525,0.1037,0.022,0.0232,0.0211,-0.0125,0.0337,0.0323,0.0341,-0.0246,0.0085,-0.0331,0.0088,0.0093,0.0287,0.0275,0.0012,0.0059,0.0062,0.0121,-0.006,0.0061,0.0372,0.0391,0.054,,F,0.0088,0.0219
8474570,0.0235,-0.0194,0.0429,0.0675,0.0695,-0.0965,0.0582,-0.1547,0.022,0.0232,0.0432,-0.0172,0.0603,0.0323,0.034,-0.0216,0.0138,-0.0354,0.0088,0.0093,-0.2549,0.1405,-0.3954,0.0059,0.0062,0.0157,-0.0095,0.0061,0.0347,0.0357,0.0498,Cody.Hodgson,F,0.0474,-0.0413
8470222,0.0335,-0.0174,0.0509,0.0673,0.0701,-0.0154,-0.0413,0.026,0.022,0.0232,0.036,-0.0318,0.0678,0.0323,0.034,0.0179,0.0273,-0.0094,0.0088,0.0093,-0.1078,0.0352,-0.143,0.0059,0.0062,0.0277,-0.0217,0.0061,0.0346,0.036,0.0499,James.Wisniewski,D,0.0673,-0.0309
8474660,0.027,0.002,0.025,0.069,0.0726,-0.0624,0.0433,-0.1057,0.022,0.0232,0.0129,0.002,0.0109,0.0323,0.034,-0.018,-0.0205,0.0026,0.0088,0.0093,-0.0261,0.1897,-0.2159,0.0059,0.0062,0.0069,-0.0009,0.0061,0.0354,0.0372,0.0514,David.Warsofsky,D,0.0574,0.0016
8483460,0.0184,-0.0161,0.0345,0.0703,0.0737,0.1434,-0.1021,0.2455,0.022,0.0232,-0.004,0.0462,-0.0502,0.0323,0.034,-0.197,0.2869,-0.4839,0.0088,0.0093,-0.3047,0.7064,-1.0111,0.0059,0.0062,0.0302,-0.0242,0.006,0.036,0.0378,0.0522,David.Jiricek,D,0.0228,-0.0142
8468309,0.0424,-0.0136,0.056,0.0573,0.0588,-0.2202,0.2166,-0.4368,0.0219,0.0231,0.1311,-0.0538,0.1849,0.0323,0.034,-0.0497,-0.2588,0.2091,0.0088,0.0093,-0.703,0.8614,-1.5645,0.0059,0.0062,0.0421,-0.0361,0.006,0.0297,0.0305,0.0426,Mark.Streit,D,0.0623,-0.0225
8474025,0.0064,0.0036,0.0028,0.0727,0.0763,-0.0019,-0.0011,-0.0008,0.022,0.0232,0.0036,0.0008,0.0028,0.0323,0.0341,0.0041,-0.0012,0.0053,0.0088,0.0093,-0.0033,-0.0037,0.0004,0.0059,0.0062,0.0041,0.0019,0.006,0.0372,0.039,0.0539,Eric.Tangradi,F,0.0122,0.0067
8476427,0.0254,-0.021,0.0464,0.0676,0.0702,-0.0562,0.1218,-0.1779,0.022,0.0232,0.0218,-0.0513,0.0731,0.0323,0.034,0.1089,-0.1052,0.2142,0.0088,0.0093,-0.2284,0.2276,-0.456,0.0059,0.0062,0.0247,-0.0189,0.0058,0.0347,0.0361,0.05,Ty.Rattie,F,0.0476,-0.0411
8483546,-0.0002,0.0002,-0.0003,0.0732,0.0773,0.0087,0.0025,0.0062,0.022,0.0232,0.0055,0.0001,0.0054,0.0323,0.0341,-0.0046,0.0067,-0.0113,0.0088,0.0093,-0.0144,-0.0555,0.0411,0.0059,0.0062,0.0027,0.0031,0.0058,0.0374,0.0395,0.0544,,D,0.0,0.0
8482100,0.0197,-0.0014,0.0211,0.0655,0.0702,0.335,-0.4968,0.8318,0.022,0.0232,-0.4116,0.4192,-0.8309,0.0323,0.034,0.2781,0.0727,0.2054,0.0088,0.0093,0.527,-0.4798,1.0068,0.0059,0.0062,-0.0348,0.0406,0.0057,0.0337,0.0361,0.0493,,D,0.0646,-0.0032
8484768,0.0147,-0.0684,0.0831,0.0711,0.0746,0.0524,-0.0704,0.1228,0.022,0.0232,0.0645,0.0125,0.052,0.0323,0.034,0.0947,-0.0726,0.1673,0.0088,0.0093,-0.1715,-0.2539,0.0824,0.0059,0.0062,0.0419,-0.0362,0.0057,0.0364,0.0382,0.0528,,D,0.0209,-0.1347
8474096,-0.0109,0.001,-0.012,0.0638,0.0657,-0.0992,0.1302,-0.2294,0.022,0.0232,-0.01,-0.0006,-0.0094,0.0323,0.034,-0.0348,0.032,-0.0668,0.0088,0.0093,-0.3594,0.1476,-0.5069,0.0059,0.0062,-0.0102,0.0159,0.0057,0.0329,0.0339,0.0472,Nick.Spaling,F,-0.0148,-0.0097
8479518,0.0002,0.0006,-0.0004,0.0729,0.077,0.0075,0.0089,-0.0014,0.022,0.0232,0.0026,0.0065,-0.004,0.0323,0.0341,-0.0112,-0.0135,0.0023,0.0088,0.0093,-0.0305,-0.0262,-0.0044,0.0059,0.0062,0.0023,0.0033,0.0056,0.0373,0.0394,0.0542,Fredrik.Karlstrom,F,0.0,0.0
8485405,0.0001,0.0005,-0.0004,0.0732,0.0771,0.0246,0.0135,0.0111,0.022,0.0232,0.003,0.0073,-0.0043,0.0323,0.0341,0.0004,-0.0125,0.0129,0.0088,0.0093,0.0705,-0.0222,0.0927,0.0059,0.0062,0.0016,0.004,0.0056,0.0374,0.0394,0.0544,,?,0.0,0.0
8478447,0.0107,-0.0043,0.0149,0.0716,0.0753,0.0176,-0.0089,0.0265,0.022,0.0232,0.002,-0.0044,0.0064,0.0323,0.0341,0.0429,-0.0263,0.0692,0.0088,0.0093,-0.0396,0.0262,-0.0659,0.0059,0.0062,0.0126,-0.0071,0.0055,0.0367,0.0386,0.0532,Nicholas.Merkley,F,0.0197,-0.0093
8475423,-0.0075,0.0142,-0.0216,0.0712,0.0742,-0.01,0.0202,-0.0302,0.022,0.0232,-0.0032,0.0072,-0.0104,0.0323,0.034,-0.0068,-0.0063,-0.0005,0.0088,0.0093,-0.0286,0.0149,-0.0435,0.0059,0.0062,-0.0052,0.0107,0.0055,0.0365,0.038,0.0527,Darren.Archibald,F,-0.0121,0.0251
8474034,0.153,-0.0165,0.1695,0.045,0.0463,-0.2094,0.5672,-0.7765,0.0218,0.023,0.5619,-0.8222,1.3841,0.0322,0.034,0.6006,-1.895,2.4956,0.0088,0.0093,-1.6696,1.2077,-2.8772,0.0059,0.0062,0.2715,-0.2661,0.0055,0.0238,0.0246,0.0342,Patrick.Maroon,F,0.035,-0.0478
8471269,0.0001,0.0045,-0.0044,0.0645,0.0659,-0.0604,0.1328,-0.1932,0.022,0.0232,0.0126,-0.0667,0.0793,0.0323,0.034,0.0701,0.082,-0.0118,0.0088,0.0093,-0.2717,0.3931,-0.6648,0.0059,0.0062,0.0088,-0.0033,0.0055,0.0332,0.034,0.0475,Nicklas.Grossmann,D,0.0059,0.0059
8474137,0.0184,-0.0101,0.0286,0.0733,0.0772,0.0056,-0.0029,0.0085,0.022,0.0232,0.0079,-0.0044,0.0122,0.0323,0.0341,0.0032,-0.0012,0.0044,0.0088,0.0093,-0.0003,0.0013,-0.0016,0.0059,0.0062,0.012,-0.0066,0.0054,0.0375,0.0395,0.0544,Drayson.Bowman,F,0.0358,-0.0197
8475727,0.0003,-0.0132,0.0135,0.0575,0.0586,-0.1699,0.2577,-0.4276,0.0219,0.0231,0.0648,-0.1331,0.198,0.0323,0.034,0.0635,0.0355,0.028,0.0088,0.0093,-0.002,-0.1919,0.1899,0.0059,0.0062,-0.0072,0.0126,0.0054,0.0298,0.0304,0.0426,Ryan.Spooner,F,0.0539,-0.0569
8478562,0.0281,-0.0146,0.0427,0.071,0.0749,-0.0104,0.0046,-0.015,0.022,0.0232,0.0095,-0.0072,0.0168,0.0323,0.0341,0.0099,-0.0122,0.0222,0.0088,0.0093,-0.0136,0.0359,-0.0495,0.0059,0.0062,0.0157,-0.0104,0.0054,0.0364,0.0384,0.0529,Jakub.Nakladal,D,0.0559,-0.0289
8471245,0.0046,0.0002,0.0044,0.0687,0.0715,0.0139,0.0006,0.0134,0.022,0.0232,0.0186,-0.0228,0.0413,0.0323,0.034,0.0097,0.0113,-0.0016,0.0088,0.0093,-0.1093,0.0966,-0.2059,0.0059,0.0062,0.0134,-0.008,0.0054,0.0352,0.0367,0.0509,Dave.Bolland,F,0.0101,0.0028
8475736,0.0162,-0.0085,0.0246,0.0692,0.0716,-0.0526,0.0744,-0.1271,0.022,0.0232,0.037,-0.0282,0.0651,0.0323,0.034,0.0714,-0.0671,0.1385,0.0088,0.0093,-0.0514,0.1505,-0.2019,0.0059,0.0062,0.0147,-0.0093,0.0053,0.0355,0.0367,0.0511,Connor.Brickley,F,0.0271,-0.0199
8482635,-0.011,0.0269,-0.038,0.0715,0.0744,-0.0512,0.0415,-0.0927,0.022,0.0232,-0.0196,0.016,-0.0355,0.0323,0.034,0.0905,-0.017,0.1075,0.0088,0.0093,0.0626,0.0578,0.0049,0.0059,0.0062,-0.0146,0.0199,0.0053,0.0366,0.0381,0.0528,Mike.Hardman,F,-0.0215,0.0475
8470324,-0.0123,0.0404,-0.0527,0.0594,0.0588,-0.3844,0.3691,-0.7535,0.0219,0.0231,0.2313,-0.3233,0.5547,0.0323,0.034,0.2536,0.4458,-0.1922,0.0088,0.0093,-0.7278,1.4383,-2.1661,0.0059,0.0062,0.0314,-0.0263,0.0051,0.0307,0.0305,0.0433,Josh.Gorges,D,0.0014,0.0447
8475206,0.0371,-0.0278,0.0649,0.0713,0.0749,0.007,-0.0078,0.0148,0.022,0.0232,0.0195,-0.0141,0.0336,0.0323,0.0341,0.0045,-0.0108,0.0153,0.0088,0.0093,-0.0659,0.0719,-0.1378,0.0059,0.0062,0.0268,-0.0217,0.0051,0.0365,0.0384,0.053,Stefan.Elliott,D,0.0723,-0.0536
8478842,0.0064,0.0011,0.0053,0.0728,0.0766,0.0022,0.0083,-0.0061,0.022,0.0232,0.002,0.0003,0.0018,0.0323,0.0341,-0.0006,0.0018,-0.0024,0.0088,0.0093,0.0052,0.0148,-0.0096,0.0059,0.0062,0.0037,0.0014,0.0051,0.0372,0.0392,0.0541,Andrei.Mironov,D,0.0128,0.0019
8480979,0.01,0.0021,0.0079,0.0724,0.0762,-0.0138,0.0167,-0.0305,0.022,0.0232,-0.0019,0.0031,-0.0051,0.0323,0.0341,0.0154,0.0107,0.0047,0.0088,0.0093,0.0826,-0.0031,0.0858,0.0059,0.0062,0.0001,0.005,0.0051,0.037,0.039,0.0538,Nathan.Smith,F,0.0204,0.0049
8470667,0.0209,-0.0038,0.0247,0.0663,0.0695,0.0302,0.0289,0.0013,0.022,0.0232,0.0041,-0.0512,0.0553,0.0323,0.034,0.04,-0.0475,0.0875,0.0088,0.0093,-0.0097,0.0471,-0.0568,0.0059,0.0062,0.0187,-0.0136,0.0051,0.0341,0.0357,0.0494,Clarke.MacArthur,F,0.0455,-0.0103
8483841,0.0011,-0.0005,0.0016,0.073,0.0771,-0.0049,0.0164,-0.0214,0.022,0.0232,0.0051,-0.0032,0.0083,0.0323,0.0341,-0.0137,0.0086,-0.0223,0.0088,0.0093,-0.0775,0.0031,-0.0806,0.0059,0.0062,0.0032,0.0019,0.0051,0.0373,0.0394,0.0543,,?,0.0,0.0
8476415,0.0024,0.0171,-0.0147,0.0701,0.0733,-0.0931,0.0488,-0.142,0.022,0.0232,-0.0035,0.0035,-0.007,0.0323,0.034,0.0356,-0.0161,0.0517,0.0088,0.0093,0.0061,-0.0235,0.0297,0.0059,0.0062,-0.0116,0.0166,0.005,0.0359,0.0376,0.052,Kyle.Rau,F,0.0097,0.0295
8477945,0.0285,-0.006,0.0345,0.0668,0.0702,-0.0301,-0.0304,0.0003,0.022,0.0232,0.0569,-0.009,0.0658,0.0323,0.034,-0.0003,-0.0662,0.0659,0.0088,0.0093,-0.0779,0.1743,-0.2522,0.0059,0.0062,0.0254,-0.0205,0.0049,0.0343,0.0361,0.0498,Julius.Honka,D,0.0544,-0.019
8475266,0.0058,0.0022,0.0036,0.073,0.077,0.0008,0.0004,0.0004,0.022,0.0232,0.0026,0.0009,0.0016,0.0323,0.0341,0.0019,-0.0006,0.0025,0.0088,0.0093,0.0028,0.0016,0.0012,0.0059,0.0062,0.0036,0.0013,0.0049,0.0373,0.0394,0.0543,Tomas.Vincour,F,0.0114,0.0042
8481618,0.0223,0.0193,0.003,0.0604,0.0626,-0.0513,0.278,-0.3293,0.0219,0.0231,-0.0082,-0.0461,0.0379,0.0323,0.034,0.2372,-0.4298,0.667,0.0088,0.0093,0.0527,0.6074,-0.5548,0.0059,0.0062,0.0138,-0.0089,0.0049,0.0312,0.0324,0.045,Alex.Newhook,F,0.0292,-0.0338
8471222,0.0011,0.0205,-0.0194,0.0698,0.0725,-0.0412,-0.008,-0.0332,0.022,0.0232,0.0011,0.0184,-0.0173,0.0323,0.034,-0.0038,0.0051,-0.0089,0.0088,0.0093,-0.0169,0.0887,-0.1056,0.0059,0.0062,-0.0049,0.0099,0.0049,0.0358,0.0372,0.0516,Ladislav.Smid,D,0.0012,0.0384
8466160,0.0128,-0.0105,0.0233,0.0703,0.0737,-0.0064,0.0044,-0.0109,0.022,0.0232,0.0069,0.0008,0.0062,0.0323,0.034,-0.0012,-0.0078,0.0066,0.0088,0.0093,-0.0527,-0.0181,-0.0346,0.0059,0.0062,0.009,-0.0042,0.0048,0.036,0.0378,0.0522,Brenden.Morrow,F,0.0245,-0.0216
8480226,0.0148,0.021,-0.0063,0.0704,0.0738,-0.0533,-0.0418,-0.0115,0.022,0.0232,0.0082,-0.0253,0.0335,0.0323,0.034,0.135,-0.0861,0.2211,0.0088,0.0093,-0.1077,0.058,-0.1658,0.0059,0.0062,0.0136,-0.0088,0.0048,0.0361,0.0378,0.0523,Marian.Studenic,F,0.0222,0.0399
8470121,0.0013,0.0141,-0.0129,0.0652,0.0688,-0.0834,0.0966,-0.18,0.022,0.0232,-0.0169,-0.0042,-0.0127,0.0323,0.034,-0.013,0.0381,-0.0511,0.0088,0.0093,0.0161,0.0284,-0.0123,0.0059,0.0062,-0.017,0.0218,0.0048,0.0335,0.0354,0.0487,Matt.Greene,D,0.011,0.0199
8478833,-0.0067,0.0181,-0.0248,0.0724,0.0762,-0.0071,0.0128,-0.0198,0.022,0.0232,-0.0028,0.0075,-0.0103,0.0323,0.0341,-0.0056,-0.0053,-0.0003,0.0088,0.0093,0.0351,0.0197,0.0154,0.0059,0.0062,-0.0068,0.0115,0.0047,0.037,0.039,0.0538,J.C..Beaudin,F,-0.0138,0.0348
8479986,0.0141,0.0047,0.0095,0.0712,0.0748,-0.0815,0.051,-0.1324,0.022,0.0232,-0.0028,-0.0141,0.0113,0.0323,0.0341,0.0252,-0.0059,0.0311,0.0088,0.0093,0.0102,-0.0718,0.082,0.0059,0.0062,-0.0047,0.0094,0.0047,0.0365,0.0383,0.0529,Kole.Lind,F,0.0295,0.0171
8484150,0.0168,-0.0576,0.0743,0.0713,0.0749,0.1571,0.0166,0.1405,0.022,0.0232,0.007,0.0041,0.0029,0.0323,0.0341,-0.1306,0.0782,-0.2089,0.0088,0.0093,0.1874,-0.1816,0.369,0.0059,0.0062,0.0182,-0.0135,0.0047,0.0365,0.0384,0.053,,D,0.0288,-0.0945
8482142,0.0245,0.0871,-0.0625,0.059,0.0596,0.193,-0.248,0.441,0.0219,0.0231,-0.1975,0.1973,-0.3948,0.0323,0.034,-0.1373,0.4814,-0.6187,0.0088,0.0093,1.2397,0.346,0.8936,0.0059,0.0062,-0.0601,0.0648,0.0047,0.0305,0.0309,0.0435,Jamie.Drysdale,D,0.0325,-0.0676
8471385,0.0101,-0.0008,0.0109,0.0674,0.0703,-0.0406,0.0368,-0.0774,0.022,0.0232,0.0184,0.0008,0.0177,0.0323,0.034,-0.0012,-0.0408,0.0395,0.0088,0.0093,0.0282,0.0024,0.0258,0.0059,0.0062,0.0018,0.0028,0.0046,0.0346,0.0361,0.05,Adam.Pardy,D,0.0183,0.0017
8473700,0.0174,-0.0095,0.0269,0.0732,0.0772,0.0041,-0.0043,0.0085,0.022,0.0232,0.0076,-0.0044,0.0119,0.0323,0.0341,0.0023,-0.0014,0.0038,0.0088,0.0093,-0.0002,0.0016,-0.0018,0.0059,0.0062,0.0111,-0.0065,0.0046,0.0374,0.0395,0.0544,Ryan.Wilson,D,0.0337,-0.0184
8477850,-0.0062,0.025,-0.0312,0.058,0.0594,-0.0784,0.1387,-0.2171,0.0219,0.0231,0.0953,-0.2115,0.3068,0.0323,0.034,0.3853,-0.1332,0.5186,0.0088,0.0093,-0.4897,0.5773,-1.067,0.0059,0.0062,0.0488,-0.0443,0.0045,0.03,0.0308,0.043,Christian.Folin,D,0.0194,0.0107
8476440,-0.0093,-0.0041,-0.0052,0.0573,0.0581,-0.3847,0.0569,-0.4415,0.0219,0.0231,-0.018,-0.1436,0.1256,0.0323,0.034,0.6627,0.1469,0.5158,0.0088,0.0093,-1.3877,0.2036,-1.5914,0.0059,0.0062,0.029,-0.0244,0.0045,0.0297,0.0302,0.0424,Markus.Granlund,F,0.0055,-0.0236
8477482,0.0608,0.0763,-0.0154,0.0574,0.0579,-0.5698,0.3766,-0.9465,0.0219,0.0231,0.1184,-0.3272,0.4457,0.0323,0.034,0.3673,-0.1135,0.4808,0.0088,0.0093,-0.6846,0.7948,-1.4794,0.0059,0.0062,0.0204,-0.0159,0.0045,0.0298,0.0301,0.0423,Zach.Sanford,F,0.0146,0.0529
8483619,0.0155,-0.0074,0.0229,0.0718,0.0753,-0.0164,0.0325,-0.0489,0.022,0.0232,0.0001,-0.0161,0.0162,0.0323,0.0341,0.007,-0.0118,0.0188,0.0088,0.0093,-0.0418,-0.002,-0.0398,0.0059,0.0062,0.0074,-0.003,0.0044,0.0367,0.0386,0.0533,Filip.Roos,D,0.0267,-0.0173
8474048,0.0042,0.0007,0.0035,0.0709,0.0738,-0.0042,0.0129,-0.0171,0.022,0.0232,0.0006,0.0038,-0.0032,0.0323,0.034,0.007,-0.0006,0.0076,0.0088,0.0093,0.0062,0.0123,-0.0061,0.0059,0.0062,0.0018,0.0026,0.0044,0.0363,0.0378,0.0524,Keith.Aulie,D,0.008,0.0025
8480439,-0.0005,-0.001,0.0005,0.0728,0.0766,0.0186,0.018,0.0006,0.022,0.0232,-0.0013,-0.0045,0.0032,0.0323,0.0341,0.0187,0.0116,0.0071,0.0088,0.0093,-0.0097,0.0326,-0.0423,0.0059,0.0062,0.0038,0.0006,0.0044,0.0372,0.0392,0.0541,Mac.Hollowell,D,0.0,0.0
8474149,0.058,-0.0469,0.105,0.0486,0.0508,-0.2352,0.2838,-0.519,0.0218,0.023,0.4204,0.1516,0.2689,0.0322,0.034,-0.1602,-1.783,1.6228,0.0088,0.0093,0.6233,-0.1755,0.7988,0.0059,0.0062,0.0517,-0.0475,0.0042,0.0255,0.0267,0.0369,Evgenii.Dadonov,F,0.0458,-0.0235
8479657,0.0131,0.0027,0.0104,0.0715,0.0754,-0.0245,-0.0024,-0.0221,0.022,0.0232,0.0005,-0.0016,0.0021,0.0323,0.0341,0.0081,-0.003,0.0111,0.0088,0.0093,-0.0023,-0.0035,0.0013,0.0059,0.0062,0.0036,0.0006,0.0042,0.0366,0.0386,0.0532,Alexandre.Fortin,F,0.026,0.0071
8476922,-0.0005,0.0304,-0.0309,0.0695,0.0719,0.0338,0.0228,0.011,0.022,0.0232,-0.0133,0.0064,-0.0197,0.0323,0.034,0.0604,-0.1221,0.1825,0.0088,0.0093,0.2264,0.1243,0.1021,0.0059,0.0062,-0.0035,0.0077,0.0042,0.0356,0.0369,0.0513,Boo.Nieves,F,0.0003,0.0567
8475224,-0.0032,0.0045,-0.0077,0.0722,0.0752,-0.0107,0.0074,-0.0181,0.022,0.0232,0.0016,0.0082,-0.0065,0.0323,0.0341,0.0076,-0.0002,0.0077,0.0088,0.0093,-0.0164,-0.0164,0.0,0.0059,0.0062,-0.0017,0.0058,0.0041,0.0369,0.0385,0.0534,Jordan.Szwarz,F,-0.0068,0.0089
8476179,-0.0114,0.0178,-0.0292,0.0732,0.0772,-0.0037,0.0045,-0.0082,0.022,0.0232,-0.0051,0.008,-0.013,0.0323,0.0341,-0.0013,0.0023,-0.0036,0.0088,0.0093,-0.0012,0.0,-0.0012,0.0059,0.0062,-0.0074,0.0115,0.0041,0.0374,0.0395,0.0544,Will.Acton,F,-0.022,0.0345
8474520,0.0045,-0.0018,0.0063,0.0571,0.0589,-0.1171,0.2159,-0.333,0.0219,0.0231,0.0461,-0.1549,0.201,0.0323,0.034,0.3322,0.0405,0.2918,0.0088,0.0093,-0.4169,0.6803,-1.0972,0.0059,0.0062,0.0314,-0.0274,0.0041,0.0296,0.0306,0.0426,Jason.Garrison,D,0.0363,0.0003
8465951,0.0041,0.0038,0.0002,0.0714,0.0747,-0.0073,0.0059,-0.0132,0.022,0.0232,0.0001,0.0012,-0.0012,0.0323,0.0341,0.0112,0.0005,0.0107,0.0088,0.0093,-0.003,0.0224,-0.0254,0.0059,0.0062,0.0018,0.0022,0.004,0.0366,0.0383,0.0529,Matt.Cooke,F,0.0083,0.0079
8474192,0.0162,-0.0102,0.0264,0.0729,0.0768,0.0027,-0.0009,0.0036,0.022,0.0232,0.0067,-0.0046,0.0113,0.0323,0.0341,0.0041,-0.0021,0.0061,0.0088,0.0093,0.0002,-0.0023,0.0025,0.0059,0.0062,0.0102,-0.0063,0.0039,0.0373,0.0393,0.0542,Matt.Frattin,F,0.0316,-0.0197
8466158,0.0035,-0.01,0.0135,0.0683,0.071,-0.0185,0.0479,-0.0664,0.022,0.0232,-0.0008,-0.011,0.0102,0.0323,0.034,0.0267,0.0077,0.0191,0.0088,0.0093,0.0225,-0.1017,0.1242,0.0059,0.0062,-0.0005,0.0043,0.0038,0.035,0.0365,0.0506,Scott.Hannan,D,0.0062,-0.0195
8477460,0.006,-0.0092,0.0152,0.0681,0.0705,-0.2576,0.0351,-0.2928,0.022,0.0232,-0.0591,-0.0516,-0.0076,0.0323,0.034,0.2869,0.0652,0.2217,0.0088,0.0093,-0.3512,-0.6967,0.3456,0.0059,0.0062,-0.0174,0.0211,0.0037,0.0349,0.0362,0.0503,Laurent.Dauphin,F,0.0127,0.0242
8483675,0.0001,-0.0001,0.0002,0.0732,0.0772,0.026,-0.005,0.0309,0.022,0.0232,-0.0008,0.0037,-0.0045,0.0323,0.0341,0.0038,0.0041,-0.0003,0.0088,0.0093,0.0186,-0.0031,0.0216,0.0059,0.0062,0.0033,0.0004,0.0036,0.0374,0.0395,0.0544,,?,0.0,0.0
8482168,0.001,0.0003,0.0007,0.0732,0.0772,0.0235,0.0114,0.0122,0.022,0.0232,0.0037,0.0062,-0.0025,0.0323,0.0341,-0.0112,0.0074,-0.0185,0.0088,0.0093,0.0374,0.0674,-0.03,0.0059,0.0062,0.0027,0.001,0.0036,0.0374,0.0395,0.0544,,?,0.0,0.0
8476482,0.0108,-0.0054,0.0162,0.0727,0.0767,0.0009,-0.003,0.0039,0.022,0.0232,0.0057,-0.0026,0.0083,0.0323,0.0341,-0.0027,0.0004,-0.003,0.0088,0.0093,-0.0112,-0.0059,-0.0053,0.0059,0.0062,0.0071,-0.0035,0.0036,0.0372,0.0392,0.0541,Nicklas.Jensen,F,0.0209,-0.0105
8469469,0.0223,-0.0052,0.0275,0.0677,0.0699,-0.0311,0.0426,-0.0736,0.022,0.0232,0.0267,-0.0283,0.0551,0.0323,0.034,-0.0126,0.0007,-0.0133,0.0088,0.0093,-0.0645,0.2062,-0.2707,0.0059,0.0062,0.0142,-0.0106,0.0035,0.0347,0.0359,0.05,R.J..Umberger,F,0.0469,-0.0078
8481014,-0.0226,0.0148,-0.0374,0.0555,0.0562,-0.4158,0.4676,-0.8834,0.0219,0.0231,-0.0764,-0.0532,-0.0232,0.0323,0.034,0.1426,-0.1608,0.3033,0.0088,0.0093,-0.2783,-0.4531,0.1749,0.0059,0.0062,-0.0708,0.0743,0.0035,0.0288,0.0293,0.0411,Alexander.Romanov,D,0.0269,0.0405
8482118,0.0102,-0.0145,0.0247,0.0727,0.0767,0.0107,-0.0097,0.0204,0.022,0.0232,0.0009,-0.0005,0.0014,0.0323,0.0341,0.0076,0.0272,-0.0196,0.0088,0.0093,0.0371,-0.1187,0.1558,0.0059,0.0062,0.0059,-0.0024,0.0034,0.0372,0.0392,0.0541,,F,0.0233,-0.0305
8479329,0.0,0.0006,-0.0005,0.073,0.077,-0.001,0.0054,-0.0064,0.022,0.0232,0.0006,0.0049,-0.0043,0.0323,0.0341,-0.0046,-0.0036,-0.001,0.0088,0.0093,-0.0147,-0.0274,0.0128,0.0059,0.0062,0.0003,0.0031,0.0034,0.0373,0.0394,0.0543,Frederic.Allard,D,0.0,0.0
8484839,0.0047,0.0345,-0.0298,0.0724,0.0762,0.0299,-0.0296,0.0595,0.022,0.0232,-0.0194,0.0074,-0.0268,0.0323,0.0341,-0.0253,-0.004,-0.0213,0.0088,0.0093,0.261,0.0389,0.222,0.0059,0.0062,-0.0094,0.0126,0.0033,0.037,0.039,0.0538,,?,0.0115,0.0681
8476852,0.0024,0.0061,-0.0037,0.0697,0.0726,-0.0123,0.0034,-0.0157,0.022,0.0232,-0.0035,-0.0004,-0.0031,0.0323,0.034,0.0385,-0.0044,0.0428,0.0088,0.0093,0.0121,0.009,0.0031,0.0059,0.0062,0.0004,0.0028,0.0033,0.0357,0.0372,0.0516,Griffin.Reinhart,D,0.0038,0.0108
8475192,0.0127,0.002,0.0107,0.0695,0.0721,-0.0308,0.0188,-0.0496,0.022,0.0232,0.0043,0.0004,0.0039,0.0323,0.034,0.0189,-0.0358,0.0547,0.0088,0.0093,-0.0253,0.0833,-0.1086,0.0059,0.0062,0.0048,-0.0016,0.0033,0.0356,0.037,0.0514,Taylor.Beck,F,0.0281,0.001
8483497,0.0263,-0.0348,0.0611,0.0714,0.0749,0.0895,-0.0532,0.1427,0.022,0.0232,0.0226,-0.0664,0.0891,0.0323,0.0341,0.0641,0.0545,0.0096,0.0088,0.0093,0.0188,-0.1319,0.1507,0.0059,0.0062,0.0346,-0.0314,0.0032,0.0366,0.0384,0.053,,F,0.0489,-0.0694
8473574,0.0137,-0.017,0.0308,0.0621,0.0636,-0.1307,0.0781,-0.2087,0.022,0.0232,0.0242,-0.0799,0.1041,0.0323,0.034,0.2645,-0.0457,0.3101,0.0088,0.0093,-0.495,0.1976,-0.6927,0.0059,0.0062,0.0282,-0.025,0.0032,0.032,0.0329,0.0459,Shawn.Matthias,F,0.0279,-0.0251
8470617,0.026,0.0095,0.0165,0.0672,0.0705,-0.0679,0.016,-0.084,0.022,0.0232,-0.0015,-0.0105,0.0091,0.0323,0.034,0.0156,-0.0379,0.0536,0.0088,0.0093,-0.0322,0.1035,-0.1356,0.0059,0.0062,0.0047,-0.0016,0.0031,0.0345,0.0362,0.05,Mike.Richards,F,0.0488,0.0177
8482804,0.0001,-0.0,0.0002,0.0731,0.0771,-0.0028,0.0041,-0.007,0.022,0.0232,-0.005,0.0038,-0.0088,0.0323,0.0341,-0.0004,-0.0082,0.0078,0.0088,0.0093,-0.0565,-0.0348,-0.0218,0.0059,0.0062,0.0008,0.0024,0.0031,0.0374,0.0394,0.0543,,?,0.0,0.0
8470065,0.0026,0.0022,0.0005,0.0733,0.0772,0.001,0.0005,0.0006,0.022,0.0232,0.0013,0.0005,0.0008,0.0323,0.0341,0.0007,0.0009,-0.0001,0.0088,0.0093,-0.0015,0.0015,-0.003,0.0059,0.0062,0.0018,0.0013,0.0031,0.0375,0.0395,0.0544,Ryan.Craig,F,0.0051,0.0042
8475815,0.0064,-0.004,0.0104,0.0708,0.074,0.0041,0.0033,0.0008,0.022,0.0232,0.0082,-0.0041,0.0123,0.0323,0.034,0.0193,0.0052,0.0141,0.0088,0.0093,0.0282,0.0128,0.0154,0.0059,0.0062,0.0056,-0.0026,0.003,0.0363,0.0379,0.0525,Julian.Melchiori,D,0.0126,-0.0074
8471185,0.0199,0.0103,0.0096,0.0676,0.0702,-0.0442,0.0566,-0.1008,0.022,0.0232,-0.0169,0.002,-0.0189,0.0323,0.034,0.027,-0.0284,0.0554,0.0088,0.0093,0.1716,0.0923,0.0793,0.0059,0.0062,-0.0056,0.0087,0.003,0.0347,0.0361,0.05,Curtis.Glencross,F,0.0415,0.0183
8470317,-0.006,0.0027,-0.0088,0.0669,0.0676,0.0019,0.1292,-0.1273,0.022,0.0232,-0.0002,-0.0004,0.0002,0.0323,0.034,0.1743,-0.0717,0.246,0.0088,0.0093,-0.072,0.5984,-0.6705,0.0059,0.0062,0.0106,-0.0076,0.003,0.0344,0.0348,0.0489,Nate.Guenin,D,-0.0048,0.0047
8468513,-0.0013,0.0218,-0.0231,0.0606,0.0617,0.0414,0.1295,-0.088,0.0219,0.0231,-0.0362,-0.0192,-0.017,0.0323,0.034,0.145,0.209,-0.064,0.0088,0.0093,0.03,1.019,-0.989,0.0059,0.0062,0.0051,-0.0021,0.003,0.0313,0.0319,0.0447,Nick.Schultz,D,0.0088,0.0355
8469521,-0.0063,0.0392,-0.0454,0.0535,0.0556,-0.1911,0.2275,-0.4186,0.0219,0.0231,0.08,-0.203,0.283,0.0322,0.034,-0.2616,0.4461,-0.7077,0.0088,0.0093,0.3798,-0.3034,0.6832,0.0059,0.0062,-0.0451,0.048,0.0029,0.0279,0.029,0.0402,Tomas.Plekanec,F,0.0489,-0.0016
8479462,0.0,0.0003,-0.0002,0.0731,0.077,0.0015,0.0086,-0.0071,0.022,0.0232,0.0018,0.0007,0.0011,0.0323,0.0341,-0.0016,0.0023,-0.0039,0.0088,0.0093,-0.0225,0.0066,-0.0291,0.0059,0.0062,0.0014,0.0015,0.0029,0.0374,0.0394,0.0543,Tarmo.Reunanen,D,0.0,0.0
8481543,0.0013,-0.0035,0.0049,0.0719,0.0753,-0.0655,0.0454,-0.1109,0.022,0.0232,0.0086,-0.005,0.0136,0.0323,0.0341,0.0568,-0.0071,0.064,0.0088,0.0093,-0.1263,0.045,-0.1713,0.0059,0.0062,0.0012,0.0017,0.0029,0.0368,0.0386,0.0533,Nikita.Alexandrov,F,0.0009,-0.0078
8478365,0.0003,0.0004,-0.0001,0.0726,0.0762,0.0034,0.0106,-0.0072,0.022,0.0232,0.0003,0.0012,-0.0009,0.0323,0.0341,0.0012,-0.0061,0.0073,0.0088,0.0093,-0.0026,-0.0055,0.0029,0.0059,0.0062,0.0009,0.0019,0.0028,0.0371,0.039,0.0538,Danick.Martel,F,0.0,0.0
8478430,-0.0327,0.0301,-0.0628,0.0594,0.0625,0.1727,0.421,-0.2483,0.0219,0.0231,-0.149,0.0139,-0.1629,0.0323,0.034,0.3872,-0.3746,0.7619,0.0088,0.0093,1.2777,0.1249,1.1528,0.0059,0.0062,-0.0511,0.0538,0.0027,0.0307,0.0323,0.0446,Oliver.Kylington,D,0.0322,-0.0124
8479381,0.0078,0.0078,-0.0001,0.0714,0.0748,-0.0668,0.0178,-0.0846,0.022,0.0232,0.0131,-0.0122,0.0253,0.0323,0.0341,-0.0035,0.0337,-0.0372,0.0088,0.0093,-0.0645,0.0616,-0.1262,0.0059,0.0062,-0.0009,0.0034,0.0026,0.0366,0.0383,0.053,Nick.Caamano,F,0.0146,0.0149
8471362,0.0213,0.0106,0.0106,0.0646,0.0682,-0.0922,0.0467,-0.1389,0.022,0.0232,-0.0295,0.0107,-0.0402,0.0323,0.034,0.0534,-0.1069,0.1603,0.0088,0.0093,-0.08,0.0612,-0.1412,0.0059,0.0062,-0.0033,0.0058,0.0025,0.0332,0.0351,0.0483,Mikhail.Grabovski,F,0.042,0.0154
8484255,0.0017,-0.0001,0.0018,0.0733,0.0772,0.0069,-0.0061,0.0131,0.022,0.0232,0.0003,-0.0024,0.0027,0.0323,0.0341,-0.0104,0.006,-0.0164,0.0088,0.0093,-0.025,-0.0316,0.0066,0.0059,0.0062,0.0023,0.0001,0.0025,0.0375,0.0395,0.0544,,F,0.0,0.0
8479375,-0.0002,-0.0003,0.0001,0.0733,0.0772,0.0018,0.011,-0.0092,0.022,0.0232,0.0025,-0.0002,0.0027,0.0323,0.0341,-0.0033,-0.0048,0.0015,0.0088,0.0093,0.0136,-0.0342,0.0478,0.0059,0.0062,-0.0,0.0025,0.0025,0.0375,0.0395,0.0544,William.Bitten,?,0.0,0.0
8482197,0.0004,0.0004,-0.0,0.0728,0.0769,-0.0148,0.0259,-0.0407,0.022,0.0232,-0.0036,-0.0003,-0.0032,0.0323,0.0341,0.0121,0.0012,0.0108,0.0088,0.0093,-0.007,-0.003,-0.0039,0.0059,0.0062,-0.0018,0.0042,0.0024,0.0372,0.0393,0.0542,Adam.Raska,F,0.0,0.0
8476819,-0.0102,0.0139,-0.024,0.0733,0.0773,-0.0038,0.0044,-0.0083,0.022,0.0232,-0.0043,0.006,-0.0103,0.0323,0.0341,-0.0016,0.002,-0.0036,0.0088,0.0093,-0.0014,-0.0012,-0.0003,0.0059,0.0062,-0.0067,0.0091,0.0024,0.0375,0.0395,0.0545,Jeremy.Welsh,F,-0.0197,0.0269
8474603,-0.0078,0.0113,-0.0191,0.0729,0.077,-0.0033,0.0035,-0.0068,0.022,0.0232,-0.0036,0.0049,-0.0086,0.0323,0.0341,0.0005,0.0017,-0.0012,0.0088,0.0093,-0.0007,-0.0019,0.0012,0.0059,0.0062,-0.0051,0.0074,0.0023,0.0373,0.0394,0.0542,Eric.O'Dell,F,-0.0149,0.0221
8484135,-0.0109,0.0424,-0.0533,0.0727,0.0765,-0.0037,-0.0478,0.0441,0.022,0.0232,-0.0262,0.0254,-0.0516,0.0323,0.0341,-0.0003,0.0029,-0.0033,0.0088,0.0093,0.1295,0.014,0.1155,0.0059,0.0062,-0.017,0.0192,0.0023,0.0372,0.0391,0.054,,F,-0.0186,0.0857
8482785,-0.0005,0.0005,-0.001,0.0732,0.0773,0.0085,0.008,0.0005,0.022,0.0232,-0.0041,0.0047,-0.0088,0.0323,0.0341,0.0282,0.0027,0.0256,0.0088,0.0093,0.0701,-0.0149,0.085,0.0059,0.0062,-0.001,0.0032,0.0023,0.0374,0.0395,0.0544,,F,0.0,0.0
8478485,-0.0,0.0006,-0.0006,0.0725,0.0762,-0.0183,0.0171,-0.0354,0.022,0.0232,0.0022,0.0033,-0.0012,0.0323,0.0341,0.0026,-0.0072,0.0098,0.0088,0.0093,0.0003,-0.0321,0.0324,0.0059,0.0062,-0.0021,0.0044,0.0023,0.0371,0.039,0.0538,Zach.Senyshyn,F,0.0,0.0
8480304,0.0001,0.0001,0.0001,0.0731,0.0771,0.0047,0.0041,0.0006,0.022,0.0232,0.0022,0.0004,0.0019,0.0323,0.0341,0.0096,-0.0112,0.0209,0.0088,0.0093,-0.0252,0.0158,-0.041,0.0059,0.0062,0.0028,-0.0006,0.0023,0.0374,0.0394,0.0543,Jayden.Halbgewachs,F,0.0,0.0
8482452,-0.0004,0.0001,-0.0005,0.0732,0.0769,-0.0023,0.0042,-0.0066,0.022,0.0232,-0.0001,0.0031,-0.0032,0.0323,0.0341,-0.0003,0.008,-0.0083,0.0088,0.0093,0.0067,-0.0325,0.0392,0.0059,0.0062,-0.0009,0.0031,0.0023,0.0374,0.0393,0.0543,Elliot.Desnoyers,F,0.0,0.0
8477902,-0.0079,0.0263,-0.0343,0.0699,0.0719,-0.0324,0.0127,-0.0452,0.022,0.0232,-0.0015,0.0122,-0.0137,0.0323,0.034,0.0297,-0.0205,0.0502,0.0088,0.0093,0.0061,0.1668,-0.1607,0.0059,0.0062,-0.0076,0.0098,0.0022,0.0358,0.0369,0.0514,Dennis.Everberg,F,-0.0164,0.0505
8468526,-0.003,0.0101,-0.0131,0.0654,0.0667,-0.1159,0.2005,-0.3164,0.022,0.0232,0.0078,0.0056,0.0022,0.0323,0.034,0.0161,0.0432,-0.0271,0.0088,0.0093,0.2078,0.3066,-0.0989,0.0059,0.0062,-0.0245,0.0267,0.0022,0.0336,0.0344,0.0481,Jarret.Stoll,F,0.0093,0.0034
8481540,0.0428,-0.1103,0.1531,0.0588,0.0602,0.4896,-0.041,0.5306,0.0219,0.0231,-0.338,0.3711,-0.7092,0.0323,0.034,-0.5156,0.1697,-0.6853,0.0088,0.0093,0.874,-0.4274,1.3014,0.0059,0.0062,-0.0454,0.0476,0.0022,0.0304,0.0312,0.0436,Cole.Caufield,F,0.1016,-0.058
8481547,-0.0006,0.0002,-0.0009,0.0732,0.0773,0.0179,0.0034,0.0145,0.022,0.0232,-0.0039,0.0023,-0.0062,0.0323,0.0341,-0.0004,-0.0014,0.001,0.0088,0.0093,0.0403,-0.0327,0.073,0.0059,0.0062,-0.0001,0.0023,0.0022,0.0374,0.0395,0.0544,,?,0.0,0.0
8471761,0.0113,0.0044,0.0069,0.0684,0.0719,0.019,-0.0212,0.0402,0.022,0.0232,0.0113,-0.0279,0.0392,0.0323,0.034,0.0842,-0.0294,0.1137,0.0088,0.0093,-0.163,0.288,-0.4509,0.0059,0.0062,0.0226,-0.0204,0.0022,0.0351,0.0369,0.0509,Chris.Butler,D,0.0214,0.0089
8482673,-0.0001,0.0005,-0.0006,0.0733,0.0773,0.0118,0.0064,0.0054,0.022,0.0232,-0.0013,-0.0002,-0.0011,0.0323,0.0341,0.0005,0.0036,-0.0031,0.0088,0.0093,0.0152,0.0051,0.0101,0.0059,0.0062,0.0009,0.0012,0.002,0.0375,0.0395,0.0545,,?,0.0,0.0
8480054,0.0002,-0.0002,0.0004,0.0733,0.0773,0.0013,0.0032,-0.0019,0.022,0.0232,0.0035,-0.0005,0.004,0.0323,0.0341,-0.003,0.003,-0.0061,0.0088,0.0093,-0.009,-0.0056,-0.0034,0.0059,0.0062,0.0012,0.0007,0.0019,0.0375,0.0395,0.0545,Reilly.Walsh,D,0.0,0.0
8479304,0.0002,0.0004,-0.0002,0.0727,0.0764,0.0075,0.0133,-0.0058,0.022,0.0232,0.0034,-0.0021,0.0055,0.0323,0.0341,-0.0018,-0.0077,0.006,0.0088,0.0093,0.008,0.0231,-0.0151,0.0059,0.0062,0.0015,0.0003,0.0019,0.0372,0.0391,0.054,Kyle.Criscuolo,F,0.0,0.0
8476195,0.0207,-0.0158,0.0366,0.0693,0.0728,-0.0313,-0.0035,-0.0278,0.022,0.0232,0.0312,-0.0215,0.0527,0.0323,0.034,-0.0082,0.0054,-0.0136,0.0088,0.0093,-0.053,-0.0158,-0.0372,0.0059,0.0062,0.0141,-0.0122,0.0019,0.0355,0.0373,0.0515,Cory.Conacher,F,0.0359,-0.0302
8483549,0.0004,0.0001,0.0003,0.0733,0.0773,0.0049,0.0027,0.0022,0.022,0.0232,0.0009,0.0003,0.0006,0.0323,0.0341,0.0006,-0.0054,0.006,0.0088,0.0093,-0.0058,-0.0039,-0.0019,0.0059,0.0062,0.0014,0.0004,0.0018,0.0375,0.0395,0.0545,Lucas.Condotta,F,0.0,0.0
8469457,0.0108,-0.0095,0.0203,0.0706,0.0744,0.0098,0.0056,0.0042,0.022,0.0232,0.0071,-0.009,0.0161,0.0323,0.034,-0.0057,-0.0146,0.009,0.0088,0.0093,-0.0204,0.0115,-0.0319,0.0059,0.0062,0.0089,-0.0072,0.0017,0.0362,0.0381,0.0525,Stephen.Weiss,F,0.0209,-0.0183
8482766,0.0019,-0.0008,0.0027,0.0731,0.0772,-0.0069,-0.0198,0.0129,0.022,0.0232,0.0033,0.0002,0.003,0.0323,0.0341,0.0099,0.0156,-0.0057,0.0088,0.0093,-0.0633,-0.0071,-0.0562,0.0059,0.0062,0.0038,-0.0021,0.0017,0.0374,0.0395,0.0544,,?,0.0,0.0
8478049,0.0002,0.0002,-0.0,0.073,0.077,0.002,0.001,0.001,0.022,0.0232,0.0021,0.0041,-0.002,0.0323,0.0341,0.0021,-0.016,0.0181,0.0088,0.0093,-0.0019,-0.0087,0.0068,0.0059,0.0062,0.0011,0.0005,0.0016,0.0373,0.0394,0.0543,Ben.Thomas,D,0.0,0.0
8476293,0.0183,-0.0085,0.0268,0.062,0.064,-0.2579,-0.0586,-0.1992,0.022,0.0232,0.2152,-0.1848,0.4,0.0323,0.034,-0.1556,0.3549,-0.5105,0.0088,0.0093,-0.6976,0.0599,-0.7575,0.0059,0.0062,0.0364,-0.0348,0.0016,0.032,0.0331,0.046,Scott.Wilson,F,0.0404,-0.0076
8483433,0.0014,-0.0005,0.0019,0.073,0.077,0.0378,-0.0253,0.0631,0.022,0.0232,-0.0013,-0.0048,0.0035,0.0323,0.0341,-0.0073,0.0101,-0.0175,0.0088,0.0093,0.0019,-0.0141,0.016,0.0059,0.0062,0.0056,-0.0039,0.0016,0.0373,0.0394,0.0543,,?,0.0,0.0
8479364,-0.0002,0.0002,-0.0004,0.0728,0.0766,-0.013,0.0231,-0.0361,0.022,0.0232,-0.0005,-0.0022,0.0017,0.0323,0.0341,0.0252,-0.0042,0.0294,0.0088,0.0093,-0.0079,0.0233,-0.0312,0.0059,0.0062,-0.0003,0.0019,0.0016,0.0372,0.0392,0.0541,Timothy.Gettinger,F,0.0,0.0
8476158,0.0055,-0.003,0.0085,0.0716,0.0746,-0.0093,0.0194,-0.0287,0.022,0.0232,-0.0007,-0.0036,0.003,0.0323,0.034,0.0079,0.0181,-0.0102,0.0088,0.0093,0.0263,0.0176,0.0087,0.0059,0.0062,0.0006,0.001,0.0016,0.0367,0.0382,0.0529,Harry.Zolnierczyk,F,0.0128,-0.0056
8465978,0.0131,-0.029,0.0421,0.0676,0.0698,-0.1434,0.1132,-0.2566,0.022,0.0232,0.043,-0.0559,0.0989,0.0323,0.034,0.1365,0.0033,0.1332,0.0088,0.0093,-0.3278,0.1151,-0.4429,0.0059,0.0062,0.0158,-0.0142,0.0016,0.0347,0.0359,0.0499,Shawn.Thornton,F,0.0347,-0.0578
8480222,-0.021,-0.0135,-0.0075,0.0625,0.0646,-0.3613,0.3283,-0.6896,0.022,0.0232,-0.2525,0.0328,-0.2853,0.0323,0.034,0.8335,-0.2016,1.035,0.0088,0.0093,-0.256,-0.5969,0.3409,0.0059,0.0062,-0.06,0.0615,0.0015,0.0322,0.0333,0.0464,Sebastian.Aho,D,0.0308,-0.0403
8480063,0.0003,-0.0001,0.0003,0.0732,0.0772,0.0022,0.0088,-0.0066,0.022,0.0232,0.0023,-0.002,0.0044,0.0323,0.0341,-0.0017,0.0023,-0.004,0.0088,0.0093,-0.0094,0.0185,-0.0279,0.0059,0.0062,0.0013,0.0002,0.0015,0.0374,0.0395,0.0544,David.Farrance,D,0.0,0.0
8470699,0.0052,0.0034,0.0017,0.0662,0.0675,-0.0657,0.0404,-0.1061,0.022,0.0232,0.0404,0.0053,0.0351,0.0323,0.034,0.1916,-0.16,0.3516,0.0088,0.0093,-0.2818,0.5586,-0.8404,0.0059,0.0062,0.0244,-0.023,0.0014,0.034,0.0347,0.0486,Jan.Hejda,D,0.0126,0.0093
8479597,0.0001,-0.0004,0.0005,0.0729,0.0769,0.0032,0.0057,-0.0026,0.022,0.0232,0.0013,-0.0053,0.0066,0.0323,0.0341,0.0228,0.0029,0.0199,0.0088,0.0093,-0.0085,0.0209,-0.0294,0.0059,0.0062,0.0025,-0.0012,0.0014,0.0373,0.0393,0.0542,Chase.Priskie,D,0.0,0.0
8480384,0.0179,-0.0123,0.0302,0.072,0.0757,0.0091,-0.0015,0.0106,0.022,0.0232,0.0111,-0.0118,0.0229,0.0323,0.0341,-0.0065,0.0169,-0.0233,0.0088,0.0093,0.0445,0.0301,0.0144,0.0059,0.0062,0.0106,-0.0092,0.0014,0.0368,0.0387,0.0535,Alexander.True,F,0.0352,-0.0247
8485512,-0.0043,0.0368,-0.0411,0.0717,0.0754,-0.0587,0.0176,-0.0762,0.022,0.0232,-0.0504,0.012,-0.0624,0.0323,0.0341,0.0219,-0.025,0.0469,0.0088,0.0093,0.0941,-0.0924,0.1865,0.0059,0.0062,-0.0245,0.0259,0.0014,0.0367,0.0386,0.0533,,F,-0.006,0.0754
8479650,0.0,-0.0,0.0001,0.0731,0.0771,0.0044,0.0017,0.0027,0.022,0.0232,-0.0003,-0.0002,-0.0001,0.0323,0.0341,0.0047,0.0014,0.0032,0.0088,0.0093,-0.0058,0.0001,-0.0059,0.0059,0.0062,0.0011,0.0003,0.0014,0.0374,0.0394,0.0543,Vadim.Shipachyov,F,0.0,0.0
8474024,0.0018,0.0004,0.0014,0.0727,0.0764,-0.0003,-0.001,0.0007,0.022,0.0232,0.0023,0.0011,0.0011,0.0323,0.0341,-0.004,-0.0022,-0.0018,0.0088,0.0093,0.0013,-0.0032,0.0045,0.0059,0.0062,0.0011,0.0003,0.0014,0.0372,0.0391,0.054,Jim.O'Brien,F,0.0035,0.0005
8474638,0.0024,0.0064,-0.004,0.0703,0.0731,-0.033,0.0179,-0.051,0.022,0.0232,0.001,-0.0001,0.0011,0.0323,0.034,0.0003,-0.0091,0.0094,0.0088,0.0093,-0.0322,0.0428,-0.075,0.0059,0.0062,-0.0022,0.0036,0.0014,0.036,0.0375,0.052,Andrew.Campbell,D,0.0048,0.0116
8470714,0.0179,-0.0154,0.0332,0.0728,0.0768,0.0024,-0.0043,0.0067,0.022,0.0232,0.0081,-0.0063,0.0144,0.0323,0.0341,0.003,-0.0039,0.0069,0.0088,0.0093,-0.0048,0.006,-0.0108,0.0059,0.0062,0.0115,-0.0102,0.0013,0.0372,0.0393,0.0541,Corey.Potter,D,0.0347,-0.0299
8478442,0.0005,0.0001,0.0004,0.073,0.077,0.0002,0.0001,0.0001,0.022,0.0232,0.0002,0.0017,-0.0015,0.0323,0.0341,0.004,0.0041,-0.0001,0.0088,0.0093,0.0001,-0.0019,0.0019,0.0059,0.0062,0.0006,0.0008,0.0013,0.0373,0.0394,0.0543,Cooper.Marody,F,0.0,0.0
8467330,0.0057,-0.007,0.0127,0.0666,0.0691,-0.0323,0.0058,-0.0381,0.022,0.0232,0.0359,-0.0544,0.0903,0.0323,0.034,0.0788,0.0534,0.0254,0.0088,0.0093,-0.2126,0.1608,-0.3734,0.0059,0.0062,0.0191,-0.0178,0.0013,0.0342,0.0355,0.0493,David.Legwand,F,0.0192,-0.0171
8475729,0.0025,-0.0015,0.004,0.0719,0.0757,-0.0141,0.0222,-0.0362,0.022,0.0232,0.0029,-0.0018,0.0047,0.0323,0.0341,0.0049,-0.0023,0.0072,0.0088,0.0093,0.0176,0.0039,0.0137,0.0059,0.0062,-0.0006,0.0019,0.0013,0.0368,0.0387,0.0534,Mark.Alt,D,0.0062,-0.0031
8469473,0.0076,-0.0018,0.0094,0.0699,0.0734,-0.027,0.0201,-0.0472,0.022,0.0232,0.0086,-0.0047,0.0132,0.0323,0.034,-0.0027,-0.0128,0.0101,0.0088,0.0093,-0.0732,0.0845,-0.1577,0.0059,0.0062,0.0044,-0.0031,0.0013,0.0358,0.0376,0.0519,Marcel.Goc,F,0.0164,-0.0037
8477814,0.0264,-0.0214,0.0478,0.0733,0.0772,0.0033,-0.0099,0.0132,0.022,0.0232,0.0094,-0.0099,0.0193,0.0323,0.0341,0.0124,-0.0033,0.0156,0.0088,0.0093,0.0111,0.0042,0.0069,0.0059,0.0062,0.0161,-0.0147,0.0013,0.0375,0.0395,0.0544,Kevin.Czuczman,D,0.0518,-0.0418
8475775,0.0125,-0.0106,0.0231,0.0704,0.0736,-0.0155,0.0249,-0.0404,0.022,0.0232,0.0031,-0.0008,0.0039,0.0323,0.034,-0.0028,-0.0053,0.0026,0.0088,0.0093,0.0034,0.0268,-0.0233,0.0059,0.0062,0.0043,-0.0031,0.0012,0.0361,0.0377,0.0522,Tye.McGinn,F,0.0251,-0.0212
8470599,0.0241,-0.0037,0.0278,0.0656,0.0678,-0.0166,0.0309,-0.0474,0.022,0.0232,0.0009,-0.03,0.0309,0.0323,0.034,0.0885,-0.1282,0.2167,0.0088,0.0093,-0.1283,0.1862,-0.3145,0.0059,0.0062,0.0202,-0.019,0.0012,0.0337,0.0349,0.0485,Milan.Michalek,F,0.0534,-0.0158
8474095,-0.0017,0.0037,-0.0054,0.0733,0.0772,-0.0008,0.0017,-0.0025,0.022,0.0232,-0.0009,0.0014,-0.0023,0.0323,0.0341,-0.0005,0.0005,-0.0011,0.0088,0.0093,-0.0004,0.0022,-0.0027,0.0059,0.0062,-0.0012,0.0024,0.0012,0.0375,0.0395,0.0544,Dana.Tyrell,F,-0.0032,0.0073
8481070,0.0002,0.0002,0.0,0.0732,0.0772,-0.0138,0.0176,-0.0314,0.022,0.0232,-0.0043,0.0061,-0.0104,0.0323,0.0341,-0.0019,-0.0152,0.0134,0.0088,0.0093,0.0065,-0.0331,0.0396,0.0059,0.0062,-0.0033,0.0045,0.0012,0.0374,0.0395,0.0544,Hugh.McGing,F,0.0,0.0
8481525,0.0122,0.0032,0.0091,0.0678,0.0704,0.9606,-0.4702,1.4308,0.022,0.0232,-0.3522,0.0783,-0.4305,0.0323,0.034,-0.6313,0.2438,-0.8751,0.0088,0.0093,0.2862,-0.3725,0.6588,0.0059,0.0062,0.0234,-0.0222,0.0012,0.0348,0.0362,0.0502,,D,0.0274,-0.0055
8480221,-0.0,-0.0,0.0,0.0733,0.0772,0.0037,0.0041,-0.0004,0.022,0.0232,0.0002,-0.0006,0.0008,0.0323,0.0341,0.0025,-0.0007,0.0033,0.0088,0.0093,-0.0043,0.0043,-0.0086,0.0059,0.0062,0.0009,0.0003,0.0012,0.0375,0.0395,0.0544,,?,0.0,0.0
8482698,0.0,0.0002,-0.0002,0.0733,0.0773,0.0245,-0.0086,0.0331,0.022,0.0232,-0.0004,-0.0012,0.0008,0.0323,0.0341,-0.0017,0.0028,-0.0045,0.0088,0.0093,0.0069,0.0197,-0.0128,0.0059,0.0062,0.0032,-0.0021,0.0011,0.0375,0.0395,0.0545,,?,0.0,0.0
8480242,-0.0002,-0.0003,0.0001,0.073,0.077,-0.0098,0.0172,-0.027,0.022,0.0232,-0.0029,-0.0034,0.0006,0.0323,0.0341,0.0169,0.0038,0.0131,0.0088,0.0093,-0.0248,0.016,-0.0407,0.0059,0.0062,-0.0002,0.0013,0.0011,0.0373,0.0394,0.0543,Arnaud.Durandeau,F,0.0,0.0
8475414,0.0021,0.0,0.0021,0.0705,0.0732,-0.0294,0.0235,-0.0529,0.022,0.0232,0.0056,-0.0087,0.0143,0.0323,0.034,0.0085,0.009,-0.0005,0.0088,0.0093,-0.0311,0.0157,-0.0469,0.0059,0.0062,-0.0004,0.0015,0.0011,0.0361,0.0375,0.0521,Craig.Cunningham,F,0.0048,-0.0008
8479557,-0.0001,0.0002,-0.0003,0.0733,0.0772,-0.001,0.0047,-0.0057,0.022,0.0232,-0.0,-0.0001,0.0001,0.0323,0.0341,0.0015,0.0017,-0.0002,0.0088,0.0093,-0.0058,-0.0035,-0.0023,0.0059,0.0062,0.0001,0.001,0.0011,0.0375,0.0395,0.0544,Calvin.Thurkauf,F,0.0,0.0
8476177,-0.0084,0.0126,-0.021,0.0588,0.0609,-0.4249,0.2934,-0.7183,0.0219,0.0231,-0.0372,-0.0151,-0.0221,0.0323,0.034,-0.024,0.1339,-0.1579,0.0088,0.0093,-0.8208,0.2287,-1.0495,0.0059,0.0062,-0.0447,0.0459,0.0011,0.0304,0.0316,0.0438,Matt.Read,F,0.015,0.0219
8480836,-0.0139,0.0169,-0.0307,0.0733,0.0773,-0.0078,0.0079,-0.0157,0.022,0.0232,-0.0056,0.0054,-0.0109,0.0323,0.0341,-0.002,-0.0005,-0.0015,0.0088,0.0093,-0.0094,0.0139,-0.0232,0.0059,0.0062,-0.0091,0.0102,0.0011,0.0375,0.0395,0.0545,Jonathan.Gruden,F,-0.0268,0.0331
8481637,-0.0001,0.0001,-0.0001,0.0732,0.0771,-0.0004,0.0061,-0.0065,0.022,0.0232,-0.0002,0.0008,-0.001,0.0323,0.0341,0.0022,-0.0086,0.0108,0.0088,0.0093,-0.0144,0.002,-0.0164,0.0059,0.0062,0.0006,0.0005,0.0011,0.0374,0.0394,0.0544,Anton.Wedin,F,0.0,0.0
8476955,0.0016,0.0032,-0.0016,0.0706,0.0741,-0.0203,-0.0115,-0.0088,0.022,0.0232,0.0065,-0.0022,0.0087,0.0323,0.034,0.0258,-0.0088,0.0347,0.0088,0.0093,-0.0174,-0.0177,0.0002,0.0059,0.0062,0.0014,-0.0004,0.001,0.0362,0.038,0.0524,Taylor.Leier,F,0.0047,0.0057
8470662,-0.0046,0.0063,-0.0109,0.0734,0.0773,-0.0014,0.0013,-0.0027,0.022,0.0232,-0.0019,0.0026,-0.0046,0.0323,0.0341,-0.0006,0.0011,-0.0017,0.0088,0.0093,0.0001,-0.0002,0.0003,0.0059,0.0062,-0.003,0.004,0.001,0.0375,0.0395,0.0545,Colin.Fraser,F,-0.0089,0.0123
8469555,0.0295,-0.0237,0.0533,0.0655,0.0688,-0.0435,0.0467,-0.0902,0.022,0.0232,0.0166,-0.0247,0.0413,0.0323,0.034,-0.0092,-0.0276,0.0185,0.0088,0.0093,-0.2983,0.2581,-0.5564,0.0059,0.0062,0.0233,-0.0223,0.001,0.0337,0.0354,0.0488,Christian.Ehrhoff,D,0.0653,-0.0442
8480994,0.0003,-0.0002,0.0005,0.0733,0.0772,0.0077,-0.0009,0.0086,0.022,0.0232,0.001,-0.0023,0.0033,0.0323,0.0341,0.009,0.0062,0.0028,0.0088,0.0093,-0.0059,0.0252,-0.0311,0.0059,0.0062,0.0023,-0.0014,0.0009,0.0375,0.0395,0.0544,Damien.Giroux,?,0.0,0.0
8482079,0.0035,-0.0209,0.0245,0.068,0.0707,-0.0158,-0.0361,0.0203,0.022,0.0232,-0.1916,0.1458,-0.3374,0.0323,0.034,0.2932,0.0197,0.2735,0.0088,0.0093,0.0424,-0.2595,0.302,0.0059,0.0062,-0.0269,0.0278,0.0009,0.0349,0.0363,0.0504,Marco.Rossi,F,0.0153,-0.0195
8479534,-0.0002,-0.0002,0.0,0.0729,0.0766,-0.0194,0.0293,-0.0487,0.022,0.0232,0.0023,-0.0049,0.0072,0.0323,0.0341,0.0152,-0.0127,0.0279,0.0088,0.0093,-0.025,0.0229,-0.0479,0.0059,0.0062,-0.0006,0.0015,0.0009,0.0373,0.0392,0.0541,Linus.Hogberg,D,0.0,0.0
8482250,-0.0,-0.0003,0.0003,0.0733,0.0772,-0.004,0.0045,-0.0085,0.022,0.0232,0.0021,-0.0015,0.0037,0.0323,0.0341,0.0094,-0.0005,0.0099,0.0088,0.0093,-0.0154,0.0088,-0.0241,0.0059,0.0062,0.001,-0.0002,0.0009,0.0375,0.0395,0.0544,Callahan.Burke,F,0.0,0.0
8474568,-0.0575,0.052,-0.1094,0.0471,0.0471,-0.4118,0.6638,-1.0756,0.0218,0.023,-0.0422,-0.3544,0.3121,0.0322,0.034,0.8798,0.3136,0.5661,0.0088,0.0093,-0.4353,0.901,-1.3362,0.0059,0.0062,-0.0296,0.0304,0.0008,0.0248,0.025,0.0352,Luke.Schenn,D,0.0306,0.0153
8478857,-0.002,0.005,-0.007,0.0715,0.0751,-0.0044,0.0126,-0.017,0.022,0.0232,0.0009,-0.0026,0.0034,0.0323,0.0341,-0.0107,0.0319,-0.0426,0.0088,0.0093,0.0614,0.0087,0.0526,0.0059,0.0062,-0.0046,0.0054,0.0008,0.0366,0.0385,0.0531,Dmytro.Timashov,F,-0.0022,0.0094
8477343,0.0002,0.0005,-0.0003,0.0726,0.0765,0.0019,0.0082,-0.0063,0.022,0.0232,-0.0018,0.001,-0.0028,0.0323,0.0341,-0.0046,-0.0007,-0.0039,0.0088,0.0093,-0.0048,0.0188,-0.0236,0.0059,0.0062,-0.0001,0.0009,0.0008,0.0371,0.0391,0.054,Tyler.Lewington,D,0.0,0.0
8481690,0.0006,-0.0004,0.0011,0.0732,0.0772,-0.0005,-0.0116,0.0111,0.022,0.0232,0.0046,0.0001,0.0045,0.0323,0.0341,0.0157,-0.0024,0.0181,0.0088,0.0093,-0.0348,0.0211,-0.0559,0.0059,0.0062,0.0036,-0.0029,0.0007,0.0374,0.0395,0.0544,Tyler.Angle,F,0.0,0.0
8478376,-0.0,0.0002,-0.0002,0.0728,0.0766,-0.0044,0.0038,-0.0082,0.022,0.0232,0.0019,0.0014,0.0005,0.0323,0.0341,0.0015,-0.0023,0.0038,0.0088,0.0093,-0.0042,0.0029,-0.0071,0.0059,0.0062,0.0,0.0007,0.0007,0.0372,0.0392,0.0541,Casey.Bailey,F,0.0,0.0
8475748,0.0,0.0,0.0,0.0734,0.0774,0.0035,-0.0001,0.0036,0.022,0.0232,0.0001,0.0001,-0.0001,0.0323,0.0341,-0.0003,0.0002,-0.0005,0.0088,0.0093,-0.001,-0.0031,0.0021,0.0059,0.0062,0.0006,0.0001,0.0007,0.0375,0.0396,0.0545,Dalton.Smith,?,0.0,0.0
8476987,-0.0001,0.0002,-0.0003,0.0732,0.0772,-0.0056,-0.001,-0.0047,0.022,0.0232,0.0009,0.0011,-0.0003,0.0323,0.0341,0.0042,0.0022,0.002,0.0088,0.0093,-0.0051,-0.0162,0.0111,0.0059,0.0062,-0.0002,0.001,0.0007,0.0374,0.0395,0.0544,Jake.Bischoff,D,0.0,0.0
8483597,0.0073,0.0009,0.0064,0.0729,0.0767,-0.0244,0.0156,-0.04,0.022,0.0232,-0.0049,0.007,-0.0119,0.0323,0.0341,-0.0128,0.0072,-0.02,0.0088,0.0093,0.0125,0.0434,-0.0309,0.0059,0.0062,-0.0024,0.003,0.0007,0.0373,0.0392,0.0541,Milos.Kelemen,F,0.016,0.0021
8469591,-0.0001,0.0023,-0.0023,0.0721,0.075,-0.0031,-0.0012,-0.0019,0.022,0.0232,0.0008,-0.0002,0.001,0.0323,0.0341,0.0042,0.0047,-0.0005,0.0088,0.0093,-0.0134,0.0241,-0.0375,0.0059,0.0062,0.0004,0.0002,0.0007,0.0369,0.0384,0.0533,Cody.McCormick,F,0.0001,0.0046
8466149,0.02,-0.0179,0.0378,0.0725,0.0765,0.0039,-0.0066,0.0105,0.022,0.0232,0.0088,-0.0083,0.0171,0.0323,0.0341,0.0015,-0.0034,0.0049,0.0088,0.0093,-0.0068,0.0043,-0.0111,0.0059,0.0062,0.0129,-0.0121,0.0007,0.0371,0.0391,0.0539,Daniel.Cleary,F,0.0388,-0.0349
8480341,0.0,0.0002,-0.0002,0.073,0.0768,0.0119,-0.0109,0.0228,0.022,0.0232,0.0023,0.0004,0.0019,0.0323,0.0341,-0.0023,-0.0038,0.0015,0.0088,0.0093,-0.001,-0.0048,0.0038,0.0059,0.0062,0.0022,-0.0015,0.0007,0.0373,0.0393,0.0542,Adam.Johnson,F,0.0,0.0
8479066,0.0177,-0.0589,0.0766,0.0591,0.0618,-0.5765,0.2606,-0.8371,0.0219,0.0231,0.3236,-0.1291,0.4527,0.0323,0.034,-0.1521,-0.0194,-0.1327,0.0088,0.0093,-1.3647,0.4615,-1.8262,0.0059,0.0062,0.039,-0.0384,0.0006,0.0306,0.032,0.0442,Ryan.Lomberg,F,0.0232,-0.0124
8482209,-0.0005,0.001,-0.0015,0.0732,0.0771,-0.0076,-0.003,-0.0046,0.022,0.0232,0.0023,0.0028,-0.0006,0.0323,0.0341,-0.0009,0.0215,-0.0224,0.0088,0.0093,0.025,-0.015,0.04,0.0059,0.0062,-0.0019,0.0026,0.0006,0.0374,0.0394,0.0544,,F,0.0,0.0
8482181,-0.0004,0.0002,-0.0006,0.0732,0.077,-0.0112,0.0239,-0.0351,0.022,0.0232,-0.0022,-0.0031,0.0009,0.0323,0.0341,0.0065,0.0124,-0.0059,0.0088,0.0093,0.0197,0.0108,0.0089,0.0059,0.0062,-0.0028,0.0033,0.0006,0.0374,0.0394,0.0543,Tristen.Robins,F,0.0,0.0
8471748,-0.0008,0.0048,-0.0056,0.0718,0.0748,-0.0076,0.008,-0.0156,0.022,0.0232,-0.0009,-0.0025,0.0015,0.0323,0.0341,0.0031,-0.0025,0.0056,0.0088,0.0093,-0.0182,0.0378,-0.0561,0.0059,0.0062,-0.0008,0.0014,0.0006,0.0367,0.0383,0.0531,Mark.Fraser,D,-0.0017,0.0098
8480820,0.0002,-0.0001,0.0003,0.0732,0.0772,0.0004,-0.0008,0.0012,0.022,0.0232,0.0013,-0.0017,0.003,0.0323,0.0341,-0.0076,0.0078,-0.0154,0.0088,0.0093,-0.0162,-0.0015,-0.0148,0.0059,0.0062,0.0006,-0.0,0.0006,0.0374,0.0395,0.0544,Filip.Kral,D,0.0,0.0
8476505,0.0001,0.0001,-0.0,0.0732,0.0771,0.0011,-0.0041,0.0052,0.022,0.0232,0.0039,-0.0004,0.0043,0.0323,0.0341,-0.0061,-0.0003,-0.0059,0.0088,0.0093,-0.02,0.0068,-0.0268,0.0059,0.0062,0.0015,-0.0009,0.0006,0.0374,0.0394,0.0544,Turner.Elson,F,0.0,0.0
8480977,-0.0,0.0002,-0.0003,0.0734,0.0773,-0.0007,0.0063,-0.007,0.022,0.0232,-0.0005,0.0004,-0.0008,0.0323,0.0341,-0.0003,0.0018,-0.0021,0.0088,0.0093,-0.0009,0.013,-0.0139,0.0059,0.0062,-0.0002,0.0007,0.0005,0.0375,0.0395,0.0545,Semyon.Der.Arguchintsev,?,0.0,0.0
8477983,0.0,0.0002,-0.0002,0.0731,0.0772,-0.0022,0.0009,-0.003,0.022,0.0232,-0.001,0.0013,-0.0022,0.0323,0.0341,0.0037,0.0027,0.0011,0.0088,0.0093,-0.0015,-0.0019,0.0004,0.0059,0.0062,-0.0003,0.0008,0.0005,0.0374,0.0395,0.0544,Maxim.Letunov,F,0.0,0.0
8482715,-0.0003,-0.0027,0.0024,0.0727,0.0765,0.0336,0.004,0.0296,0.022,0.0232,0.0034,-0.0067,0.0101,0.0323,0.0341,-0.0072,0.0119,-0.0192,0.0088,0.0093,0.0056,0.074,-0.0685,0.0059,0.0062,0.005,-0.0045,0.0005,0.0372,0.0391,0.054,,?,0.0,0.0
8483766,-0.0003,0.0008,-0.0012,0.0732,0.0772,-0.0053,0.0161,-0.0214,0.022,0.0232,-0.0003,0.0049,-0.0052,0.0323,0.0341,-0.0031,0.0088,-0.0119,0.0088,0.0093,0.0457,0.0233,0.0224,0.0059,0.0062,-0.003,0.0035,0.0005,0.0374,0.0395,0.0544,,?,0.0,0.0
8478949,-0.0001,0.0002,-0.0002,0.0728,0.0767,-0.0131,0.0081,-0.0212,0.022,0.0232,0.0045,-0.0006,0.0051,0.0323,0.0341,-0.0019,-0.0035,0.0017,0.0088,0.0093,-0.0188,0.0018,-0.0206,0.0059,0.0062,-0.0004,0.0009,0.0005,0.0372,0.0392,0.0541,Kole.Sherwood,F,0.0,0.0
8478371,0.0,-0.0,0.0001,0.0732,0.0772,0.0004,-0.0001,0.0005,0.022,0.0232,0.0004,-0.0001,0.0005,0.0323,0.0341,0.0025,0.0013,0.0012,0.0088,0.0093,-0.0041,0.0006,-0.0047,0.0059,0.0062,0.0005,0.0,0.0005,0.0374,0.0395,0.0544,Matt.Lorito,F,0.0,0.0
8481657,0.0001,-0.0004,0.0004,0.0733,0.0773,-0.0003,0.0035,-0.0039,0.022,0.0232,0.0017,-0.0021,0.0038,0.0323,0.0341,0.0009,0.002,-0.001,0.0088,0.0093,-0.0081,0.0048,-0.0129,0.0059,0.0062,0.0008,-0.0002,0.0005,0.0375,0.0395,0.0545,Viktor.Lodin,F,0.0,0.0
8471474,-0.0001,0.0001,-0.0002,0.0728,0.0769,-0.0022,0.0026,-0.0048,0.022,0.0232,-0.0003,0.0009,-0.0012,0.0323,0.0341,-0.0009,-0.0012,0.0003,0.0088,0.0093,-0.0019,-0.0062,0.0043,0.0059,0.0062,-0.0004,0.0008,0.0004,0.0372,0.0393,0.0542,Travis.Morin,F,0.0,0.0
8478224,-0.0,-0.0003,0.0003,0.0732,0.0771,0.0136,-0.0042,0.0178,0.022,0.0232,-0.003,-0.0025,-0.0005,0.0323,0.0341,0.0052,-0.0077,0.0129,0.0088,0.0093,-0.0056,-0.0058,0.0002,0.0059,0.0062,0.0019,-0.0016,0.0004,0.0374,0.0394,0.0544,Luke.Philp,?,0.0,0.0
8479734,-0.0001,0.0002,-0.0003,0.073,0.0772,0.0006,0.0003,0.0003,0.022,0.0232,-0.0002,-0.0003,0.0002,0.0323,0.0341,-0.0006,0.0008,-0.0014,0.0088,0.0093,-0.0003,-0.0077,0.0074,0.0059,0.0062,-0.0,0.0004,0.0004,0.0373,0.0395,0.0543,Brennan.Menell,D,0.0,0.0
8478559,0.0,0.0,-0.0,0.0733,0.0773,0.0007,0.0009,-0.0002,0.022,0.0232,-0.0001,0.0004,-0.0005,0.0323,0.0341,0.0008,0.0005,0.0002,0.0088,0.0093,0.0002,-0.0012,0.0014,0.0059,0.0062,0.0001,0.0003,0.0004,0.0375,0.0395,0.0545,,?,0.0,0.0
8475210,-0.0,0.0001,-0.0001,0.0732,0.0772,0.0007,0.0014,-0.0008,0.022,0.0232,-0.0003,0.0002,-0.0005,0.0323,0.0341,0.0014,-0.0002,0.0016,0.0088,0.0093,-0.0003,-0.0002,-0.0001,0.0059,0.0062,0.0001,0.0003,0.0004,0.0374,0.0395,0.0544,Anton.Rodin,F,0.0,0.0
8478268,-0.0001,0.0001,-0.0001,0.073,0.0767,-0.0052,0.0055,-0.0107,0.022,0.0232,-0.0022,0.003,-0.0052,0.0323,0.0341,-0.0009,0.001,-0.0019,0.0088,0.0093,0.003,-0.0064,0.0093,0.0059,0.0062,-0.0015,0.0019,0.0004,0.0373,0.0392,0.0542,Jack.Rodewald,F,0.0,0.0
8467329,0.0377,-0.0272,0.0649,0.0672,0.0697,0.0087,-0.0053,0.0139,0.022,0.0232,0.0294,-0.0249,0.0544,0.0323,0.034,-0.0158,0.002,-0.0178,0.0088,0.0093,0.003,0.1338,-0.1308,0.0059,0.0062,0.0256,-0.0251,0.0004,0.0345,0.0358,0.0497,Vincent.Lecavalier,F,0.0784,-0.0471
8479942,0.0002,0.0002,0.0,0.0729,0.0767,-0.0048,0.0196,-0.0244,0.022,0.0232,-0.0082,0.0026,-0.0108,0.0323,0.0341,0.0231,0.0209,0.0023,0.0088,0.0093,0.0683,0.0175,0.0508,0.0059,0.0062,-0.0038,0.0042,0.0004,0.0373,0.0392,0.0541,,F,0.0,0.0
8480858,0.0,-0.0002,0.0002,0.0733,0.0773,-0.0012,0.0053,-0.0065,0.022,0.0232,0.0015,-0.0013,0.0028,0.0323,0.0341,-0.0013,-0.004,0.0027,0.0088,0.0093,-0.0075,0.0034,-0.0109,0.0059,0.0062,0.0004,0.0,0.0004,0.0375,0.0395,0.0545,Cameron.Hillis,F,0.0,0.0
8476766,-0.0,0.0,-0.0,0.073,0.077,-0.0001,0.0024,-0.0025,0.022,0.0232,0.0002,-0.0,0.0002,0.0323,0.0341,-0.0003,0.0018,-0.002,0.0088,0.0093,-0.0018,0.0044,-0.0061,0.0059,0.0062,0.0001,0.0003,0.0004,0.0373,0.0394,0.0543,Cole.Schneider,F,0.0,0.0
8484214,0.001,-0.0006,0.0016,0.0731,0.0771,0.0099,0.0026,0.0073,0.022,0.0232,0.0067,0.0027,0.004,0.0323,0.0341,-0.0295,0.0093,-0.0387,0.0088,0.0093,0.0439,0.0185,0.0255,0.0059,0.0062,-0.0001,0.0005,0.0004,0.0374,0.0394,0.0543,,?,0.0,0.0
8481515,-0.0001,-0.0002,0.0001,0.0732,0.0772,0.0004,0.0009,-0.0005,0.022,0.0232,0.0011,0.0,0.0011,0.0323,0.0341,-0.0045,0.0003,-0.0049,0.0088,0.0093,-0.0097,0.0041,-0.0137,0.0059,0.0062,0.0004,-0.0001,0.0003,0.0374,0.0395,0.0544,Danil.Yurtaykin,F,0.0,0.0
8482206,-0.0004,0.0007,-0.0011,0.0728,0.0766,0.0245,-0.0618,0.0863,0.022,0.0232,-0.0105,0.0129,-0.0233,0.0323,0.0341,0.0219,-0.0212,0.0431,0.0088,0.0093,-0.0117,-0.1177,0.106,0.0059,0.0062,0.0029,-0.0026,0.0003,0.0372,0.0392,0.0541,,F,0.0,0.0
8470666,0.0094,-0.0089,0.0183,0.0714,0.0751,0.0037,0.0001,0.0037,0.022,0.0232,0.0059,-0.0062,0.0121,0.0323,0.0341,0.0039,-0.0036,0.0075,0.0088,0.0093,-0.0161,0.0272,-0.0433,0.0059,0.0062,0.0074,-0.0071,0.0003,0.0366,0.0385,0.0531,Daniel.Carcillo,F,0.0183,-0.0169
8477033,0.0,0.0,-0.0,0.0732,0.0772,0.0008,0.002,-0.0012,0.022,0.0232,-0.0001,0.0001,-0.0002,0.0323,0.0341,-0.0001,-0.0021,0.002,0.0088,0.0093,-0.001,0.0009,-0.0018,0.0059,0.0062,0.0001,0.0002,0.0003,0.0374,0.0395,0.0544,Viktor.Loov,D,0.0,0.0
8476219,-0.0,-0.0,0.0,0.0732,0.0772,0.0007,0.0007,-0.0,0.022,0.0232,0.0003,0.0002,0.0,0.0323,0.0341,0.0001,0.0,0.0001,0.0088,0.0093,0.0026,-0.0008,0.0034,0.0059,0.0062,0.0001,0.0002,0.0003,0.0374,0.0395,0.0544,Patrick.Cannone,F,0.0,0.0
8474554,0.0,0.0,-0.0,0.0733,0.0773,-0.0003,0.0007,-0.001,0.022,0.0232,0.0003,0.0001,0.0002,0.0323,0.0341,-0.0002,0.0007,-0.0009,0.0088,0.0093,-0.0007,-0.0012,0.0005,0.0059,0.0062,0.0,0.0002,0.0003,0.0375,0.0395,0.0545,Eric.Selleck,F,0.0,0.0
8480330,-0.0,0.0001,-0.0001,0.0729,0.0769,-0.0041,0.0056,-0.0096,0.022,0.0232,-0.0001,0.0017,-0.0019,0.0323,0.0341,0.0011,-0.0077,0.0087,0.0088,0.0093,0.0038,-0.0046,0.0084,0.0059,0.0062,-0.0007,0.001,0.0003,0.0373,0.0393,0.0542,Spencer.Foo,F,0.0,0.0
8476283,0.0001,-0.0,0.0001,0.0732,0.0773,-0.003,0.0021,-0.0051,0.022,0.0232,0.0003,0.0013,-0.001,0.0323,0.0341,0.0004,-0.0011,0.0015,0.0088,0.0093,-0.003,0.0001,-0.0031,0.0059,0.0062,-0.0002,0.0005,0.0003,0.0374,0.0395,0.0544,Alex.Broadhurst,F,0.0,0.0
8476799,-0.0001,-0.0,-0.0,0.0728,0.0768,0.0029,-0.0017,0.0046,0.022,0.0232,-0.0001,0.0,-0.0001,0.0323,0.0341,0.0027,-0.0046,0.0073,0.0088,0.0093,-0.005,-0.0016,-0.0035,0.0059,0.0062,0.0007,-0.0005,0.0003,0.0372,0.0393,0.0541,Cameron.Schilling,D,0.0,0.0
8480275,-0.0,-0.0003,0.0003,0.0734,0.0773,-0.0005,0.0081,-0.0086,0.022,0.0232,-0.0001,-0.0016,0.0015,0.0323,0.0341,0.0032,0.0036,-0.0004,0.0088,0.0093,0.0047,0.0142,-0.0095,0.0059,0.0062,-0.0001,0.0004,0.0003,0.0375,0.0395,0.0545,Nick.Swaney,?,0.0,0.0
8480032,0.0002,-0.0001,0.0003,0.0733,0.0774,0.0002,0.0003,-0.0001,0.022,0.0232,0.0012,-0.0003,0.0015,0.0323,0.0341,-0.0013,0.0009,-0.0023,0.0088,0.0093,-0.0043,0.0031,-0.0074,0.0059,0.0062,0.0005,-0.0001,0.0003,0.0375,0.0396,0.0545,Shane.Bowers,F,0.0,0.0
8480988,0.0,-0.0,0.0,0.0729,0.077,-0.0011,-0.0005,-0.0007,0.022,0.0232,-0.0004,-0.0003,-0.0001,0.0323,0.0341,0.0003,0.0003,-0.0001,0.0088,0.0093,-0.021,0.0052,-0.0262,0.0059,0.0062,0.0006,-0.0003,0.0003,0.0373,0.0394,0.0542,Riley.Damiani,F,0.0,0.0
8481003,-0.0002,0.0002,-0.0005,0.0733,0.0772,-0.0036,0.0075,-0.0111,0.022,0.0232,-0.0026,0.0022,-0.0048,0.0323,0.0341,-0.0008,-0.0048,0.004,0.0088,0.0093,-0.0023,-0.0015,-0.0008,0.0059,0.0062,-0.0012,0.0015,0.0003,0.0375,0.0395,0.0544,Hunter.Drew,?,0.0,0.0
8477881,-0.0001,0.0001,-0.0002,0.0731,0.0771,-0.0013,0.0032,-0.0045,0.022,0.0232,-0.0005,0.0003,-0.0008,0.0323,0.0341,0.0014,-0.0012,0.0026,0.0088,0.0093,-0.0011,0.0004,-0.0015,0.0059,0.0062,-0.0002,0.0005,0.0003,0.0374,0.0394,0.0543,Connor.Jones,F,0.0,0.0
8481630,0.0001,0.0001,-0.0,0.0731,0.0771,-0.0,-0.0013,0.0013,0.022,0.0232,0.0002,-0.001,0.0012,0.0323,0.0341,0.0019,0.0003,0.0016,0.0088,0.0093,-0.0076,-0.004,-0.0036,0.0059,0.0062,0.0005,-0.0002,0.0003,0.0374,0.0394,0.0543,Alexander.Yelesin,D,0.0,0.0
8480153,-0.0001,0.0,-0.0001,0.073,0.0767,0.0003,-0.0012,0.0015,0.022,0.0232,0.0012,0.0004,0.0008,0.0323,0.0341,0.0018,-0.0037,0.0054,0.0088,0.0093,-0.0075,0.0018,-0.0093,0.0059,0.0062,0.0007,-0.0004,0.0003,0.0373,0.0392,0.0542,Victor.Ejdsell,F,0.0,0.0
8474005,0.0001,-0.0,0.0001,0.073,0.0769,-0.0015,-0.0002,-0.0012,0.022,0.0232,0.0008,0.0001,0.0007,0.0323,0.0341,-0.0007,0.0026,-0.0033,0.0088,0.0093,-0.0025,-0.0023,-0.0002,0.0059,0.0062,0.0001,0.0002,0.0003,0.0373,0.0393,0.0542,Alex.Grant,D,0.0,0.0
8477466,-0.0,0.0,-0.0001,0.0731,0.077,-0.0011,0.0007,-0.0018,0.022,0.0232,0.0011,-0.0003,0.0014,0.0323,0.0341,-0.0017,0.0015,-0.0032,0.0088,0.0093,-0.0052,0.0002,-0.0054,0.0059,0.0062,0.0002,0.0001,0.0003,0.0374,0.0394,0.0543,Nick.Sorensen,F,0.0,0.0
8476805,-0.0,0.0,-0.0,0.0733,0.0773,-0.0002,0.0002,-0.0004,0.022,0.0232,0.0001,0.0001,0.0,0.0323,0.0341,-0.0003,0.0008,-0.0011,0.0088,0.0093,-0.0013,-0.0035,0.0021,0.0059,0.0062,0.0,0.0002,0.0003,0.0375,0.0395,0.0545,Spencer.Abbott,F,0.0,0.0
8468064,0.0117,-0.0046,0.0163,0.0672,0.0707,-0.0133,-0.0106,-0.0027,0.022,0.0232,0.007,-0.0003,0.0073,0.0323,0.034,-0.0087,-0.0799,0.0712,0.0088,0.0093,-0.2027,0.1013,-0.304,0.0059,0.0062,0.013,-0.0128,0.0002,0.0345,0.0363,0.0501,Martin.Erat,F,0.0251,-0.0116
8471916,0.0,-0.0001,0.0001,0.0731,0.0771,0.0006,0.0015,-0.0009,0.022,0.0232,0.0001,-0.0001,0.0002,0.0323,0.0341,-0.001,0.0003,-0.0013,0.0088,0.0093,-0.0018,0.0012,-0.003,0.0059,0.0062,0.0001,0.0001,0.0002,0.0374,0.0394,0.0543,Mike.Angelidis,F,0.0,0.0
8482055,-0.0105,-0.0041,-0.0064,0.0634,0.0664,0.3559,-0.4581,0.8141,0.022,0.0232,-0.4618,0.4428,-0.9046,0.0323,0.034,0.754,-0.4772,1.2312,0.0088,0.0093,-0.3281,0.069,-0.3972,0.0059,0.0062,0.0049,-0.0047,0.0002,0.0327,0.0342,0.0473,Drew.O'Connor,F,0.053,0.0307
8481827,-0.0,0.0002,-0.0002,0.0732,0.0772,-0.0016,0.0065,-0.0081,0.022,0.0232,-0.0002,0.0031,-0.0033,0.0323,0.0341,-0.0019,-0.0047,0.0028,0.0088,0.0093,-0.0002,0.0231,-0.0234,0.0059,0.0062,-0.0004,0.0006,0.0002,0.0374,0.0395,0.0544,Ben.McCartney,F,0.0,0.0
8478584,0.0,0.0,-0.0,0.073,0.0769,-0.0002,0.0008,-0.001,0.022,0.0232,0.0006,-0.0005,0.0011,0.0323,0.0341,-0.0009,0.0006,-0.0016,0.0088,0.0093,-0.0051,0.0026,-0.0078,0.0059,0.0062,0.0003,-0.0001,0.0002,0.0373,0.0393,0.0542,Vojtech.Mozik,D,0.0,0.0
8477337,0.0385,-0.0187,0.0572,0.0698,0.0728,-0.094,0.0395,-0.1334,0.022,0.0232,0.0274,-0.023,0.0505,0.0323,0.034,-0.0165,-0.0039,-0.0126,0.0088,0.0093,0.0441,-0.0126,0.0568,0.0059,0.0062,0.0084,-0.0082,0.0002,0.0358,0.0373,0.0517,John.Gilmour,D,0.0703,-0.0359
8479748,0.0002,-0.0002,0.0003,0.0732,0.0773,0.0057,-0.0059,0.0116,0.022,0.0232,0.0004,0.0001,0.0003,0.0323,0.0341,0.0003,0.0005,-0.0002,0.0088,0.0093,-0.002,-0.0009,-0.0012,0.0059,0.0062,0.0011,-0.0009,0.0002,0.0374,0.0395,0.0544,Gage.Quinney,F,0.0,0.0
8477127,0.0,0.0,-0.0,0.0734,0.0774,0.0008,0.0001,0.0007,0.022,0.0232,0.0,0.0,0.0,0.0323,0.0341,-0.0001,0.0001,-0.0002,0.0088,0.0093,-0.0003,-0.0004,0.0001,0.0059,0.0062,0.0001,0.0,0.0002,0.0375,0.0396,0.0545,Raman.Hrabarenka,?,0.0,0.0
8484188,0.0008,-0.0012,0.002,0.0729,0.077,-0.0053,-0.0264,0.0212,0.022,0.0232,0.001,-0.0095,0.0105,0.0323,0.0341,0.0068,0.008,-0.0012,0.0088,0.0093,-0.05,-0.1034,0.0534,0.0059,0.0062,0.0022,-0.002,0.0002,0.0373,0.0394,0.0542,,?,0.0,0.0
8476910,-0.0,0.0001,-0.0001,0.0729,0.0767,0.0002,0.0011,-0.0009,0.022,0.0232,0.0005,-0.0005,0.0009,0.0323,0.0341,0.0008,0.001,-0.0002,0.0088,0.0093,-0.0014,0.0044,-0.0058,0.0059,0.0062,0.0002,-0.0,0.0002,0.0373,0.0392,0.0541,Scott.Kosmachuk,F,0.0,0.0
8483641,0.0,-0.0001,0.0001,0.0733,0.0772,-0.0038,0.0117,-0.0155,0.022,0.0232,-0.0011,-0.0026,0.0016,0.0323,0.0341,-0.0036,0.0074,-0.011,0.0088,0.0093,0.0156,-0.006,0.0216,0.0059,0.0062,-0.0017,0.0018,0.0002,0.0375,0.0395,0.0544,Anton.Levtchi,F,0.0,0.0
8477076,-0.0,-0.0,-0.0,0.073,0.077,-0.0017,0.0019,-0.0036,0.022,0.0232,-0.0,-0.0004,0.0003,0.0323,0.0341,0.0023,0.0007,0.0017,0.0088,0.0093,-0.0028,-0.0001,-0.0027,0.0059,0.0062,-0.0,0.0002,0.0002,0.0373,0.0394,0.0543,JC.Lipon,F,0.0,0.0
8476866,-0.0001,0.0001,-0.0001,0.073,0.077,0.0008,0.002,-0.0013,0.022,0.0232,-0.0,0.0009,-0.0009,0.0323,0.0341,-0.0005,0.0007,-0.0013,0.0088,0.0093,0.0045,0.0057,-0.0012,0.0059,0.0062,-0.0001,0.0004,0.0002,0.0373,0.0394,0.0543,Nicolas.Kerdiles,F,0.0,0.0
8477913,-0.0,0.0,-0.0,0.0731,0.0771,-0.0014,0.0016,-0.003,0.022,0.0232,-0.0005,0.0001,-0.0006,0.0323,0.0341,0.0009,-0.0001,0.001,0.0088,0.0093,0.0007,-0.004,0.0048,0.0059,0.0062,-0.0003,0.0004,0.0001,0.0374,0.0394,0.0543,David.Wolf,F,0.0,0.0
8476882,-0.0444,-0.0236,-0.0209,0.0428,0.0458,0.102,0.3063,-0.2044,0.0218,0.023,-0.074,-0.5434,0.4694,0.0322,0.034,1.923,-0.6683,2.5913,0.0088,0.0093,-0.2958,-0.5393,0.2435,0.0059,0.0062,0.104,-0.1039,0.0001,0.0228,0.0243,0.0333,Teuvo.Teravainen,F,0.0506,-0.0066
8477006,-0.0,-0.0,-0.0,0.0731,0.0769,0.0013,0.0014,-0.0002,0.022,0.0232,0.0004,-0.0006,0.0011,0.0323,0.0341,0.0008,0.0006,0.0002,0.0088,0.0093,0.0018,0.0066,-0.0048,0.0059,0.0062,0.0003,-0.0002,0.0001,0.0374,0.0393,0.0543,Christoph.Bertschy,F,0.0,0.0
8474698,-0.0,-0.0001,0.0,0.073,0.0768,-0.0026,0.0018,-0.0044,0.022,0.0232,0.0011,0.0001,0.001,0.0323,0.0341,-0.0012,0.0036,-0.0048,0.0088,0.0093,-0.0017,0.0046,-0.0063,0.0059,0.0062,-0.0002,0.0003,0.0001,0.0373,0.0393,0.0542,Brent.Regner,D,0.0,0.0
8476363,-0.0,0.0,-0.0001,0.0731,0.0771,-0.0011,0.0017,-0.0028,0.022,0.0232,0.0001,0.0002,-0.0,0.0323,0.0341,0.0013,-0.0012,0.0025,0.0088,0.0093,-0.0026,0.004,-0.0066,0.0059,0.0062,0.0,0.0001,0.0001,0.0374,0.0394,0.0543,Brian.Ferlin,F,0.0,0.0
8475291,0.0,-0.0,0.0,0.0733,0.0774,-0.0003,0.0,-0.0003,0.022,0.0232,0.0005,-0.0003,0.0008,0.0323,0.0341,-0.0004,0.0004,-0.0008,0.0088,0.0093,-0.0013,0.0,-0.0013,0.0059,0.0062,0.0001,-0.0,0.0001,0.0375,0.0396,0.0545,Garrett.Mitchell,?,0.0,0.0
8476549,-0.0,0.0,-0.0001,0.0732,0.0772,0.0005,0.0014,-0.0009,0.022,0.0232,0.0001,-0.0002,0.0003,0.0323,0.0341,0.0005,-0.0006,0.0011,0.0088,0.0093,-0.0009,0.0038,-0.0047,0.0059,0.0062,0.0002,-0.0,0.0001,0.0374,0.0395,0.0544,Daniil.Tarasov,F,0.0,0.0
8476536,-0.0,-0.0,-0.0,0.0733,0.0774,-0.0002,0.0003,-0.0005,0.022,0.0232,0.0,0.0001,-0.0,0.0323,0.0341,0.0002,0.0002,-0.0,0.0088,0.0093,0.0004,-0.0005,0.0009,0.0059,0.0062,-0.0,0.0001,0.0001,0.0375,0.0396,0.0545,Colin.Smith,F,0.0,0.0
8477228,-0.0,0.0,-0.0,0.0733,0.0774,-0.0005,0.0002,-0.0007,0.022,0.0232,0.0002,0.0,0.0001,0.0323,0.0341,-0.0004,0.0003,-0.0007,0.0088,0.0093,-0.0009,-0.0026,0.0017,0.0059,0.0062,-0.0,0.0002,0.0001,0.0375,0.0396,0.0545,Matt.Lindblad,F,0.0,0.0
8473440,-0.0,-0.0001,0.0001,0.0733,0.0773,-0.0004,0.0009,-0.0012,0.022,0.0232,0.0001,0.0002,-0.0001,0.0323,0.0341,0.0005,0.0002,0.0003,0.0088,0.0093,-0.001,0.0024,-0.0034,0.0059,0.0062,0.0,0.0,0.0001,0.0375,0.0395,0.0545,Will.O'Neill,D,0.0,0.0
8482243,-0.0001,0.0001,-0.0002,0.0733,0.0773,-0.0007,0.0023,-0.003,0.022,0.0232,-0.0004,-0.0001,-0.0002,0.0323,0.0341,0.0056,-0.0013,0.0068,0.0088,0.0093,0.0018,0.0049,-0.0031,0.0059,0.0062,0.0,0.0001,0.0001,0.0375,0.0395,0.0545,Linus.Sandin,F,0.0,0.0
8477059,0.0293,-0.0286,0.0579,0.0724,0.0762,0.0062,-0.0057,0.0119,0.022,0.0232,0.0128,-0.0135,0.0264,0.0323,0.0341,0.0037,-0.0047,0.0084,0.0088,0.0093,-0.0008,0.0034,-0.0042,0.0059,0.0062,0.0186,-0.0185,0.0001,0.037,0.039,0.0538,Damien.Brunner,F,0.057,-0.0554
8481555,0.0002,-0.0004,0.0006,0.073,0.0767,-0.0066,0.0262,-0.0327,0.022,0.0232,0.0009,-0.0084,0.0092,0.0323,0.0341,-0.0037,-0.0035,-0.0002,0.0088,0.0093,-0.0164,0.0338,-0.0502,0.0059,0.0062,-0.0003,0.0003,0.0001,0.0373,0.0392,0.0542,Mattias.Norlinder,D,0.0,0.0
8482179,-0.0,-0.0004,0.0004,0.0732,0.077,0.006,0.0016,0.0044,0.022,0.0232,0.002,-0.0015,0.0035,0.0323,0.0341,0.0023,-0.0082,0.0105,0.0088,0.0093,-0.0165,0.0314,-0.0479,0.0059,0.0062,0.0021,-0.002,0.0001,0.0374,0.0394,0.0543,Justin.Richards,F,0.0,0.0
8483183,0.0,0.0,-0.0,0.0734,0.0774,0.0,0.0004,-0.0004,0.022,0.0232,0.0,0.0004,-0.0004,0.0323,0.0341,0.0,0.0005,-0.0005,0.0088,0.0093,0.0,0.0008,-0.0008,0.0059,0.0062,0.0,0.0001,0.0001,0.0375,0.0396,0.0545,,?,0.0,0.0
8478069,-0.0,0.0,-0.0,0.0733,0.0773,-0.0008,-0.0024,0.0016,0.022,0.0232,0.0005,-0.0003,0.0008,0.0323,0.0341,0.0014,-0.0016,0.003,0.0088,0.0093,-0.0037,-0.0089,0.0052,0.0059,0.0062,0.0002,-0.0002,0.0001,0.0375,0.0395,0.0545,Daniel.Walcott,F,0.0,0.0
8477566,0.0,-0.0001,0.0001,0.073,0.077,0.0007,-0.0001,0.0008,0.022,0.0232,0.0006,-0.0003,0.0009,0.0323,0.0341,-0.0007,0.0013,-0.002,0.0088,0.0093,-0.0023,0.0025,-0.0048,0.0059,0.0062,0.0003,-0.0002,0.0001,0.0373,0.0394,0.0543,Sergey.Tolchinsky,F,0.0,0.0
8478436,-0.0003,-0.0,-0.0003,0.073,0.0769,-0.0027,0.0087,-0.0114,0.022,0.0232,-0.0022,-0.0019,-0.0003,0.0323,0.0341,0.0027,0.0014,0.0013,0.0088,0.0093,0.0058,-0.0035,0.0092,0.0059,0.0062,-0.0011,0.0011,0.0,0.0373,0.0393,0.0542,David.Kase,F,0.0,0.0
8479510,-0.0,-0.0,-0.0,0.0733,0.0773,0.002,0.0012,0.0009,0.022,0.0232,-0.001,-0.0001,-0.0009,0.0323,0.0341,0.0002,-0.0026,0.0028,0.0088,0.0093,-0.0002,0.0029,-0.0032,0.0059,0.0062,0.0001,-0.0001,-0.0,0.0375,0.0395,0.0545,Egor.Korshkov,F,0.0,0.0
8476352,0.0131,-0.013,0.0261,0.0725,0.0761,0.0037,-0.0004,0.0041,0.022,0.0232,0.0053,-0.0069,0.0122,0.0323,0.0341,-0.0002,0.0021,-0.0022,0.0088,0.0093,-0.0027,0.0113,-0.014,0.0059,0.0062,0.0084,-0.0084,-0.0,0.0371,0.0389,0.0538,Michael.Mersch,F,0.0257,-0.0254
8475723,-0.0,-0.0,0.0,0.0731,0.0773,0.0003,-0.0004,0.0007,0.022,0.0232,-0.0001,-0.0002,0.0001,0.0323,0.0341,0.0008,0.0006,0.0002,0.0088,0.0093,-0.0017,0.0017,-0.0034,0.0059,0.0062,0.0001,-0.0001,0.0,0.0374,0.0395,0.0544,Petr.Straka,F,0.0,0.0
8475782,-0.0,0.0,-0.0001,0.0732,0.0772,0.0005,-0.0,0.0005,0.022,0.0232,-0.0002,-0.0001,-0.0,0.0323,0.0341,-0.0003,-0.0001,-0.0003,0.0088,0.0093,0.0015,-0.0022,0.0037,0.0059,0.0062,-0.0,0.0001,0.0,0.0374,0.0395,0.0544,Morgan.Ellis,D,0.0,0.0
8475194,0.0001,0.0001,0.0,0.0727,0.0765,-0.0042,0.0029,-0.0072,0.022,0.0232,0.0007,0.0003,0.0004,0.0323,0.0341,-0.0003,-0.0021,0.0017,0.0088,0.0093,-0.0037,0.0028,-0.0065,0.0059,0.0062,-0.0003,0.0003,0.0,0.0372,0.0391,0.054,Philip.Samuelsson,D,0.0,0.0
8476394,0.0,-0.0001,0.0001,0.0733,0.0772,0.0012,-0.0007,0.0019,0.022,0.0232,0.0001,-0.0001,0.0002,0.0323,0.0341,-0.0001,-0.0001,0.0,0.0088,0.0093,-0.0016,0.0021,-0.0037,0.0059,0.0062,0.0003,-0.0003,-0.0,0.0375,0.0395,0.0544,Michael.Paliotta,D,0.0,0.0
8476401,-0.0,0.0002,-0.0002,0.0728,0.0765,-0.0031,0.0014,-0.0046,0.022,0.0232,0.0009,0.0003,0.0006,0.0323,0.0341,-0.0009,-0.0005,-0.0005,0.0088,0.0093,-0.0036,0.0044,-0.0079,0.0059,0.0062,-0.0002,0.0002,-0.0,0.0372,0.0391,0.054,Daniel.Catenacci,F,0.0,0.0
8476416,-0.0,0.0,-0.0,0.0732,0.0772,0.0006,-0.0005,0.0011,0.022,0.0232,-0.0,0.0001,-0.0001,0.0323,0.0341,0.0006,0.0007,-0.0001,0.0088,0.0093,-0.0008,0.0036,-0.0043,0.0059,0.0062,0.0002,-0.0002,0.0,0.0374,0.0395,0.0544,Dillon.Simpson,D,0.0,0.0
8481489,0.0001,-0.0,0.0001,0.0733,0.0773,0.004,-0.0022,0.0062,0.022,0.0232,0.0016,-0.0007,0.0023,0.0323,0.0341,-0.0018,0.0023,-0.0041,0.0088,0.0093,0.0026,0.0114,-0.0089,0.0059,0.0062,0.0008,-0.0008,-0.0,0.0375,0.0395,0.0545,Jon.Lizotte,D,0.0,0.0
8481721,0.0179,0.0325,-0.0147,0.0677,0.071,0.3955,-0.7108,1.1062,0.022,0.0232,-0.0048,0.0868,-0.0915,0.0323,0.034,-0.4198,0.3414,-0.7613,0.0088,0.0093,0.7889,-1.0078,1.7966,0.0059,0.0062,0.0105,-0.0105,-0.0,0.0347,0.0365,0.0504,,?,0.0561,0.0189
8476511,-0.0,0.0,-0.0,0.0733,0.0773,0.0007,0.0003,0.0004,0.022,0.0232,0.0,-0.0004,0.0004,0.0323,0.0341,0.0002,0.0004,-0.0001,0.0088,0.0093,0.0029,-0.0007,0.0037,0.0059,0.0062,0.0,0.0,0.0,0.0375,0.0395,0.0545,Samuel.Henley,F,0.0,0.0
8479416,-0.0,0.0,-0.0001,0.073,0.077,-0.0001,0.0027,-0.0028,0.022,0.0232,-0.0012,-0.0004,-0.0008,0.0323,0.0341,0.0017,0.0019,-0.0002,0.0088,0.0093,0.0036,0.0025,0.0011,0.0059,0.0062,-0.0003,0.0003,0.0,0.0373,0.0394,0.0543,Ben.Gleason,D,0.0,0.0
8479595,-0.0,0.0,-0.0001,0.073,0.0768,-0.0039,0.0034,-0.0072,0.022,0.0232,0.0018,0.0005,0.0013,0.0323,0.0341,-0.0017,-0.0023,0.0006,0.0088,0.0093,-0.007,0.013,-0.02,0.0059,0.0062,-0.0,-0.0,-0.0,0.0373,0.0393,0.0542,Blake.Hillman,D,0.0,0.0
8476953,-0.0002,-0.0001,-0.0001,0.073,0.0768,-0.005,0.0019,-0.007,0.022,0.0232,-0.0007,0.0008,-0.0015,0.0323,0.0341,0.005,-0.0036,0.0087,0.0088,0.0093,-0.0095,-0.0036,-0.0059,0.0059,0.0062,-0.0003,0.0003,0.0,0.0373,0.0393,0.0542,Trevor.Carrick,D,0.0,0.0
8478963,-0.0,-0.0,-0.0,0.0726,0.0764,-0.005,0.0032,-0.0082,0.022,0.0232,0.0009,-0.0004,0.0014,0.0323,0.0341,0.0012,0.0004,0.0008,0.0088,0.0093,0.0001,-0.0028,0.0029,0.0059,0.0062,-0.0005,0.0005,0.0,0.0371,0.0391,0.0539,Ryan.Johnston,D,0.0,0.0
8477972,-0.0001,0.0,-0.0001,0.0732,0.0771,-0.0013,0.0035,-0.0048,0.022,0.0232,0.0013,0.0004,0.0008,0.0323,0.0341,-0.0014,-0.0002,-0.0012,0.0088,0.0093,-0.0031,0.0171,-0.0203,0.0059,0.0062,0.0001,-0.0001,-0.0,0.0374,0.0394,0.0544,Josh.Jacobs,D,0.0,0.0
8477631,-0.0001,0.0001,-0.0002,0.0733,0.0773,-0.0012,0.0036,-0.0048,0.022,0.0232,-0.0006,-0.0002,-0.0005,0.0323,0.0341,-0.0019,0.0004,-0.0023,0.0088,0.0093,0.0067,-0.0055,0.0122,0.0059,0.0062,-0.0007,0.0008,0.0,0.0375,0.0395,0.0545,Brandon.Baddock,?,0.0,0.0
8477449,-0.0,-0.0001,0.0,0.0733,0.0773,0.0001,0.0001,0.0,0.022,0.0232,0.0002,-0.0,0.0002,0.0323,0.0341,0.0004,-0.0015,0.002,0.0088,0.0093,-0.0017,0.0017,-0.0034,0.0059,0.0062,0.0002,-0.0002,-0.0,0.0375,0.0395,0.0545,Morgan.Klimchuk,F,0.0,0.0
8475162,-0.0,0.0,-0.0001,0.0728,0.0767,0.0018,0.0002,0.0016,0.022,0.0232,-0.0,-0.0003,0.0002,0.0323,0.0341,0.0002,0.0015,-0.0013,0.0088,0.0093,0.0021,0.0051,-0.003,0.0059,0.0062,0.0002,-0.0002,0.0,0.0372,0.0392,0.0541,Mat.Clark,D,0.0,0.0
8477427,-0.0001,0.0,-0.0001,0.073,0.0769,0.0002,0.0019,-0.0017,0.022,0.0232,-0.0006,-0.0005,-0.0001,0.0323,0.0341,-0.0006,0.0003,-0.0009,0.0088,0.0093,-0.0033,0.0022,-0.0055,0.0059,0.0062,-0.0001,0.0001,0.0,0.0373,0.0393,0.0542,Tobias.Lindberg,F,0.0,0.0
8475243,-0.0,-0.0,-0.0,0.0733,0.0774,-0.0003,-0.0006,0.0003,0.022,0.0232,-0.0001,-0.0,-0.0001,0.0323,0.0341,0.0002,-0.0002,0.0004,0.0088,0.0093,-0.0009,0.0007,-0.0016,0.0059,0.0062,-0.0,-0.0001,-0.0001,0.0375,0.0396,0.0545,Ryan.Bourque,F,0.0,0.0
8476147,-0.0,0.0,-0.0001,0.073,0.0768,0.0001,-0.0016,0.0017,0.022,0.0232,-0.0004,0.0004,-0.0008,0.0323,0.0341,0.002,-0.0016,0.0037,0.0088,0.0093,-0.0012,-0.0022,0.0009,0.0059,0.0062,0.0001,-0.0002,-0.0001,0.0373,0.0393,0.0542,Kael.Mouillierat,F,0.0,0.0
8483039,0.0012,0.0006,0.0006,0.0731,0.0771,-0.0002,0.0125,-0.0127,0.022,0.0232,-0.0094,0.0008,-0.0102,0.0323,0.0341,-0.0205,0.0065,-0.027,0.0088,0.0093,0.0167,-0.0131,0.0298,0.0059,0.0062,-0.0034,0.0033,-0.0001,0.0374,0.0394,0.0543,,?,0.0,0.0
8475296,0.0,0.0,-0.0,0.0733,0.0772,-0.0008,0.0011,-0.0019,0.022,0.0232,-0.0,0.0002,-0.0002,0.0323,0.0341,-0.0006,-0.0029,0.0023,0.0088,0.0093,-0.0032,0.0015,-0.0047,0.0059,0.0062,-0.0,-0.0,-0.0001,0.0375,0.0395,0.0544,Mitch.Callahan,F,0.0,0.0
8477214,-0.0,0.0,-0.0001,0.073,0.077,-0.0012,0.0002,-0.0014,0.022,0.0232,-0.0002,0.0001,-0.0004,0.0323,0.0341,0.0015,-0.0013,0.0028,0.0088,0.0093,-0.0015,-0.0009,-0.0006,0.0059,0.0062,-0.0001,0.0,-0.0001,0.0373,0.0394,0.0543,Conor.Allen,D,0.0,0.0
8476868,0.0001,0.0,0.0,0.0731,0.0771,-0.0015,-0.0,-0.0015,0.022,0.0232,0.0005,-0.0002,0.0008,0.0323,0.0341,-0.0005,0.0007,-0.0012,0.0088,0.0093,-0.0016,0.0006,-0.0022,0.0059,0.0062,-0.0,-0.0,-0.0001,0.0374,0.0394,0.0543,Henrik.Samuelsson,F,0.0,0.0
8477816,-0.0,-0.0,-0.0,0.0732,0.0771,-0.0005,0.0009,-0.0015,0.022,0.0232,-0.0002,-0.0004,0.0002,0.0323,0.0341,-0.0012,0.0014,-0.0026,0.0088,0.0093,0.0031,-0.0022,0.0053,0.0059,0.0062,-0.0003,0.0002,-0.0001,0.0374,0.0394,0.0544,Michael.Zalewski,F,0.0,0.0
8477410,0.0,0.0,0.0,0.0733,0.0773,-0.0007,-0.0003,-0.0004,0.022,0.0232,0.0001,0.0,0.0,0.0323,0.0341,-0.0004,0.0002,-0.0005,0.0088,0.0093,0.0007,-0.0016,0.0022,0.0059,0.0062,-0.0001,0.0,-0.0001,0.0375,0.0395,0.0545,Bogdan.Yakimov,F,0.0,0.0
8477428,0.0,-0.0001,0.0001,0.0733,0.0772,-0.0,-0.0011,0.0011,0.022,0.0232,0.0001,-0.0004,0.0005,0.0323,0.0341,0.0003,0.0017,-0.0013,0.0088,0.0093,-0.0033,0.0021,-0.0054,0.0059,0.0062,0.0002,-0.0003,-0.0001,0.0375,0.0395,0.0544,Justin.Auger,F,0.0,0.0
8475756,-0.0,0.0,-0.0,0.0732,0.0771,-0.0006,0.0003,-0.0009,0.022,0.0232,-0.0002,0.0003,-0.0005,0.0323,0.0341,0.0005,0.0001,0.0004,0.0088,0.0093,0.0023,-0.0001,0.0024,0.0059,0.0062,-0.0002,0.0001,-0.0001,0.0374,0.0394,0.0544,John.McFarland,F,0.0,0.0
8474516,-0.0,0.0,-0.0,0.073,0.0768,-0.0005,0.0033,-0.0038,0.022,0.0232,0.0005,-0.0005,0.0009,0.0323,0.0341,-0.0014,0.0014,-0.0028,0.0088,0.0093,0.0062,0.0067,-0.0005,0.0059,0.0062,-0.0003,0.0002,-0.0001,0.0373,0.0393,0.0542,Bryan.Lerg,F,0.0,0.0
8475734,-0.0,-0.0,0.0,0.0733,0.0773,-0.0,0.0,-0.0001,0.022,0.0232,-0.0001,-0.0003,0.0002,0.0323,0.0341,-0.0002,0.0007,-0.0008,0.0088,0.0093,0.0003,0.0009,-0.0006,0.0059,0.0062,-0.0,-0.0001,-0.0001,0.0375,0.0395,0.0545,Curtis.Hamilton,?,0.0,0.0
8477486,-0.0001,-0.0,-0.0001,0.0729,0.0768,-0.0027,0.0018,-0.0045,0.022,0.0232,-0.0,0.0,-0.0,0.0323,0.0341,-0.0004,0.0015,-0.0019,0.0088,0.0093,-0.0016,0.0011,-0.0027,0.0059,0.0062,-0.0004,0.0003,-0.0001,0.0373,0.0393,0.0542,Emile.Poirier,F,0.0,0.0
8473431,-0.0,0.0,-0.0,0.0733,0.0774,-0.0002,0.0001,-0.0003,0.022,0.0232,-0.0001,0.0,-0.0001,0.0323,0.0341,0.0004,0.0001,0.0002,0.0088,0.0093,0.0018,0.0004,0.0014,0.0059,0.0062,-0.0001,0.0,-0.0001,0.0375,0.0396,0.0545,Bud.Holloway,F,0.0,0.0
8474668,0.0033,0.0065,-0.0032,0.0568,0.058,-0.3148,0.4953,-0.8101,0.0219,0.0231,0.1117,-0.1169,0.2286,0.0323,0.034,-0.2488,-0.0288,-0.22,0.0088,0.0093,-0.0973,0.4548,-0.5522,0.0059,0.0062,-0.032,0.0319,-0.0001,0.0295,0.0302,0.0422,Dale.Weise,F,0.0073,-0.006
8477583,-0.0,-0.0,0.0,0.0733,0.0774,-0.0002,0.0005,-0.0008,0.022,0.0232,-0.0,-0.0004,0.0004,0.0323,0.0341,-0.0005,0.0003,-0.0008,0.0088,0.0093,0.0005,0.0007,-0.0001,0.0059,0.0062,-0.0001,-0.0,-0.0001,0.0375,0.0396,0.0545,Curtis.Valk,?,0.0,0.0
8475896,-0.0,-0.0,-0.0,0.0733,0.0773,-0.0007,0.0002,-0.0009,0.022,0.0232,0.0001,0.0001,-0.0001,0.0323,0.0341,-0.0002,-0.0001,-0.0,0.0088,0.0093,-0.0006,0.001,-0.0015,0.0059,0.0062,-0.0001,0.0,-0.0001,0.0375,0.0395,0.0545,Brendan.Ranford,F,0.0,0.0
8476214,-0.0,0.0,-0.0,0.0733,0.0773,-0.0002,0.0,-0.0002,0.022,0.0232,0.0001,0.0,0.0001,0.0323,0.0341,0.0,-0.0001,0.0001,0.0088,0.0093,-0.0001,0.001,-0.001,0.0059,0.0062,-0.0,-0.0,-0.0001,0.0375,0.0395,0.0545,Brandon.DeFazio,F,0.0,0.0
8472365,-0.0,0.0,-0.0,0.0733,0.0772,-0.0005,0.0005,-0.001,0.022,0.0232,0.0001,-0.0002,0.0003,0.0323,0.0341,-0.0003,0.0004,-0.0007,0.0088,0.0093,0.0007,0.0011,-0.0004,0.0059,0.0062,-0.0001,0.0,-0.0001,0.0375,0.0395,0.0544,Bobby.Robins,?,0.0,0.0
8478502,0.01,0.017,-0.0069,0.0692,0.0723,-0.2526,0.1209,-0.3735,0.022,0.0232,-0.031,0.1412,-0.1722,0.0323,0.034,-0.1481,-0.207,0.0589,0.0088,0.0093,-0.146,0.0656,-0.2116,0.0059,0.0062,-0.0428,0.0427,-0.0001,0.0355,0.0371,0.0513,Dennis.Gilbert,D,0.0157,0.0428
8476339,-0.0,-0.0,-0.0,0.0733,0.0773,-0.0003,-0.0004,0.0001,0.022,0.0232,-0.0001,0.0,-0.0001,0.0323,0.0341,0.0001,0.0003,-0.0002,0.0088,0.0093,0.0001,0.001,-0.0009,0.0059,0.0062,-0.0001,-0.0001,-0.0001,0.0375,0.0395,0.0545,Dominik.Uher,?,0.0,0.0
8480247,-0.0,0.0001,-0.0001,0.0732,0.0772,-0.0013,-0.0003,-0.001,0.022,0.0232,0.0004,0.0004,-0.0001,0.0323,0.0341,-0.0022,0.0,-0.0022,0.0088,0.0093,0.009,-0.0112,0.0202,0.0059,0.0062,-0.0006,0.0005,-0.0001,0.0374,0.0395,0.0544,Jonathan.Davidsson,F,0.0,0.0
8477041,0.0001,-0.0001,0.0002,0.0728,0.0769,-0.0019,0.0009,-0.0029,0.022,0.0232,0.0016,-0.0013,0.0028,0.0323,0.0341,-0.001,0.0017,-0.0027,0.0088,0.0093,0.0012,0.003,-0.0018,0.0059,0.0062,0.0,-0.0002,-0.0002,0.0372,0.0393,0.0542,Brady.Austin,D,0.0,0.0
8476227,0.0,0.0,-0.0,0.0733,0.0772,0.0013,-0.0015,0.0028,0.022,0.0232,0.0001,-0.0004,0.0005,0.0323,0.0341,-0.0001,-0.0005,0.0004,0.0088,0.0093,-0.0003,0.001,-0.0013,0.0059,0.0062,0.0002,-0.0004,-0.0002,0.0375,0.0395,0.0544,Joe.Whitney,F,0.0,0.0
8475829,0.0,0.0,0.0,0.0732,0.0772,-0.0,-0.0022,0.0022,0.022,0.0232,0.0002,-0.0002,0.0004,0.0323,0.0341,-0.0,0.0004,-0.0004,0.0088,0.0093,-0.0007,-0.0016,0.0009,0.0059,0.0062,0.0001,-0.0003,-0.0002,0.0374,0.0395,0.0544,John.Ramage,D,0.0,0.0
8475436,-0.0001,-0.0001,0.0,0.0732,0.077,-0.0006,0.001,-0.0015,0.022,0.0232,-0.0001,0.0002,-0.0003,0.0323,0.0341,-0.0,-0.0008,0.0008,0.0088,0.0093,0.0028,0.001,0.0017,0.0059,0.0062,-0.0003,0.0001,-0.0002,0.0374,0.0394,0.0543,Mike.Liambas,F,0.0,0.0
8482448,-0.0001,-0.0009,0.0008,0.0732,0.0771,-0.0085,0.0141,-0.0226,0.022,0.0232,0.0031,-0.0056,0.0087,0.0323,0.0341,0.0042,-0.0021,0.0063,0.0088,0.0093,-0.0329,0.0368,-0.0698,0.0059,0.0062,0.0009,-0.0012,-0.0002,0.0374,0.0394,0.0544,Samuel.Knazko,?,0.0,0.0
8484933,-0.0003,0.0,-0.0004,0.0733,0.0773,-0.0029,-0.01,0.007,0.022,0.0232,0.0039,-0.0007,0.0046,0.0323,0.0341,-0.0012,-0.0019,0.0007,0.0088,0.0093,-0.0251,-0.0087,-0.0165,0.0059,0.0062,0.0012,-0.0014,-0.0002,0.0375,0.0395,0.0545,,?,0.0,0.0
8478486,0.0003,-0.0,0.0003,0.0732,0.0773,-0.0005,-0.0004,-0.0001,0.022,0.0232,-0.0003,0.0002,-0.0005,0.0323,0.0341,-0.0015,-0.0044,0.0029,0.0088,0.0093,0.0041,-0.009,0.0131,0.0059,0.0062,-0.0002,0.0001,-0.0002,0.0374,0.0395,0.0544,Chase.Pearson,F,0.0,0.0
8476471,0.0,-0.0,0.0,0.0732,0.0771,-0.0015,0.0006,-0.002,0.022,0.0232,-0.0006,0.0003,-0.0008,0.0323,0.0341,0.0018,0.0002,0.0017,0.0088,0.0093,0.0016,0.0002,0.0014,0.0059,0.0062,-0.0003,0.0002,-0.0002,0.0374,0.0394,0.0544,Mark.McNeill,F,0.0,0.0
8477461,-0.0095,-0.0042,-0.0053,0.067,0.0699,-0.139,0.2064,-0.3455,0.022,0.0232,-0.024,0.0092,-0.0333,0.0323,0.034,0.054,-0.0961,0.1501,0.0088,0.0093,-0.2851,0.2267,-0.5118,0.0059,0.0062,-0.0162,0.016,-0.0002,0.0344,0.0359,0.0497,Remi.Elie,F,-0.012,-0.0112
8479512,0.0001,-0.0004,0.0005,0.0731,0.0771,-0.0062,-0.0009,-0.0053,0.022,0.0232,0.0053,-0.0022,0.0075,0.0323,0.0341,-0.0057,-0.002,-0.0037,0.0088,0.0093,-0.0307,0.0109,-0.0417,0.0059,0.0062,0.0012,-0.0014,-0.0002,0.0374,0.0394,0.0543,Kasper.Bjorkqvist,F,0.0,0.0
8473921,-0.0,0.0,-0.0,0.0733,0.0773,-0.0009,-0.0002,-0.0007,0.022,0.0232,-0.0002,0.0002,-0.0004,0.0323,0.0341,0.0005,-0.0012,0.0017,0.0088,0.0093,-0.0003,0.0002,-0.0005,0.0059,0.0062,-0.0001,-0.0001,-0.0002,0.0375,0.0395,0.0545,Joe.Piskula,D,0.0,0.0
8478063,0.0,0.0001,-0.0001,0.0731,0.077,0.0004,-0.004,0.0044,0.022,0.0232,0.0008,-0.0,0.0008,0.0323,0.0341,0.0009,0.0006,0.0003,0.0088,0.0093,-0.0048,0.0054,-0.0101,0.0059,0.0062,0.0005,-0.0007,-0.0002,0.0374,0.0394,0.0543,Shane.Gersich,F,0.0,0.0
8476944,-0.0001,-0.0,-0.0001,0.0731,0.0771,-0.0026,0.001,-0.0036,0.022,0.0232,0.0002,-0.0,0.0003,0.0323,0.0341,0.0013,-0.0,0.0013,0.0088,0.0093,-0.0006,0.0015,-0.002,0.0059,0.0062,-0.0003,0.0001,-0.0002,0.0374,0.0394,0.0543,Brendan.Woods,F,0.0,0.0
8482824,0.0,0.0072,-0.0071,0.0722,0.0755,-0.0325,0.0287,-0.0612,0.022,0.0232,-0.0108,0.0062,-0.017,0.0323,0.0341,0.0575,-0.0559,0.1134,0.0088,0.0093,0.017,0.0411,-0.0241,0.0059,0.0062,-0.0045,0.0043,-0.0002,0.0369,0.0387,0.0535,Nick.Cicek,D,0.003,0.0116
8480082,-0.0,0.0,-0.0001,0.0733,0.0773,-0.0011,0.0003,-0.0014,0.022,0.0232,-0.0002,0.0001,-0.0003,0.0323,0.0341,-0.0004,0.0007,-0.0011,0.0088,0.0093,0.0023,-0.0007,0.003,0.0059,0.0062,-0.0003,0.0001,-0.0002,0.0375,0.0395,0.0545,Justin.Kloos,F,0.0,0.0
8481815,-0.0001,-0.0002,0.0001,0.0733,0.0774,-0.002,0.0012,-0.0032,0.022,0.0232,0.0012,-0.0009,0.0021,0.0323,0.0341,-0.0014,0.0012,-0.0026,0.0088,0.0093,-0.0048,0.0042,-0.009,0.0059,0.0062,0.0,-0.0002,-0.0002,0.0375,0.0396,0.0545,Bryce.Kindopp,F,0.0,0.0
8475757,-0.0,0.0,-0.0,0.0733,0.0772,-0.0004,0.0002,-0.0005,0.022,0.0232,0.0001,0.0,0.0,0.0323,0.0341,-0.0006,0.0006,-0.0012,0.0088,0.0093,0.0028,0.0018,0.001,0.0059,0.0062,-0.0002,-0.0,-0.0002,0.0375,0.0395,0.0544,Brett.Bulmer,F,0.0,0.0
8476911,-0.0,-0.0,-0.0,0.0732,0.0772,-0.0026,-0.0002,-0.0024,0.022,0.0232,0.0001,0.0007,-0.0006,0.0323,0.0341,0.0002,-0.0002,0.0004,0.0088,0.0093,0.0011,-0.0018,0.0029,0.0059,0.0062,-0.0004,0.0002,-0.0002,0.0374,0.0395,0.0544,Tanner.Richard,F,0.0,0.0
8474793,0.0,0.0,-0.0,0.0731,0.0771,-0.0014,-0.0002,-0.0012,0.022,0.0232,0.0001,-0.0,0.0001,0.0323,0.0341,-0.0007,-0.0001,-0.0006,0.0088,0.0093,-0.0008,0.0024,-0.0032,0.0059,0.0062,-0.0002,-0.0001,-0.0003,0.0374,0.0394,0.0543,Justin.Hodgman,F,0.0,0.0
8475826,0.0,0.0,0.0,0.0733,0.0773,-0.0003,0.0004,-0.0007,0.022,0.0232,-0.0001,-0.0003,0.0001,0.0323,0.0341,-0.0003,-0.0004,0.0001,0.0088,0.0093,0.0024,0.0014,0.001,0.0059,0.0062,-0.0002,-0.0001,-0.0003,0.0375,0.0395,0.0545,Justin.Shugg,F,0.0,0.0
8481562,-0.0001,-0.0002,0.0001,0.0733,0.0772,0.026,-0.0088,0.0349,0.022,0.0232,-0.0018,-0.0026,0.0009,0.0323,0.0341,-0.0019,-0.0015,-0.0004,0.0088,0.0093,0.0361,0.0033,0.0328,0.0059,0.0062,0.0019,-0.0022,-0.0003,0.0375,0.0395,0.0544,,D,0.0,0.0
8475159,-0.0,-0.0,-0.0,0.0733,0.0774,-0.0003,-0.0006,0.0003,0.022,0.0232,-0.0002,-0.0002,0.0001,0.0323,0.0341,0.0005,-0.0002,0.0007,0.0088,0.0093,0.0006,0.001,-0.0004,0.0059,0.0062,-0.0001,-0.0002,-0.0003,0.0375,0.0396,0.0545,Carl.Klingberg,F,0.0,0.0
8475328,-0.0,0.0001,-0.0001,0.0733,0.0773,-0.0009,-0.0005,-0.0004,0.022,0.0232,0.0003,-0.0004,0.0007,0.0323,0.0341,-0.0021,-0.0016,-0.0005,0.0088,0.0093,-0.0036,0.0019,-0.0055,0.0059,0.0062,-0.0001,-0.0003,-0.0003,0.0375,0.0395,0.0545,Ben.Sexton,F,0.0,0.0
8481425,0.0001,0.0001,0.0,0.0733,0.0773,-0.0013,-0.0037,0.0023,0.022,0.0232,0.0003,0.0006,-0.0003,0.0323,0.0341,0.0019,0.0018,0.0001,0.0088,0.0093,-0.0001,0.0006,-0.0007,0.0059,0.0062,0.0,-0.0003,-0.0003,0.0375,0.0395,0.0545,Josh.Teves,?,0.0,0.0
8477091,0.0,0.0,0.0,0.0733,0.0773,0.0008,-0.0025,0.0033,0.022,0.0232,0.0,-0.0001,0.0002,0.0323,0.0341,0.0,0.0006,-0.0005,0.0088,0.0093,0.0013,0.0013,0.0,0.0059,0.0062,0.0001,-0.0004,-0.0003,0.0375,0.0395,0.0545,Evan.McEneny,D,0.0,0.0
8476020,-0.0,-0.0,-0.0,0.0733,0.0773,-0.0005,0.0013,-0.0018,0.022,0.0232,-0.0002,-0.0007,0.0005,0.0323,0.0341,0.0001,0.0013,-0.0012,0.0088,0.0093,0.0049,0.0025,0.0024,0.0059,0.0062,-0.0003,0.0,-0.0003,0.0375,0.0395,0.0545,Andrew.Crescenzi,F,0.0,0.0
8469476,0.0031,0.0016,0.0016,0.0665,0.0692,-0.1082,0.0861,-0.1943,0.022,0.0232,-0.01,0.008,-0.018,0.0323,0.034,0.118,-0.0755,0.1936,0.0088,0.0093,-0.1799,0.216,-0.3959,0.0059,0.0062,-0.0026,0.0023,-0.0003,0.0342,0.0356,0.0493,Tim.Gleason,D,0.0127,-0.0028
8477923,-0.0,0.0,-0.0,0.0733,0.0774,-0.0005,-0.0007,0.0002,0.022,0.0232,-0.0,-0.0001,0.0,0.0323,0.0341,-0.0004,0.0003,-0.0008,0.0088,0.0093,0.0004,0.0007,-0.0004,0.0059,0.0062,-0.0001,-0.0001,-0.0003,0.0375,0.0396,0.0545,Michael.Keranen,?,0.0,0.0
8482061,-0.0004,-0.0,-0.0004,0.0732,0.0771,-0.0052,0.0157,-0.0209,0.022,0.0232,-0.0066,0.006,-0.0125,0.0323,0.0341,-0.0002,-0.009,0.0088,0.0088,0.0093,0.0326,-0.0077,0.0402,0.0059,0.0062,-0.0037,0.0034,-0.0003,0.0374,0.0394,0.0544,Brandon.Biro,F,0.0,0.0
8476322,-0.0001,0.0002,-0.0003,0.073,0.077,-0.0034,0.0017,-0.0051,0.022,0.0232,-0.0007,0.0008,-0.0015,0.0323,0.0341,0.0001,-0.0019,0.002,0.0088,0.0093,0.0046,-0.0049,0.0095,0.0059,0.0062,-0.0009,0.0006,-0.0003,0.0373,0.0394,0.0543,Chase.Balisy,F,0.0,0.0
8476384,-0.0001,0.0,-0.0001,0.0731,0.077,-0.0016,0.001,-0.0026,0.022,0.0232,-0.0004,0.0005,-0.0009,0.0323,0.0341,0.0006,0.0008,-0.0002,0.0088,0.0093,0.0017,0.0049,-0.0031,0.0059,0.0062,-0.0004,0.0001,-0.0003,0.0374,0.0394,0.0543,Max.Friberg,F,0.0,0.0
8475980,-0.0,-0.0001,0.0001,0.0729,0.0766,-0.0021,-0.0004,-0.0017,0.022,0.0232,0.0003,-0.0008,0.0011,0.0323,0.0341,-0.0002,0.0021,-0.0023,0.0088,0.0093,-0.0023,-0.0008,-0.0014,0.0059,0.0062,-0.0002,-0.0001,-0.0003,0.0373,0.0392,0.0541,Brody.Sutter,F,0.0,0.0
8480164,-0.0001,-0.0,-0.0,0.073,0.077,-0.0017,0.0045,-0.0063,0.022,0.0232,0.0003,-0.0021,0.0023,0.0323,0.0341,-0.0001,0.0019,-0.002,0.0088,0.0093,0.0047,0.0064,-0.0016,0.0059,0.0062,-0.0004,0.0001,-0.0004,0.0373,0.0394,0.0543,Henrik.Haapala,F,0.0,0.0
8475203,-0.0,-0.0,0.0,0.0733,0.0773,-0.0002,-0.0013,0.0011,0.022,0.0232,-0.0,-0.0002,0.0002,0.0323,0.0341,-0.0002,0.0004,-0.0006,0.0088,0.0093,0.0018,0.0014,0.0003,0.0059,0.0062,-0.0001,-0.0003,-0.0004,0.0375,0.0395,0.0545,Jesse.Blacker,?,0.0,0.0
8481530,0.0,0.0002,-0.0002,0.0733,0.0773,-0.0008,-0.0031,0.0023,0.022,0.0232,0.0008,-0.0009,0.0016,0.0323,0.0341,-0.0014,-0.0026,0.0012,0.0088,0.0093,0.0017,-0.0092,0.0109,0.0059,0.0062,-0.0001,-0.0004,-0.0004,0.0375,0.0395,0.0545,Brayden.Tracey,F,0.0,0.0
8481642,0.0,-0.0,0.0,0.0733,0.0773,-0.0001,0.0002,-0.0003,0.022,0.0232,-0.0007,-0.0003,-0.0005,0.0323,0.0341,0.0006,0.001,-0.0004,0.0088,0.0093,0.0053,0.0021,0.0033,0.0059,0.0062,-0.0003,-0.0001,-0.0004,0.0375,0.0395,0.0545,Andrei.Chibisov,F,0.0,0.0
8480466,-0.0003,-0.0001,-0.0002,0.0732,0.0772,-0.01,0.0081,-0.0182,0.022,0.0232,-0.0001,-0.0021,0.0021,0.0323,0.0341,0.0037,0.0063,-0.0027,0.0088,0.0093,-0.0026,0.0024,-0.005,0.0059,0.0062,-0.0013,0.001,-0.0004,0.0374,0.0395,0.0544,Joey.Keane,D,0.0,0.0
8481479,-0.0,-0.0,-0.0,0.0731,0.0771,0.0008,-0.0063,0.0071,0.022,0.0232,0.0004,0.0007,-0.0003,0.0323,0.0341,-0.0002,-0.0055,0.0053,0.0088,0.0093,-0.0066,-0.0065,-0.0002,0.0059,0.0062,0.0005,-0.0009,-0.0004,0.0374,0.0394,0.0543,Brogan.Rafferty,D,0.0,0.0
8480771,0.0001,0.0001,0.0,0.073,0.0769,0.003,-0.0043,0.0073,0.022,0.0232,0.0016,-0.0002,0.0018,0.0323,0.0341,-0.0023,-0.003,0.0007,0.0088,0.0093,0.0029,0.007,-0.0041,0.0059,0.0062,0.0006,-0.0011,-0.0005,0.0373,0.0393,0.0542,Daniel.Brickley,D,0.0,0.0
8475982,0.0001,0.0001,-0.0,0.0729,0.0768,-0.0017,0.0034,-0.005,0.022,0.0232,0.0005,-0.0024,0.0029,0.0323,0.0341,0.0001,-0.0002,0.0003,0.0088,0.0093,0.0108,0.0009,0.0099,0.0059,0.0062,-0.0005,-0.0,-0.0005,0.0373,0.0393,0.0542,Erik.Burgdoerfer,D,0.0,0.0
8483464,0.0189,0.0135,0.0054,0.0678,0.0708,0.2457,-0.135,0.3807,0.022,0.0232,-0.0986,0.1074,-0.206,0.0323,0.034,-0.5054,0.4575,-0.9629,0.0088,0.0093,0.6453,0.163,0.4823,0.0059,0.0062,-0.0315,0.0311,-0.0005,0.0348,0.0364,0.0503,Marco.Kasper,F,0.0399,0.0144
8475836,-0.0,0.0,-0.0,0.0733,0.0773,-0.001,-0.0014,0.0004,0.022,0.0232,-0.0002,0.0,-0.0003,0.0323,0.0341,-0.0001,-0.0007,0.0005,0.0088,0.0093,0.0,0.0011,-0.0011,0.0059,0.0062,-0.0002,-0.0003,-0.0005,0.0375,0.0395,0.0545,Alex.Friesen,F,0.0,0.0
8474019,0.0001,0.0,0.0001,0.0731,0.0771,0.0016,-0.0033,0.0049,0.022,0.0232,-0.0,-0.0003,0.0003,0.0323,0.0341,0.0015,-0.0009,0.0024,0.0088,0.0093,-0.0014,0.0079,-0.0093,0.0059,0.0062,0.0004,-0.0009,-0.0005,0.0374,0.0394,0.0543,Tommy.Cross,?,0.0,0.0
8479613,-0.0,-0.0,0.0,0.0733,0.0773,0.0,-0.0019,0.0019,0.022,0.0232,-0.0001,-0.0003,0.0003,0.0323,0.0341,-0.0003,-0.0006,0.0003,0.0088,0.0093,0.0019,0.001,0.0009,0.0059,0.0062,-0.0001,-0.0004,-0.0005,0.0375,0.0395,0.0545,Giovanni.Fiore,F,0.0,0.0
8482691,0.0032,-0.0135,0.0167,0.0726,0.0765,-0.0204,0.0193,-0.0397,0.022,0.0232,0.0097,0.0004,0.0093,0.0323,0.0341,0.0135,-0.0143,0.0277,0.0088,0.0093,-0.0545,-0.0103,-0.0443,0.0059,0.0062,0.0037,-0.0042,-0.0005,0.0371,0.0391,0.054,Aatu.Raty,F,0.0073,-0.0279
8476769,-0.0014,0.0007,-0.0022,0.0709,0.0738,-0.0095,0.0191,-0.0286,0.022,0.0232,0.0043,-0.0037,0.008,0.0323,0.034,0.0086,-0.003,0.0116,0.0088,0.0093,-0.027,0.0774,-0.1044,0.0059,0.0062,0.0004,-0.0009,-0.0005,0.0363,0.0378,0.0524,Bobby.Farnham,F,-0.0032,0.0002
8479522,0.0003,0.0005,-0.0001,0.0731,0.0771,-0.0231,-0.0008,-0.0224,0.022,0.0232,0.0019,-0.0026,0.0045,0.0323,0.0341,-0.0102,0.0024,-0.0127,0.0088,0.0093,-0.037,-0.0467,0.0096,0.0059,0.0062,-0.002,0.0016,-0.0005,0.0374,0.0394,0.0543,Hardy.Haman.Aktell,D,0.0,0.0
8480201,-0.0002,0.0001,-0.0003,0.0733,0.0773,-0.002,-0.0007,-0.0013,0.022,0.0232,-0.0007,-0.0001,-0.0007,0.0323,0.0341,-0.0025,-0.0004,-0.0021,0.0088,0.0093,-0.0034,-0.0036,0.0001,0.0059,0.0062,-0.0006,0.0,-0.0005,0.0375,0.0395,0.0545,Maksim.Sushko,?,0.0,0.0
8476890,-0.0001,0.0,-0.0001,0.0732,0.0772,0.0009,-0.0041,0.0051,0.022,0.0232,0.0002,-0.0004,0.0006,0.0323,0.0341,-0.0013,0.0007,-0.002,0.0088,0.0093,-0.0048,0.0013,-0.0061,0.0059,0.0062,0.0002,-0.0007,-0.0005,0.0374,0.0395,0.0544,Patrick.Sieloff,D,0.0,0.0
8479424,-0.0002,0.0001,-0.0002,0.0733,0.0772,-0.0013,-0.0015,0.0002,0.022,0.0232,-0.0005,-0.0006,0.0,0.0323,0.0341,0.0021,0.0026,-0.0006,0.0088,0.0093,0.0104,-0.006,0.0164,0.0059,0.0062,-0.0007,0.0001,-0.0006,0.0375,0.0395,0.0544,German.Rubtsov,F,0.0,0.0
8480163,0.0001,-0.0002,0.0003,0.0732,0.0772,-0.0015,-0.0023,0.0008,0.022,0.0232,0.0003,-0.0002,0.0005,0.0323,0.0341,-0.0014,0.0014,-0.0028,0.0088,0.0093,0.0017,-0.0005,0.0021,0.0059,0.0062,-0.0003,-0.0004,-0.0006,0.0374,0.0395,0.0544,Philip.Holm,D,0.0,0.0
8482712,-0.0001,0.0001,-0.0002,0.0733,0.0774,-0.0033,0.0032,-0.0065,0.022,0.0232,-0.0017,-0.0003,-0.0014,0.0323,0.0341,-0.003,-0.0016,-0.0014,0.0088,0.0093,0.0025,-0.0055,0.0081,0.0059,0.0062,-0.0012,0.0006,-0.0006,0.0375,0.0396,0.0545,Oskar.Olausson,F,0.0,0.0
8476435,-0.0001,0.0,-0.0001,0.0729,0.0769,-0.0029,-0.0004,-0.0026,0.022,0.0232,-0.0002,-0.0008,0.0006,0.0323,0.0341,-0.0009,0.0017,-0.0026,0.0088,0.0093,-0.0022,-0.001,-0.0012,0.0059,0.0062,-0.0005,-0.0001,-0.0006,0.0373,0.0393,0.0542,Alex.Khokhlachev,F,0.0,0.0
8480087,0.0001,-0.0,0.0001,0.0732,0.0773,-0.0007,-0.0071,0.0063,0.022,0.0232,0.0017,-0.0007,0.0024,0.0323,0.0341,0.0009,0.0027,-0.0017,0.0088,0.0093,-0.0036,0.0018,-0.0054,0.0059,0.0062,0.0005,-0.0011,-0.0006,0.0374,0.0395,0.0544,Mike.Vecchione,F,0.0,0.0
8479648,-0.0031,-0.003,-0.0001,0.0708,0.0742,0.0101,-0.0085,0.0186,0.022,0.0232,-0.0037,0.0007,-0.0044,0.0323,0.034,-0.0091,-0.0034,-0.0057,0.0088,0.0093,-0.03,-0.0608,0.0308,0.0059,0.0062,-0.0002,-0.0004,-0.0006,0.0363,0.038,0.0525,Roman.Lyubimov,F,-0.0058,-0.0067
8479969,-0.0,-0.0001,0.0001,0.0731,0.0769,-0.0029,0.0025,-0.0054,0.022,0.0232,-0.0007,-0.0005,-0.0002,0.0323,0.0341,0.0004,-0.0015,0.0019,0.0088,0.0093,-0.001,0.0061,-0.0071,0.0059,0.0062,-0.0005,-0.0001,-0.0006,0.0374,0.0393,0.0543,Griffen.Molino,F,0.0,0.0
8470171,-0.003,-0.0023,-0.0008,0.0674,0.0688,-0.0375,0.0021,-0.0396,0.022,0.0232,0.0305,-0.0065,0.037,0.0323,0.034,0.087,-0.024,0.111,0.0088,0.0093,-0.1259,0.17,-0.2959,0.0059,0.0062,0.0098,-0.0105,-0.0007,0.0346,0.0354,0.0495,Max.Talbot,F,-0.0044,-0.0082
8477591,-0.0021,0.0038,-0.0058,0.0619,0.0637,-0.2703,0.1602,-0.4305,0.022,0.0232,0.052,0.0145,0.0375,0.0323,0.034,0.2989,-0.1328,0.4317,0.0088,0.0093,-0.3411,0.5823,-0.9234,0.0059,0.0062,0.0014,-0.0021,-0.0007,0.0319,0.0329,0.0459,Josh.Jooris,F,0.0141,-0.0092
8478393,-0.0,0.0,-0.0,0.0731,0.077,-0.0016,-0.0008,-0.0009,0.022,0.0232,-0.0003,-0.0003,0.0001,0.0323,0.0341,-0.0001,-0.0017,0.0016,0.0088,0.0093,-0.0013,0.0032,-0.0045,0.0059,0.0062,-0.0003,-0.0004,-0.0007,0.0374,0.0394,0.0543,Kyle.Baun,F,0.0,0.0
8464956,0.0096,-0.0091,0.0187,0.07,0.0729,-0.0034,0.0099,-0.0133,0.022,0.0232,0.0053,-0.0172,0.0225,0.0323,0.034,0.027,0.0076,0.0193,0.0088,0.0093,-0.0157,0.0505,-0.0662,0.0059,0.0062,0.0077,-0.0084,-0.0007,0.0359,0.0374,0.0518,Chris.Phillips,D,0.0198,-0.0173
8476426,0.0,-0.0001,0.0002,0.0728,0.0767,0.0003,-0.001,0.0013,0.022,0.0232,-0.0005,-0.0004,-0.0001,0.0323,0.0341,-0.0002,-0.0008,0.0006,0.0088,0.0093,0.0015,0.0058,-0.0043,0.0059,0.0062,-0.0001,-0.0006,-0.0007,0.0372,0.0392,0.0541,David.Musil,D,0.0,0.0
8474744,-0.0001,0.0,-0.0001,0.0729,0.0767,-0.0003,-0.0005,0.0002,0.022,0.0232,-0.0007,-0.0006,-0.0001,0.0323,0.0341,0.0011,-0.0017,0.0028,0.0088,0.0093,-0.0014,0.0073,-0.0087,0.0059,0.0062,-0.0001,-0.0006,-0.0007,0.0373,0.0392,0.0541,Sean.Collins,F,0.0,0.0
8477865,-0.0002,-0.0001,-0.0001,0.0729,0.0767,-0.0082,0.012,-0.0202,0.022,0.0232,-0.0019,-0.0006,-0.0013,0.0323,0.0341,0.0005,0.003,-0.0025,0.0088,0.0093,0.0115,0.0081,0.0034,0.0059,0.0062,-0.0022,0.0015,-0.0007,0.0373,0.0392,0.0541,Jake.Chelios,D,0.0,0.0
8480441,0.0218,-0.0147,0.0365,0.0724,0.0762,-0.01,-0.0175,0.0075,0.022,0.0232,0.0055,-0.0052,0.0107,0.0323,0.0341,0.0301,0.0161,0.014,0.0088,0.0093,0.008,0.0693,-0.0612,0.0059,0.0062,0.0121,-0.0129,-0.0008,0.037,0.039,0.0538,Trey.Fix.Wolansky,F,0.0438,-0.0288
8478888,-0.0,0.0001,-0.0001,0.0732,0.0772,-0.0002,-0.0058,0.0056,0.022,0.0232,0.0001,0.0003,-0.0002,0.0323,0.0341,0.002,0.0002,0.0018,0.0088,0.0093,-0.0099,0.0135,-0.0234,0.0059,0.0062,0.0005,-0.0013,-0.0008,0.0374,0.0395,0.0544,Cameron.Hughes,F,0.0,0.0
8477391,-0.0001,-0.0002,0.0001,0.0732,0.0773,-0.0001,-0.0023,0.0023,0.022,0.0232,0.0001,-0.0013,0.0014,0.0323,0.0341,-0.0011,0.0025,-0.0036,0.0088,0.0093,-0.0019,0.0046,-0.0065,0.0059,0.0062,-0.0,-0.0008,-0.0008,0.0374,0.0395,0.0544,Sean.Malone,F,0.0,0.0
8478367,0.0003,-0.0,0.0003,0.0731,0.0769,-0.0083,-0.0005,-0.0078,0.022,0.0232,-0.0006,0.0022,-0.0028,0.0323,0.0341,-0.0022,0.0056,-0.0078,0.0088,0.0093,0.0223,-0.014,0.0363,0.0059,0.0062,-0.0023,0.0013,-0.0009,0.0374,0.0393,0.0543,Cole.Bardreau,F,0.0,0.0
8476526,0.0001,-0.0001,0.0001,0.0732,0.0772,-0.002,-0.0037,0.0017,0.022,0.0232,0.0003,-0.0006,0.0009,0.0323,0.0341,-0.0019,-0.0007,-0.0011,0.0088,0.0093,-0.0007,-0.0026,0.002,0.0059,0.0062,-0.0003,-0.0007,-0.0009,0.0374,0.0395,0.0544,Ben.Thomson,F,0.0,0.0
8482162,-0.0002,0.0002,-0.0004,0.0733,0.0773,-0.0021,-0.0048,0.0028,0.022,0.0232,-0.0004,0.001,-0.0014,0.0323,0.0341,0.0144,-0.001,0.0154,0.0088,0.0093,0.0002,0.0189,-0.0186,0.0059,0.0062,0.0004,-0.0012,-0.0009,0.0375,0.0395,0.0545,Roby.Jarventie,F,0.0,0.0
8483397,0.0056,-0.0045,0.0101,0.0726,0.0763,-0.0095,-0.002,-0.0075,0.022,0.0232,0.0056,-0.0039,0.0095,0.0323,0.0341,0.0,-0.0191,0.0191,0.0088,0.0093,-0.0461,0.0206,-0.0668,0.0059,0.0062,0.0045,-0.0054,-0.0009,0.0371,0.039,0.0539,Marc.McLaughlin,F,0.012,-0.0082
8480761,0.0001,-0.0001,0.0002,0.0732,0.0773,-0.0035,-0.0028,-0.0007,0.022,0.0232,0.001,0.0008,0.0003,0.0323,0.0341,-0.0038,0.0014,-0.0052,0.0088,0.0093,-0.0001,0.0043,-0.0044,0.0059,0.0062,-0.0005,-0.0004,-0.0009,0.0374,0.0395,0.0544,Mitch.Reinke,D,0.0,0.0
8476303,0.0045,-0.0044,0.0089,0.0704,0.0733,-0.0384,0.0427,-0.0811,0.022,0.0232,-0.0067,-0.0082,0.0015,0.0323,0.034,0.0446,0.0268,0.0177,0.0088,0.0093,0.0783,-0.0142,0.0925,0.0059,0.0062,-0.0054,0.0046,-0.0009,0.0361,0.0376,0.0521,Rob.O'Gara,D,0.0102,-0.0073
8480267,0.0001,0.0006,-0.0004,0.0727,0.0766,-0.0264,-0.0064,-0.02,0.022,0.0232,0.0085,0.0008,0.0077,0.0323,0.0341,0.0064,-0.0071,0.0135,0.0088,0.0093,-0.0422,0.0013,-0.0435,0.0059,0.0062,0.0,-0.001,-0.0009,0.0372,0.0392,0.054,Samuel.Walker,F,0.0,0.0
8480081,0.0001,-0.0001,0.0002,0.0728,0.0769,-0.004,0.0013,-0.0053,0.022,0.0232,0.0003,-0.0013,0.0016,0.0323,0.0341,0.0004,-0.0007,0.0011,0.0088,0.0093,0.0014,0.0055,-0.0041,0.0059,0.0062,-0.0005,-0.0004,-0.0009,0.0372,0.0393,0.0542,Michael.Kapla,D,0.0,0.0
8482479,-0.0001,0.0003,-0.0004,0.0733,0.0773,-0.0043,0.0016,-0.0059,0.022,0.0232,-0.0007,0.0009,-0.0015,0.0323,0.0341,-0.0045,0.0055,-0.01,0.0088,0.0093,0.0229,-0.0058,0.0287,0.0059,0.0062,-0.002,0.0011,-0.0009,0.0375,0.0395,0.0545,,?,0.0,0.0
8479516,-0.0002,0.0002,-0.0004,0.0732,0.0772,0.0036,0.0013,0.0023,0.022,0.0232,-0.0007,0.0007,-0.0014,0.0323,0.0341,-0.0015,-0.0101,0.0086,0.0088,0.0093,0.0148,0.0121,0.0027,0.0059,0.0062,-0.0004,-0.0006,-0.001,0.0374,0.0395,0.0544,Garrett.Pilon,F,0.0,0.0
8482248,0.0003,-0.0001,0.0003,0.073,0.0769,-0.0084,-0.0014,-0.007,0.022,0.0232,0.0025,0.0008,0.0017,0.0323,0.0341,0.0026,0.0016,0.001,0.0088,0.0093,-0.0004,0.0156,-0.016,0.0059,0.0062,-0.0004,-0.0006,-0.001,0.0373,0.0393,0.0542,Fredrik.Handemark,F,0.0,0.0
8469598,0.0086,0.0083,0.0004,0.054,0.0542,-0.22,0.2837,-0.5037,0.0219,0.0231,0.2167,-0.0915,0.3082,0.0323,0.034,-0.3112,0.1568,-0.468,0.0088,0.0093,0.0311,0.9031,-0.872,0.0059,0.0062,-0.0009,-0.0001,-0.0011,0.0281,0.0283,0.0399,Kevin.Bieksa,D,0.0459,-0.026
8478173,-0.0,-0.0003,0.0003,0.0726,0.0761,-0.0169,0.0102,-0.0271,0.022,0.0232,-0.0052,-0.003,-0.0022,0.0323,0.0341,-0.0064,0.0277,-0.0341,0.0088,0.0093,0.0469,-0.0609,0.1078,0.0059,0.0062,-0.0059,0.0048,-0.0011,0.0371,0.0389,0.0538,Hayden.Hodgson,F,0.0,0.0
8470621,0.0375,0.093,-0.0554,0.0437,0.0445,-0.2138,0.3419,-0.5556,0.0218,0.0229,-0.7194,0.1447,-0.8641,0.0322,0.034,-0.0255,0.2766,-0.3021,0.0088,0.0093,0.291,-0.9369,1.2279,0.0059,0.0062,-0.1848,0.1837,-0.0011,0.0232,0.0237,0.0332,Corey.Perry,F,0.0786,-0.0335
8479447,0.0004,0.0002,0.0002,0.0732,0.0772,-0.0072,-0.0034,-0.0038,0.022,0.0232,0.0004,-0.0002,0.0006,0.0323,0.0341,-0.0058,0.0061,-0.0119,0.0088,0.0093,0.0123,-0.0153,0.0276,0.0059,0.0062,-0.0016,0.0005,-0.0011,0.0374,0.0395,0.0544,Anthony.Greco,F,0.0,0.0
8481442,-0.0001,0.0001,-0.0003,0.0732,0.0771,-0.0014,0.0034,-0.0048,0.022,0.0232,-0.0017,0.0009,-0.0027,0.0323,0.0341,-0.0005,-0.0014,0.0009,0.0088,0.0093,0.0166,0.0106,0.0061,0.0059,0.0062,-0.0013,0.0002,-0.0011,0.0374,0.0394,0.0544,Brady.Keeper,D,0.0,0.0
8475294,-0.0,0.0,-0.0001,0.0728,0.0768,-0.0031,-0.0012,-0.0019,0.022,0.0232,-0.0004,-0.0003,-0.0,0.0323,0.0341,0.0023,-0.0008,0.0031,0.0088,0.0093,0.0033,0.0053,-0.002,0.0059,0.0062,-0.0005,-0.0005,-0.0011,0.0372,0.0393,0.0541,Rasmus.Rissanen,D,0.0,0.0
8482150,-0.0001,0.0001,-0.0002,0.0733,0.0774,-0.0029,-0.0046,0.0018,0.022,0.0232,-0.0025,0.0003,-0.0027,0.0323,0.0341,0.0047,0.0017,0.003,0.0088,0.0093,0.0042,-0.0062,0.0104,0.0059,0.0062,-0.0009,-0.0002,-0.0011,0.0375,0.0396,0.0545,Jacob.Perreault,F,0.0,0.0
8482369,-0.0002,-0.0003,0.0001,0.0732,0.0771,0.0038,-0.0063,0.0102,0.022,0.0232,-0.0008,-0.0017,0.0009,0.0323,0.0341,0.0061,0.0101,-0.004,0.0088,0.0093,0.0102,0.012,-0.0018,0.0059,0.0062,0.0003,-0.0013,-0.0011,0.0374,0.0394,0.0544,Brinson.Pasichnuk,D,0.0,0.0
8480954,-0.0001,0.0,-0.0001,0.0733,0.0773,-0.0011,-0.0049,0.0038,0.022,0.0232,-0.001,0.0,-0.0011,0.0323,0.0341,0.0039,-0.0006,0.0046,0.0088,0.0093,-0.0009,0.005,-0.0058,0.0059,0.0062,-0.0002,-0.001,-0.0011,0.0375,0.0395,0.0545,Jacob.Nilsson,?,0.0,0.0
8480328,0.0004,-0.0008,0.0012,0.0731,0.0771,0.003,-0.0112,0.0142,0.022,0.0232,0.0026,0.0001,0.0025,0.0323,0.0341,-0.0048,-0.0125,0.0077,0.0088,0.0093,-0.0348,0.0177,-0.0526,0.0059,0.0062,0.0023,-0.0035,-0.0012,0.0374,0.0394,0.0543,David.Gust,F,0.0,0.0
8476397,-0.0,-0.0,-0.0,0.073,0.0769,-0.0011,-0.0013,0.0002,0.022,0.0232,-0.0016,-0.0006,-0.001,0.0323,0.0341,0.0021,-0.0013,0.0034,0.0088,0.0093,0.0071,0.0032,0.0038,0.0059,0.0062,-0.0007,-0.0005,-0.0012,0.0373,0.0393,0.0542,Keegan.Lowe,D,0.0,0.0
8483526,0.0004,-0.001,0.0013,0.0731,0.0771,0.0169,-0.007,0.0238,0.022,0.0232,-0.0016,-0.0012,-0.0003,0.0323,0.0341,-0.0061,0.0115,-0.0175,0.0088,0.0093,0.0754,-0.0229,0.0982,0.0059,0.0062,-0.001,-0.0002,-0.0012,0.0374,0.0394,0.0543,,?,0.0,0.0
8479526,-0.0005,-0.0001,-0.0005,0.0722,0.0757,-0.0002,-0.002,0.0018,0.022,0.0232,0.0003,-0.0021,0.0024,0.0323,0.0341,-0.0105,0.0052,-0.0157,0.0088,0.0093,-0.0483,0.0459,-0.0942,0.0059,0.0062,0.0011,-0.0023,-0.0012,0.0369,0.0387,0.0535,Otto.Koivula,F,0.0,0.0
8480157,0.0244,-0.0196,0.0439,0.0656,0.068,-0.1173,0.591,-0.7083,0.022,0.0232,0.0649,0.0097,0.0552,0.0323,0.034,0.4792,-1.1436,1.6228,0.0088,0.0093,-0.1,1.3791,-1.479,0.0059,0.0062,0.0416,-0.0428,-0.0012,0.0337,0.035,0.0486,Calle.Rosen,D,0.0489,-0.0407
8479330,-0.0001,-0.0,-0.0,0.0733,0.0773,-0.0002,-0.0033,0.0031,0.022,0.0232,-0.0001,-0.0007,0.0006,0.0323,0.0341,-0.001,-0.0006,-0.0005,0.0088,0.0093,0.0014,0.0068,-0.0054,0.0059,0.0062,-0.0002,-0.001,-0.0012,0.0375,0.0395,0.0545,Brandon.Gignac,F,0.0,0.0
8481552,-0.0001,0.0001,-0.0002,0.0733,0.0773,-0.0022,-0.0088,0.0066,0.022,0.0232,0.0005,0.0003,0.0002,0.0323,0.0341,-0.0033,0.0048,-0.0082,0.0088,0.0093,-0.0023,0.0008,-0.0032,0.0059,0.0062,-0.0004,-0.0009,-0.0013,0.0375,0.0395,0.0545,Artemi.Kniazev,D,0.0,0.0
8484386,0.012,-0.0022,0.0142,0.071,0.0748,-0.0105,-0.2292,0.2187,0.022,0.0232,0.0136,0.0867,-0.073,0.0323,0.0341,-0.1916,0.1347,-0.3264,0.0088,0.0093,0.308,-0.5847,0.8927,0.0059,0.0062,-0.0164,0.0151,-0.0013,0.0364,0.0383,0.0528,,?,0.0149,-0.0054
8479729,-0.0001,0.0002,-0.0003,0.0731,0.0772,-0.0098,-0.0068,-0.003,0.022,0.0232,-0.0013,0.0011,-0.0023,0.0323,0.0341,0.0129,0.003,0.0098,0.0088,0.0093,-0.0048,-0.0009,-0.0039,0.0059,0.0062,-0.0008,-0.0005,-0.0013,0.0374,0.0395,0.0544,Kristians.Rubins,D,0.0,0.0
8483448,0.0064,-0.009,0.0154,0.0732,0.0773,-0.009,0.0033,-0.0123,0.022,0.0232,-0.0002,-0.0005,0.0003,0.0323,0.0341,0.006,0.0008,0.0052,0.0088,0.0093,-0.0062,-0.0081,0.0019,0.0059,0.0062,0.0024,-0.0037,-0.0013,0.0374,0.0395,0.0544,,D,0.013,-0.0178
8477300,0.0192,-0.0197,0.0389,0.0709,0.0746,-0.0012,-0.0019,0.0007,0.022,0.0232,0.0132,-0.0173,0.0305,0.0323,0.034,0.0053,0.0174,-0.0121,0.0088,0.0093,-0.0221,0.0492,-0.0713,0.0059,0.0062,0.0135,-0.0149,-0.0013,0.0363,0.0382,0.0527,Viktor.Svedberg,D,0.0372,-0.0365
8484223,0.0144,-0.0308,0.0452,0.0674,0.0704,0.4652,-0.55,1.0152,0.022,0.0232,-0.0917,0.165,-0.2568,0.0323,0.034,-0.3165,0.0997,-0.4161,0.0088,0.0093,0.4594,-0.8712,1.3306,0.0059,0.0062,0.0194,-0.0208,-0.0013,0.0346,0.0362,0.05,,?,0.033,-0.0498
8478029,-0.0001,0.0003,-0.0003,0.073,0.0768,-0.0062,0.0002,-0.0064,0.022,0.0232,0.0022,-0.0018,0.0039,0.0323,0.0341,-0.0072,-0.0018,-0.0055,0.0088,0.0093,-0.007,0.0084,-0.0154,0.0059,0.0062,-0.0006,-0.0007,-0.0013,0.0373,0.0393,0.0542,Chase.De.Leo,F,0.0,0.0
8476425,-0.0004,-0.0002,-0.0002,0.0729,0.0768,-0.0031,-0.0151,0.0119,0.022,0.0232,0.0024,0.0018,0.0006,0.0323,0.0341,-0.0027,0.0045,-0.0072,0.0088,0.0093,-0.0139,-0.0022,-0.0117,0.0059,0.0062,0.0003,-0.0016,-0.0014,0.0373,0.0393,0.0542,Joseph.LaBate,F,0.0,0.0
8480001,-0.0179,-0.0007,-0.0171,0.0648,0.0662,-0.2757,0.1594,-0.4351,0.022,0.0232,-0.1948,0.1155,-0.3103,0.0323,0.034,0.4811,-0.058,0.5391,0.0088,0.0093,0.1048,-0.5394,0.6442,0.0059,0.0062,-0.0685,0.0671,-0.0014,0.0333,0.0341,0.0477,Urho.Vaakanainen,D,0.0271,-0.0113
8479571,-0.0004,-0.0,-0.0003,0.073,0.077,-0.0036,-0.0084,0.0048,0.022,0.0232,-0.0022,0.0001,-0.0023,0.0323,0.0341,0.0036,0.0035,0.0001,0.0088,0.0093,-0.0172,0.0016,-0.0188,0.0059,0.0062,-0.0003,-0.0011,-0.0014,0.0373,0.0394,0.0543,Joachim.Blichfeld,F,0.0,0.0
8481679,0.0,-0.0001,0.0001,0.0733,0.0773,-0.0033,-0.0062,0.0029,0.022,0.0232,0.0016,-0.0003,0.0019,0.0323,0.0341,0.0008,-0.0052,0.006,0.0088,0.0093,-0.008,0.0073,-0.0153,0.0059,0.0062,0.0002,-0.0016,-0.0014,0.0375,0.0395,0.0545,Maxence.Guenette,D,0.0,0.0
8477399,-0.0002,-0.0,-0.0002,0.073,0.0769,-0.0047,0.0002,-0.0049,0.022,0.0232,-0.0006,0.0013,-0.0018,0.0323,0.0341,0.0008,-0.0049,0.0057,0.0088,0.0093,0.0142,0.0011,0.0132,0.0059,0.0062,-0.0015,-0.0,-0.0015,0.0373,0.0393,0.0542,Tyrell.Goulbourne,F,0.0,0.0
8471240,0.001,-0.0021,0.0031,0.0725,0.0765,-0.0027,0.0003,-0.003,0.022,0.0232,-0.0004,-0.0009,0.0006,0.0323,0.0341,0.0003,-0.0015,0.0018,0.0088,0.0093,0.0073,-0.0017,0.009,0.0059,0.0062,-0.0003,-0.0012,-0.0015,0.0371,0.0391,0.0539,Jeff.Schultz,D,0.0022,-0.0041
8481102,0.0015,-0.0002,0.0018,0.0726,0.0765,0.0144,-0.0353,0.0497,0.022,0.0232,0.0132,-0.0057,0.0189,0.0323,0.0341,-0.0251,-0.0068,-0.0183,0.0088,0.0093,-0.0635,0.0354,-0.0989,0.0059,0.0062,0.0068,-0.0085,-0.0016,0.0371,0.0391,0.054,Egor.Sokolov,F,0.0,0.0
8470274,0.0199,-0.0016,0.0215,0.0656,0.0684,-0.0591,-0.0236,-0.0354,0.022,0.0232,0.0382,-0.0355,0.0737,0.0323,0.034,0.0227,-0.0723,0.0951,0.0088,0.0093,-0.1288,0.0311,-0.16,0.0059,0.0062,0.016,-0.0177,-0.0017,0.0337,0.0352,0.0487,Chris.Higgins,F,0.0442,0.0017
8476974,-0.0,-0.0001,0.0001,0.0733,0.0773,-0.0017,-0.0096,0.0079,0.022,0.0232,0.0003,-0.0006,0.0009,0.0323,0.0341,-0.0009,0.0023,-0.0032,0.0088,0.0093,-0.0013,0.0012,-0.0025,0.0059,0.0062,-0.0002,-0.0015,-0.0017,0.0375,0.0395,0.0545,Thomas.Di.Pauli,F,0.0,0.0
8482081,-0.0005,-0.0003,-0.0002,0.0729,0.0767,-0.0164,0.02,-0.0364,0.022,0.0232,-0.007,-0.001,-0.006,0.0323,0.0341,0.0102,-0.0006,0.0108,0.0088,0.0093,-0.017,0.0342,-0.0512,0.0059,0.0062,-0.003,0.0012,-0.0017,0.0373,0.0392,0.0541,Sean.Farrell,F,0.0,0.0
8471681,0.023,-0.0044,0.0274,0.0656,0.0671,-0.0992,0.0716,-0.1708,0.022,0.0232,0.0539,-0.1047,0.1587,0.0323,0.034,0.039,0.0882,-0.0492,0.0088,0.0093,-0.4821,0.5662,-1.0482,0.0059,0.0062,0.0301,-0.0319,-0.0017,0.0337,0.0346,0.0483,Jack.Skille,F,0.0481,-0.0069
8476414,-0.0,-0.0001,0.0001,0.0727,0.0767,-0.0018,-0.0046,0.0028,0.022,0.0232,-0.0004,-0.002,0.0016,0.0323,0.0341,0.0039,-0.0006,0.0044,0.0088,0.0093,0.0006,0.0107,-0.0101,0.0059,0.0062,-0.0001,-0.0016,-0.0018,0.0372,0.0392,0.0541,Alexandre.Grenier,F,0.0,0.0
8477544,-0.0001,-0.0002,0.0001,0.0732,0.0773,-0.0022,-0.0045,0.0023,0.022,0.0232,-0.0008,-0.0013,0.0004,0.0323,0.0341,-0.0013,0.0008,-0.0021,0.0088,0.0093,0.0078,-0.0045,0.0123,0.0059,0.0062,-0.0009,-0.0008,-0.0018,0.0374,0.0395,0.0544,Philippe.Maillet,F,0.0,0.0
8481683,-0.0001,-0.0005,0.0004,0.0731,0.0769,-0.0083,0.0075,-0.0157,0.022,0.0232,-0.0023,-0.0026,0.0003,0.0323,0.0341,0.0084,-0.0087,0.0171,0.0088,0.0093,-0.0144,0.0209,-0.0353,0.0059,0.0062,-0.0007,-0.0011,-0.0018,0.0374,0.0393,0.0543,Aidan.McDonough,F,0.0,0.0
8471482,0.019,-0.024,0.043,0.071,0.075,-0.0069,0.0082,-0.0151,0.022,0.0232,0.0053,-0.0083,0.0136,0.0323,0.0341,0.0074,0.0043,0.0031,0.0088,0.0093,-0.0013,-0.0079,0.0066,0.0059,0.0062,0.0101,-0.012,-0.0019,0.0364,0.0384,0.0529,Grant.Clitsome,D,0.0374,-0.0469
8480034,0.0003,0.0002,0.0,0.0732,0.0772,0.0004,-0.0064,0.0068,0.022,0.0232,-0.001,0.0012,-0.0022,0.0323,0.0341,-0.0042,-0.0162,0.012,0.0088,0.0093,-0.0078,0.0105,-0.0183,0.0059,0.0062,0.0,-0.002,-0.0019,0.0374,0.0395,0.0544,Joel.Teasdale,F,0.0,0.0
8470230,0.0031,-0.0018,0.0049,0.0693,0.0717,-0.051,0.0338,-0.0849,0.022,0.0232,0.0075,-0.0137,0.0212,0.0323,0.034,0.0172,0.0205,-0.0032,0.0088,0.0093,-0.0026,0.025,-0.0275,0.0059,0.0062,-0.0033,0.0014,-0.0019,0.0355,0.0368,0.0511,Daniel.Paille,F,0.0075,-0.006
8481849,-0.0001,0.0001,-0.0002,0.0731,0.0771,-0.0141,0.002,-0.0161,0.022,0.0232,-0.0016,-0.0008,-0.0008,0.0323,0.0341,0.0066,-0.0025,0.0091,0.0088,0.0093,0.0045,-0.0068,0.0114,0.0059,0.0062,-0.0023,0.0003,-0.002,0.0374,0.0394,0.0543,Zachary.Hayes,D,0.0,0.0
8480276,-0.0003,-0.0002,-0.0001,0.0732,0.077,-0.0016,-0.0086,0.007,0.022,0.0232,-0.0001,-0.0029,0.0027,0.0323,0.0341,0.0106,0.0051,0.0055,0.0088,0.0093,0.0011,0.0127,-0.0116,0.0059,0.0062,0.0002,-0.0022,-0.002,0.0374,0.0394,0.0543,Ivan.Chekhovich,F,0.0,0.0
8477003,-0.0001,0.0002,-0.0002,0.0726,0.0764,-0.011,0.0083,-0.0193,0.022,0.0232,-0.0003,-0.0009,0.0005,0.0323,0.0341,-0.0068,0.0066,-0.0134,0.0088,0.0093,0.022,0.0113,0.0107,0.0059,0.0062,-0.0031,0.0011,-0.002,0.0371,0.0391,0.0539,Riley.Barber,F,0.0,0.0
8478881,0.0014,-0.0056,0.007,0.07,0.0726,-0.0649,0.0905,-0.1554,0.022,0.0232,-0.0124,-0.0224,0.0099,0.0323,0.034,0.1404,0.0167,0.1237,0.0088,0.0093,0.0332,0.1076,-0.0744,0.0059,0.0062,-0.0047,0.0025,-0.0021,0.0359,0.0372,0.0517,Brett.Seney,F,0.0037,-0.016
8482207,-0.0001,0.0001,-0.0001,0.0733,0.0773,-0.0009,-0.013,0.0121,0.022,0.0232,0.0001,0.001,-0.0009,0.0323,0.0341,-0.0031,-0.0029,-0.0003,0.0088,0.0093,0.0034,-0.0062,0.0096,0.0059,0.0062,-0.0005,-0.0016,-0.0021,0.0375,0.0395,0.0545,William.Dufour,?,0.0,0.0
8481569,-0.0013,0.0007,-0.002,0.0728,0.0767,-0.019,-0.0541,0.0351,0.022,0.0232,-0.0156,0.0144,-0.03,0.0323,0.0341,0.0245,0.0228,0.0017,0.0088,0.0093,-0.0269,-0.1385,0.1116,0.0059,0.0062,-0.0044,0.0023,-0.0021,0.0372,0.0392,0.0541,,?,0.0,0.0
8464975,0.0353,-0.0351,0.0704,0.0702,0.0727,-0.0117,0.0036,-0.0153,0.022,0.0232,0.0254,-0.0175,0.0429,0.0323,0.034,0.0438,-0.0448,0.0886,0.0088,0.0093,-0.0339,0.1004,-0.1342,0.0059,0.0062,0.0255,-0.0276,-0.0021,0.036,0.0373,0.0518,Daniel.Briere,F,0.0702,-0.0688
8477994,-0.0002,0.0001,-0.0003,0.073,0.0768,-0.008,-0.0006,-0.0074,0.022,0.0232,-0.0006,-0.0004,-0.0002,0.0323,0.0341,0.0026,0.0013,0.0013,0.0088,0.0093,0.0117,0.0077,0.004,0.0059,0.0062,-0.0017,-0.0004,-0.0021,0.0373,0.0393,0.0542,Dominic.Turgeon,F,0.0,0.0
8483531,0.0009,-0.0004,0.0013,0.0728,0.0768,-0.0064,-0.0071,0.0008,0.022,0.0232,-0.0069,-0.0062,-0.0007,0.0323,0.0341,0.0142,-0.0013,0.0155,0.0088,0.0093,0.015,-0.0603,0.0752,0.0059,0.0062,-0.0018,-0.0003,-0.0021,0.0372,0.0393,0.0541,,F,0.0,0.0
8482941,-0.0003,0.0002,-0.0005,0.0733,0.0774,-0.0017,0.0035,-0.0053,0.022,0.0232,-0.0009,0.0002,-0.0011,0.0323,0.0341,-0.0042,0.0018,-0.006,0.0088,0.0093,0.0379,0.0123,0.0255,0.0059,0.0062,-0.0024,0.0003,-0.0021,0.0375,0.0396,0.0545,,?,0.0,0.0
8475250,0.024,0.0115,0.0125,0.0643,0.0683,-0.0783,0.0272,-0.1055,0.022,0.0232,-0.0124,0.0216,-0.034,0.0323,0.034,0.1814,-0.2943,0.4757,0.0088,0.0093,-0.2788,0.4668,-0.7456,0.0059,0.0062,0.0196,-0.0217,-0.0022,0.0331,0.0351,0.0483,Andrej.Nestrasil,F,0.0492,0.0252
8478446,-0.0002,0.0004,-0.0005,0.0728,0.0767,-0.0164,0.0043,-0.0206,0.022,0.0232,0.0019,0.001,0.0008,0.0323,0.0341,0.0021,-0.006,0.008,0.0088,0.0093,-0.0027,0.024,-0.0267,0.0059,0.0062,-0.0019,-0.0003,-0.0022,0.0372,0.0392,0.0541,Glenn.Gawdin,F,0.0,0.0
8471283,-0.007,0.0001,-0.0071,0.0668,0.069,-0.0739,0.1414,-0.2154,0.022,0.0232,-0.0047,0.0027,-0.0074,0.0323,0.034,-0.0303,0.032,-0.0624,0.0088,0.0093,0.0965,0.1197,-0.0233,0.0059,0.0062,-0.0213,0.019,-0.0023,0.0343,0.0355,0.0494,Brandon.Prust,F,-0.01,-0.0051
8478480,-0.0002,-0.0001,-0.0001,0.0732,0.077,-0.0061,-0.0085,0.0023,0.022,0.0232,0.0003,0.0008,-0.0005,0.0323,0.0341,0.0064,0.0014,0.0049,0.0088,0.0093,0.009,0.0075,0.0014,0.0059,0.0062,-0.0009,-0.0014,-0.0023,0.0374,0.0394,0.0543,Blake.Speers,F,0.0,0.0
8481720,0.0,-0.0004,0.0004,0.0727,0.0766,-0.0058,0.0039,-0.0097,0.022,0.0232,-0.0017,-0.0017,0.0,0.0323,0.0341,-0.0091,0.0077,-0.0168,0.0088,0.0093,0.0513,-0.027,0.0783,0.0059,0.0062,-0.0038,0.0016,-0.0023,0.0372,0.0392,0.054,Nicholas.Abruzzese,F,0.0,0.0
8477314,-0.0001,0.0,-0.0001,0.0732,0.0772,-0.0022,-0.0106,0.0084,0.022,0.0232,0.0009,-0.0015,0.0023,0.0323,0.0341,-0.0008,-0.0005,-0.0003,0.0088,0.0093,-0.0062,0.0094,-0.0156,0.0059,0.0062,0.0,-0.0023,-0.0023,0.0374,0.0395,0.0544,Brian.Pinho,F,0.0,0.0
8480231,0.0098,-0.0141,0.0239,0.0728,0.0765,0.0003,0.0088,-0.0085,0.022,0.0232,0.0084,-0.01,0.0183,0.0323,0.0341,-0.0154,0.0037,-0.0192,0.0088,0.0093,0.0029,0.0088,-0.0059,0.0059,0.0062,0.0058,-0.0081,-0.0023,0.0372,0.0391,0.054,Jakub.Galvas,D,0.0186,-0.0273
8475263,0.0001,-0.0002,0.0004,0.0726,0.0764,-0.0042,-0.004,-0.0002,0.022,0.0232,0.0013,-0.0019,0.0032,0.0323,0.0341,-0.0026,-0.0023,-0.0003,0.0088,0.0093,-0.0027,0.0165,-0.0193,0.0059,0.0062,-0.0003,-0.0019,-0.0023,0.0371,0.0391,0.0539,Wade.Megan,F,0.0,0.0
8467334,-0.0123,0.0163,-0.0286,0.0711,0.0738,-0.0216,0.0275,-0.0491,0.022,0.0232,-0.0102,0.0079,-0.0182,0.0323,0.034,0.003,0.0142,-0.0112,0.0088,0.0093,0.0793,0.0624,0.0169,0.0059,0.0062,-0.0146,0.0124,-0.0023,0.0364,0.0378,0.0525,Manny.Malhotra,F,-0.0218,0.0307
8474594,0.0231,-0.0258,0.0489,0.0727,0.0766,0.005,-0.0051,0.0101,0.022,0.0232,0.0094,-0.0123,0.0217,0.0323,0.0341,0.0016,-0.0016,0.0032,0.0088,0.0093,0.004,0.0065,-0.0025,0.0059,0.0062,0.0143,-0.0167,-0.0024,0.0372,0.0392,0.054,Slava.Voynov,D,0.0449,-0.0501
8479290,-0.0001,-0.0001,-0.0001,0.0724,0.0763,-0.0083,-0.0042,-0.0041,0.022,0.0232,-0.0002,-0.0004,0.0002,0.0323,0.0341,-0.0005,-0.0018,0.0013,0.0088,0.0093,0.0008,0.0034,-0.0026,0.0059,0.0062,-0.0014,-0.001,-0.0024,0.037,0.039,0.0538,Kalle.Kossila,F,0.0,0.0
8480863,-0.0001,-0.0009,0.0008,0.0728,0.0768,-0.0211,0.003,-0.0241,0.022,0.0232,0.0006,0.0002,0.0005,0.0323,0.0341,0.0026,0.0104,-0.0078,0.0088,0.0093,0.0194,-0.0124,0.0317,0.0059,0.0062,-0.0037,0.0012,-0.0025,0.0372,0.0393,0.0541,Gabriel.Fortier,F,0.0,0.0
8477458,0.0231,-0.0084,0.0315,0.0698,0.0739,-0.0368,0.0224,-0.0592,0.022,0.0232,-0.0011,-0.008,0.0068,0.0323,0.034,0.0086,-0.0583,0.0668,0.0088,0.0093,0.1325,-0.0644,0.1968,0.0059,0.0062,0.001,-0.0035,-0.0025,0.0358,0.0379,0.0521,Valentin.Zykov,F,0.0478,-0.0139
8483452,-0.001,0.0009,-0.0019,0.073,0.077,-0.0228,0.0119,-0.0348,0.022,0.0232,-0.0055,-0.0006,-0.0049,0.0323,0.0341,-0.006,-0.0026,-0.0034,0.0088,0.0093,0.0029,-0.0299,0.0328,0.0059,0.0062,-0.0056,0.0031,-0.0025,0.0373,0.0394,0.0543,,?,0.0,0.0
8480041,0.0001,0.0001,0.0,0.0732,0.0771,-0.0101,-0.0051,-0.005,0.022,0.0232,-0.0033,0.0003,-0.0036,0.0323,0.0341,0.0014,-0.0081,0.0095,0.0088,0.0093,-0.0178,0.0014,-0.0192,0.0059,0.0062,-0.0014,-0.0012,-0.0026,0.0374,0.0394,0.0544,Dmitri.Samorukov,D,0.0,0.0
8478838,0.0004,-0.001,0.0014,0.0728,0.0766,-0.0084,-0.0069,-0.0014,0.022,0.0232,0.004,-0.0044,0.0084,0.0323,0.0341,0.0011,-0.0043,0.0055,0.0088,0.0093,0.004,-0.0087,0.0128,0.0059,0.0062,-0.0003,-0.0024,-0.0027,0.0372,0.0392,0.0541,Lukas.Vejdemo,F,0.0,0.0
8471338,-0.0152,0.0276,-0.0428,0.0599,0.061,-0.2359,0.2267,-0.4626,0.0219,0.0231,-0.0263,0.0783,-0.1046,0.0323,0.034,-0.1144,0.2354,-0.3498,0.0088,0.0093,0.7004,-0.0456,0.7459,0.0059,0.0062,-0.0837,0.081,-0.0027,0.031,0.0316,0.0442,Torrey.Mitchell,F,-0.0077,0.0206
8481105,0.0001,0.0001,-0.0,0.073,0.0769,0.0013,0.0013,-0.0001,0.022,0.0232,-0.0011,-0.0009,-0.0002,0.0323,0.0341,-0.0013,-0.0073,0.006,0.0088,0.0093,0.029,0.0284,0.0005,0.0059,0.0062,-0.0012,-0.0015,-0.0028,0.0373,0.0393,0.0542,Otto.Leskinen,D,0.0,0.0
8477962,0.0137,-0.0039,0.0176,0.0604,0.0617,-0.4329,0.2851,-0.718,0.0219,0.0231,0.2966,-0.4128,0.7094,0.0323,0.034,0.411,-0.0854,0.4964,0.0088,0.0093,-1.1629,0.651,-1.8139,0.0059,0.0062,0.0783,-0.0812,-0.0028,0.0312,0.0319,0.0447,Brendan.Lemieux,F,0.0208,-0.0126
8480042,0.0002,-0.0004,0.0005,0.0734,0.0773,-0.0003,-0.009,0.0087,0.022,0.0232,0.0006,-0.0033,0.0039,0.0323,0.0341,-0.0003,0.0005,-0.0008,0.0088,0.0093,-0.0021,0.0197,-0.0217,0.0059,0.0062,0.0003,-0.003,-0.0028,0.0375,0.0395,0.0545,,?,0.0,0.0
8476870,0.0023,-0.0004,0.0027,0.0699,0.0727,-0.0781,0.0823,-0.1603,0.022,0.0232,0.0445,-0.0175,0.062,0.0323,0.034,0.0165,-0.0336,0.05,0.0088,0.0093,-0.0431,0.2747,-0.3178,0.0059,0.0062,0.0019,-0.0047,-0.0028,0.0358,0.0373,0.0517,Stefan.Matteau,F,0.0074,0.0008
8478425,0.0247,-0.0353,0.06,0.0679,0.0707,0.0593,0.1177,-0.0584,0.022,0.0232,0.0682,-0.0865,0.1547,0.0323,0.034,0.0165,0.0644,-0.048,0.0088,0.0093,0.2358,0.3862,-0.1503,0.0059,0.0062,0.0278,-0.0306,-0.0028,0.0348,0.0363,0.0503,Brendan.Guhle,D,0.0613,-0.0732
8468518,0.0179,-0.0162,0.0342,0.07,0.0731,-0.0189,-0.0161,-0.0028,0.022,0.0232,0.0187,-0.0175,0.0362,0.0323,0.034,0.0063,-0.002,0.0083,0.0088,0.0093,-0.0859,0.0617,-0.1476,0.0059,0.0062,0.014,-0.017,-0.0029,0.0359,0.0375,0.0519,Tomas.Kopecky,F,0.0347,-0.0326
8478058,0.0,0.0001,-0.0,0.0732,0.0771,-0.009,-0.0007,-0.0083,0.022,0.0232,-0.0021,-0.0018,-0.0003,0.0323,0.0341,0.0037,-0.0001,0.0038,0.0088,0.0093,-0.0081,0.029,-0.0371,0.0059,0.0062,-0.0013,-0.0016,-0.0029,0.0374,0.0394,0.0544,CJ.Suess,F,0.0,0.0
8479415,-0.0009,-0.0034,0.0025,0.0597,0.0612,-0.7231,0.753,-1.4761,0.0219,0.0231,0.0198,-0.0318,0.0517,0.0323,0.034,0.3009,-0.3947,0.6956,0.0088,0.0093,-1.5517,1.4764,-3.0281,0.0059,0.0062,-0.0244,0.0215,-0.0029,0.0309,0.0317,0.0442,Michael.McLeod,F,0.0038,0.0344
8479411,-0.0002,0.0002,-0.0004,0.073,0.077,-0.003,0.0002,-0.0032,0.022,0.0232,-0.0027,-0.0022,-0.0006,0.0323,0.0341,-0.0029,-0.0029,-0.0,0.0088,0.0093,0.0172,0.0122,0.005,0.0059,0.0062,-0.002,-0.001,-0.003,0.0373,0.0394,0.0543,Vitaly.Abramov,F,0.0,0.0
8484287,-0.0016,-0.0,-0.0016,0.0727,0.0764,-0.0062,0.0297,-0.0359,0.022,0.0232,-0.0134,-0.0039,-0.0094,0.0323,0.0341,0.0164,0.0131,0.0033,0.0088,0.0093,0.0978,-0.0059,0.1037,0.0059,0.0062,-0.0076,0.0046,-0.003,0.0372,0.0391,0.054,Cole.McWard,D,0.0,0.0
8479413,-0.0001,-0.0001,-0.0,0.0733,0.0772,-0.0002,-0.0101,0.0098,0.022,0.0232,-0.0002,-0.0023,0.0021,0.0323,0.0341,0.0073,-0.0112,0.0185,0.0088,0.0093,-0.0029,0.0191,-0.022,0.0059,0.0062,0.0004,-0.0035,-0.0031,0.0375,0.0395,0.0544,Sean.Day,D,0.0,0.0
8478996,-0.0094,-0.0133,0.0038,0.0711,0.0744,-0.087,0.1628,-0.2498,0.022,0.0232,-0.0163,0.0267,-0.0431,0.0323,0.034,0.0367,-0.0419,0.0786,0.0088,0.0093,0.2581,-0.1318,0.3898,0.0059,0.0062,-0.0295,0.0264,-0.0031,0.0364,0.0381,0.0527,Adam.Brooks,F,-0.0149,-0.0302
8475153,0.0135,-0.0162,0.0298,0.0698,0.0727,0.0072,-0.0177,0.0249,0.022,0.0232,0.0155,-0.0152,0.0307,0.0323,0.034,-0.0089,0.0018,-0.0107,0.0088,0.0093,-0.0676,0.0648,-0.1325,0.0059,0.0062,0.0134,-0.0166,-0.0032,0.0358,0.0373,0.0517,Dylan.Olsen,D,0.0267,-0.0314
8482147,0.0002,-0.0001,0.0003,0.0728,0.0768,0.0003,-0.0069,0.0072,0.022,0.0232,0.0039,-0.0019,0.0058,0.0323,0.0341,0.001,-0.0127,0.0137,0.0088,0.0093,-0.0019,0.0525,-0.0544,0.0059,0.0062,0.0011,-0.0044,-0.0032,0.0372,0.0393,0.0541,Jean.Luc.Foudy,F,0.0,0.0
8484203,0.0003,-0.0005,0.0008,0.0727,0.0768,0.0088,-0.0362,0.045,0.022,0.0232,-0.0058,0.0019,-0.0077,0.0323,0.0341,0.0025,0.0217,-0.0192,0.0088,0.0093,0.0032,-0.0099,0.0132,0.0059,0.0062,0.0002,-0.0036,-0.0033,0.0372,0.0393,0.0541,,F,0.0,0.0
8479249,-0.0002,-0.0002,-0.0001,0.0731,0.0769,-0.0094,0.0026,-0.012,0.022,0.0232,-0.0007,-0.0014,0.0008,0.0323,0.0341,-0.0049,0.0029,-0.0078,0.0088,0.0093,0.0218,0.0159,0.0058,0.0059,0.0062,-0.0028,-0.0005,-0.0033,0.0374,0.0393,0.0543,Andrew.Poturalski,F,0.0,0.0
8481712,-0.0002,-0.0005,0.0003,0.073,0.077,-0.0148,-0.0019,-0.0129,0.022,0.0232,0.0004,-0.0053,0.0057,0.0323,0.0341,0.0131,0.0171,-0.004,0.0088,0.0093,0.0027,0.028,-0.0253,0.0059,0.0062,-0.0016,-0.0018,-0.0033,0.0373,0.0394,0.0543,Matej.Blumel,F,0.0,0.0
8476302,0.0132,-0.0052,0.0184,0.0697,0.0731,-0.0498,-0.0195,-0.0304,0.022,0.0232,0.0026,-0.0037,0.0063,0.0323,0.034,0.0224,-0.0293,0.0516,0.0088,0.0093,-0.0937,0.0011,-0.0948,0.0059,0.0062,0.0048,-0.0081,-0.0033,0.0357,0.0375,0.0518,Frank.Corrado,D,0.0283,-0.009
8475158,0.0078,0.0716,-0.0638,0.0418,0.0425,0.1165,0.0328,0.0837,0.0217,0.0229,-0.6326,0.1072,-0.7397,0.0322,0.034,0.7482,-0.6197,1.3678,0.0088,0.0093,0.2271,-1.288,1.5152,0.0059,0.0062,-0.082,0.0786,-0.0033,0.0223,0.0228,0.0319,Ryan.O'Reilly,F,0.0447,0.0245
8481640,-0.0003,-0.0004,0.0001,0.0729,0.0768,-0.0083,-0.01,0.0017,0.022,0.0232,-0.0021,-0.003,0.0009,0.0323,0.0341,0.0103,0.0098,0.0005,0.0088,0.0093,-0.0017,0.0087,-0.0105,0.0059,0.0062,-0.0012,-0.0021,-0.0033,0.0373,0.0393,0.0542,Lean.Bergmann,F,0.0,0.0
8484509,0.0002,-0.0009,0.001,0.0727,0.0764,0.052,-0.0808,0.1328,0.022,0.0232,0.0033,-0.0045,0.0078,0.0323,0.0341,-0.008,-0.0037,-0.0043,0.0088,0.0093,-0.0256,-0.0305,0.0049,0.0059,0.0062,0.0092,-0.0126,-0.0034,0.0372,0.0391,0.054,,?,0.0,0.0
8482781,-0.0002,-0.0004,0.0002,0.0733,0.0773,-0.0054,0.0065,-0.0119,0.022,0.0232,-0.0032,-0.0056,0.0024,0.0323,0.0341,-0.005,0.0085,-0.0134,0.0088,0.0093,0.0101,0.0284,-0.0183,0.0059,0.0062,-0.0023,-0.0011,-0.0034,0.0375,0.0395,0.0545,,?,0.0,0.0
8473646,-0.0012,-0.0059,0.0046,0.0687,0.0705,-0.055,0.0767,-0.1317,0.022,0.0232,-0.0011,0.0094,-0.0104,0.0323,0.034,0.0062,0.0186,-0.0124,0.0088,0.0093,0.0389,0.1223,-0.0833,0.0059,0.0062,-0.0103,0.0068,-0.0034,0.0352,0.0362,0.0505,Ryan.Carter,F,0.0014,-0.0132
8480844,0.0033,-0.0061,0.0094,0.0718,0.0754,-0.0174,-0.0169,-0.0005,0.022,0.0232,-0.0102,0.0062,-0.0164,0.0323,0.0341,-0.0174,-0.0147,-0.0027,0.0088,0.0093,-0.1007,-0.0457,-0.055,0.0059,0.0062,-0.0002,-0.0033,-0.0035,0.0367,0.0386,0.0533,Grigori.Denisenko,F,0.0086,-0.0109
8477355,0.0045,0.0211,-0.0166,0.0555,0.0572,-0.3138,0.2969,-0.6107,0.0219,0.0231,0.644,-0.6838,1.3279,0.0323,0.034,0.2312,0.1453,0.0859,0.0088,0.0093,-0.9549,1.6439,-2.5987,0.0059,0.0062,0.1489,-0.1524,-0.0035,0.0288,0.0298,0.0414,Will.Butcher,D,0.0497,-0.0611
8477634,0.013,-0.0209,0.0339,0.0727,0.0764,0.0067,0.003,0.0036,0.022,0.0232,0.0057,-0.0115,0.0172,0.0323,0.0341,0.0066,0.0013,0.0053,0.0088,0.0093,-0.0024,0.0083,-0.0106,0.0059,0.0062,0.0093,-0.0128,-0.0035,0.0372,0.0391,0.054,Trevor.Murphy,D,0.0252,-0.04
8484529,0.0001,-0.0025,0.0026,0.0731,0.0771,0.0196,-0.0141,0.0338,0.022,0.0232,-0.007,-0.0031,-0.0039,0.0323,0.0341,0.0039,-0.0052,0.009,0.0088,0.0093,-0.0253,0.0463,-0.0716,0.0059,0.0062,0.0027,-0.0062,-0.0035,0.0374,0.0394,0.0543,,?,0.0,0.0
8477326,-0.0044,-0.0019,-0.0025,0.0722,0.0759,0.0019,0.0043,-0.0024,0.022,0.0232,-0.0019,0.0002,-0.0021,0.0323,0.0341,-0.0067,0.0026,-0.0093,0.0088,0.0093,0.0082,0.0108,-0.0026,0.0059,0.0062,-0.0031,-0.0005,-0.0036,0.0369,0.0388,0.0536,Joel.Vermin,F,-0.0086,-0.0038
8473562,0.0099,-0.0154,0.0253,0.0734,0.0773,0.0028,-0.0035,0.0063,0.022,0.0232,0.0043,-0.0066,0.0109,0.0323,0.0341,0.0011,-0.0015,0.0026,0.0088,0.0093,0.0011,0.0034,-0.0023,0.0059,0.0062,0.0063,-0.0099,-0.0036,0.0375,0.0395,0.0545,John.McCarthy,F,0.0192,-0.0299
8471664,0.0191,-0.0276,0.0467,0.0667,0.0688,-0.0254,0.0354,-0.0608,0.022,0.0232,-0.003,0.001,-0.004,0.0323,0.034,0.0825,0.0297,0.0528,0.0088,0.0093,-0.0643,0.2438,-0.3081,0.0059,0.0062,0.0126,-0.0162,-0.0036,0.0343,0.0354,0.0493,Mason.Raymond,F,0.0454,-0.0555
8483465,-0.0009,-0.0014,0.0006,0.073,0.0769,0.0376,-0.0148,0.0524,0.022,0.0232,-0.0117,-0.0108,-0.0009,0.0323,0.0341,0.0108,0.0212,-0.0103,0.0088,0.0093,0.0247,0.0459,-0.0212,0.0059,0.0062,0.0023,-0.0059,-0.0036,0.0373,0.0393,0.0542,,F,0.0,0.0
8479289,-0.0002,-0.0002,0.0,0.0731,0.077,0.0054,-0.017,0.0224,0.022,0.0232,0.0003,-0.0037,0.004,0.0323,0.0341,-0.0006,0.0023,-0.003,0.0088,0.0093,0.0028,0.0222,-0.0194,0.0059,0.0062,0.0006,-0.0042,-0.0036,0.0374,0.0394,0.0543,Ethan.Prow,D,0.0,0.0
8474873,0.0059,-0.0184,0.0243,0.0714,0.0748,-0.0123,0.0281,-0.0404,0.022,0.0232,0.0085,-0.0064,0.0149,0.0323,0.0341,0.0012,-0.0121,0.0133,0.0088,0.0093,0.0036,-0.012,0.0156,0.0059,0.0062,0.0029,-0.0066,-0.0037,0.0366,0.0383,0.053,Brian.Lashoff,D,0.0108,-0.0355
8474611,0.009,-0.02,0.029,0.072,0.0758,0.0155,-0.0042,0.0197,0.022,0.0232,0.0066,-0.0058,0.0124,0.0323,0.0341,-0.0053,-0.0042,-0.001,0.0088,0.0093,0.0019,-0.013,0.0149,0.0059,0.0062,0.0079,-0.0116,-0.0038,0.0368,0.0388,0.0535,Cameron.Gaunce,D,0.0167,-0.0395
8478928,-0.0074,0.0036,-0.011,0.0708,0.0747,-0.034,0.0195,-0.0535,0.022,0.0232,-0.0013,-0.0052,0.0039,0.0323,0.0341,-0.0001,0.0136,-0.0136,0.0088,0.0093,-0.0472,0.0239,-0.0711,0.0059,0.0062,-0.0072,0.0034,-0.0038,0.0363,0.0383,0.0527,Sergei.Plotnikov,F,-0.013,0.0072
8481655,-0.0016,0.0092,-0.0108,0.0719,0.0757,-0.0114,-0.0245,0.0131,0.022,0.0232,-0.0316,0.0082,-0.0398,0.0323,0.0341,0.0162,0.0181,-0.002,0.0088,0.0093,0.1833,-0.2046,0.3878,0.0059,0.0062,-0.0158,0.012,-0.0038,0.0368,0.0387,0.0534,Cole.Schwindt,F,-0.0009,0.017
8484168,-0.0,-0.0006,0.0006,0.0732,0.0773,-0.0066,-0.0212,0.0145,0.022,0.0232,-0.0022,-0.0048,0.0026,0.0323,0.0341,0.0096,-0.0051,0.0147,0.0088,0.0093,-0.0487,0.0016,-0.0503,0.0059,0.0062,0.001,-0.0049,-0.0039,0.0374,0.0395,0.0544,,?,0.0,0.0
8478250,-0.0001,0.0001,-0.0002,0.0732,0.077,-0.0059,-0.0035,-0.0024,0.022,0.0232,-0.0018,-0.0023,0.0004,0.0323,0.0341,0.006,-0.0012,0.0072,0.0088,0.0093,0.0156,0.0347,-0.019,0.0059,0.0062,-0.0016,-0.0024,-0.004,0.0374,0.0394,0.0543,Vladimir.Tkachev,F,0.0,0.0
8469462,0.0191,-0.0065,0.0256,0.0682,0.0712,-0.0755,0.0614,-0.137,0.022,0.0232,0.0117,-0.0246,0.0363,0.0323,0.034,-0.0241,-0.0267,0.0026,0.0088,0.0093,-0.0642,0.1221,-0.1864,0.0059,0.0062,0.0019,-0.0059,-0.004,0.035,0.0365,0.0506,Tuomo.Ruutu,F,0.0374,-0.0129
8480071,0.018,-0.007,0.025,0.0711,0.0742,0.0085,-0.0086,0.0171,0.022,0.0232,-0.0066,0.0093,-0.0159,0.0323,0.034,0.003,0.0419,-0.0388,0.0088,0.0093,0.1938,0.1256,0.0681,0.0059,0.0062,0.0013,-0.0053,-0.004,0.0364,0.038,0.0526,Robin.Salo,D,0.0369,-0.005
8470630,0.0023,0.0141,-0.0118,0.0576,0.0591,0.2201,-0.0868,0.3069,0.0219,0.0231,0.0337,-0.0096,0.0433,0.0323,0.034,0.1945,-0.1815,0.376,0.0088,0.0093,0.1291,0.8312,-0.7021,0.0059,0.0062,0.0481,-0.0522,-0.0041,0.0299,0.0307,0.0428,Kevin.Klein,D,0.0241,0.0379
8476952,-0.0109,0.0191,-0.0299,0.0664,0.0682,-0.2438,0.4097,-0.6536,0.022,0.0232,-0.1231,-0.0513,-0.0718,0.0323,0.034,0.4939,0.1242,0.3697,0.0088,0.0093,0.6225,0.173,0.4496,0.0059,0.0062,-0.0644,0.0603,-0.0041,0.0341,0.0351,0.0489,Dominic.Toninato,F,0.0046,0.0363
8477944,0.0506,-0.1071,0.1576,0.0533,0.0549,0.4439,0.4109,0.0329,0.0219,0.0231,0.3666,-0.4579,0.8245,0.0322,0.034,0.6224,-1.1338,1.7562,0.0088,0.0093,0.2632,1.0684,-0.8052,0.0059,0.0062,0.1994,-0.2034,-0.0041,0.0278,0.0287,0.0399,Jakub.Vrana,F,0.0706,-0.0403
8476888,-0.0015,-0.0158,0.0143,0.0623,0.063,-0.039,0.1533,-0.1923,0.022,0.0231,0.1969,-0.3343,0.5311,0.0323,0.034,0.3581,0.0711,0.2869,0.0088,0.0093,-0.6231,0.8259,-1.449,0.0059,0.0062,0.0831,-0.0872,-0.0041,0.0321,0.0326,0.0457,Mikhail.Grigorenko,F,0.0008,-0.0428
8481629,-0.0004,0.0,-0.0004,0.0731,0.077,-0.0074,0.0022,-0.0095,0.022,0.0232,-0.0048,-0.0032,-0.0016,0.0323,0.0341,0.0034,-0.0041,0.0075,0.0088,0.0093,0.0224,0.0137,0.0087,0.0059,0.0062,-0.0031,-0.0012,-0.0042,0.0374,0.0394,0.0543,Olle.Alsing,D,0.0,0.0
8471218,0.0092,-0.0526,0.0618,0.0422,0.0436,-0.6251,0.467,-1.0921,0.0218,0.0229,0.1112,0.1011,0.01,0.0322,0.034,0.9113,-1.2527,2.1641,0.0088,0.0093,-1.2464,0.8722,-2.1185,0.0059,0.0062,0.0398,-0.0441,-0.0042,0.0225,0.0233,0.0324,Blake.Wheeler,F,0.0754,-0.0062
8475204,0.0299,-0.0083,0.0382,0.0612,0.064,-0.1424,0.0625,-0.205,0.022,0.0232,0.0527,-0.0998,0.1525,0.0323,0.034,0.1021,-0.1369,0.2391,0.0088,0.0093,-0.7666,0.5318,-1.2984,0.0059,0.0062,0.042,-0.0462,-0.0042,0.0316,0.0331,0.0457,Brandon.Pirri,F,0.0612,-0.0274
8479547,0.0027,-0.0088,0.0115,0.0726,0.0764,-0.0408,0.0308,-0.0716,0.022,0.0232,0.0013,0.0086,-0.0073,0.0323,0.0341,-0.0097,-0.0287,0.019,0.0088,0.0093,-0.0551,0.0452,-0.1002,0.0059,0.0062,-0.0029,-0.0014,-0.0043,0.0371,0.0391,0.0539,Matthew.Phillips,F,0.0026,-0.0208
8467917,0.0173,-0.0206,0.0379,0.0698,0.0727,-0.0231,0.0149,-0.0381,0.022,0.0232,0.0051,-0.0189,0.024,0.0323,0.034,0.039,0.0045,0.0345,0.0088,0.0093,-0.0328,0.0585,-0.0913,0.0059,0.0062,0.01,-0.0143,-0.0043,0.0358,0.0373,0.0517,Jordan.Leopold,D,0.0345,-0.0421
8482654,-0.0,-0.0007,0.0007,0.0724,0.0759,-0.0073,-0.0027,-0.0046,0.022,0.0232,-0.0,0.0017,-0.0018,0.0323,0.0341,0.0054,-0.0279,0.0333,0.0088,0.0093,-0.0205,0.0562,-0.0767,0.0059,0.0062,0.0,-0.0043,-0.0043,0.037,0.0388,0.0537,Jackson.Cates,F,0.0,0.0
8475661,0.006,-0.0114,0.0174,0.0728,0.0762,0.0026,-0.0055,0.0081,0.022,0.0232,0.0032,-0.0063,0.0095,0.0323,0.0341,-0.0001,-0.0033,0.0032,0.0088,0.0093,-0.0016,0.0132,-0.0148,0.0059,0.0062,0.0042,-0.0086,-0.0045,0.0372,0.039,0.0539,Dave.Dziurzynski,F,0.0116,-0.0221
8481239,-0.0008,-0.0,-0.0007,0.0725,0.0763,-0.0214,-0.0003,-0.0212,0.022,0.0232,0.0017,-0.0067,0.0084,0.0323,0.0341,0.0003,0.005,-0.0047,0.0088,0.0093,-0.004,0.0053,-0.0094,0.0059,0.0062,-0.0031,-0.0014,-0.0045,0.0371,0.039,0.0539,Samuel.Fagemo,F,0.0,0.0
8476457,-0.0122,0.0218,-0.034,0.0401,0.0403,-0.407,0.329,-0.736,0.0217,0.0229,-1.0008,0.8052,-1.8059,0.0322,0.034,0.6447,-0.0669,0.7116,0.0088,0.0093,0.1112,-0.378,0.4892,0.0059,0.0062,-0.2531,0.2485,-0.0046,0.0215,0.0218,0.0306,Adam.Larsson,D,0.0229,0.0218
8475759,0.0105,-0.0243,0.0348,0.0697,0.0727,-0.0023,0.0025,-0.0049,0.022,0.0232,0.0161,-0.01,0.0261,0.0323,0.034,0.0056,0.003,0.0025,0.0088,0.0093,-0.1153,0.1073,-0.2226,0.0059,0.0062,0.0134,-0.0181,-0.0047,0.0357,0.0373,0.0516,Brandon.Gormley,D,0.0221,-0.0485
8477473,0.0006,0.0075,-0.0068,0.0692,0.0716,-0.1114,0.0846,-0.196,0.022,0.0232,0.022,-0.0307,0.0527,0.0323,0.034,0.027,0.0202,0.0068,0.0088,0.0093,-0.0758,0.2162,-0.2919,0.0059,0.0062,-0.0069,0.0022,-0.0047,0.0355,0.0367,0.0511,Justin.Bailey,F,0.0016,0.0116
8470729,0.0093,-0.0049,0.0143,0.0703,0.0723,-0.0194,-0.0194,-0.0,0.022,0.0232,0.0056,-0.0065,0.0121,0.0323,0.034,0.0216,0.0173,0.0043,0.0088,0.0093,-0.04,0.1193,-0.1593,0.0059,0.0062,0.0059,-0.0105,-0.0047,0.036,0.0371,0.0517,Tyson.Strachan,D,0.0188,-0.0111
8481740,-0.0003,-0.0004,0.0001,0.0727,0.0766,-0.0172,0.0033,-0.0205,0.022,0.0232,-0.0081,-0.0033,-0.0048,0.0323,0.0341,0.0098,0.0116,-0.0018,0.0088,0.0093,0.0226,0.0063,0.0163,0.0059,0.0062,-0.0048,0.0,-0.0048,0.0372,0.0392,0.054,Tyce.Thompson,F,0.0,0.0
8476209,0.0082,-0.016,0.0242,0.072,0.0754,-0.003,0.0015,-0.0045,0.022,0.0232,0.0033,-0.0047,0.008,0.0323,0.0341,0.0009,-0.0093,0.0102,0.0088,0.0093,-0.0153,0.0116,-0.0269,0.0059,0.0062,0.005,-0.0098,-0.0048,0.0368,0.0386,0.0534,Mike.Sislo,F,0.0166,-0.0318
8480776,-0.0004,-0.0002,-0.0002,0.0728,0.0765,-0.0116,-0.0106,-0.001,0.022,0.0232,-0.0036,-0.0048,0.0013,0.0323,0.0341,0.0054,0.0078,-0.0024,0.0088,0.0093,-0.0029,0.0054,-0.0084,0.0059,0.0062,-0.0023,-0.0025,-0.0048,0.0372,0.0391,0.054,Sheldon.Rempal,F,0.0,0.0
8485511,-0.0005,0.0001,-0.0007,0.0731,0.0771,-0.0088,0.001,-0.0097,0.022,0.0232,-0.006,-0.0025,-0.0035,0.0323,0.0341,-0.0053,0.0015,-0.0068,0.0088,0.0093,0.0128,0.0216,-0.0088,0.0059,0.0062,-0.0037,-0.0011,-0.0048,0.0374,0.0394,0.0543,,F,0.0,0.0
8484321,0.0157,0.0052,0.0105,0.0699,0.0735,0.1026,-0.2679,0.3705,0.022,0.0232,-0.0839,-0.0662,-0.0177,0.0323,0.034,-0.1375,0.326,-0.4636,0.0088,0.0093,0.0214,-0.8015,0.8229,0.0059,0.0062,-0.0043,-0.0005,-0.0049,0.0358,0.0377,0.052,Nikolas.Matinpalo,D,0.0248,-0.0081
8482815,-0.0001,0.0001,-0.0002,0.0732,0.0771,-0.0009,-0.0101,0.0092,0.022,0.0232,-0.001,-0.0033,0.0023,0.0323,0.0341,0.0023,-0.0124,0.0147,0.0088,0.0093,0.0218,0.0251,-0.0033,0.0059,0.0062,-0.0011,-0.0039,-0.0051,0.0374,0.0394,0.0544,Kirill.Semyonov,F,0.0,0.0
8480074,0.0411,-0.0496,0.0908,0.0611,0.0629,0.0764,-0.3381,0.4146,0.022,0.0231,-0.2284,0.1655,-0.3939,0.0323,0.034,0.1779,-0.3845,0.5624,0.0088,0.0093,-0.8277,-0.7849,-0.0429,0.0059,0.0062,0.0255,-0.0308,-0.0052,0.0315,0.0325,0.0453,Alexandre.Texier,F,0.0212,-0.0275
8476431,0.0162,-0.0245,0.0407,0.0656,0.069,-0.0555,0.0762,-0.1317,0.022,0.0232,0.0078,-0.0409,0.0487,0.0323,0.034,0.0987,0.0548,0.0438,0.0088,0.0093,-0.0985,0.2517,-0.3503,0.0059,0.0062,0.0114,-0.0166,-0.0052,0.0337,0.0355,0.049,Adam.Clendening,D,0.0423,-0.0424
8474576,0.0124,-0.0199,0.0323,0.0715,0.0751,-0.0023,0.0004,-0.0026,0.022,0.0232,0.0065,-0.0086,0.0151,0.0323,0.0341,0.0008,-0.0073,0.0081,0.0088,0.0093,-0.0257,0.033,-0.0587,0.0059,0.0062,0.0084,-0.0135,-0.0052,0.0366,0.0385,0.0531,Zach.Boychuk,F,0.0246,-0.0384
8474818,-0.057,0.0405,-0.0975,0.0468,0.0478,-0.2281,0.3029,-0.531,0.0218,0.023,-0.0046,-0.3439,0.3393,0.0322,0.034,0.6723,0.7384,-0.0661,0.0088,0.0093,-0.1657,0.5719,-0.7376,0.0059,0.0062,-0.0168,0.0115,-0.0053,0.0247,0.0253,0.0353,Jordie.Benn,D,0.0305,0.0256
8483503,0.0032,-0.0207,0.024,0.073,0.077,0.0132,-0.0462,0.0594,0.022,0.0232,0.0145,-0.0071,0.0216,0.0323,0.0341,-0.0068,-0.0102,0.0034,0.0088,0.0093,-0.0651,-0.1297,0.0646,0.0059,0.0062,0.009,-0.0143,-0.0053,0.0373,0.0394,0.0543,,D,0.0046,-0.0405
8481585,-0.0068,0.0092,-0.016,0.0724,0.0759,-0.0366,-0.0098,-0.0267,0.022,0.0232,0.001,0.0073,-0.0063,0.0323,0.0341,-0.0069,0.0088,-0.0157,0.0088,0.0093,-0.0087,0.0445,-0.0532,0.0059,0.0062,-0.0087,0.0035,-0.0053,0.037,0.0388,0.0537,Egor.Afanasyev,F,-0.0116,0.0205
8482623,-0.002,0.0394,-0.0414,0.0706,0.0739,-0.11,-0.2193,0.1093,0.022,0.0232,-0.0658,0.1048,-0.1706,0.0323,0.034,-0.0327,-0.0106,-0.0222,0.0088,0.0093,0.6232,-1.1064,1.7296,0.0059,0.0062,-0.0589,0.0535,-0.0054,0.0362,0.0379,0.0524,Josh.Dunne,F,0.0105,0.0711
8482451,-0.0126,0.0114,-0.024,0.0728,0.0767,0.0058,-0.021,0.0268,0.022,0.0232,-0.0117,0.0071,-0.0188,0.0323,0.0341,-0.0326,-0.0015,-0.031,0.0088,0.0093,-0.0849,0.0724,-0.1572,0.0059,0.0062,-0.0066,0.0011,-0.0054,0.0372,0.0392,0.0541,Mikael.Pyyhtia,F,-0.0261,0.0232
8482861,-0.0036,0.0146,-0.0182,0.0707,0.074,0.032,-0.168,0.1999,0.022,0.0232,-0.0584,0.0204,-0.0788,0.0323,0.034,0.1233,0.1094,0.0139,0.0088,0.0093,0.474,-0.5717,1.0457,0.0059,0.0062,-0.0214,0.016,-0.0054,0.0362,0.0379,0.0524,Vincent.Iorio,D,0.0048,0.032
8483567,-0.0002,-0.0001,-0.0001,0.0733,0.0774,-0.0047,-0.0126,0.008,0.022,0.0232,-0.0041,-0.0046,0.0006,0.0323,0.0341,0.0014,0.0034,-0.002,0.0088,0.0093,0.0098,0.0188,-0.009,0.0059,0.0062,-0.002,-0.0035,-0.0055,0.0375,0.0396,0.0545,,F,0.0,0.0
8483768,0.0093,-0.0286,0.0379,0.0718,0.0752,0.0804,-0.0515,0.1319,0.022,0.0232,0.0052,0.0115,-0.0063,0.0323,0.0341,-0.0049,0.0345,-0.0394,0.0088,0.0093,0.1877,-0.0474,0.2351,0.0059,0.0062,0.0101,-0.0155,-0.0055,0.0367,0.0385,0.0532,,D,0.0078,-0.0425
8475182,0.0256,-0.0221,0.0477,0.0685,0.0729,-0.0308,0.0376,-0.0684,0.022,0.0232,0.0134,-0.0262,0.0396,0.0323,0.034,-0.0219,-0.0341,0.0122,0.0088,0.0093,-0.0726,0.125,-0.1977,0.0059,0.0062,0.0127,-0.0182,-0.0055,0.0351,0.0374,0.0513,David.Rundblad,D,0.0496,-0.0401
8473942,-0.0023,-0.0066,0.0043,0.0706,0.0735,-0.0267,0.0121,-0.0388,0.022,0.0232,0.0008,0.0036,-0.0028,0.0323,0.034,0.0269,-0.0328,0.0597,0.0088,0.0093,-0.0538,0.0402,-0.094,0.0059,0.0062,-0.0012,-0.0043,-0.0055,0.0362,0.0377,0.0522,Trevor.Smith,F,-0.0045,-0.0146
8467096,0.03,-0.0093,0.0393,0.0605,0.0634,-0.0151,0.1134,-0.1285,0.0219,0.0232,0.0211,-0.0204,0.0415,0.0323,0.034,-0.0404,-0.0616,0.0212,0.0088,0.0093,-0.0883,0.7045,-0.7928,0.0059,0.0062,0.0185,-0.024,-0.0055,0.0313,0.0328,0.0453,Dan.Boyle,D,0.0728,-0.0176
8475800,0.0222,-0.0289,0.0511,0.0691,0.0732,0.0021,0.0133,-0.0112,0.022,0.0232,0.0114,-0.02,0.0313,0.0323,0.034,-0.0285,-0.0083,-0.0203,0.0088,0.0093,-0.0464,0.059,-0.1054,0.0059,0.0062,0.0141,-0.0197,-0.0056,0.0354,0.0375,0.0516,Teemu.Pulkkinen,F,0.0434,-0.056
8478882,0.0345,0.0252,0.0093,0.05,0.0503,-0.1474,0.0537,-0.2011,0.0219,0.023,0.8778,-0.928,1.8057,0.0322,0.034,-0.0714,0.097,-0.1684,0.0088,0.0093,-1.0469,1.3467,-2.3936,0.0059,0.0062,0.2258,-0.2316,-0.0057,0.0262,0.0265,0.0372,Vladislav.Gavrikov,D,0.0316,-0.0052
8485385,-0.0006,0.0005,-0.0011,0.0731,0.0771,-0.0155,0.0016,-0.0171,0.022,0.0232,-0.0087,0.0004,-0.009,0.0323,0.0341,0.0122,0.0111,0.0011,0.0088,0.0093,0.092,-0.0133,0.1052,0.0059,0.0062,-0.0075,0.0018,-0.0057,0.0374,0.0394,0.0543,,?,0.0,0.0
8483699,-0.0002,-0.0001,-0.0001,0.0733,0.0772,-0.0015,-0.0176,0.0161,0.022,0.0232,0.0034,-0.0056,0.0089,0.0323,0.0341,-0.0071,0.0025,-0.0096,0.0088,0.0093,0.0481,0.0031,0.045,0.0059,0.0062,-0.0019,-0.0039,-0.0058,0.0375,0.0395,0.0544,,?,0.0,0.0
8471371,0.0017,-0.0086,0.0102,0.0705,0.0734,-0.0387,0.0273,-0.0661,0.022,0.0232,-0.0019,0.0006,-0.0025,0.0323,0.034,-0.0054,0.021,-0.0264,0.0088,0.0093,-0.0033,0.036,-0.0393,0.0059,0.0062,-0.0056,-0.0003,-0.0058,0.0361,0.0376,0.0521,Mike.Brown,F,0.0037,-0.0201
8484142,0.0106,0.0298,-0.0192,0.071,0.0746,0.0803,-0.2488,0.3291,0.022,0.0232,-0.0167,0.0511,-0.0679,0.0323,0.034,-0.0664,-0.0102,-0.0562,0.0088,0.0093,-0.005,0.101,-0.106,0.0059,0.0062,0.0099,-0.0158,-0.0059,0.0364,0.0382,0.0527,,?,0.0056,0.0644
8474588,-0.0033,-0.0095,0.0061,0.0707,0.0736,-0.0274,0.0151,-0.0425,0.022,0.0232,0.002,-0.0007,0.0027,0.0323,0.034,0.0039,-0.006,0.01,0.0088,0.0093,-0.0621,0.0069,-0.069,0.0059,0.0062,-0.0026,-0.0033,-0.0059,0.0362,0.0377,0.0523,Viktor.Tikhonov,F,-0.0068,-0.0205
8470867,0.0067,-0.0157,0.0224,0.0732,0.0772,0.0013,-0.0039,0.0051,0.022,0.0232,0.003,-0.0068,0.0098,0.0323,0.0341,0.0003,-0.0021,0.0024,0.0088,0.0093,-0.0015,0.0025,-0.004,0.0059,0.0062,0.0043,-0.0102,-0.0059,0.0374,0.0395,0.0544,Troy.Bodie,F,0.013,-0.0305
8482177,-0.0159,-0.0011,-0.0148,0.0685,0.0715,0.1972,-0.2447,0.4418,0.022,0.0232,-0.0073,0.0345,-0.0418,0.0323,0.034,-0.3803,0.0893,-0.4696,0.0088,0.0093,0.0884,-0.6168,0.7052,0.0059,0.0062,-0.0063,0.0004,-0.006,0.0351,0.0367,0.0508,,F,-0.0258,0.0145
8480060,0.0029,0.0049,-0.002,0.0717,0.0746,-0.0689,0.0714,-0.1403,0.022,0.0232,0.0079,0.0027,0.0053,0.0323,0.034,0.0442,-0.0824,0.1266,0.0088,0.0093,0.0189,0.2381,-0.2192,0.0059,0.0062,-0.0053,-0.0007,-0.006,0.0367,0.0382,0.053,Scott.Reedy,F,0.0082,0.006
8474604,0.0066,-0.0148,0.0214,0.0703,0.0736,0.0289,-0.0072,0.0361,0.022,0.0232,0.0174,-0.0185,0.0359,0.0323,0.034,-0.0381,0.023,-0.061,0.0088,0.0093,-0.0272,0.1274,-0.1546,0.0059,0.0062,0.0103,-0.0163,-0.006,0.036,0.0377,0.0522,Aaron.Ness,D,0.0104,-0.0276
8473970,0.0086,-0.0077,0.0163,0.0687,0.0717,-0.0626,0.025,-0.0876,0.022,0.0232,-0.0021,0.0014,-0.0035,0.0323,0.034,0.0179,0.0093,0.0086,0.0088,0.0093,-0.0181,0.076,-0.0941,0.0059,0.0062,-0.0038,-0.0023,-0.006,0.0352,0.0368,0.0509,Rob.Klinkhammer,F,0.0202,-0.0167
8479321,-0.0008,0.0004,-0.0012,0.073,0.0769,-0.0238,-0.0022,-0.0217,0.022,0.0232,-0.0042,-0.0031,-0.0011,0.0323,0.0341,0.0076,-0.0109,0.0184,0.0088,0.0093,0.0054,-0.0034,0.0088,0.0059,0.0062,-0.0047,-0.0013,-0.006,0.0373,0.0393,0.0542,Lucas.Johansen,D,0.0,0.0
8481422,-0.0088,0.0024,-0.0111,0.0728,0.0767,-0.0478,0.0349,-0.0827,0.022,0.0232,-0.0066,0.0014,-0.008,0.0323,0.0341,-0.0033,0.0076,-0.0109,0.0088,0.0093,0.0234,-0.0187,0.0421,0.0059,0.0062,-0.0142,0.0079,-0.0062,0.0372,0.0392,0.0541,Jacob.Lucchini,F,-0.016,0.0033
8473482,0.0125,0.0029,0.0096,0.0659,0.0693,-0.0652,-0.0276,-0.0377,0.022,0.0232,0.0174,-0.0051,0.0224,0.0323,0.034,-0.002,-0.1049,0.1029,0.0088,0.0093,-0.2661,0.1734,-0.4396,0.0059,0.0062,0.0108,-0.017,-0.0062,0.0339,0.0356,0.0492,Jiri.Tlusty,F,0.0254,0.0088
8477961,0.0013,0.0078,-0.0065,0.0705,0.074,-0.038,0.0247,-0.0627,0.022,0.0232,-0.0031,-0.0146,0.0114,0.0323,0.034,0.0109,0.0047,0.0062,0.0088,0.0093,-0.0014,0.1514,-0.1528,0.0059,0.0062,-0.005,-0.0014,-0.0064,0.0361,0.0379,0.0524,John.Quenneville,F,0.0057,0.0173
8483575,-0.0003,-0.0003,0.0,0.0725,0.0766,-0.0379,-0.0099,-0.028,0.022,0.0232,-0.0019,0.0078,-0.0097,0.0323,0.0341,0.0013,-0.0135,0.0147,0.0088,0.0093,-0.0051,-0.0065,0.0015,0.0059,0.0062,-0.006,-0.0005,-0.0064,0.0371,0.0392,0.054,Matt.Murray,?,0.0,0.0
8484256,0.001,-0.0008,0.0018,0.0729,0.0765,0.0035,-0.0071,0.0106,0.022,0.0232,0.0003,-0.0042,0.0046,0.0323,0.0341,-0.0012,-0.0141,0.0129,0.0088,0.0093,0.0384,0.0672,-0.0288,0.0059,0.0062,-0.0005,-0.0059,-0.0064,0.0373,0.0391,0.0541,Jake.Livingstone,D,0.0,0.0
8481534,-0.0006,-0.0001,-0.0005,0.0732,0.0772,-0.0184,-0.0074,-0.011,0.022,0.0232,-0.0004,-0.0014,0.001,0.0323,0.0341,0.022,-0.0081,0.0301,0.0088,0.0093,-0.0025,0.072,-0.0745,0.0059,0.0062,-0.0017,-0.0048,-0.0066,0.0374,0.0395,0.0544,Raphael.Lavoie,F,0.0,0.0
8470839,0.006,-0.0153,0.0214,0.0728,0.0764,0.0009,-0.0061,0.0069,0.022,0.0232,0.0032,-0.0065,0.0097,0.0323,0.0341,-0.0009,-0.0016,0.0006,0.0088,0.0093,0.0055,0.001,0.0045,0.0059,0.0062,0.0036,-0.0101,-0.0066,0.0372,0.0391,0.054,Shane.O'Brien,D,0.0117,-0.0298
8484210,0.0208,-0.0149,0.0356,0.0703,0.0736,0.5234,-0.2593,0.7827,0.022,0.0232,-0.0719,-0.032,-0.04,0.0323,0.034,-0.1426,0.0243,-0.1669,0.0088,0.0093,0.3737,0.1097,0.264,0.0059,0.0062,0.0496,-0.0563,-0.0067,0.036,0.0377,0.0522,,F,0.0526,-0.0043
8476374,-0.0009,-0.07,0.0691,0.0505,0.0498,0.3361,0.2568,0.0793,0.0219,0.023,0.4935,-0.2697,0.7631,0.0322,0.034,-0.4225,-0.8719,0.4493,0.0088,0.0093,-0.921,1.7143,-2.6353,0.0059,0.0062,0.17,-0.1767,-0.0067,0.0264,0.0262,0.0372,Sean.Kuraly,F,0.0177,0.0331
8475157,0.0041,-0.0155,0.0196,0.0701,0.0722,-0.0165,0.017,-0.0335,0.022,0.0232,0.0126,-0.0161,0.0287,0.0323,0.034,0.0125,-0.019,0.0315,0.0088,0.0093,-0.0345,0.0348,-0.0693,0.0059,0.0062,0.0045,-0.0113,-0.0068,0.0359,0.037,0.0516,Landon.Ferraro,F,0.0065,-0.0307
8476477,0.0115,-0.0207,0.0322,0.0686,0.0713,-0.1039,0.0434,-0.1473,0.022,0.0232,0.0055,0.0027,0.0028,0.0323,0.034,0.0154,0.015,0.0004,0.0088,0.0093,-0.0185,-0.0608,0.0422,0.0059,0.0062,-0.007,0.0001,-0.0069,0.0352,0.0366,0.0508,Matt.Puempel,F,0.028,-0.0416
8484821,0.0011,-0.0011,0.0022,0.0732,0.0772,-0.0063,-0.0288,0.0224,0.022,0.0232,0.0006,-0.0073,0.0079,0.0323,0.0341,-0.0079,0.0128,-0.0206,0.0088,0.0093,-0.0064,0.0178,-0.0242,0.0059,0.0062,-0.0005,-0.0064,-0.0069,0.0374,0.0395,0.0544,,F,0.0,0.0
8481032,-0.0275,-0.0646,0.037,0.0648,0.0663,-0.0812,-0.2261,0.1449,0.022,0.0232,-0.1907,0.0015,-0.1922,0.0323,0.034,0.2469,0.6157,-0.3687,0.0088,0.0093,-0.2382,-1.6387,1.4005,0.0059,0.0062,-0.0435,0.0366,-0.0069,0.0333,0.0342,0.0477,Paul.Cotter,F,0.0091,-0.0257
8465166,-0.0059,-0.0049,-0.0009,0.0711,0.0744,-0.0141,0.0088,-0.0229,0.022,0.0232,0.0007,-0.0033,0.004,0.0323,0.034,0.0,-0.004,0.004,0.0088,0.0093,-0.0379,0.0363,-0.0743,0.0059,0.0062,-0.0034,-0.0035,-0.0069,0.0364,0.0381,0.0527,Craig.Adams,F,-0.0109,-0.0098
8474606,0.0093,-0.0207,0.0299,0.0725,0.0764,0.0033,-0.0053,0.0086,0.022,0.0232,0.0045,-0.0087,0.0132,0.0323,0.0341,0.0014,-0.002,0.0035,0.0088,0.0093,-0.0022,0.0042,-0.0064,0.0059,0.0062,0.0063,-0.0133,-0.007,0.0371,0.0391,0.0539,Colby.Robak,D,0.0181,-0.0402
8478467,0.0014,-0.0043,0.0057,0.0689,0.0709,-0.097,-0.1073,0.0103,0.022,0.0232,0.0449,0.005,0.04,0.0323,0.034,0.3323,-0.2078,0.5401,0.0088,0.0093,-0.3579,0.1922,-0.5501,0.0059,0.0062,0.0303,-0.0373,-0.007,0.0353,0.0364,0.0507,Nicolas.Meloche,D,0.0061,-0.0026
8483728,-0.0006,-0.0,-0.0005,0.0728,0.0766,-0.0257,-0.0281,0.0024,0.022,0.0232,-0.0043,0.0063,-0.0106,0.0323,0.0341,-0.0072,0.0121,-0.0193,0.0088,0.0093,-0.0452,0.0337,-0.0789,0.0059,0.0062,-0.0037,-0.0035,-0.0072,0.0372,0.0392,0.0541,,?,0.0,0.0
8481591,-0.0008,0.0,-0.0009,0.073,0.077,-0.0181,-0.0344,0.0163,0.022,0.0232,0.0045,0.0063,-0.0019,0.0323,0.0341,-0.0262,0.0031,-0.0293,0.0088,0.0093,0.0136,-0.0146,0.0282,0.0059,0.0062,-0.0042,-0.003,-0.0072,0.0373,0.0394,0.0543,Sam.Poulin,F,0.0,0.0
8481600,0.0146,-0.0461,0.0607,0.064,0.0662,-0.5124,0.4036,-0.916,0.022,0.0232,0.1941,-0.3001,0.4942,0.0323,0.034,-0.0938,0.6182,-0.7121,0.0088,0.0093,-1.3934,0.9741,-2.3675,0.0059,0.0062,0.0232,-0.0304,-0.0072,0.033,0.0341,0.0474,Tobias.Bjornfot,D,0.0211,-0.0279
8478563,0.0275,-0.0399,0.0673,0.069,0.0727,0.0196,-0.0114,0.0311,0.022,0.0232,0.013,-0.0312,0.0442,0.0323,0.034,0.0033,-0.0097,0.013,0.0088,0.0093,-0.0681,0.0155,-0.0836,0.0059,0.0062,0.0225,-0.0297,-0.0073,0.0354,0.0373,0.0514,Evgeny.Medvedev,D,0.0513,-0.0744
8475321,0.0023,-0.0084,0.0106,0.0707,0.0735,-0.0281,0.0589,-0.087,0.022,0.0232,-0.0012,-0.0052,0.004,0.0323,0.034,0.0073,-0.0479,0.0552,0.0088,0.0093,0.0474,0.0787,-0.0313,0.0059,0.0062,-0.0048,-0.0025,-0.0073,0.0362,0.0377,0.0523,Phil.Varone,F,0.0072,-0.0158
8477205,-0.0091,0.0101,-0.0192,0.0547,0.056,-0.5419,0.5934,-1.1353,0.0219,0.0231,0.3201,-0.3483,0.6684,0.0323,0.034,0.3601,-0.0269,0.387,0.0088,0.0093,-0.7718,1.5063,-2.2781,0.0059,0.0062,0.0371,-0.0444,-0.0074,0.0285,0.0292,0.0408,Andrej.Sustr,D,0.0229,-0.0281
8477406,0.0539,-0.0069,0.0608,0.0475,0.0487,-0.3865,0.0503,-0.4368,0.0218,0.023,-0.0369,0.2279,-0.2648,0.0322,0.034,1.1346,-0.9438,2.0784,0.0088,0.0093,0.9552,-0.1063,1.0615,0.0059,0.0062,-0.0093,0.0019,-0.0074,0.025,0.0257,0.0359,Mattias.Janmark,F,0.004,-0.0273
8468635,-0.0076,0.0001,-0.0077,0.0702,0.0732,-0.0169,0.0099,-0.0269,0.022,0.0232,-0.0051,0.003,-0.008,0.0323,0.034,0.0158,-0.0047,0.0205,0.0088,0.0093,0.0273,0.042,-0.0147,0.0059,0.0062,-0.0076,0.0002,-0.0074,0.036,0.0375,0.052,Travis.Moen,F,-0.0142,-0.0013
8467967,-0.0079,0.015,-0.0229,0.0642,0.0654,-0.2207,0.1588,-0.3795,0.022,0.0232,0.0434,-0.002,0.0454,0.0323,0.034,0.0219,0.0432,-0.0213,0.0088,0.0093,-0.0706,0.4385,-0.5091,0.0059,0.0062,-0.0234,0.0159,-0.0074,0.033,0.0337,0.0472,Chris.Kelly,F,-0.0048,0.0114
8480306,0.0169,-0.0311,0.048,0.0722,0.0756,-0.0065,0.0013,-0.0078,0.022,0.0232,0.0071,-0.0121,0.0192,0.0323,0.0341,0.0145,0.0054,0.0091,0.0088,0.0093,-0.037,0.0272,-0.0642,0.0059,0.0062,0.0114,-0.0188,-0.0074,0.0369,0.0387,0.0535,Grant.Hutton,D,0.0339,-0.0589
8479542,-0.0025,0.0644,-0.0669,0.0541,0.0559,-0.0159,-0.1087,0.0928,0.0219,0.0231,-0.2349,0.0735,-0.3083,0.0323,0.034,1.0598,-1.4367,2.4966,0.0088,0.0093,-1.219,0.2587,-1.4777,0.0059,0.0062,0.057,-0.0645,-0.0074,0.0282,0.0291,0.0405,Brandon.Hagel,F,0.0742,0.03
8476989,0.0116,-0.0007,0.0123,0.0693,0.0727,-0.1043,0.0558,-0.1602,0.022,0.0232,-0.0113,-0.0223,0.0109,0.0323,0.034,-0.0343,0.0629,-0.0972,0.0088,0.0093,0.003,-0.0064,0.0094,0.0059,0.0062,-0.0145,0.0071,-0.0074,0.0355,0.0373,0.0515,Petteri.Lindbohm,D,0.027,-0.0001
8473492,0.0142,-0.0131,0.0272,0.0592,0.0614,-0.0981,-0.1053,0.0072,0.0219,0.0231,0.0785,0.0791,-0.0006,0.0323,0.034,-0.268,-0.2774,0.0093,0.0088,0.0093,-0.4373,-0.0743,-0.363,0.0059,0.0062,0.0111,-0.0186,-0.0075,0.0306,0.0318,0.0441,Matt.Beleskey,F,0.0296,-0.0321
8476983,0.0192,-0.0215,0.0406,0.0678,0.0714,-0.0224,0.0452,-0.0676,0.022,0.0232,0.0058,-0.0052,0.011,0.0323,0.034,-0.0636,-0.0827,0.0191,0.0088,0.0093,-0.1076,0.1388,-0.2463,0.0059,0.0062,0.008,-0.0156,-0.0076,0.0348,0.0366,0.0505,Paul.LaDue,D,0.0387,-0.0454
8482666,0.0346,0.0075,0.0271,0.0706,0.0737,0.1624,-0.1747,0.3371,0.022,0.0232,-0.0183,0.0634,-0.0817,0.0323,0.034,-0.0807,-0.1999,0.1192,0.0088,0.0093,0.0312,0.4686,-0.4374,0.0059,0.0062,0.0315,-0.0392,-0.0077,0.0362,0.0378,0.0523,,D,0.0527,0.0248
8476451,0.0111,-0.015,0.026,0.0708,0.0742,-0.0067,-0.0007,-0.006,0.022,0.0232,0.0069,-0.0092,0.016,0.0323,0.034,-0.0059,-0.0143,0.0084,0.0088,0.0093,0.0264,0.0481,-0.0216,0.0059,0.0062,0.0047,-0.0124,-0.0078,0.0363,0.038,0.0525,Lucas.Lessio,F,0.0212,-0.0303
8479976,0.0637,0.0419,0.0218,0.0606,0.0632,-0.501,0.4849,-0.9859,0.022,0.0231,0.0021,0.1277,-0.1257,0.0323,0.034,0.5228,-1.7976,2.3204,0.0088,0.0093,0.2799,-0.0219,0.3018,0.0059,0.0062,-0.0227,0.0148,-0.0079,0.0313,0.0327,0.0452,Juuso.Valimaki,D,0.0373,-0.0136
8477993,-0.0129,0.0457,-0.0586,0.0717,0.0755,0.0796,-0.0753,0.1549,0.022,0.0232,-0.0226,0.0167,-0.0393,0.0323,0.0341,-0.0673,-0.0459,-0.0213,0.0088,0.0093,0.2536,0.1672,0.0864,0.0059,0.0062,-0.0137,0.0058,-0.0079,0.0367,0.0387,0.0533,Justin.Kirkland,F,-0.0219,0.0897
8482711,0.0006,-0.0021,0.0026,0.0731,0.077,-0.0202,-0.0018,-0.0184,0.022,0.0232,-0.0012,-0.0071,0.0059,0.0323,0.0341,0.0,0.0087,-0.0087,0.0088,0.0093,0.0135,0.0503,-0.0367,0.0059,0.0062,-0.0035,-0.0044,-0.0079,0.0374,0.0394,0.0543,Stanislav.Svozil,D,0.0,0.0
8475844,0.0046,-0.011,0.0157,0.0679,0.0715,-0.0049,0.0368,-0.0418,0.022,0.0232,-0.0021,-0.0119,0.0098,0.0323,0.034,-0.0775,-0.0808,0.0033,0.0088,0.0093,-0.0417,-0.0319,-0.0098,0.0059,0.0062,-0.0019,-0.0062,-0.008,0.0348,0.0367,0.0506,Kenny.Agostino,F,0.014,-0.0229
8484779,-0.0002,-0.0008,0.0006,0.0732,0.0771,-0.0126,-0.021,0.0085,0.022,0.0232,-0.0012,-0.004,0.0028,0.0323,0.0341,0.0089,-0.002,0.0109,0.0088,0.0093,0.0404,0.0042,0.0363,0.0059,0.0062,-0.0033,-0.0047,-0.0081,0.0374,0.0394,0.0544,,F,0.0,0.0
8478074,0.0072,-0.0297,0.0369,0.0723,0.0761,-0.0017,0.0166,-0.0183,0.022,0.0232,0.0113,-0.0113,0.0226,0.0323,0.0341,0.0121,-0.0153,0.0274,0.0088,0.0093,-0.0497,0.0256,-0.0753,0.0059,0.0062,0.0085,-0.0168,-0.0082,0.037,0.0389,0.0537,Anthony.Angello,F,0.0159,-0.0595
8472424,-0.0072,-0.0039,-0.0034,0.0723,0.0758,-0.0065,-0.0003,-0.0062,0.022,0.0232,-0.0033,-0.0023,-0.001,0.0323,0.0341,0.0009,-0.0035,0.0044,0.0088,0.0093,0.0041,0.0052,-0.0012,0.0059,0.0062,-0.0054,-0.0029,-0.0083,0.037,0.0388,0.0536,Ryan.Hamilton,F,-0.0138,-0.0071
8474113,0.0269,-0.0378,0.0647,0.0725,0.0764,0.0043,-0.0162,0.0205,0.022,0.0232,0.0113,-0.0173,0.0286,0.0323,0.0341,0.0046,-0.0055,0.0101,0.0088,0.0093,-0.0111,0.0068,-0.0179,0.0059,0.0062,0.0173,-0.0257,-0.0084,0.0371,0.0391,0.0539,TJ.Brennan,D,0.0522,-0.0731
8478512,-0.0161,0.0202,-0.0363,0.0637,0.0667,-0.2317,0.0123,-0.244,0.022,0.0232,-0.0795,0.1151,-0.1946,0.0323,0.034,0.2205,-0.5871,0.8076,0.0088,0.0093,-0.7151,-0.2001,-0.5149,0.0059,0.0062,-0.0185,0.01,-0.0084,0.0328,0.0344,0.0475,Austin.Czarnik,F,0.0058,-0.0081
8471840,0.0119,-0.0251,0.037,0.0731,0.077,0.0046,-0.0077,0.0123,0.022,0.0232,0.0053,-0.0112,0.0164,0.0323,0.0341,0.001,-0.0029,0.0039,0.0088,0.0093,-0.0008,-0.0004,-0.0004,0.0059,0.0062,0.0079,-0.0163,-0.0084,0.0374,0.0394,0.0543,Brett.Sutter,F,0.0231,-0.0488
8474130,-0.0054,0.0023,-0.0078,0.071,0.0735,-0.0153,0.0006,-0.016,0.022,0.0232,-0.0009,-0.0084,0.0075,0.0323,0.034,0.0075,-0.0036,0.0112,0.0088,0.0093,-0.0097,0.0814,-0.0912,0.0059,0.0062,-0.0044,-0.0041,-0.0084,0.0364,0.0377,0.0524,Corey.Tropp,F,-0.0094,0.0046
8472368,0.0045,-0.0177,0.0222,0.0732,0.0773,0.0015,-0.005,0.0065,0.022,0.0232,0.002,-0.0078,0.0098,0.0323,0.0341,0.0016,-0.0017,0.0034,0.0088,0.0093,-0.0026,0.0023,-0.0048,0.0059,0.0062,0.0031,-0.0115,-0.0084,0.0374,0.0395,0.0544,Chris.Conner,F,0.0087,-0.0344
8477589,0.0094,-0.0134,0.0229,0.0703,0.0737,-0.0052,-0.0034,-0.0018,0.022,0.0232,0.0021,-0.0097,0.0117,0.0323,0.034,0.0128,-0.017,0.0298,0.0088,0.0093,0.0311,0.0485,-0.0174,0.0059,0.0062,0.0039,-0.0123,-0.0084,0.036,0.0378,0.0522,Ronalds.Kenins,F,0.0198,-0.0249
8474661,0.01,-0.0,0.01,0.0673,0.0708,-0.0505,-0.0082,-0.0423,0.022,0.0232,0.0056,-0.0078,0.0134,0.0323,0.034,0.0983,-0.0831,0.1814,0.0088,0.0093,-0.0481,0.1769,-0.225,0.0059,0.0062,0.0065,-0.015,-0.0085,0.0346,0.0364,0.0502,Michal.Jordan,D,0.025,0.0011
8480161,0.0113,-0.0198,0.0312,0.0727,0.0765,-0.0025,-0.0087,0.0062,0.022,0.0232,0.0039,-0.0099,0.0138,0.0323,0.0341,0.002,-0.0061,0.0081,0.0088,0.0093,0.0108,0.017,-0.0062,0.0059,0.0062,0.0058,-0.0144,-0.0086,0.0372,0.0391,0.054,Libor.Sulak,D,0.0224,-0.038
8481715,-0.0003,-0.0003,-0.0,0.0733,0.0773,0.0069,-0.0412,0.0481,0.022,0.0232,-0.0062,-0.0046,-0.0016,0.0323,0.0341,0.002,0.0124,-0.0104,0.0088,0.0093,0.0316,0.0098,0.0218,0.0059,0.0062,-0.0016,-0.007,-0.0086,0.0375,0.0395,0.0545,,?,0.0,0.0
8460626,0.0007,-0.0118,0.0124,0.0725,0.0763,-0.0014,-0.0045,0.0031,0.022,0.0232,0.0001,-0.0069,0.007,0.0323,0.0341,-0.0018,-0.0022,0.0004,0.0088,0.0093,0.0018,0.0118,-0.0101,0.0059,0.0062,-0.0,-0.0087,-0.0087,0.0371,0.039,0.0539,Bryce.Salvador,D,0.0014,-0.0227
8473589,0.0074,-0.0164,0.0237,0.0718,0.0752,-0.0085,-0.0043,-0.0042,0.022,0.0232,0.0017,-0.0085,0.0102,0.0323,0.0341,0.0047,0.0,0.0046,0.0088,0.0093,0.0045,0.0211,-0.0166,0.0059,0.0062,0.0029,-0.0116,-0.0087,0.0367,0.0385,0.0532,Chris.Summers,D,0.0149,-0.0317
8474679,0.0629,-0.069,0.1318,0.0446,0.0456,0.2879,0.0806,0.2073,0.0218,0.023,0.1631,-0.5515,0.7146,0.0322,0.034,-0.0615,0.1113,-0.1728,0.0088,0.0093,-0.6345,0.0998,-0.7343,0.0059,0.0062,0.1322,-0.1411,-0.0088,0.0236,0.0243,0.0339,Gustav.Nyquist,F,0.0515,-0.0279
8474609,0.0159,-0.0295,0.0455,0.0733,0.0773,0.0042,-0.0084,0.0126,0.022,0.0232,0.0068,-0.013,0.0198,0.0323,0.0341,0.0023,-0.0036,0.0058,0.0088,0.0093,-0.0011,0.0017,-0.0028,0.0059,0.0062,0.0103,-0.0192,-0.0089,0.0375,0.0395,0.0545,Luke.Adam,F,0.031,-0.0573
8467344,0.0029,-0.0195,0.0224,0.0671,0.0702,0.0041,0.0469,-0.0428,0.022,0.0232,0.0168,-0.0307,0.0474,0.0323,0.034,-0.0308,-0.053,0.0222,0.0088,0.0093,-0.0252,0.029,-0.0542,0.0059,0.0062,0.0049,-0.0138,-0.0089,0.0345,0.0361,0.0499,Robyn.Regehr,D,0.0065,-0.0393
8474138,0.007,-0.0217,0.0287,0.0731,0.0769,0.0036,-0.0037,0.0074,0.022,0.0232,0.0022,-0.0098,0.0121,0.0323,0.0341,0.0026,-0.001,0.0035,0.0088,0.0093,0.0013,-0.0002,0.0015,0.0059,0.0062,0.0046,-0.0136,-0.009,0.0374,0.0393,0.0543,Dustin.Jeffrey,F,0.0136,-0.0423
8481609,-0.0011,0.0049,-0.006,0.0693,0.0721,-0.2155,0.3993,-0.6148,0.022,0.0232,-0.1003,0.0391,-0.1394,0.0323,0.034,0.2766,-0.1124,0.389,0.0088,0.0093,0.6981,0.173,0.5251,0.0059,0.0062,-0.0663,0.0573,-0.009,0.0355,0.037,0.0513,Vladislav.Kolyachonok,D,0.023,0.0101
8478846,0.0215,-0.041,0.0626,0.0664,0.0692,-0.1277,0.1238,-0.2515,0.022,0.0232,0.1148,-0.1078,0.2226,0.0323,0.034,-0.0864,-0.0097,-0.0767,0.0088,0.0093,-0.3882,0.2516,-0.6398,0.0059,0.0062,0.0272,-0.0363,-0.0091,0.0341,0.0356,0.0493,Christian.Wolanin,D,0.0358,-0.0563
8477916,-0.0134,-0.0001,-0.0132,0.0727,0.0764,-0.0045,-0.0011,-0.0034,0.022,0.0232,-0.0058,-0.0003,-0.0055,0.0323,0.0341,0.0001,0.0002,-0.0,0.0088,0.0093,0.0001,0.0034,-0.0032,0.0059,0.0062,-0.0086,-0.0004,-0.0091,0.0372,0.0391,0.054,Borna.Rendulic,F,-0.0259,0.0
8482125,0.0154,-0.0306,0.046,0.0694,0.0723,0.3506,-0.3508,0.7014,0.022,0.0232,-0.0562,0.0884,-0.1446,0.0323,0.034,0.0605,-0.1169,0.1774,0.0088,0.0093,0.5311,-0.3999,0.931,0.0059,0.0062,0.0303,-0.0395,-0.0092,0.0356,0.0371,0.0514,Alexander.Holtz,F,0.0237,-0.0727
8477887,-0.0273,0.0098,-0.0371,0.0652,0.0672,-0.4428,0.1465,-0.5893,0.022,0.0232,0.0923,0.1149,-0.0226,0.0323,0.034,-0.1287,-0.0542,-0.0745,0.0088,0.0093,-0.9077,0.6719,-1.5796,0.0059,0.0062,-0.0312,0.022,-0.0092,0.0335,0.0346,0.0482,Patrick.Brown,F,-0.0166,0.039
8482877,0.0004,-0.0002,0.0006,0.0725,0.0765,0.025,-0.0403,0.0653,0.022,0.0232,0.0002,-0.0064,0.0066,0.0323,0.0341,-0.0355,0.012,-0.0475,0.0088,0.0093,0.0866,0.0246,0.062,0.0059,0.0062,-0.0016,-0.0078,-0.0094,0.0371,0.0391,0.0539,,?,0.0,0.0
8483499,-0.0049,-0.009,0.0041,0.0696,0.0729,0.4745,-0.324,0.7984,0.022,0.0232,-0.0715,-0.0616,-0.01,0.0323,0.034,0.0085,0.3876,-0.3792,0.0088,0.0093,0.5497,-0.0625,0.6123,0.0059,0.0062,0.0315,-0.0409,-0.0094,0.0357,0.0374,0.0517,,F,0.0145,0.001
8479206,-0.0176,0.0147,-0.0322,0.0705,0.0734,-0.0752,0.0258,-0.101,0.022,0.0232,-0.0121,0.0082,-0.0202,0.0323,0.034,0.0062,-0.0147,0.021,0.0088,0.0093,-0.0567,0.0391,-0.0958,0.0059,0.0062,-0.0201,0.0106,-0.0095,0.0361,0.0376,0.0521,Tanner.Fritz,F,-0.0291,0.0262
8480186,-0.001,-0.0042,0.0031,0.0709,0.074,0.0093,-0.0332,0.0425,0.022,0.0232,0.0022,-0.0074,0.0096,0.0323,0.034,0.0232,-0.0228,0.046,0.0088,0.0093,-0.0274,0.0826,-0.11,0.0059,0.0062,0.0039,-0.0134,-0.0095,0.0363,0.0379,0.0525,Alexander.Volkov,F,-0.0007,-0.0071
8471752,0.0174,-0.0308,0.0481,0.0731,0.0771,0.0034,-0.01,0.0134,0.022,0.0232,0.0073,-0.0138,0.0211,0.0323,0.0341,0.0023,-0.0064,0.0087,0.0088,0.0093,-0.0047,0.0068,-0.0115,0.0059,0.0062,0.0111,-0.0206,-0.0095,0.0374,0.0394,0.0543,Marc.Andre.Gragnani,D,0.0338,-0.0596
8478831,0.0199,-0.0429,0.0628,0.0618,0.0644,0.1046,-0.41,0.5146,0.022,0.0232,-0.0764,0.1568,-0.2332,0.0323,0.034,0.0455,-0.3527,0.3982,0.0088,0.0093,-0.5991,-0.6133,0.0143,0.0059,0.0062,0.0355,-0.0451,-0.0096,0.0319,0.0332,0.0461,Kevin.Stenlund,F,0.0001,0.0112
8477931,0.0791,-0.042,0.1211,0.0545,0.0563,-0.8608,0.408,-1.2688,0.0219,0.0231,0.5294,-0.3258,0.8552,0.0323,0.034,0.4384,-0.8972,1.3356,0.0088,0.0093,-1.9625,1.3988,-3.3613,0.0059,0.0062,0.1317,-0.1413,-0.0096,0.0284,0.0293,0.0408,Tomas.Nosek,F,0.0274,0.0164
8482787,-0.0014,0.0013,-0.0028,0.0728,0.0768,0.0132,-0.0173,0.0304,0.022,0.0232,-0.0145,0.0077,-0.0222,0.0323,0.0341,0.0017,-0.0116,0.0133,0.0088,0.0093,0.1297,0.0447,0.0851,0.0059,0.0062,-0.007,-0.0027,-0.0097,0.0372,0.0393,0.0541,,F,0.0,0.0
8477973,0.0024,-0.0076,0.01,0.0709,0.0741,-0.0503,-0.0174,-0.033,0.022,0.0232,0.009,-0.0142,0.0232,0.0323,0.034,0.0475,0.0085,0.039,0.0088,0.0093,-0.0666,0.0459,-0.1125,0.0059,0.0062,0.0011,-0.0109,-0.0097,0.0363,0.038,0.0525,Vladislav.Kamenev,F,0.01,-0.0143
8475247,-0.006,-0.0078,0.0018,0.069,0.0725,-0.0301,0.0177,-0.0478,0.022,0.0232,-0.0027,-0.0092,0.0065,0.0323,0.034,0.0329,-0.0081,0.041,0.0088,0.0093,-0.0447,0.0436,-0.0884,0.0059,0.0062,-0.0043,-0.0055,-0.0098,0.0354,0.0372,0.0513,Michael.Latta,F,-0.0125,-0.0156
8474707,0.0212,-0.03,0.0512,0.0713,0.0748,-0.0019,-0.0066,0.0048,0.022,0.0232,0.0131,-0.0218,0.0349,0.0323,0.0341,-0.0097,-0.0064,-0.0033,0.0088,0.0093,-0.0143,0.0466,-0.0609,0.0059,0.0062,0.0132,-0.023,-0.0098,0.0365,0.0383,0.0529,Philip.Larsen,D,0.0416,-0.0568
8478147,-0.0009,-0.0019,0.0009,0.073,0.0769,-0.003,-0.0277,0.0248,0.022,0.0232,-0.0014,-0.0136,0.0122,0.0323,0.0341,0.0066,0.0203,-0.0138,0.0088,0.0093,0.0185,0.0338,-0.0153,0.0059,0.0062,-0.0016,-0.0082,-0.0098,0.0373,0.0393,0.0542,Bokondji.Imama,F,0.0,0.0
8480948,0.0165,-0.0269,0.0434,0.0711,0.0743,-0.0089,0.0021,-0.011,0.022,0.0232,-0.002,-0.0048,0.0029,0.0323,0.034,0.0064,-0.0037,0.0102,0.0088,0.0093,0.0789,-0.0238,0.1027,0.0059,0.0062,0.0037,-0.0135,-0.0098,0.0364,0.0381,0.0527,Egor.Yakovlev,D,0.0351,-0.0554
8480825,-0.0091,-0.0111,0.002,0.0732,0.0772,0.0196,-0.0092,0.0288,0.022,0.0232,-0.0048,-0.0041,-0.0007,0.0323,0.0341,-0.0091,0.0041,-0.0132,0.0088,0.0093,0.0255,-0.0489,0.0744,0.0059,0.0062,-0.0042,-0.0056,-0.0099,0.0374,0.0395,0.0544,,F,-0.0168,-0.0227
8471636,-0.017,0.0022,-0.0193,0.0729,0.0767,-0.0051,0.0002,-0.0053,0.022,0.0232,-0.0066,-0.0001,-0.0065,0.0323,0.0341,-0.0026,0.0004,-0.003,0.0088,0.0093,-0.0002,0.0031,-0.0033,0.0059,0.0062,-0.0109,0.001,-0.0099,0.0373,0.0392,0.0541,Tim.Sestito,F,-0.0331,0.0044
8478417,-0.0054,-0.025,0.0196,0.0713,0.0747,-0.022,0.0262,-0.0482,0.022,0.0232,0.0024,0.0069,-0.0045,0.0323,0.034,0.019,-0.0468,0.0658,0.0088,0.0093,-0.0026,-0.1014,0.0987,0.0059,0.0062,-0.0042,-0.0058,-0.01,0.0365,0.0383,0.0529,Jakob.Forsbacka.Karlsson,F,-0.0109,-0.0517
8475174,0.0032,-0.0029,0.006,0.0662,0.0683,0.0471,-0.0634,0.1105,0.022,0.0232,0.0115,-0.0596,0.0711,0.0323,0.034,0.0891,0.0034,0.0856,0.0088,0.0093,-0.246,0.319,-0.565,0.0059,0.0062,0.0264,-0.0366,-0.0102,0.034,0.0351,0.0489,Jared.Cowen,D,0.0097,-0.0064
8468611,-0.0287,0.0237,-0.0524,0.0613,0.0626,-0.3627,0.2836,-0.6462,0.022,0.0231,-0.0505,0.0453,-0.0958,0.0323,0.034,0.3268,0.0915,0.2353,0.0088,0.0093,0.0552,0.4404,-0.3852,0.0059,0.0062,-0.0625,0.0522,-0.0102,0.0316,0.0324,0.0453,Matt.Hendricks,F,0.001,0.0285
8479358,-0.0175,0.0082,-0.0258,0.0723,0.0757,-0.0289,0.0193,-0.0482,0.022,0.0232,-0.0085,0.001,-0.0095,0.0323,0.0341,0.008,-0.0009,0.0089,0.0088,0.0093,0.009,0.0629,-0.0539,0.0059,0.0062,-0.0148,0.0046,-0.0102,0.037,0.0387,0.0536,Carsen.Twarynski,F,-0.0328,0.0167
8481848,-0.0008,-0.0001,-0.0006,0.0732,0.0773,0.005,-0.0572,0.0622,0.022,0.0232,-0.0015,-0.0053,0.0039,0.0323,0.0341,-0.0102,0.0095,-0.0197,0.0088,0.0093,-0.0001,0.0125,-0.0126,0.0059,0.0062,-0.0006,-0.0097,-0.0103,0.0374,0.0395,0.0544,,F,0.0,0.0
8483553,-0.001,0.0116,-0.0127,0.071,0.0743,0.0966,-0.1329,0.2295,0.022,0.0232,-0.0566,-0.0164,-0.0402,0.0323,0.034,0.1059,0.0169,0.0889,0.0088,0.0093,-0.2354,0.277,-0.5124,0.0059,0.0062,0.0173,-0.0278,-0.0105,0.0364,0.0381,0.0526,,F,0.0051,0.0444
8474038,-0.0582,0.0225,-0.0807,0.0507,0.0523,-0.1577,0.3471,-0.5049,0.0219,0.0231,-0.015,-0.0064,-0.0086,0.0322,0.034,-0.0694,0.0549,-0.1243,0.0088,0.0093,0.9862,-0.5985,1.5847,0.0059,0.0062,-0.0997,0.0891,-0.0105,0.0265,0.0274,0.0382,Paul.Byron,F,0.0058,-0.002
8476370,-0.0143,-0.0043,-0.0101,0.0713,0.0741,-0.035,0.027,-0.062,0.022,0.0232,-0.0049,-0.0018,-0.0031,0.0323,0.034,0.0106,0.0108,-0.0002,0.0088,0.0093,-0.0631,0.0602,-0.1233,0.0059,0.0062,-0.0103,-0.0003,-0.0106,0.0365,0.038,0.0527,Blake.Pietila,F,-0.0264,-0.0117
8471490,0.0016,-0.0012,0.0027,0.0656,0.0679,-0.1827,0.2173,-0.4,0.022,0.0232,-0.0072,-0.0027,-0.0045,0.0323,0.034,-0.0359,-0.0973,0.0614,0.0088,0.0093,-0.2026,0.3494,-0.5519,0.0059,0.0062,-0.0222,0.0116,-0.0107,0.0337,0.0349,0.0486,Adam.Cracknell,F,0.0136,0.0018
8467452,-0.0049,-0.0068,0.0019,0.0625,0.065,-0.084,0.2392,-0.3232,0.022,0.0232,0.0463,-0.0569,0.1032,0.0323,0.034,-0.0991,0.0801,-0.1792,0.0088,0.0093,0.0992,0.5164,-0.4171,0.0059,0.0062,-0.0148,0.0041,-0.0107,0.0322,0.0335,0.0465,Rob.Scuderi,D,0.0,-0.0239
8471348,0.0189,-0.0105,0.0294,0.0684,0.0716,-0.0689,-0.0092,-0.0597,0.022,0.0232,0.0152,-0.0099,0.0251,0.0323,0.034,-0.0092,-0.0089,-0.0003,0.0088,0.0093,0.037,0.0441,-0.0071,0.0059,0.0062,0.0004,-0.0111,-0.0107,0.0351,0.0367,0.0508,Nikita.Nikitin,D,0.04,-0.0203
8469542,-0.0078,-0.009,0.0012,0.0729,0.0769,-0.0033,-0.0029,-0.0004,0.022,0.0232,-0.0034,-0.0035,0.0002,0.0323,0.0341,0.0006,-0.0001,0.0007,0.0088,0.0093,-0.0031,0.0019,-0.005,0.0059,0.0062,-0.005,-0.0058,-0.0108,0.0373,0.0393,0.0542,Stephane.Veilleux,F,-0.015,-0.0175
8482192,0.0159,-0.0247,0.0405,0.0713,0.0749,-0.1003,-0.0573,-0.043,0.022,0.0232,0.0001,-0.0256,0.0257,0.0323,0.0341,0.105,0.0767,0.0284,0.0088,0.0093,-0.3412,0.0432,-0.3844,0.0059,0.0062,0.0129,-0.0237,-0.0108,0.0365,0.0384,0.053,Isaak.Phillips,D,0.0354,-0.0363
8481537,0.0081,0.0097,-0.0016,0.0721,0.0759,-0.0283,-0.0501,0.0218,0.022,0.0232,-0.0008,-0.0061,0.0053,0.0323,0.0341,0.0137,-0.0007,0.0143,0.0088,0.0093,0.073,0.1082,-0.0352,0.0059,0.0062,-0.0025,-0.0084,-0.0108,0.0369,0.0388,0.0536,Nikita.Okhotiuk,D,0.0154,0.0208
8484958,0.006,0.0066,-0.0007,0.0715,0.0748,0.0117,-0.1181,0.1298,0.022,0.0232,0.0129,0.0232,-0.0103,0.0323,0.0341,-0.1369,0.1359,-0.2728,0.0088,0.0093,0.5273,-0.3014,0.8286,0.0059,0.0062,-0.0217,0.0109,-0.0108,0.0366,0.0383,0.053,,F,0.0127,0.0096
8483463,-0.0009,-0.0004,-0.0005,0.073,0.0769,-0.0106,-0.0185,0.0079,0.022,0.0232,0.0002,0.0002,-0.0001,0.0323,0.0341,-0.0188,-0.0242,0.0055,0.0088,0.0093,0.0778,0.0067,0.0711,0.0059,0.0062,-0.0062,-0.0047,-0.0109,0.0373,0.0393,0.0542,,?,0.0,0.0
8482111,0.0512,-0.0357,0.0869,0.0656,0.0681,0.1149,-0.1885,0.3034,0.022,0.0232,-0.2674,0.1185,-0.3859,0.0323,0.034,-0.0945,0.2484,-0.3428,0.0088,0.0093,0.3578,-0.7551,1.1129,0.0059,0.0062,-0.036,0.0251,-0.0109,0.0337,0.035,0.0486,Justin.Barron,D,0.0366,-0.0221
8479362,-0.0006,0.0006,-0.0012,0.0725,0.0761,-0.0394,-0.0001,-0.0393,0.022,0.0232,-0.0061,-0.0134,0.0073,0.0323,0.0341,0.006,0.0124,-0.0064,0.0088,0.0093,0.0727,-0.0255,0.0982,0.0059,0.0062,-0.0101,-0.0009,-0.011,0.0371,0.0389,0.0538,Riley.Tufte,F,0.0,0.0
8480955,0.0075,-0.0314,0.0389,0.0705,0.0742,0.0093,-0.0105,0.0198,0.022,0.0232,0.0067,-0.0154,0.0221,0.0323,0.034,0.0137,0.0037,0.01,0.0088,0.0093,-0.0932,0.0446,-0.1379,0.0059,0.0062,0.0112,-0.0222,-0.0111,0.0361,0.038,0.0524,Bogdan.Kiselevich,D,0.0157,-0.064
8482641,0.0173,0.014,0.0034,0.0701,0.0737,-0.1958,0.0178,-0.2136,0.022,0.0232,0.0426,-0.0229,0.0655,0.0323,0.034,-0.0397,-0.1065,0.0668,0.0088,0.0093,-0.1063,-0.0045,-0.1018,0.0059,0.0062,-0.0095,-0.0016,-0.0111,0.0359,0.0378,0.0521,Matt.Kiersted,D,0.0312,0.0256
8475119,-0.021,0.0055,-0.0265,0.0706,0.0737,-0.0371,0.0318,-0.0689,0.022,0.0232,-0.0056,0.0016,-0.0071,0.0323,0.034,0.0021,-0.0122,0.0143,0.0088,0.0093,-0.029,0.0585,-0.0876,0.0059,0.0062,-0.016,0.0048,-0.0112,0.0362,0.0378,0.0523,Zach.Sill,F,-0.0398,0.0094
8473588,-0.0025,0.0214,-0.0239,0.0652,0.0686,-0.0583,-0.0482,-0.0102,0.022,0.0232,0.0195,-0.0222,0.0417,0.0323,0.034,-0.0572,-0.0515,-0.0057,0.0088,0.0093,-0.0609,0.0007,-0.0616,0.0059,0.0062,-0.0067,-0.0045,-0.0112,0.0335,0.0353,0.0487,Erik.Condra,F,0.0074,0.0365
8481550,0.0092,-0.0131,0.0223,0.0726,0.0765,-0.0402,0.012,-0.0522,0.022,0.0232,0.004,-0.0119,0.0158,0.0323,0.0341,-0.0042,-0.0271,0.0229,0.0088,0.0093,-0.0517,0.0856,-0.1373,0.0059,0.0062,0.0013,-0.0124,-0.0112,0.0371,0.0391,0.054,Adam.Beckman,F,0.0192,-0.0245
8477415,0.0046,0.0025,0.0021,0.0655,0.0684,-0.1571,0.2344,-0.3915,0.022,0.0232,-0.0526,-0.0248,-0.0278,0.0323,0.034,0.1558,-0.0683,0.2241,0.0088,0.0093,0.3378,0.0285,0.3093,0.0059,0.0062,-0.037,0.0257,-0.0113,0.0337,0.0352,0.0487,Anton.Slepyshev,F,0.0248,0.0122
8478031,0.0078,-0.0243,0.032,0.0726,0.0764,0.0013,-0.0073,0.0087,0.022,0.0232,0.0052,-0.0132,0.0184,0.0323,0.0341,-0.0004,0.0002,-0.0007,0.0088,0.0093,0.0028,0.0065,-0.0037,0.0059,0.0062,0.0051,-0.0164,-0.0113,0.0371,0.0391,0.0539,Nelson.Nogier,D,0.0149,-0.0465
8478078,0.0046,-0.0122,0.0168,0.0717,0.0754,-0.0916,0.0633,-0.1549,0.022,0.0232,-0.0102,0.0024,-0.0125,0.0323,0.0341,0.0034,0.0086,-0.0051,0.0088,0.0093,-0.0318,0.088,-0.1198,0.0059,0.0062,-0.0122,0.0009,-0.0113,0.0367,0.0386,0.0533,Rourke.Chartier,F,0.0106,-0.0248
8480943,0.0022,0.0048,-0.0026,0.0683,0.072,-0.089,0.0482,-0.1372,0.022,0.0232,-0.045,-0.0137,-0.0313,0.0323,0.034,-0.0295,-0.0005,-0.0291,0.0088,0.0093,-0.1091,-0.0426,-0.0665,0.0059,0.0062,-0.0196,0.0083,-0.0113,0.035,0.0369,0.0509,Igor.Ozhiganov,D,0.0152,0.0073
8467493,0.0048,-0.0139,0.0187,0.0659,0.068,-0.1364,0.07,-0.2064,0.022,0.0232,0.0245,-0.0339,0.0585,0.0323,0.034,-0.0218,0.0055,-0.0272,0.0088,0.0093,-0.1975,0.0407,-0.2382,0.0059,0.0062,-0.0061,-0.0052,-0.0113,0.0339,0.035,0.0487,Chris.Neil,F,0.0161,-0.033
8480865,0.0011,0.0209,-0.0198,0.0519,0.0527,0.4191,-0.1108,0.5299,0.0219,0.0231,-0.0515,-0.1305,0.079,0.0322,0.034,0.0363,-0.0242,0.0604,0.0088,0.0093,0.3232,0.4168,-0.0935,0.0059,0.0062,0.0413,-0.053,-0.0117,0.0271,0.0276,0.0387,Noah.Dobson,D,0.0742,0.0112
8482624,0.0292,-0.0173,0.0466,0.0711,0.0747,-0.0893,-0.0013,-0.088,0.022,0.0232,0.0003,-0.0376,0.0378,0.0323,0.0341,0.1626,-0.0543,0.217,0.0088,0.0093,-0.1772,0.2419,-0.4191,0.0059,0.0062,0.0181,-0.0301,-0.0119,0.0364,0.0383,0.0528,Daniil.Miromanov,D,0.0557,-0.032
8479533,-0.0252,0.0066,-0.0318,0.0725,0.0762,-0.0029,0.0109,-0.0138,0.022,0.0232,-0.0298,0.0141,-0.0439,0.0323,0.0341,0.0501,-0.0431,0.0932,0.0088,0.0093,0.0602,-0.0406,0.1009,0.0059,0.0062,-0.019,0.0071,-0.0119,0.0371,0.039,0.0538,Joona.Koppanen,F,-0.047,0.0111
8476877,0.0065,-0.0177,0.0242,0.0708,0.0739,-0.0469,-0.003,-0.0438,0.022,0.0232,0.0157,-0.0111,0.0267,0.0323,0.034,-0.0141,-0.0024,-0.0117,0.0088,0.0093,-0.0965,0.0666,-0.1632,0.0059,0.0062,0.0027,-0.0146,-0.0119,0.0363,0.0379,0.0524,Jordan.Schmaltz,D,0.012,-0.0357
8460542,0.0269,-0.021,0.048,0.0686,0.0717,-0.0181,-0.0135,-0.0046,0.022,0.0232,0.015,-0.0377,0.0527,0.0323,0.034,0.0105,-0.0396,0.0501,0.0088,0.0093,-0.0099,0.0973,-0.1072,0.0059,0.0062,0.0151,-0.0271,-0.012,0.0352,0.0368,0.0509,Patrik.Elias,F,0.0534,-0.0378
8482101,0.0087,-0.0277,0.0364,0.0732,0.0772,-0.0011,-0.0094,0.0084,0.022,0.0232,0.003,-0.0131,0.0161,0.0323,0.0341,0.0093,-0.0063,0.0156,0.0088,0.0093,-0.0101,-0.016,0.0059,0.0059,0.0062,0.0058,-0.0179,-0.0121,0.0374,0.0395,0.0544,Danil.Gushchin,F,0.0172,-0.0538
8475260,-0.008,-0.013,0.005,0.0714,0.0744,-0.0246,0.034,-0.0585,0.022,0.0232,-0.0002,-0.0008,0.0006,0.0323,0.034,0.0236,-0.0258,0.0494,0.0088,0.0093,-0.0231,0.0899,-0.113,0.0059,0.0062,-0.0054,-0.0067,-0.0121,0.0366,0.0381,0.0528,Corban.Knight,F,-0.0148,-0.027
8469470,0.0196,-0.018,0.0377,0.0678,0.0712,-0.0558,0.0067,-0.0625,0.022,0.0232,0.0176,-0.019,0.0366,0.0323,0.034,0.002,-0.0292,0.0313,0.0088,0.0093,-0.1033,0.1988,-0.3021,0.0059,0.0062,0.0096,-0.0219,-0.0123,0.0348,0.0365,0.0505,Carlo.Colaiacovo,D,0.0414,-0.0339
8481563,0.0098,0.029,-0.0193,0.0678,0.071,0.3369,-0.2385,0.5754,0.022,0.0232,-0.2013,0.1218,-0.3232,0.0323,0.034,-0.233,-0.1356,-0.0974,0.0088,0.0093,0.2193,-0.0483,0.2676,0.0059,0.0062,-0.0116,-0.0007,-0.0123,0.0348,0.0365,0.0504,Drew.Helleson,D,0.0213,0.0146
8482807,0.0074,-0.0051,0.0125,0.0727,0.0766,0.0272,-0.0504,0.0776,0.022,0.0232,-0.0054,-0.0182,0.0128,0.0323,0.0341,-0.0375,-0.014,-0.0235,0.0088,0.0093,-0.0082,0.0541,-0.0622,0.0059,0.0062,0.0047,-0.0171,-0.0124,0.0372,0.0392,0.054,,D,0.0145,-0.0071
8482103,0.0056,0.0176,-0.012,0.0708,0.0748,0.1199,-0.3365,0.4563,0.022,0.0232,0.0053,-0.0114,0.0167,0.0323,0.0341,-0.0374,0.0496,-0.0871,0.0088,0.0093,-0.1765,-0.0504,-0.126,0.0059,0.0062,0.0268,-0.0392,-0.0124,0.0363,0.0383,0.0527,,F,-0.0167,0.0463
8471331,-0.0101,-0.0077,-0.0024,0.0713,0.0748,-0.0215,0.0041,-0.0256,0.022,0.0232,-0.0028,-0.007,0.0042,0.0323,0.0341,-0.0085,0.0104,-0.0189,0.0088,0.0093,-0.0171,-0.0105,-0.0065,0.0059,0.0062,-0.0087,-0.0037,-0.0124,0.0365,0.0383,0.0529,Kevin.Porter,F,-0.0191,-0.0158
8471231,-0.0094,-0.0154,0.006,0.0659,0.0679,-0.1931,0.1379,-0.331,0.022,0.0232,0.0231,-0.0052,0.0283,0.0323,0.034,0.0493,-0.1075,0.1568,0.0088,0.0093,-0.478,0.2861,-0.764,0.0059,0.0062,-0.0065,-0.0061,-0.0126,0.0339,0.0349,0.0487,Kyle.Chipchura,F,-0.0163,-0.0309
8470654,0.006,-0.0112,0.0172,0.0699,0.0724,-0.0234,-0.0132,-0.0102,0.022,0.0232,0.0138,-0.0145,0.0283,0.0323,0.034,0.0078,-0.0343,0.0422,0.0088,0.0093,-0.0733,0.1434,-0.2167,0.0059,0.0062,0.0059,-0.0186,-0.0126,0.0358,0.0371,0.0516,Maxim.Lapierre,F,0.0124,-0.0202
8481178,0.0269,0.0257,0.0012,0.0679,0.071,-0.3227,-0.0309,-0.2918,0.022,0.0232,-0.0254,0.2038,-0.2292,0.0323,0.034,-0.2265,-0.2659,0.0395,0.0088,0.0093,-0.0799,-0.0321,-0.0479,0.0059,0.0062,-0.0509,0.0384,-0.0126,0.0348,0.0365,0.0504,Egor.Zamula,D,0.0135,0.0427
8476947,0.0176,-0.0196,0.0372,0.0707,0.0747,-0.1005,0.0575,-0.158,0.022,0.0232,-0.0061,-0.0336,0.0275,0.0323,0.034,0.0346,0.0198,0.0148,0.0088,0.0093,-0.0024,-0.0048,0.0024,0.0059,0.0062,-0.0054,-0.0072,-0.0126,0.0362,0.0383,0.0527,Nikolai.Prokhorkin,F,0.0344,-0.0344
8476289,-0.0013,-0.0078,0.0066,0.0642,0.0668,-0.0109,0.09,-0.1009,0.022,0.0232,0.0361,-0.0912,0.1273,0.0323,0.034,-0.0049,-0.0483,0.0434,0.0088,0.0093,-0.2972,0.4112,-0.7085,0.0059,0.0062,0.0173,-0.0298,-0.0126,0.033,0.0344,0.0477,Alexey.Marchenko,D,0.009,-0.0176
8481004,-0.0158,-0.0089,-0.0068,0.0724,0.0761,-0.021,0.0397,-0.0607,0.022,0.0232,-0.0045,-0.0059,0.0014,0.0323,0.0341,-0.0329,0.0083,-0.0412,0.0088,0.0093,-0.0164,-0.0023,-0.0141,0.0059,0.0062,-0.0134,0.0008,-0.0126,0.037,0.0389,0.0537,Josiah.Slavin,F,-0.0309,-0.0189
8481701,0.0115,-0.0195,0.031,0.0727,0.0764,-0.0,-0.0303,0.0303,0.022,0.0232,0.0013,-0.0155,0.0168,0.0323,0.0341,0.0187,0.0138,0.0049,0.0088,0.0093,-0.0058,0.0767,-0.0825,0.0059,0.0062,0.0074,-0.0199,-0.0126,0.0372,0.0391,0.054,Santeri.Hatakka,D,0.0226,-0.0354
8474584,-0.006,0.0052,-0.0112,0.0491,0.0494,0.265,0.1335,0.1315,0.0219,0.023,0.6436,-0.8763,1.5198,0.0322,0.034,-0.1622,0.2218,-0.3839,0.0088,0.0093,-0.2362,0.8488,-1.085,0.0059,0.0062,0.1781,-0.1908,-0.0127,0.0258,0.026,0.0366,Michael.Del.Zotto,D,0.0435,-0.0223
8480940,0.0191,-0.0434,0.0625,0.0723,0.0759,0.0139,-0.0158,0.0297,0.022,0.0232,0.0063,-0.0171,0.0234,0.0323,0.0341,0.0204,-0.0169,0.0373,0.0088,0.0093,-0.0213,-0.024,0.0028,0.0059,0.0062,0.0151,-0.0279,-0.0128,0.037,0.0388,0.0536,Joel.Persson,D,0.0373,-0.0852
8476545,-0.0247,-0.003,-0.0217,0.0717,0.0745,0.0032,0.0567,-0.0535,0.022,0.0232,-0.0129,-0.0016,-0.0113,0.0323,0.034,-0.0012,0.0226,-0.0238,0.0088,0.0093,0.0252,0.1333,-0.1082,0.0059,0.0062,-0.0158,0.0027,-0.0131,0.0367,0.0382,0.0529,Kurtis.Gabriel,F,-0.0476,-0.0099
8474066,0.0037,0.0179,-0.0141,0.0513,0.0522,-0.2562,0.2706,-0.5268,0.0219,0.0231,0.1438,-0.201,0.3449,0.0322,0.034,0.2557,-0.5861,0.8419,0.0088,0.0093,-0.7175,0.5586,-1.2762,0.0059,0.0062,0.0391,-0.0522,-0.0131,0.0268,0.0274,0.0383,Thomas.Hickey,D,0.0294,0.0296
8471663,-0.001,-0.0185,0.0176,0.0723,0.0762,-0.0011,-0.0034,0.0023,0.022,0.0232,-0.0006,-0.0092,0.0086,0.0323,0.0341,0.0,-0.0021,0.0021,0.0088,0.0093,-0.007,0.0173,-0.0243,0.0059,0.0062,-0.0005,-0.0126,-0.0131,0.037,0.039,0.0537,Mike.Blunden,F,-0.002,-0.0357
8480823,-0.0068,0.0501,-0.0569,0.0701,0.0732,-0.0377,0.0861,-0.1238,0.022,0.0232,-0.0578,-0.0169,-0.0409,0.0323,0.034,0.3044,-0.0767,0.3811,0.0088,0.0093,0.4616,0.5243,-0.0627,0.0059,0.0062,-0.022,0.0087,-0.0133,0.0359,0.0375,0.0519,Alexander.Alexeyev,D,0.0072,0.0843
8484325,-0.0097,-0.0143,0.0046,0.0728,0.0768,-0.0347,0.0261,-0.0608,0.022,0.0232,-0.0041,-0.0083,0.0042,0.0323,0.0341,0.0091,0.0035,0.0055,0.0088,0.0093,-0.0652,0.0265,-0.0917,0.0059,0.0062,-0.0078,-0.0059,-0.0137,0.0372,0.0393,0.0541,Waltteri.Merela,F,-0.0184,-0.0273
8476323,0.0112,0.0073,0.0039,0.069,0.0718,-0.1655,0.1295,-0.2949,0.022,0.0232,0.0066,-0.0017,0.0082,0.0323,0.034,0.0131,-0.0539,0.0669,0.0088,0.0093,0.1525,0.2522,-0.0996,0.0059,0.0062,-0.0231,0.0094,-0.0137,0.0354,0.0368,0.0511,Max.McCormick,F,0.0343,0.0081
8471346,-0.0026,-0.0055,0.0029,0.058,0.0612,-0.171,0.2358,-0.4068,0.0219,0.0231,-0.0166,-0.1057,0.0891,0.0323,0.034,0.4299,-0.3739,0.8038,0.0088,0.0093,-0.7273,0.6218,-1.3492,0.0059,0.0062,0.0243,-0.0379,-0.0137,0.03,0.0317,0.0437,Kris.Versteeg,F,0.0472,-0.0101
8476772,-0.0139,-0.0071,-0.0068,0.0724,0.076,-0.005,0.0005,-0.0055,0.022,0.0232,-0.0057,-0.0042,-0.0016,0.0323,0.0341,-0.0028,-0.0006,-0.0022,0.0088,0.0093,-0.0036,0.007,-0.0106,0.0059,0.0062,-0.009,-0.0047,-0.0137,0.037,0.0389,0.0537,Brian.O'Neill,F,-0.0273,-0.0138
8480828,-0.0028,-0.0133,0.0105,0.0729,0.0768,0.0124,-0.0364,0.0488,0.022,0.0232,0.0007,-0.005,0.0056,0.0323,0.0341,-0.0104,0.0125,-0.0229,0.0088,0.0093,0.058,-0.0244,0.0824,0.0059,0.0062,-0.0023,-0.0115,-0.0138,0.0373,0.0393,0.0542,,D,-0.0074,-0.0236
8477997,0.0113,-0.0062,0.0175,0.0671,0.0694,-0.0801,0.0563,-0.1364,0.022,0.0232,0.0054,-0.0506,0.056,0.0323,0.034,0.0877,-0.0257,0.1134,0.0088,0.0093,-0.1102,0.2736,-0.3839,0.0059,0.0062,0.0045,-0.0183,-0.0138,0.0345,0.0357,0.0496,Nikita.Tryamkin,D,0.0213,-0.0064
8475150,0.0012,-0.0225,0.0237,0.0722,0.0754,-0.0054,-0.0026,-0.0028,0.022,0.0232,0.0008,-0.0101,0.0109,0.0323,0.0341,0.0065,-0.0032,0.0097,0.0088,0.0093,-0.0136,0.0187,-0.0322,0.0059,0.0062,0.0009,-0.0148,-0.0139,0.0369,0.0386,0.0534,Jordan.Caron,F,0.0025,-0.0441
8480834,0.018,0.0069,0.011,0.0673,0.0702,-0.2503,-0.2616,0.0112,0.022,0.0232,-0.0941,0.2257,-0.3198,0.0323,0.034,-0.636,0.1771,-0.8131,0.0088,0.0093,-0.3014,-0.9243,0.6228,0.0059,0.0062,-0.0754,0.0615,-0.0139,0.0346,0.0361,0.0499,Ty.Emberson,D,0.0191,0.0462
8467977,0.0044,-0.0258,0.0301,0.073,0.0769,-0.0002,-0.0071,0.0068,0.022,0.0232,0.0018,-0.0111,0.0129,0.0323,0.0341,0.002,-0.0025,0.0045,0.0088,0.0093,-0.0026,0.0025,-0.005,0.0059,0.0062,0.0028,-0.0167,-0.0139,0.0373,0.0393,0.0542,Brian.McGrattan,F,0.0085,-0.05
8480822,0.0088,-0.0168,0.0256,0.0706,0.0741,-0.0496,0.0616,-0.1112,0.022,0.0232,-0.0139,-0.0297,0.0158,0.0323,0.034,0.0907,-0.0457,0.1365,0.0088,0.0093,-0.1294,0.2537,-0.3831,0.0059,0.0062,0.0045,-0.0186,-0.0141,0.0362,0.038,0.0524,Martin.Kaut,F,0.0177,-0.0339
8484901,0.0001,-0.0009,0.001,0.0728,0.0766,-0.0198,-0.0108,-0.009,0.022,0.0232,-0.0036,-0.0051,0.0015,0.0323,0.0341,-0.0317,0.0301,-0.0618,0.0088,0.0093,0.0925,0.0841,0.0084,0.0059,0.0062,-0.0093,-0.0047,-0.0141,0.0372,0.0392,0.0541,,?,0.0,0.0
8475732,0.01,-0.0301,0.0401,0.0723,0.0764,-0.0009,-0.0091,0.0083,0.022,0.0232,0.0045,-0.0131,0.0177,0.0323,0.0341,0.003,-0.0093,0.0123,0.0088,0.0093,0.0036,0.0053,-0.0017,0.0059,0.0062,0.0059,-0.0201,-0.0142,0.037,0.0391,0.0538,Danny.Biega,D,0.0195,-0.0583
8477996,0.0069,0.0356,-0.0286,0.0643,0.0659,-0.2495,0.0871,-0.3367,0.022,0.0232,0.3583,-0.1552,0.5135,0.0323,0.034,-0.2415,-0.0999,-0.1417,0.0088,0.0093,-0.2993,1.1834,-1.4828,0.0059,0.0062,0.0423,-0.0566,-0.0143,0.0331,0.034,0.0474,Juho.Lammikko,F,-0.0134,0.0061
8479338,0.0043,-0.0082,0.0125,0.0705,0.0738,-0.0609,0.0722,-0.1331,0.022,0.0232,-0.0171,-0.013,-0.0041,0.0323,0.034,0.0249,-0.0536,0.0784,0.0088,0.0093,0.0538,0.0926,-0.0388,0.0059,0.0062,-0.0114,-0.0031,-0.0145,0.0361,0.0378,0.0523,Markus.Niemelainen,D,0.0096,-0.012
8480780,-0.0074,-0.0088,0.0014,0.0697,0.0738,-0.0525,0.046,-0.0985,0.022,0.0232,-0.0237,0.0004,-0.0241,0.0323,0.034,0.0876,-0.1319,0.2195,0.0088,0.0093,-0.0172,-0.0409,0.0238,0.0059,0.0062,-0.0108,-0.0037,-0.0145,0.0357,0.0378,0.052,Lukas.Radil,F,-0.0054,-0.0235
8476982,-0.0027,-0.0162,0.0135,0.0726,0.0763,-0.0078,-0.0021,-0.0057,0.022,0.0232,-0.0041,-0.0097,0.0056,0.0323,0.0341,0.008,-0.0021,0.0101,0.0088,0.0093,0.0059,0.024,-0.0181,0.0059,0.0062,-0.0032,-0.0116,-0.0148,0.0371,0.039,0.0539,Daniel.O'Regan,F,-0.0045,-0.0308
8475274,-0.0016,-0.0103,0.0087,0.0705,0.0736,-0.0252,0.0215,-0.0468,0.022,0.0232,-0.0003,-0.0118,0.0115,0.0323,0.034,-0.011,-0.0148,0.0038,0.0088,0.0093,0.0078,0.0962,-0.0884,0.0059,0.0062,-0.0056,-0.0093,-0.0149,0.0361,0.0377,0.0522,Seth.Helgeson,D,-0.0034,-0.0203
8471390,0.0067,-0.0145,0.0212,0.0642,0.0666,-0.0859,0.0666,-0.1525,0.022,0.0232,0.0258,-0.0172,0.043,0.0323,0.034,0.0981,-0.1576,0.2557,0.0088,0.0093,-0.0091,0.1717,-0.1807,0.0059,0.0062,0.0024,-0.0174,-0.015,0.033,0.0343,0.0476,Mike.Santorelli,F,0.0283,-0.0383
8478073,-0.0009,-0.0129,0.012,0.0693,0.0719,-0.0007,0.0292,-0.0299,0.022,0.0232,0.0055,-0.0491,0.0546,0.0323,0.034,0.0842,-0.0764,0.1606,0.0088,0.0093,-0.1882,0.2684,-0.4565,0.0059,0.0062,0.0132,-0.0282,-0.015,0.0355,0.0369,0.0512,Anton.Lindholm,D,-0.001,-0.0211
8483395,-0.0044,-0.0099,0.0055,0.0715,0.0754,-0.041,0.0476,-0.0887,0.022,0.0232,0.0102,0.004,0.0061,0.0323,0.0341,-0.1535,0.0091,-0.1627,0.0088,0.0093,-0.0038,0.0914,-0.0952,0.0059,0.0062,-0.0152,-0.0,-0.0152,0.0366,0.0386,0.0532,,F,-0.0192,-0.012
8481058,-0.0067,0.005,-0.0117,0.0695,0.072,-0.1074,0.132,-0.2393,0.022,0.0232,-0.0417,0.0723,-0.114,0.0323,0.034,0.1373,-0.086,0.2233,0.0088,0.0093,0.3496,0.3479,0.0017,0.0059,0.0062,-0.0344,0.0191,-0.0152,0.0356,0.0369,0.0513,Jesse.Ylonen,F,-0.0026,-0.0075
8483445,0.0861,-0.0121,0.0983,0.0667,0.0703,0.2699,-0.6129,0.8828,0.022,0.0232,0.0843,-0.0151,0.0994,0.0323,0.034,-0.4854,-0.076,-0.4094,0.0088,0.0093,-0.7542,0.3211,-1.0753,0.0059,0.0062,0.1031,-0.1187,-0.0156,0.0343,0.0361,0.0498,,F,0.105,-0.003
8479536,0.0011,0.0118,-0.0107,0.0693,0.0725,-0.2797,0.1892,-0.4689,0.022,0.0232,0.0219,-0.0051,0.027,0.0323,0.034,0.1867,-0.2417,0.4283,0.0088,0.0093,-0.0276,0.253,-0.2807,0.0059,0.0062,-0.0243,0.0085,-0.0157,0.0355,0.0372,0.0514,Axel.Jonsson.Fjallby,F,0.0129,0.0145
8476400,-0.0139,0.0135,-0.0274,0.0634,0.0643,-0.3002,0.2541,-0.5543,0.022,0.0232,0.0304,-0.0511,0.0815,0.0323,0.034,0.0013,0.1932,-0.192,0.0088,0.0093,0.1627,0.2301,-0.0675,0.0059,0.0062,-0.0517,0.036,-0.0157,0.0327,0.0332,0.0466,Logan.Shaw,F,0.0103,-0.0096
8482109,0.0228,-0.0599,0.0827,0.0578,0.0597,-0.2117,0.1628,-0.3745,0.0219,0.0231,0.4562,-0.5062,0.9624,0.0323,0.034,0.8398,-1.0478,1.8876,0.0088,0.0093,-1.8938,1.0521,-2.9458,0.0059,0.0062,0.2061,-0.2218,-0.0157,0.0299,0.031,0.0431,Alexis.Lafrenière,F,0.0381,-0.0356
8470152,0.0071,-0.0252,0.0323,0.0703,0.0739,-0.0258,-0.0065,-0.0194,0.022,0.0232,0.0065,-0.0153,0.0218,0.0323,0.034,0.0083,-0.0086,0.0169,0.0088,0.0093,-0.0264,0.0247,-0.0511,0.0059,0.0062,0.0027,-0.0184,-0.0158,0.036,0.0379,0.0523,Joakim.Lindstrom,F,0.0152,-0.05
8476443,0.0008,0.0157,-0.0148,0.0604,0.0627,-0.3877,0.4264,-0.8141,0.0219,0.0231,-0.1079,-0.0331,-0.0748,0.0323,0.034,0.1768,-0.0019,0.1787,0.0088,0.0093,-0.0617,0.2941,-0.3558,0.0059,0.0062,-0.0684,0.0527,-0.0158,0.0312,0.0324,0.045,Xavier.Ouellet,D,0.0392,-0.021
8480995,-0.0127,0.0194,-0.0321,0.0668,0.07,0.2916,-0.2427,0.5343,0.022,0.0232,-0.2881,0.1937,-0.4817,0.0323,0.034,-0.367,0.0504,-0.4174,0.0088,0.0093,0.8649,-1.1939,2.0588,0.0059,0.0062,-0.0826,0.0667,-0.0159,0.0343,0.036,0.0497,Pontus.Holmberg,F,0.0115,0.0392
8475671,-0.0004,-0.0125,0.0121,0.07,0.0728,-0.0224,-0.0039,-0.0186,0.022,0.0232,-0.0029,-0.0087,0.0058,0.0323,0.034,0.007,-0.019,0.026,0.0088,0.0093,0.0136,0.0479,-0.0343,0.0059,0.0062,-0.0043,-0.0118,-0.0161,0.0359,0.0373,0.0518,Matt.Fraser,F,0.0017,-0.0224
8474736,-0.0176,-0.0016,-0.016,0.0652,0.0658,-0.0432,0.0706,-0.1139,0.022,0.0232,-0.0055,-0.0994,0.094,0.0323,0.034,0.0626,0.3275,-0.2649,0.0088,0.0093,-0.1768,0.4503,-0.6272,0.0059,0.0062,-0.0057,-0.0104,-0.0161,0.0335,0.0339,0.0477,Zac.Rinaldo,F,-0.0104,-0.0154
8475148,0.0084,-0.0331,0.0415,0.0703,0.0737,-0.0148,0.001,-0.0158,0.022,0.0232,0.0103,-0.0201,0.0304,0.0323,0.034,0.0244,-0.0077,0.0321,0.0088,0.0093,-0.0394,0.0525,-0.0919,0.0059,0.0062,0.0073,-0.0234,-0.0161,0.036,0.0378,0.0522,Tim.Erixon,D,0.0161,-0.0641
8470647,0.0027,-0.0234,0.0261,0.0709,0.0739,-0.018,0.0135,-0.0315,0.022,0.0232,0.0016,-0.0171,0.0187,0.0323,0.034,0.005,-0.0018,0.0069,0.0088,0.0093,-0.0292,0.0839,-0.1132,0.0059,0.0062,0.0005,-0.0169,-0.0164,0.0363,0.0379,0.0525,B.J..Crombeen,F,0.0053,-0.045
8482166,0.0203,-0.0027,0.023,0.0696,0.0729,0.3595,-0.1391,0.4986,0.022,0.0232,-0.0392,0.0885,-0.1276,0.0323,0.034,-0.3119,0.0822,-0.3941,0.0088,0.0093,0.8412,0.5409,0.3003,0.0059,0.0062,0.0031,-0.0194,-0.0164,0.0357,0.0374,0.0517,,D,0.0233,0.0281
8476905,-0.0757,0.0422,-0.1179,0.0477,0.0483,0.3695,0.0568,0.3127,0.0218,0.023,-0.582,0.1955,-0.7775,0.0322,0.034,1.0409,0.0828,0.958,0.0088,0.0093,0.083,1.0721,-0.9891,0.0059,0.0062,-0.0513,0.0347,-0.0166,0.0251,0.0255,0.0358,Chandler.Stephenson,F,0.0,-0.0141
8480083,0.0115,-0.0333,0.0448,0.0723,0.0761,-0.0084,0.0022,-0.0106,0.022,0.0232,0.005,-0.0164,0.0214,0.0323,0.0341,-0.0066,-0.0114,0.0047,0.0088,0.0093,0.0362,-0.0035,0.0397,0.0059,0.0062,0.0037,-0.0205,-0.0167,0.037,0.0389,0.0537,C.J..Smith,F,0.0228,-0.0645
8478506,0.0171,-0.0274,0.0445,0.0677,0.0705,-0.0524,0.1938,-0.2462,0.022,0.0232,0.0079,-0.1259,0.1338,0.0323,0.034,0.1279,0.1506,-0.0227,0.0088,0.0093,0.0775,0.5132,-0.4358,0.0059,0.0062,0.007,-0.0238,-0.0168,0.0347,0.0362,0.0502,Gabriel.Carlsson,D,0.0373,-0.051
8481806,0.0099,-0.0157,0.0256,0.0679,0.0707,-0.0928,0.0132,-0.106,0.022,0.0232,-0.0146,-0.001,-0.0136,0.0323,0.034,-0.1346,0.0984,-0.233,0.0088,0.0093,0.2821,-0.3726,0.6547,0.0059,0.0062,-0.0315,0.0147,-0.0168,0.0348,0.0363,0.0503,,D,0.021,0.0467
8474646,0.0048,-0.0223,0.0271,0.0704,0.0736,-0.031,-0.0068,-0.0242,0.022,0.0232,-0.0022,-0.0141,0.012,0.0323,0.034,0.0132,-0.0019,0.015,0.0088,0.0093,-0.0558,0.0463,-0.1021,0.0059,0.0062,0.0003,-0.0172,-0.0169,0.0361,0.0377,0.0522,Brandon.McMillan,F,0.0089,-0.0432
8477959,-0.0094,-0.006,-0.0035,0.069,0.0722,-0.0444,0.028,-0.0724,0.022,0.0232,0.0035,0.015,-0.0114,0.0323,0.034,-0.0667,-0.1479,0.0811,0.0088,0.0093,0.0472,-0.0995,0.1466,0.0059,0.0062,-0.0165,-0.0004,-0.0169,0.0354,0.037,0.0512,Joshua.Ho.Sang,F,-0.0158,-0.0127
8476971,-0.0107,-0.0227,0.012,0.0713,0.0747,-0.0142,0.0199,-0.0341,0.022,0.0232,-0.0068,-0.005,-0.0018,0.0323,0.034,0.0118,-0.0044,0.0162,0.0088,0.0093,-0.0152,-0.0106,-0.0046,0.0059,0.0062,-0.0077,-0.0093,-0.017,0.0365,0.0383,0.0529,Kevin.Roy,F,-0.0205,-0.0442
8471976,-0.0068,0.0189,-0.0257,0.0582,0.0597,-0.1021,0.1533,-0.2554,0.0219,0.0231,-0.092,-0.0528,-0.0392,0.0323,0.034,0.4563,-0.2973,0.7537,0.0088,0.0093,0.6946,-0.4834,1.1779,0.0059,0.0062,-0.0394,0.0223,-0.017,0.0301,0.031,0.0432,David.Desharnais,F,0.0119,-0.0229
8475292,-0.0129,-0.0128,-0.0,0.0724,0.0759,-0.0018,-0.0079,0.0061,0.022,0.0232,-0.006,-0.0073,0.0013,0.0323,0.0341,0.0048,-0.0,0.0048,0.0088,0.0093,-0.0025,0.0073,-0.0098,0.0059,0.0062,-0.0077,-0.0095,-0.0171,0.037,0.0388,0.0537,Tyler.Randell,F,-0.0249,-0.0251
8470180,-0.0113,-0.0021,-0.0093,0.0684,0.0702,-0.0645,0.0169,-0.0814,0.022,0.0232,0.0052,-0.0052,0.0104,0.0323,0.034,-0.0059,-0.015,0.0091,0.0088,0.0093,-0.0919,0.1481,-0.24,0.0059,0.0062,-0.0109,-0.0065,-0.0173,0.0351,0.0361,0.0503,Eric.Nystrom,F,-0.0166,-0.011
8481577,0.0131,-0.002,0.0152,0.0661,0.0684,-0.4024,0.3248,-0.7271,0.022,0.0232,0.0417,0.199,-0.1573,0.0323,0.034,-0.1053,-0.1225,0.0172,0.0088,0.0093,0.5078,0.7551,-0.2473,0.0059,0.0062,-0.0713,0.0539,-0.0173,0.034,0.0352,0.0489,Philip.Tomasino,F,0.0439,0.0072
8473722,-0.0289,0.003,-0.0318,0.0714,0.0748,-0.0158,0.0061,-0.0219,0.022,0.0232,-0.0142,0.0021,-0.0163,0.0323,0.0341,-0.0004,-0.0023,0.0019,0.0088,0.0093,-0.009,0.0144,-0.0234,0.0059,0.0062,-0.0196,0.0022,-0.0174,0.0366,0.0383,0.053,John.Scott,F,-0.0556,0.0053
8477974,-0.0209,-0.0036,-0.0173,0.0721,0.0757,-0.0308,0.0232,-0.054,0.022,0.0232,-0.0005,-0.007,0.0065,0.0323,0.0341,-0.0051,0.0146,-0.0198,0.0088,0.0093,-0.007,0.0865,-0.0935,0.0059,0.0062,-0.0152,-0.0024,-0.0176,0.0369,0.0387,0.0535,Ryan.MacInnis,F,-0.0392,-0.0066
8482070,-0.0004,-0.0094,0.0089,0.0728,0.0768,-0.0161,-0.0471,0.031,0.022,0.0232,0.0088,-0.0055,0.0143,0.0323,0.0341,-0.0287,0.0138,-0.0425,0.0088,0.0093,0.0534,0.0236,0.0298,0.0059,0.0062,-0.0045,-0.0131,-0.0176,0.0372,0.0393,0.0541,Mitchell.Chaffee,F,-0.0008,-0.0159
8477940,0.0791,-0.0774,0.1564,0.0437,0.0465,-0.1235,0.3874,-0.5109,0.0218,0.023,0.0824,-0.5062,0.5886,0.0322,0.034,-0.0514,-0.3731,0.3217,0.0088,0.0093,-1.339,-0.1769,-1.1621,0.0059,0.0062,0.0896,-0.1073,-0.0176,0.0232,0.0247,0.0339,Nikolaj.Ehlers,F,0.0967,-0.0171
8475650,-0.0021,-0.0116,0.0095,0.0677,0.0698,-0.0888,0.0038,-0.0926,0.022,0.0232,0.0026,0.0041,-0.0016,0.0323,0.034,0.0424,0.0689,-0.0266,0.0088,0.0093,0.0144,0.1421,-0.1277,0.0059,0.0062,-0.0118,-0.0059,-0.0177,0.0347,0.0359,0.0499,Brandon.Bollig,F,0.0063,-0.0256
8472394,0.0169,-0.0367,0.0536,0.0714,0.0745,-0.0081,-0.0141,0.0059,0.022,0.0232,0.0083,-0.0211,0.0294,0.0323,0.034,0.0006,-0.0085,0.0091,0.0088,0.0093,0.0058,0.0284,-0.0226,0.0059,0.0062,0.0089,-0.0268,-0.0179,0.0366,0.0382,0.0528,Peter.Harrold,D,0.033,-0.0706
8477126,0.0126,0.0358,-0.0232,0.0656,0.0667,-0.5903,0.2728,-0.8631,0.022,0.0232,0.0487,0.055,-0.0063,0.0323,0.034,0.2287,-0.6197,0.8483,0.0088,0.0093,-0.7287,0.5767,-1.3054,0.0059,0.0062,-0.0287,0.0107,-0.018,0.0337,0.0344,0.0481,Jayson.Megna,F,-0.0049,-0.0058
8467351,0.0137,-0.0187,0.0324,0.0677,0.0701,-0.0699,0.0189,-0.0887,0.022,0.0232,0.0281,-0.028,0.056,0.0323,0.034,-0.0049,-0.0676,0.0627,0.0088,0.0093,-0.0472,0.1364,-0.1836,0.0059,0.0062,0.0041,-0.0222,-0.018,0.0347,0.036,0.05,Scott.Gomez,F,0.0247,-0.0316
8481491,0.0011,-0.0115,0.0126,0.0722,0.0759,0.0227,-0.1186,0.1413,0.022,0.0232,0.0018,0.0048,-0.003,0.0323,0.0341,0.0169,0.0048,0.0121,0.0088,0.0093,0.1067,-0.0774,0.184,0.0059,0.0062,0.0011,-0.0191,-0.018,0.0369,0.0388,0.0536,,F,0.0058,-0.0232
8474052,0.0054,-0.0089,0.0143,0.0651,0.068,-0.0868,-0.0114,-0.0754,0.022,0.0232,0.0096,0.0196,-0.0099,0.0323,0.034,0.2159,-0.2294,0.4454,0.0088,0.0093,-0.2133,0.3965,-0.6098,0.0059,0.0062,0.0133,-0.0315,-0.0182,0.0335,0.035,0.0484,Chris.Terry,F,0.0126,-0.0158
8479355,0.0131,-0.0071,0.0201,0.0701,0.0737,-0.1034,0.0402,-0.1436,0.022,0.0232,0.02,-0.0656,0.0857,0.0323,0.034,0.0653,-0.0386,0.1039,0.0088,0.0093,-0.0834,0.1653,-0.2487,0.0059,0.0062,0.0027,-0.0209,-0.0182,0.0359,0.0378,0.0521,Olli.Juolevi,D,0.0241,-0.006
8469707,0.0256,-0.0268,0.0524,0.068,0.0714,-0.0136,-0.0939,0.0803,0.022,0.0232,0.05,-0.0347,0.0847,0.0323,0.034,0.0003,-0.0076,0.0079,0.0088,0.0093,-0.1765,0.2864,-0.4629,0.0059,0.0062,0.0288,-0.047,-0.0182,0.0349,0.0366,0.0506,PA.Parenteau,F,0.0454,-0.038
8475733,0.0192,-0.0466,0.0658,0.0732,0.077,0.0048,-0.0151,0.0198,0.022,0.0232,0.0077,-0.0202,0.028,0.0323,0.0341,0.0017,-0.0066,0.0084,0.0088,0.0093,-0.0017,0.0027,-0.0044,0.0059,0.0062,0.0122,-0.0305,-0.0183,0.0374,0.0394,0.0543,Max.Reinhart,F,0.0373,-0.0904
8475619,-0.0186,-0.0097,-0.0089,0.0733,0.0773,-0.0061,-0.0025,-0.0036,0.022,0.0232,-0.0082,-0.0042,-0.004,0.0323,0.0341,-0.0024,-0.0012,-0.0012,0.0088,0.0093,0.0012,0.001,0.0002,0.0059,0.0062,-0.0122,-0.0063,-0.0185,0.0375,0.0395,0.0545,Aaron.Volpatti,F,-0.0361,-0.0189
8479718,0.0089,-0.033,0.042,0.0707,0.0744,-0.059,0.0517,-0.1107,0.022,0.0232,0.0067,-0.0457,0.0523,0.0323,0.034,-0.0291,0.1168,-0.1459,0.0088,0.0093,-0.1797,0.2338,-0.4135,0.0059,0.0062,0.0025,-0.0211,-0.0186,0.0362,0.0381,0.0526,Alex.Barre.Boulet,F,0.0211,-0.0606
8476386,0.0099,-0.011,0.0209,0.0647,0.0665,-0.1569,0.0629,-0.2197,0.022,0.0232,0.033,-0.0267,0.0597,0.0323,0.034,0.0507,-0.0741,0.1248,0.0088,0.0093,0.0576,0.0465,0.0111,0.0059,0.0062,-0.0106,-0.0082,-0.0188,0.0333,0.0343,0.0478,Shane.Prince,F,0.0243,-0.0393
8475774,-0.0016,-0.0223,0.0207,0.0707,0.0738,0.0015,-0.0045,0.006,0.022,0.0232,-0.0011,-0.0115,0.0104,0.0323,0.034,0.0188,-0.0165,0.0353,0.0088,0.0093,0.0427,0.0507,-0.008,0.0059,0.0062,-0.0014,-0.0174,-0.0188,0.0362,0.0378,0.0524,Petter.Granberg,D,-0.0018,-0.044
8484230,-0.0005,-0.0114,0.0109,0.0718,0.0751,-0.0425,-0.0142,-0.0283,0.022,0.0232,-0.0554,-0.0057,-0.0497,0.0323,0.0341,0.0911,0.0077,0.0834,0.0088,0.0093,0.262,-0.3355,0.5975,0.0059,0.0062,-0.0238,0.0048,-0.019,0.0367,0.0385,0.0532,,?,0.0069,-0.027
8475755,0.037,-0.033,0.07,0.0555,0.0568,0.517,-0.27,0.7869,0.0219,0.0231,-0.2688,0.0468,-0.3156,0.0323,0.034,0.1329,0.5846,-0.4517,0.0088,0.0093,1.5105,-0.2038,1.7142,0.0059,0.0062,-0.0155,-0.0035,-0.019,0.0288,0.0296,0.0413,Alex.Petrovic,D,0.0227,-0.0197
8478564,-0.0225,-0.0115,-0.0111,0.0709,0.0734,-0.0168,0.0078,-0.0246,0.022,0.0232,-0.0083,0.0024,-0.0107,0.0323,0.034,0.0101,-0.006,0.016,0.0088,0.0093,0.0045,-0.0129,0.0174,0.0059,0.0062,-0.0152,-0.0039,-0.0191,0.0363,0.0376,0.0523,Joonas.Kemppainen,F,-0.0432,-0.0214
8480913,0.0252,-0.0533,0.0785,0.0708,0.0745,0.0008,-0.0421,0.0429,0.022,0.0232,-0.015,-0.0484,0.0334,0.0323,0.034,0.1878,0.026,0.1617,0.0088,0.0093,-0.2714,0.2172,-0.4886,0.0059,0.0062,0.0315,-0.0507,-0.0192,0.0363,0.0382,0.0526,Jordan.Gross,D,0.0448,-0.0933
8468700,-0.0077,0.0162,-0.0238,0.0672,0.0679,-0.0921,0.051,-0.1432,0.022,0.0232,-0.0024,0.0087,-0.0111,0.0323,0.034,0.0044,-0.0038,0.0082,0.0088,0.0093,-0.0464,0.5191,-0.5655,0.0059,0.0062,-0.0161,-0.0033,-0.0194,0.0345,0.0349,0.0491,Paul.Gaustad,F,-0.0056,0.0161
8464989,0.0539,0.0071,0.0468,0.0554,0.0554,0.0884,0.1136,-0.0252,0.0219,0.0231,0.4336,-0.5438,0.9774,0.0323,0.034,-0.3394,0.3219,-0.6613,0.0088,0.0093,-0.0046,1.3792,-1.3839,0.0059,0.0062,0.1154,-0.1349,-0.0195,0.0288,0.0289,0.0408,Matt.Cullen,F,0.0376,-0.0229
8479994,-0.001,-0.0088,0.0077,0.0681,0.0705,-0.1416,-0.0709,-0.0706,0.022,0.0232,0.1437,0.092,0.0517,0.0323,0.034,0.0285,-0.2082,0.2367,0.0088,0.0093,-0.2973,0.895,-1.1923,0.0059,0.0062,0.0235,-0.0431,-0.0196,0.0349,0.0362,0.0503,Jaret.Anderson.Dolan,F,-0.0015,-0.0211
8485366,0.0344,-0.0266,0.0611,0.0655,0.068,0.5209,-0.8383,1.3592,0.022,0.0232,-0.1334,0.1942,-0.3275,0.0323,0.034,-0.2436,0.3386,-0.5822,0.0088,0.0093,0.4751,-0.6009,1.076,0.0059,0.0062,0.0324,-0.052,-0.0196,0.0337,0.035,0.0486,,?,0.0811,-0.0062
8480845,0.0109,-0.0146,0.0254,0.0665,0.0687,-0.3543,0.1708,-0.5251,0.022,0.0232,0.1272,-0.08,0.2072,0.0323,0.034,0.26,-0.2502,0.5102,0.0088,0.0093,-0.9346,0.9641,-1.8986,0.0059,0.0062,0.0333,-0.0529,-0.0196,0.0342,0.0353,0.0491,Rasmus.Kupari,F,-0.0072,-0.0023
8484164,0.0008,-0.0555,0.0563,0.0689,0.0721,0.4449,-0.3899,0.8349,0.022,0.0232,-0.0072,-0.0251,0.0179,0.0323,0.034,-0.2061,0.3777,-0.5838,0.0088,0.0093,-0.0349,0.1301,-0.165,0.0059,0.0062,0.0546,-0.0743,-0.0197,0.0353,0.037,0.0512,,F,-0.0035,-0.0579
8469639,0.0141,-0.0049,0.019,0.0645,0.0671,-0.1324,-0.033,-0.0994,0.022,0.0232,-0.0181,-0.0378,0.0196,0.0323,0.034,0.1792,-0.0537,0.2328,0.0088,0.0093,-0.5191,0.3894,-0.9085,0.0059,0.0062,0.0147,-0.0345,-0.0198,0.0332,0.0346,0.0479,Brooks.Laich,F,0.0311,0.0008
8477010,-0.0021,-0.002,-0.0001,0.0682,0.0705,0.0005,-0.0827,0.0832,0.022,0.0232,0.0225,-0.0388,0.0613,0.0323,0.034,-0.0407,0.0228,-0.0635,0.0088,0.0093,-0.2016,0.22,-0.4216,0.0059,0.0062,0.0096,-0.0294,-0.0198,0.035,0.0362,0.0504,Joseph.Blandisi,F,-0.0033,-0.009
8468493,0.0238,0.0282,-0.0044,0.045,0.0456,-0.2664,0.7793,-1.0457,0.0218,0.023,-0.1216,-0.4985,0.3769,0.0322,0.034,0.7235,-0.0401,0.7637,0.0088,0.0093,0.1957,0.4942,-0.2985,0.0059,0.0062,-0.0192,-0.0008,-0.0201,0.0238,0.0243,0.034,Ron.Hainsey,D,0.0214,0.012
8481599,0.0201,-0.004,0.0241,0.0688,0.0717,-0.2033,-0.0089,-0.1943,0.022,0.0232,0.0652,-0.0125,0.0777,0.0323,0.034,-0.0448,-0.0189,-0.0259,0.0088,0.0093,-0.366,0.4682,-0.8342,0.0059,0.0062,0.0059,-0.0259,-0.0201,0.0353,0.0368,0.051,Victor.Soderstrom,D,0.0276,0.0099
8478042,0.139,-0.0638,0.2028,0.0441,0.0467,-0.1961,-0.293,0.0969,0.0218,0.023,0.8054,-0.627,1.4324,0.0322,0.034,-0.5403,0.0279,-0.5682,0.0088,0.0093,-0.884,0.7061,-1.5901,0.0059,0.0062,0.2202,-0.2404,-0.0201,0.0234,0.0248,0.0341,Viktor.Arvidsson,F,0.0995,0.0087
8480314,-0.0003,-0.0269,0.0266,0.0723,0.0758,-0.0147,-0.0033,-0.0114,0.022,0.0232,0.0015,-0.012,0.0135,0.0323,0.0341,0.0037,-0.0131,0.0168,0.0088,0.0093,0.0158,0.0175,-0.0017,0.0059,0.0062,-0.0024,-0.0181,-0.0205,0.037,0.0388,0.0536,Max.Veronneau,F,0.0007,-0.0524
8471718,-0.0139,-0.0175,0.0037,0.0706,0.0728,-0.0156,0.0199,-0.0355,0.022,0.0232,0.0039,-0.01,0.0139,0.0323,0.034,0.0148,-0.0183,0.0331,0.0088,0.0093,0.0164,0.0838,-0.0674,0.0059,0.0062,-0.0082,-0.0124,-0.0206,0.0362,0.0373,0.052,Marc.Andre.Cliche,F,-0.026,-0.035
8484185,0.0263,-0.0336,0.0599,0.0717,0.0752,0.0425,-0.1047,0.1472,0.022,0.0232,-0.02,-0.0059,-0.0141,0.0323,0.0341,-0.069,-0.0347,-0.0343,0.0088,0.0093,0.0143,-0.119,0.1333,0.0059,0.0062,0.0104,-0.0311,-0.0207,0.0367,0.0385,0.0532,,?,0.0456,-0.0524
8481059,0.0109,-0.0355,0.0464,0.0717,0.0752,-0.0451,0.0425,-0.0875,0.022,0.0232,0.0114,-0.0279,0.0393,0.0323,0.0341,0.0713,-0.0954,0.1667,0.0088,0.0093,-0.1318,0.2068,-0.3386,0.0059,0.0062,0.0107,-0.0315,-0.0208,0.0367,0.0385,0.0532,Scott.Perunovich,D,0.0247,-0.0696
8467423,0.0026,-0.008,0.0106,0.0652,0.0682,-0.0557,0.0926,-0.1483,0.022,0.0232,-0.0018,-0.0042,0.0024,0.0323,0.034,-0.039,-0.13,0.0911,0.0088,0.0093,0.1446,0.1592,-0.0146,0.0059,0.0062,-0.0156,-0.0052,-0.0208,0.0335,0.0351,0.0485,Shawn.Horcoff,F,0.0067,-0.0225
8479996,0.007,-0.0005,0.0075,0.0615,0.064,-0.3058,0.3758,-0.6817,0.022,0.0232,0.0228,0.1272,-0.1044,0.0323,0.034,-0.2633,-0.699,0.4357,0.0088,0.0093,-0.0431,0.2902,-0.3334,0.0059,0.0062,-0.0514,0.0306,-0.0209,0.0317,0.0331,0.0458,Cody.Glass,F,0.0317,-0.0063
8469623,0.0253,-0.029,0.0543,0.0635,0.0663,-0.1483,0.1899,-0.3381,0.022,0.0232,0.0241,-0.0768,0.1009,0.0323,0.034,0.0415,-0.1624,0.2039,0.0088,0.0093,-0.1877,0.3485,-0.5362,0.0059,0.0062,0.0057,-0.0266,-0.0209,0.0327,0.0342,0.0473,Marek.Zidlicky,D,0.0511,-0.0612
8483515,0.0201,0.0071,0.013,0.0698,0.0728,-0.4563,0.2981,-0.7544,0.022,0.0232,-0.0079,0.0365,-0.0444,0.0323,0.034,-0.0071,-0.1424,0.1353,0.0088,0.0093,-0.0544,0.257,-0.3114,0.0059,0.0062,-0.0584,0.0375,-0.0209,0.0358,0.0373,0.0517,Juraj.Slafkovsky,F,0.045,0.0106
8482107,-0.0008,-0.0024,0.0016,0.073,0.0769,-0.0066,-0.0116,0.005,0.022,0.0232,-0.0176,-0.012,-0.0056,0.0323,0.0341,-0.0351,-0.0169,-0.0183,0.0088,0.0093,0.1391,0.0337,0.1054,0.0059,0.0062,-0.0129,-0.0079,-0.0209,0.0373,0.0393,0.0542,,?,0.0,0.0
8475154,0.0082,-0.0398,0.048,0.0731,0.077,0.0017,-0.0128,0.0145,0.022,0.0232,0.0035,-0.0176,0.0211,0.0323,0.0341,0.002,-0.0064,0.0084,0.0088,0.0093,0.0,0.0047,-0.0047,0.0059,0.0062,0.0052,-0.0263,-0.021,0.0374,0.0394,0.0543,Carter.Ashton,F,0.016,-0.0772
8464977,-0.0042,-0.0097,0.0054,0.0666,0.0692,-0.0568,0.037,-0.0937,0.022,0.0232,-0.0074,-0.0303,0.0229,0.0323,0.034,-0.0019,-0.0189,0.017,0.0088,0.0093,-0.0355,0.0745,-0.11,0.0059,0.0062,-0.0109,-0.0101,-0.021,0.0342,0.0356,0.0494,Dainius.Zubrus,F,-0.0039,-0.0227
8475567,-0.0003,-0.032,0.0317,0.0734,0.0773,-0.0002,-0.0092,0.009,0.022,0.0232,-0.0001,-0.0141,0.014,0.0323,0.0341,0.0002,-0.0042,0.0045,0.0088,0.0093,-0.0003,0.0032,-0.0035,0.0059,0.0062,-0.0002,-0.0209,-0.021,0.0375,0.0395,0.0545,Julien.Brouillette,D,-0.0006,-0.0621
8479341,0.0236,-0.0071,0.0307,0.0703,0.0735,-0.2178,0.0527,-0.2704,0.022,0.0232,-0.0027,0.0401,-0.0429,0.0323,0.034,-0.0108,-0.0532,0.0424,0.0088,0.0093,0.3531,-0.1251,0.4782,0.0059,0.0062,-0.0362,0.015,-0.0212,0.036,0.0377,0.0521,Cam.Dineen,D,0.058,-0.0171
8469665,-0.0471,0.0235,-0.0706,0.0527,0.0543,-0.3245,0.3161,-0.6405,0.0219,0.0231,-0.1452,0.1961,-0.3414,0.0322,0.034,0.3086,-0.1421,0.4507,0.0088,0.0093,0.0323,0.7045,-0.6722,0.0059,0.0062,-0.0869,0.0656,-0.0213,0.0275,0.0284,0.0395,Johnny.Oduya,D,0.0167,0.0156
8478004,0.001,-0.0253,0.0263,0.0714,0.0748,-0.0226,0.0055,-0.0281,0.022,0.0232,-0.0031,-0.0115,0.0084,0.0323,0.0341,-0.0031,-0.0093,0.0062,0.0088,0.0093,0.0446,0.0199,0.0247,0.0059,0.0062,-0.0055,-0.0157,-0.0213,0.0366,0.0383,0.053,Brett.Lernout,D,0.0034,-0.0485
8481541,0.0144,-0.0186,0.033,0.0711,0.075,-0.1162,0.09,-0.2061,0.022,0.0232,0.001,-0.0336,0.0346,0.0323,0.0341,-0.0161,0.0401,-0.0562,0.0088,0.0093,-0.0107,0.2496,-0.2603,0.0059,0.0062,-0.0105,-0.0108,-0.0213,0.0364,0.0384,0.0529,Samuel.Bolduc,D,0.0264,-0.0284
8481649,-0.0198,-0.0011,-0.0187,0.0724,0.0759,-0.0326,-0.0306,-0.002,0.022,0.0232,-0.0177,0.002,-0.0197,0.0323,0.0341,0.0303,0.011,0.0193,0.0088,0.0093,-0.0073,0.0234,-0.0307,0.0059,0.0062,-0.0166,-0.005,-0.0215,0.037,0.0388,0.0537,Joona.Luoto,F,-0.0387,-0.0004
8476850,0.0034,0.0182,-0.0148,0.0513,0.0519,-0.1741,0.3616,-0.5357,0.0219,0.0231,0.6951,-0.7429,1.4379,0.0322,0.034,0.5444,-0.1088,0.6531,0.0088,0.0093,0.006,1.8939,-1.8879,0.0059,0.0062,0.1609,-0.1824,-0.0215,0.0268,0.0272,0.0382,Ryan.Murray,D,0.0237,-0.003
8476062,0.0133,-0.0166,0.0298,0.0669,0.0702,-0.0356,0.0016,-0.0372,0.022,0.0232,0.0015,-0.0276,0.0292,0.0323,0.034,-0.0509,-0.0765,0.0257,0.0088,0.0093,0.0129,0.02,-0.0071,0.0059,0.0062,-0.0019,-0.0195,-0.0215,0.0344,0.0361,0.0498,Mark.Arcobello,F,0.0273,-0.029
8471811,-0.0076,-0.0247,0.0171,0.0721,0.0753,-0.0039,-0.0135,0.0096,0.022,0.0232,-0.0018,-0.0131,0.0113,0.0323,0.0341,0.0078,0.004,0.0038,0.0088,0.0093,-0.0069,0.0124,-0.0192,0.0059,0.0062,-0.004,-0.0175,-0.0215,0.0369,0.0386,0.0534,Cal.O'Reilly,F,-0.0144,-0.0477
8483482,0.0277,-0.0592,0.0869,0.0732,0.0772,0.0092,-0.0105,0.0197,0.022,0.0232,0.0144,-0.0274,0.0418,0.0323,0.0341,-0.0083,-0.0114,0.0031,0.0088,0.0093,0.0008,0.0358,-0.035,0.0059,0.0062,0.0179,-0.0393,-0.0215,0.0374,0.0395,0.0544,Tristan.Luneau,D,0.0545,-0.1135
8470187,-0.0854,0.0906,-0.176,0.0479,0.0484,-0.3669,0.3867,-0.7537,0.0218,0.023,-0.3345,0.3906,-0.725,0.0322,0.034,-0.1791,0.0533,-0.2325,0.0088,0.0093,0.9867,-0.1888,1.1755,0.0059,0.0062,-0.2215,0.2,-0.0216,0.0252,0.0256,0.0359,Johnny.Boychuk,D,0.058,0.0255
8469500,0.0291,-0.0233,0.0524,0.0638,0.0663,-0.0409,0.0366,-0.0775,0.022,0.0232,0.0212,-0.0189,0.0402,0.0323,0.034,-0.0048,-0.0572,0.0523,0.0088,0.0093,0.3982,0.1176,0.2807,0.0059,0.0062,-0.0031,-0.0185,-0.0216,0.0329,0.0342,0.0474,Michael.Cammalleri,F,0.069,-0.0374
8469466,0.0262,0.002,0.0242,0.0612,0.0645,-0.0936,-0.0507,-0.0428,0.022,0.0232,-0.0473,0.086,-0.1333,0.0323,0.034,0.0796,-0.4368,0.5164,0.0088,0.0093,-0.1046,0.1344,-0.239,0.0059,0.0062,-0.0024,-0.0193,-0.0217,0.0316,0.0333,0.0459,Ales.Hemsky,F,0.0615,-0.0028
8471733,-0.0073,-0.0271,0.0199,0.0726,0.0764,-0.0017,-0.0071,0.0054,0.022,0.0232,-0.0021,-0.0118,0.0097,0.0323,0.0341,-0.0007,-0.0053,0.0046,0.0088,0.0093,-0.0115,0.0091,-0.0206,0.0059,0.0062,-0.0039,-0.0179,-0.0218,0.0371,0.0391,0.0539,Rich.Clune,F,-0.0142,-0.0527
8476619,-0.0085,-0.0261,0.0177,0.0719,0.0749,-0.0049,0.0016,-0.0065,0.022,0.0232,-0.0042,-0.0125,0.0083,0.0323,0.0341,0.0226,0.0193,0.0033,0.0088,0.0093,-0.0072,0.0801,-0.0873,0.0059,0.0062,-0.0043,-0.0176,-0.0219,0.0368,0.0384,0.0532,Zack.Mitchell,F,-0.0163,-0.0508
8480158,0.0167,-0.0146,0.0313,0.0685,0.0718,-0.0024,-0.0542,0.0518,0.022,0.0232,-0.0146,-0.0535,0.0389,0.0323,0.034,0.0582,-0.0191,0.0773,0.0088,0.0093,-0.0086,0.0533,-0.0619,0.0059,0.0062,0.0086,-0.0305,-0.0219,0.0351,0.0368,0.0509,Andreas.Borgman,D,0.0357,-0.0288
8483455,0.0089,-0.0461,0.0551,0.0712,0.0749,0.0962,-0.0783,0.1745,0.022,0.0232,-0.0213,0.0109,-0.0322,0.0323,0.0341,0.0467,0.1086,-0.062,0.0088,0.0093,0.2634,0.0617,0.2016,0.0059,0.0062,0.0065,-0.0283,-0.0219,0.0365,0.0384,0.0529,,?,0.0258,-0.0869
8480769,-0.0083,-0.0128,0.0045,0.0713,0.0749,-0.0498,0.0238,-0.0736,0.022,0.0232,-0.0039,-0.0101,0.0062,0.0323,0.0341,-0.0084,-0.0125,0.0041,0.0088,0.0093,0.0888,-0.0083,0.0972,0.0059,0.0062,-0.0165,-0.0055,-0.022,0.0365,0.0384,0.053,Joel.L'Esperance,F,-0.013,-0.0284
8482496,-0.002,-0.0146,0.0126,0.0698,0.072,-0.3929,0.3186,-0.7115,0.022,0.0232,-0.0233,0.0024,-0.0258,0.0323,0.034,0.2442,0.0938,0.1504,0.0088,0.0093,-0.0385,0.4947,-0.5332,0.0059,0.0062,-0.0489,0.0269,-0.022,0.0358,0.0369,0.0514,Nils.Aman,F,-0.0162,-0.0255
8483890,0.027,-0.0227,0.0497,0.0688,0.0725,0.2402,-0.3431,0.5832,0.022,0.0232,-0.1477,0.1701,-0.3178,0.0323,0.034,-0.0307,-0.067,0.0363,0.0088,0.0093,0.4662,-0.2728,0.739,0.0059,0.0062,-0.0035,-0.0185,-0.022,0.0353,0.0372,0.0513,,?,0.055,-0.0276
8484125,-0.0035,-0.0245,0.021,0.0727,0.0764,-0.0068,-0.0113,0.0045,0.022,0.0232,-0.0052,-0.0162,0.0111,0.0323,0.0341,0.0158,-0.009,0.0247,0.0088,0.0093,-0.0252,0.0501,-0.0753,0.0059,0.0062,-0.002,-0.0201,-0.022,0.0372,0.0391,0.054,Hunter.McKown,F,-0.0061,-0.0448
8476450,0.0289,-0.0538,0.0828,0.0699,0.0731,-0.0167,-0.0219,0.0052,0.022,0.0232,0.01,-0.039,0.049,0.0323,0.034,0.0201,0.0147,0.0054,0.0088,0.0093,-0.0637,0.0493,-0.113,0.0059,0.0062,0.0179,-0.0399,-0.022,0.0358,0.0375,0.0518,Ryan.Sproul,D,0.0564,-0.1
8470750,-0.0075,0.0133,-0.0208,0.0623,0.0625,-0.3513,0.2606,-0.6119,0.022,0.0231,-0.024,-0.0263,0.0023,0.0323,0.034,0.308,-0.3021,0.6101,0.0088,0.0093,-0.7421,0.7628,-1.5049,0.0059,0.0062,-0.0136,-0.0087,-0.0222,0.0321,0.0323,0.0456,John.Mitchell,F,0.0025,0.0216
8479755,0.0141,-0.0434,0.0575,0.0698,0.073,-0.0413,0.02,-0.0613,0.022,0.0232,0.018,-0.0329,0.0509,0.0323,0.034,0.0079,0.0007,0.0072,0.0088,0.0093,-0.0431,0.0915,-0.1346,0.0059,0.0062,0.007,-0.0296,-0.0225,0.0358,0.0374,0.0518,Victor.Antipin,D,0.0295,-0.0839
8482720,0.0429,0.0091,0.0338,0.0661,0.0681,0.4556,-0.3854,0.841,0.022,0.0232,-0.2317,0.1877,-0.4194,0.0323,0.034,-0.466,0.6567,-1.1228,0.0088,0.0093,1.9465,-0.4252,2.3717,0.0059,0.0062,-0.067,0.0444,-0.0226,0.034,0.035,0.0488,Matthew.Knies,F,0.0526,-0.0207
8482733,0.0398,-0.0535,0.0932,0.0687,0.0718,0.5209,-0.4157,0.9366,0.022,0.0232,-0.0468,-0.0124,-0.0344,0.0323,0.034,-0.3464,0.2338,-0.5801,0.0088,0.0093,0.6678,-0.3731,1.0409,0.0059,0.0062,0.0402,-0.0629,-0.0226,0.0352,0.0368,0.051,,D,0.0468,-0.0492
8483495,0.0039,-0.0347,0.0386,0.0669,0.0706,0.4142,-0.8208,1.2351,0.022,0.0232,0.1588,-0.1006,0.2594,0.0323,0.034,-0.7758,0.8135,-1.5893,0.0088,0.0093,0.2588,-1.2243,1.4831,0.0059,0.0062,0.0421,-0.0648,-0.0227,0.0344,0.0363,0.05,,D,0.038,-0.004
8473542,-0.0115,-0.0238,0.0124,0.0729,0.0765,0.0,-0.0072,0.0073,0.022,0.0232,-0.0052,-0.0114,0.0062,0.0323,0.0341,-0.0016,-0.0005,-0.0011,0.0088,0.0093,0.0004,0.0039,-0.0035,0.0059,0.0062,-0.007,-0.0157,-0.0227,0.0373,0.0391,0.0541,Tom.Sestito,F,-0.0223,-0.0464
8476931,-0.0845,0.0572,-0.1417,0.0448,0.0441,0.0175,0.0788,-0.0613,0.0218,0.0229,-0.3452,0.0932,-0.4384,0.0322,0.034,0.0193,0.0837,-0.0644,0.0088,0.0093,-0.163,-0.4794,0.3165,0.0059,0.0062,-0.1079,0.0851,-0.0228,0.0237,0.0235,0.0334,Jake.McCabe,D,0.0197,0.0212
8481567,0.01,-0.0219,0.0319,0.072,0.0756,-0.031,-0.0271,-0.0039,0.022,0.0232,0.0035,-0.0146,0.018,0.0323,0.0341,0.0347,0.0054,0.0294,0.0088,0.0093,0.0103,0.1915,-0.1812,0.0059,0.0062,0.0028,-0.0256,-0.0228,0.0368,0.0387,0.0534,Henry.Thrun,D,0.0176,-0.0435
8475295,-0.0238,-0.0109,-0.0129,0.0725,0.0763,-0.0077,-0.0036,-0.0042,0.022,0.0232,-0.0107,-0.0049,-0.0058,0.0323,0.0341,-0.0008,-0.0024,0.0016,0.0088,0.0093,0.0057,0.0006,0.0051,0.0059,0.0062,-0.0157,-0.0072,-0.0229,0.0371,0.039,0.0539,Brandon.Kozun,F,-0.046,-0.0211
8479587,-0.0101,-0.0124,0.0024,0.0715,0.0749,-0.045,-0.0244,-0.0206,0.022,0.0232,-0.0104,-0.0079,-0.0025,0.0323,0.0341,0.0184,0.0144,0.004,0.0088,0.0093,-0.0902,0.0752,-0.1655,0.0059,0.0062,-0.0094,-0.0137,-0.0231,0.0366,0.0384,0.053,Rhett.Gardner,F,-0.018,-0.0254
8468575,-0.0025,0.0011,-0.0035,0.0585,0.0592,-0.2233,0.0617,-0.285,0.0219,0.0231,0.05,-0.1007,0.1507,0.0323,0.034,0.1423,-0.1706,0.3129,0.0088,0.0093,-0.2901,-0.0763,-0.2137,0.0059,0.0062,-0.0036,-0.0195,-0.0231,0.0303,0.0307,0.0431,Dominic.Moore,F,0.0171,-0.0004
8460720,0.0003,-0.0344,0.0348,0.0727,0.0764,-0.0004,-0.0118,0.0114,0.022,0.0232,-0.0002,-0.0154,0.0152,0.0323,0.0341,-0.0,-0.0066,0.0065,0.0088,0.0093,0.0041,0.0113,-0.0072,0.0059,0.0062,-0.0001,-0.0232,-0.0233,0.0372,0.0391,0.054,Eric.Boulton,F,0.0007,-0.0668
8477419,-0.0237,0.012,-0.0357,0.0722,0.0759,-0.0234,-0.0276,0.0042,0.022,0.0232,-0.0234,-0.0062,-0.0172,0.0323,0.0341,0.0306,0.0205,0.0101,0.0088,0.0093,0.1385,0.023,0.1155,0.0059,0.0062,-0.0242,0.0008,-0.0234,0.0369,0.0388,0.0536,Mason.Geertsen,D,-0.0443,0.0275
8479252,0.0181,-0.0333,0.0514,0.0717,0.0757,-0.0061,-0.0595,0.0533,0.022,0.0232,0.0206,-0.0303,0.0509,0.0323,0.0341,-0.0111,-0.0036,-0.0075,0.0088,0.0093,0.0159,0.0579,-0.042,0.0059,0.0062,0.0114,-0.0348,-0.0234,0.0367,0.0387,0.0534,Dan.Renouf,D,0.0343,-0.0637
8476406,-0.0096,-0.0031,-0.0065,0.059,0.0624,-0.4214,0.214,-0.6354,0.0219,0.0231,0.0819,-0.137,0.2189,0.0323,0.034,-0.5463,0.3067,-0.8529,0.0088,0.0093,-0.5942,-0.4178,-0.1764,0.0059,0.0062,-0.059,0.0355,-0.0235,0.0305,0.0323,0.0444,Nick.Shore,F,-0.0049,-0.0239
8482240,-0.0197,-0.0149,-0.0048,0.0718,0.0753,-0.0481,0.013,-0.0611,0.022,0.0232,-0.001,-0.0027,0.0018,0.0323,0.0341,0.0118,-0.0478,0.0596,0.0088,0.0093,-0.0317,-0.0155,-0.0163,0.0059,0.0062,-0.0153,-0.0083,-0.0237,0.0367,0.0386,0.0533,Mathias.Brome,F,-0.035,-0.0312
8482124,0.0182,-0.008,0.0262,0.0613,0.0641,0.369,-0.1367,0.5058,0.022,0.0232,-0.2243,-0.3009,0.0766,0.0323,0.034,0.0562,0.0826,-0.0263,0.0088,0.0093,-1.0126,-0.0744,-0.9382,0.0059,0.0062,0.059,-0.0828,-0.0238,0.0316,0.0331,0.0458,Quinton.Byfield,F,0.0419,-0.0039
8476344,0.0123,-0.0233,0.0356,0.0697,0.0716,-0.0362,0.0767,-0.1129,0.022,0.0232,-0.0083,-0.0459,0.0376,0.0323,0.034,0.1041,0.0093,0.0948,0.0088,0.0093,0.1773,0.306,-0.1287,0.0059,0.0062,-0.002,-0.0219,-0.0239,0.0357,0.0367,0.0512,Tyler.Graovac,F,0.0211,-0.048
8484262,0.0015,-0.0522,0.0537,0.0727,0.0765,0.0278,0.016,0.0118,0.022,0.0232,0.0032,-0.0297,0.0329,0.0323,0.0341,0.0017,-0.0223,0.024,0.0088,0.0093,-0.0149,-0.0313,0.0164,0.0059,0.0062,0.0063,-0.0303,-0.024,0.0372,0.0391,0.054,,?,0.0032,-0.0995
8478075,-0.0598,0.042,-0.1017,0.0607,0.0623,-0.4199,0.3091,-0.7289,0.022,0.0231,0.112,-0.2121,0.3241,0.0323,0.034,0.1573,-0.2437,0.401,0.0088,0.0093,-0.2281,-0.4895,0.2614,0.0059,0.0062,-0.0497,0.0257,-0.024,0.0314,0.0322,0.045,Anders.Bjork,F,-0.003,-0.0047
8473468,-0.0124,0.0034,-0.0158,0.0593,0.0614,-0.2147,0.1925,-0.4072,0.0219,0.0231,-0.0749,-0.0727,-0.0022,0.0323,0.034,0.4923,-0.2021,0.6944,0.0088,0.0093,-0.1198,0.1474,-0.2672,0.0059,0.0062,-0.0206,-0.0034,-0.024,0.0307,0.0318,0.0442,Eric.Gryba,D,0.0221,-0.0107
8473989,-0.0126,-0.0178,0.0052,0.0705,0.0733,-0.0326,0.0051,-0.0377,0.022,0.0232,-0.0048,-0.0084,0.0036,0.0323,0.034,-0.0082,0.0139,-0.0221,0.0088,0.0093,0.0083,0.048,-0.0397,0.0059,0.0062,-0.0131,-0.0111,-0.0241,0.0361,0.0376,0.0521,Luke.Gazdic,F,-0.0229,-0.0333
8478864,0.0989,-0.044,0.1429,0.0531,0.0552,0.3019,-0.193,0.4949,0.0219,0.0231,-0.6949,0.5942,-1.2891,0.0322,0.034,-0.4273,-0.9694,0.542,0.0088,0.0093,0.1325,-1.0815,1.214,0.0059,0.0062,-0.0891,0.0649,-0.0242,0.0277,0.0288,0.04,Kirill.Kaprizov,F,0.125,-0.0178
8476449,0.0614,-0.0226,0.084,0.0589,0.0594,-0.0631,0.1894,-0.2525,0.0219,0.0231,0.39,-0.4472,0.8373,0.0323,0.034,0.9063,-0.6403,1.5466,0.0088,0.0093,-0.8661,2.5132,-3.3793,0.0059,0.0062,0.1961,-0.2202,-0.0242,0.0305,0.0308,0.0434,Scott.Harrington,D,0.0197,-0.0108
8476116,0.0199,0.0044,0.0155,0.0634,0.0659,-0.1163,-0.0974,-0.0189,0.022,0.0232,0.0146,-0.0174,0.0319,0.0323,0.034,-0.1861,-0.0353,-0.1508,0.0088,0.0093,-0.3344,0.1023,-0.4367,0.0059,0.0062,-0.0021,-0.0224,-0.0245,0.0327,0.034,0.0471,Ryan.Garbutt,F,0.0474,-0.0017
8475213,0.0015,-0.0312,0.0327,0.0716,0.0747,-0.0212,-0.0061,-0.0151,0.022,0.0232,0.0007,-0.0232,0.024,0.0323,0.034,0.0148,-0.0086,0.0233,0.0088,0.0093,-0.037,0.0629,-0.0999,0.0059,0.0062,0.0001,-0.0247,-0.0246,0.0367,0.0383,0.053,Drew.Shore,F,0.0047,-0.0587
8479591,0.0235,0.026,-0.0026,0.0657,0.0692,-0.2092,0.3639,-0.573,0.022,0.0232,-0.202,0.018,-0.2201,0.0323,0.034,0.0963,-0.3062,0.4025,0.0088,0.0093,0.0554,0.4363,-0.3809,0.0059,0.0062,-0.0605,0.0357,-0.0248,0.0338,0.0356,0.0491,Michael.Eyssimont,F,0.0799,0.0273
8476409,-0.0089,-0.0114,0.0024,0.0659,0.0678,0.029,0.1267,-0.0977,0.022,0.0232,0.0331,-0.0706,0.1036,0.0323,0.034,-0.0631,-0.1115,0.0485,0.0088,0.0093,0.0734,0.4138,-0.3404,0.0059,0.0062,0.0005,-0.0255,-0.025,0.0339,0.0349,0.0486,Alan.Quine,F,-0.0067,-0.023
8475309,-0.0117,-0.026,0.0143,0.073,0.0768,-0.0056,-0.0088,0.0031,0.022,0.0232,-0.005,-0.0118,0.0068,0.0323,0.0341,-0.0008,-0.0018,0.0011,0.0088,0.0093,-0.0037,0.0068,-0.0105,0.0059,0.0062,-0.0077,-0.0173,-0.025,0.0373,0.0393,0.0542,Jerry.D'Amigo,F,-0.0226,-0.0504
8476407,0.0099,-0.0588,0.0687,0.0692,0.072,0.0065,0.1064,-0.0999,0.022,0.0232,-0.0355,-0.0363,0.0008,0.0323,0.034,0.0454,-0.1039,0.1493,0.0088,0.0093,-0.0302,-0.0061,-0.0241,0.0059,0.0062,0.002,-0.0274,-0.0254,0.0355,0.0369,0.0512,Andy.Welinski,D,0.0315,-0.1125
8476391,-0.0164,-0.0249,0.0085,0.0724,0.0762,-0.0165,0.0084,-0.0249,0.022,0.0232,-0.0075,-0.0078,0.0003,0.0323,0.0341,0.0152,0.0034,0.0119,0.0088,0.0093,-0.0114,0.0423,-0.0537,0.0059,0.0062,-0.011,-0.0144,-0.0254,0.037,0.039,0.0538,TJ.Tynan,F,-0.0306,-0.0487
8483429,0.0256,-0.0623,0.0879,0.073,0.0771,0.0256,-0.0592,0.0848,0.022,0.0232,0.0061,-0.0368,0.0429,0.0323,0.0341,-0.0103,0.0031,-0.0134,0.0088,0.0093,-0.0591,-0.0686,0.0095,0.0059,0.0062,0.0197,-0.0452,-0.0255,0.0373,0.0394,0.0543,,D,0.0501,-0.1208
8481626,0.0017,-0.0378,0.0396,0.071,0.0744,-0.0439,0.0286,-0.0725,0.022,0.0232,0.0107,-0.0599,0.0706,0.0323,0.034,0.0025,0.0625,-0.0601,0.0088,0.0093,-0.1435,0.1043,-0.2478,0.0059,0.0062,0.0025,-0.0282,-0.0257,0.0364,0.0381,0.0527,Arttu.Ruotsalainen,F,0.008,-0.0696
8476418,0.0039,-0.0449,0.0488,0.0717,0.0755,-0.0048,-0.0004,-0.0044,0.022,0.0232,0.0025,-0.0197,0.0222,0.0323,0.0341,-0.011,-0.0042,-0.0068,0.0088,0.0093,0.0088,-0.0113,0.0201,0.0059,0.0062,0.0008,-0.0266,-0.0259,0.0367,0.0387,0.0533,Robbie.Russo,D,0.0083,-0.0878
8478451,0.0682,-0.0328,0.1009,0.0555,0.0576,-0.5624,0.0391,-0.6015,0.0219,0.0231,0.6628,-0.2382,0.901,0.0323,0.034,0.5016,-1.1951,1.6967,0.0088,0.0093,-0.2068,0.6371,-0.8439,0.0059,0.0062,0.1339,-0.1601,-0.0262,0.0288,0.03,0.0416,Ethan.Bear,D,0.0346,-0.0094
8481546,0.0099,0.0251,-0.0152,0.0603,0.0619,0.0758,-0.2317,0.3076,0.0219,0.0231,-0.5772,0.6644,-1.2416,0.0323,0.034,0.296,-0.5121,0.808,0.0088,0.0093,0.4867,0.1807,0.306,0.0059,0.0062,-0.1124,0.086,-0.0264,0.0312,0.032,0.0447,Cam.York,D,0.0334,0.0174
8475761,0.0094,-0.0167,0.026,0.0641,0.0675,-0.1481,0.0278,-0.1759,0.022,0.0232,0.0959,-0.0981,0.1941,0.0323,0.034,-0.1273,-0.1587,0.0315,0.0088,0.0093,-0.7802,0.4593,-1.2395,0.0059,0.0062,0.0272,-0.0537,-0.0265,0.033,0.0347,0.0479,Beau.Bennett,F,0.0256,-0.0253
8479580,-0.0569,0.0029,-0.0599,0.0624,0.0631,-0.506,0.6291,-1.135,0.022,0.0231,-0.1685,0.0491,-0.2176,0.0323,0.034,0.7279,-0.1415,0.8695,0.0088,0.0093,-0.0083,0.6803,-0.6886,0.0059,0.0062,-0.0974,0.0709,-0.0265,0.0322,0.0326,0.0458,Dylan.Gambrell,F,-0.0202,0.0319
8480935,0.0047,-0.0068,0.0115,0.0682,0.0717,-0.1639,-0.1262,-0.0377,0.022,0.0232,0.0288,-0.0434,0.0722,0.0323,0.034,0.1357,-0.0458,0.1815,0.0088,0.0093,-0.2872,-0.1067,-0.1805,0.0059,0.0062,0.0037,-0.0304,-0.0266,0.035,0.0368,0.0508,Lawrence.Pilut,D,0.0121,-0.0106
8482063,-0.0341,-0.0001,-0.034,0.0725,0.0761,-0.0216,0.0012,-0.0229,0.022,0.0232,-0.0175,-0.0069,-0.0106,0.0323,0.0341,0.0162,0.0172,-0.001,0.0088,0.0093,0.0344,0.0436,-0.0093,0.0059,0.0062,-0.0245,-0.0021,-0.0266,0.0371,0.0389,0.0538,Marc.Michaelis,F,-0.0665,0.0008
8475413,-0.0237,0.0137,-0.0374,0.0675,0.0703,-0.2398,-0.0641,-0.1756,0.022,0.0232,0.0559,0.0158,0.0401,0.0323,0.034,-0.0733,0.0296,-0.1029,0.0088,0.0093,0.0089,-0.2763,0.2852,0.0059,0.0062,-0.0403,0.0135,-0.0267,0.0347,0.0361,0.05,Justin.Dowling,F,-0.0115,0.0097
8477512,-0.0298,0.0501,-0.08,0.0658,0.0676,-0.0825,0.1834,-0.2659,0.022,0.0232,-0.1731,0.0677,-0.2408,0.0323,0.034,0.2674,-0.243,0.5104,0.0088,0.0093,0.7185,0.0405,0.678,0.0059,0.0062,-0.0781,0.0513,-0.0268,0.0338,0.0348,0.0485,Frederik.Gauthier,F,-0.0147,0.0653
8479366,0.0084,-0.0089,0.0173,0.0688,0.0711,-0.1595,0.1455,-0.305,0.022,0.0232,0.0866,-0.1004,0.187,0.0323,0.034,-0.1876,-0.0199,-0.1677,0.0088,0.0093,-0.0893,0.3139,-0.4032,0.0059,0.0062,-0.0084,-0.0185,-0.0268,0.0353,0.0365,0.0508,Logan.Brown,F,0.0049,-0.0135
8484304,0.0091,-0.0548,0.0639,0.0679,0.0711,0.1911,0.0173,0.1738,0.022,0.0232,-0.1848,0.0712,-0.256,0.0323,0.034,-0.1196,0.5171,-0.6367,0.0088,0.0093,0.8049,0.0469,0.758,0.0059,0.0062,-0.0468,0.02,-0.0268,0.0348,0.0365,0.0505,Uvis.Balinskis,D,0.0387,-0.0514
8476207,-0.0209,0.0086,-0.0294,0.0647,0.066,-0.0151,0.0831,-0.0982,0.022,0.0232,-0.0011,-0.1528,0.1517,0.0323,0.034,0.3791,0.0189,0.3601,0.0088,0.0093,-0.0783,0.6024,-0.6807,0.0059,0.0062,0.0129,-0.0398,-0.0269,0.0333,0.034,0.0476,Brian.Gibbons,F,-0.018,0.0199
8480833,-0.0082,-0.0084,0.0002,0.0696,0.0729,-0.3161,0.3203,-0.6363,0.022,0.0232,0.0158,-0.0525,0.0683,0.0323,0.034,0.0831,-0.0592,0.1423,0.0088,0.0093,-0.1578,0.4713,-0.6291,0.0059,0.0062,-0.0367,0.0099,-0.0269,0.0357,0.0374,0.0517,Vitali.Kravtsov,F,-0.0085,-0.0178
8476495,-0.0058,-0.0329,0.0271,0.0685,0.0716,-0.0252,0.0246,-0.0498,0.022,0.0232,0.0057,-0.0281,0.0338,0.0323,0.034,0.0078,-0.0992,0.107,0.0088,0.0093,-0.111,0.0377,-0.1487,0.0059,0.0062,-0.0005,-0.0264,-0.0269,0.0351,0.0367,0.0508,Seth.Griffith,F,-0.0141,-0.0644
8480028,0.0063,0.0108,-0.0045,0.0596,0.0611,-0.3941,0.5177,-0.9118,0.0219,0.0231,-0.4317,0.3597,-0.7914,0.0323,0.034,0.0511,-0.2347,0.2858,0.0088,0.0093,0.5496,0.1316,0.4179,0.0059,0.0062,-0.1699,0.1428,-0.027,0.0308,0.0316,0.0442,Morgan.Frost,F,0.0392,-0.0148
8480831,0.0015,0.0443,-0.0428,0.0688,0.0716,0.1194,-0.4579,0.5773,0.022,0.0232,-0.0599,0.1298,-0.1897,0.0323,0.034,-0.1752,0.0791,-0.2543,0.0088,0.0093,0.5504,-0.3303,0.8807,0.0059,0.0062,-0.027,-0.0,-0.0271,0.0353,0.0367,0.0509,Alec.Regula,D,0.0111,0.076
8474168,-0.0057,-0.0315,0.0257,0.0692,0.0719,-0.0109,0.006,-0.0169,0.022,0.0232,0.0097,-0.0376,0.0473,0.0323,0.034,-0.0084,-0.0221,0.0137,0.0088,0.0093,-0.0674,0.066,-0.1334,0.0059,0.0062,-0.0002,-0.0271,-0.0272,0.0355,0.0369,0.0512,Joakim.Andersson,F,-0.0113,-0.0611
8481553,0.0151,-0.0104,0.0254,0.0675,0.0704,-0.137,-0.4069,0.2699,0.022,0.0232,0.0761,0.1106,-0.0345,0.0323,0.034,-0.3,-0.094,-0.2061,0.0088,0.0093,-0.4099,-0.45,0.0401,0.0059,0.0062,0.0021,-0.0295,-0.0274,0.0347,0.0362,0.0501,Bobby.Brink,F,0.0368,-0.034
8475996,-0.0179,-0.0234,0.0055,0.0726,0.0765,-0.0078,-0.0045,-0.0033,0.022,0.0232,-0.008,-0.0105,0.0025,0.0323,0.0341,-0.0025,-0.0028,0.0003,0.0088,0.0093,0.0042,0.0085,-0.0043,0.0059,0.0062,-0.0122,-0.0152,-0.0274,0.0371,0.0391,0.054,Brendan.Shinnimin,F,-0.0346,-0.0456
8475917,-0.018,-0.0245,0.0066,0.0729,0.0766,-0.007,-0.0039,-0.0031,0.022,0.0232,-0.0074,-0.0112,0.0038,0.0323,0.0341,-0.0024,-0.003,0.0006,0.0088,0.0093,0.0,0.0043,-0.0043,0.0059,0.0062,-0.0118,-0.0157,-0.0275,0.0373,0.0392,0.0541,Jason.Akeson,F,-0.0348,-0.0475
8478040,-0.0222,-0.0193,-0.0029,0.0724,0.0759,-0.0076,0.0012,-0.0088,0.022,0.0232,-0.0114,-0.0076,-0.0038,0.0323,0.0341,-0.0023,-0.0212,0.0189,0.0088,0.0093,0.0162,-0.0096,0.0257,0.0059,0.0062,-0.0155,-0.012,-0.0276,0.037,0.0388,0.0537,Austin.Poganski,F,-0.0421,-0.0383
8483466,0.0086,-0.029,0.0377,0.0718,0.0754,-0.0651,-0.0393,-0.0258,0.022,0.0232,0.0097,0.0023,0.0073,0.0323,0.0341,0.0434,-0.0926,0.136,0.0088,0.0093,-0.0737,0.1096,-0.1833,0.0059,0.0062,0.0022,-0.0298,-0.0276,0.0367,0.0386,0.0533,Kevin.Korchinski,D,0.0153,-0.0562
8473565,0.0071,0.0007,0.0064,0.0638,0.0656,-0.0781,0.0352,-0.1133,0.022,0.0232,-0.0106,-0.0031,-0.0075,0.0323,0.034,0.19,-0.186,0.376,0.0088,0.0093,0.0311,0.5285,-0.4974,0.0059,0.0062,-0.0003,-0.0274,-0.0277,0.0329,0.0338,0.0472,Brian.Strait,D,0.0132,-0.0
8472410,-0.0042,-0.0063,0.0022,0.0662,0.0679,-0.074,0.087,-0.161,0.022,0.0232,0.0258,-0.0469,0.0727,0.0323,0.034,0.0202,-0.1334,0.1536,0.0088,0.0093,-0.1102,0.4336,-0.5438,0.0059,0.0062,-0.0019,-0.0258,-0.0277,0.034,0.0349,0.0488,Stephen.Gionta,F,-0.0043,-0.0073
8477009,0.0056,-0.0244,0.03,0.0643,0.0674,-0.0808,0.1248,-0.2056,0.022,0.0232,-0.0874,-0.0692,-0.0183,0.0323,0.034,0.135,0.1646,-0.0296,0.0088,0.0093,0.2666,-0.0569,0.3236,0.0059,0.0062,-0.0311,0.0034,-0.0277,0.0331,0.0347,0.048,Jake.Dotchin,D,0.0232,-0.0574
8476874,-0.0136,-0.0269,0.0133,0.0443,0.045,-0.6053,0.6763,-1.2816,0.0218,0.023,0.782,-0.8487,1.6307,0.0322,0.034,0.519,-0.3358,0.8548,0.0088,0.0093,-0.7386,1.1053,-1.8439,0.0059,0.0062,0.1351,-0.1631,-0.0279,0.0235,0.024,0.0336,Olli.Maatta,D,0.0308,0.0178
8473564,-0.0575,-0.0236,-0.0338,0.0496,0.0528,-0.7628,0.0142,-0.777,0.0219,0.0231,-0.063,0.363,-0.4259,0.0322,0.034,0.5991,-0.3059,0.905,0.0088,0.0093,-0.5594,-0.4742,-0.0852,0.0059,0.0062,-0.0987,0.0708,-0.0279,0.026,0.0277,0.038,Michael.Frolik,F,0.0527,0.0282
8482067,0.0203,-0.0326,0.0529,0.0703,0.0739,0.0384,-0.0749,0.1133,0.022,0.0232,0.0282,-0.0881,0.1164,0.0323,0.034,-0.0029,0.073,-0.0758,0.0088,0.0093,-0.0473,0.2287,-0.276,0.0059,0.0062,0.0238,-0.0517,-0.0279,0.036,0.0379,0.0523,Connor.Mackey,D,0.0341,-0.0317
8483620,0.0202,-0.023,0.0432,0.0704,0.0734,-0.2453,0.2226,-0.4678,0.022,0.0232,0.0221,-0.0957,0.1178,0.0323,0.034,0.0853,-0.0115,0.0969,0.0088,0.0093,-0.4384,0.728,-1.1663,0.0059,0.0062,0.0008,-0.029,-0.0282,0.0361,0.0376,0.0521,Marcus.Bjork,D,0.0279,-0.0246
8477502,-0.0316,-0.0005,-0.0311,0.0716,0.0753,-0.0416,-0.0251,-0.0165,0.022,0.0232,-0.0036,0.0004,-0.0039,0.0323,0.0341,0.0026,0.0045,-0.0019,0.0088,0.0093,-0.0167,0.0653,-0.082,0.0059,0.0062,-0.022,-0.0063,-0.0283,0.0367,0.0386,0.0532,Samuel.Morin,F,-0.059,0.002
8479543,0.0145,0.0176,-0.0031,0.0677,0.0699,-0.106,0.1417,-0.2477,0.022,0.0232,0.0509,0.0277,0.0232,0.0323,0.034,-0.0997,-0.0276,-0.0722,0.0088,0.0093,1.3524,0.1377,1.2147,0.0059,0.0062,-0.0575,0.029,-0.0285,0.0347,0.0359,0.05,Michael.Pezzetta,F,0.0179,0.0218
8478915,0.0217,-0.0236,0.0452,0.0685,0.0706,-0.0582,0.156,-0.2142,0.022,0.0232,0.0567,-0.0646,0.1213,0.0323,0.034,-0.0116,-0.023,0.0115,0.0088,0.0093,0.2673,0.6934,-0.4261,0.0059,0.0062,0.0032,-0.0317,-0.0285,0.0351,0.0363,0.0505,Sami.Niku,D,0.0452,-0.0405
8483686,0.0043,-0.0748,0.0791,0.0725,0.0763,-0.0004,-0.0163,0.0159,0.022,0.0232,-0.0018,-0.0108,0.0091,0.0323,0.0341,0.015,0.0392,-0.0242,0.0088,0.0093,-0.0711,-0.1404,0.0693,0.0059,0.0062,0.0054,-0.0343,-0.0288,0.0371,0.039,0.0539,,?,0.0053,-0.15
8480814,0.0036,-0.0278,0.0314,0.0721,0.0753,-0.0099,0.0119,-0.0217,0.022,0.0232,-0.0097,-0.0217,0.012,0.0323,0.0341,0.0115,-0.0059,0.0174,0.0088,0.0093,0.134,0.1265,0.0075,0.0059,0.0062,-0.0065,-0.0223,-0.0288,0.0369,0.0386,0.0534,Nicolas.Beaudin,D,0.0098,-0.0539
8477981,0.0164,-0.0451,0.0614,0.0719,0.0756,-0.0093,0.0345,-0.0437,0.022,0.0232,-0.007,-0.0311,0.0241,0.0323,0.0341,-0.0136,-0.0278,0.0141,0.0088,0.0093,0.0428,0.1421,-0.0993,0.0059,0.0062,0.0027,-0.0316,-0.0288,0.0368,0.0387,0.0534,Roland.McKeown,D,0.0336,-0.0863
8482062,0.014,-0.0233,0.0374,0.065,0.0677,-0.4922,0.1336,-0.6259,0.022,0.0232,-0.3631,0.0869,-0.45,0.0323,0.034,0.3344,0.3526,-0.0182,0.0088,0.0093,-0.0103,-1.2198,1.2095,0.0059,0.0062,-0.1262,0.0975,-0.0288,0.0334,0.0348,0.0483,Cole.Smith,F,0.0069,0.0152
8471232,-0.0007,-0.0113,0.0106,0.0622,0.0629,-0.1424,0.1721,-0.3145,0.022,0.0231,-0.0103,-0.0732,0.0629,0.0323,0.034,0.0408,0.2836,-0.2429,0.0088,0.0093,-0.1652,0.8751,-1.0403,0.0059,0.0062,-0.0149,-0.0139,-0.0288,0.0321,0.0325,0.0457,Lauri.Korpikoski,F,0.0119,-0.0214
8475185,-0.0059,-0.0064,0.0005,0.0647,0.0666,-0.2287,0.2035,-0.4322,0.022,0.0232,0.0266,-0.1028,0.1294,0.0323,0.034,-0.0997,-0.0216,-0.0781,0.0088,0.0093,-0.4735,0.3465,-0.8201,0.0059,0.0062,-0.0184,-0.0104,-0.0289,0.0333,0.0343,0.0478,Jacob.Josefson,F,-0.0094,-0.0116
8480205,0.0164,-0.0183,0.0347,0.064,0.0663,-0.4904,0.2167,-0.7071,0.022,0.0232,0.2116,-0.2014,0.413,0.0323,0.034,-0.0706,-0.1739,0.1032,0.0088,0.0093,-1.7126,1.0752,-2.7878,0.0059,0.0062,0.0455,-0.0744,-0.0289,0.033,0.0342,0.0475,Emil.Bemstrom,F,0.0373,-0.0103
8482247,0.0246,-0.0601,0.0847,0.0713,0.0747,-0.0005,0.0055,-0.0061,0.022,0.0232,0.0204,-0.0472,0.0676,0.0323,0.034,0.0711,-0.0122,0.0832,0.0088,0.0093,0.0321,0.2071,-0.175,0.0059,0.0062,0.0197,-0.0486,-0.0289,0.0365,0.0383,0.0529,Mikko.Lehtonen,D,0.0478,-0.1157
8473550,-0.0013,-0.0386,0.0374,0.0712,0.074,-0.0034,-0.0188,0.0154,0.022,0.0232,0.0049,-0.0235,0.0284,0.0323,0.034,0.0013,-0.0051,0.0064,0.0088,0.0093,-0.0433,0.0834,-0.1266,0.0059,0.0062,0.0017,-0.0309,-0.0292,0.0365,0.0379,0.0526,Andrew.Bodnarchuk,D,-0.0043,-0.074
8475726,0.0135,-0.0474,0.0609,0.0422,0.045,-0.209,0.0167,-0.2257,0.0218,0.023,0.1922,-0.4987,0.6909,0.0322,0.034,0.1161,0.4395,-0.3235,0.0088,0.0093,-0.686,-0.5785,-0.1075,0.0059,0.0062,0.0521,-0.0814,-0.0293,0.0225,0.024,0.0329,Tyler.Toffoli,F,0.0958,-0.0362
8477491,0.0121,-0.0573,0.0694,0.0712,0.0744,-0.0072,-0.0022,-0.005,0.022,0.0232,0.0089,-0.0374,0.0463,0.0323,0.034,-0.0057,0.0025,-0.0082,0.0088,0.0093,-0.0058,-0.0225,0.0167,0.0059,0.0062,0.0068,-0.0362,-0.0293,0.0365,0.0381,0.0527,Nicholas.Baptiste,F,0.0241,-0.1112
8476043,-0.0087,-0.0194,0.0108,0.0712,0.0744,-0.0313,-0.0046,-0.0266,0.022,0.0232,-0.0147,-0.0154,0.0007,0.0323,0.034,-0.0037,0.0258,-0.0295,0.0088,0.0093,0.008,0.1095,-0.1015,0.0059,0.0062,-0.0128,-0.0166,-0.0294,0.0365,0.0381,0.0527,Ben.Street,F,-0.013,-0.0365
8476279,-0.0022,-0.0076,0.0054,0.0619,0.0642,-0.1529,0.1497,-0.3026,0.022,0.0232,-0.0683,0.0376,-0.106,0.0323,0.034,0.2891,-0.2071,0.4963,0.0088,0.0093,0.178,0.3774,-0.1994,0.0059,0.0062,-0.0288,-0.0006,-0.0294,0.0319,0.0331,0.046,Jyrki.Jokipakka,D,0.0181,-0.0161
8468778,-0.0212,-0.0239,0.0027,0.0734,0.0774,-0.0064,-0.0071,0.0008,0.022,0.0232,-0.0094,-0.0104,0.001,0.0323,0.0341,-0.0018,-0.0035,0.0016,0.0088,0.0093,0.0014,0.0027,-0.0013,0.0059,0.0062,-0.0138,-0.0156,-0.0294,0.0375,0.0396,0.0545,,F,-0.0412,-0.0465
8476442,-0.0282,0.0282,-0.0563,0.0477,0.0484,-0.6188,0.167,-0.7858,0.0218,0.023,0.0844,-0.1038,0.1882,0.0322,0.034,0.9181,-0.4203,1.3384,0.0088,0.0093,-1.4573,1.1412,-2.5985,0.0059,0.0062,0.025,-0.0546,-0.0295,0.0251,0.0256,0.0358,Matt.Nieto,F,0.0073,0.0038
8470871,0.0031,-0.037,0.0401,0.0695,0.0722,-0.0305,0.0117,-0.0422,0.022,0.0232,-0.0015,-0.0214,0.0199,0.0323,0.034,-0.0105,0.0122,-0.0227,0.0088,0.0093,0.0144,0.1117,-0.0973,0.0059,0.0062,-0.0046,-0.0252,-0.0297,0.0356,0.037,0.0514,Chris.Porter,F,0.0092,-0.0721
8480870,-0.0121,-0.0105,-0.0016,0.0717,0.0748,-0.0902,0.0717,-0.1619,0.022,0.0232,-0.0103,0.0012,-0.0115,0.0323,0.0341,0.0003,0.0057,-0.0053,0.0088,0.0093,0.2031,0.1488,0.0543,0.0059,0.0062,-0.03,0.0002,-0.0298,0.0367,0.0383,0.0531,Benoit.Olivier.Groulx,F,-0.0192,-0.0196
8473911,-0.008,-0.0377,0.0298,0.0726,0.0764,-0.0024,-0.0106,0.0082,0.022,0.0232,-0.0032,-0.016,0.0128,0.0323,0.0341,-0.0024,-0.0051,0.0027,0.0088,0.0093,0.0017,0.0077,-0.006,0.0059,0.0062,-0.0053,-0.0246,-0.0298,0.0371,0.0391,0.0539,Steven.Pinizzotto,F,-0.0154,-0.0732
8474061,-0.0038,-0.041,0.0372,0.0706,0.0739,-0.0192,0.0088,-0.0281,0.022,0.0232,-0.0081,-0.0205,0.0124,0.0323,0.034,0.0056,0.0082,-0.0026,0.0088,0.0093,0.0438,-0.0254,0.0692,0.0059,0.0062,-0.008,-0.0222,-0.0302,0.0362,0.0379,0.0524,Anthony.Peluso,F,-0.0058,-0.0799
8477366,-0.0149,-0.0174,0.0025,0.0717,0.0749,-0.0325,-0.0496,0.0171,0.022,0.0232,-0.0062,-0.0156,0.0095,0.0323,0.0341,0.0423,-0.0034,0.0457,0.0088,0.0093,-0.0478,0.0286,-0.0764,0.0059,0.0062,-0.0092,-0.0209,-0.0302,0.0367,0.0384,0.0531,Luke.Johnson,F,-0.0242,-0.0313
8479379,0.0159,-0.0267,0.0426,0.0679,0.0704,-0.4517,0.0563,-0.508,0.022,0.0232,0.191,-0.0692,0.2602,0.0323,0.034,-0.2305,0.0996,-0.3301,0.0088,0.0093,-0.8498,0.461,-1.3108,0.0059,0.0062,0.0024,-0.0326,-0.0302,0.0348,0.0362,0.0502,Givani.Smith,F,0.0213,-0.039
8481426,-0.0147,-0.0302,0.0154,0.0729,0.0765,-0.0129,0.0016,-0.0145,0.022,0.0232,-0.0069,-0.0153,0.0084,0.0323,0.0341,-0.0036,-0.0087,0.0051,0.0088,0.0093,0.0028,0.0098,-0.007,0.0059,0.0062,-0.0111,-0.0191,-0.0303,0.0373,0.0391,0.0541,Ryan.Kuffner,F,-0.0285,-0.0582
8479320,0.0165,-0.0079,0.0244,0.0675,0.0698,-0.1795,0.1613,-0.3408,0.022,0.0232,0.0064,-0.024,0.0304,0.0323,0.034,-0.0307,-0.0456,0.0149,0.0088,0.0093,0.2962,0.2928,0.0034,0.0059,0.0062,-0.031,0.0005,-0.0304,0.0347,0.0359,0.0499,Maxime.Lajoie,D,0.0386,-0.0159
8480293,0.0206,-0.0298,0.0504,0.0711,0.0743,-0.0606,-0.0529,-0.0077,0.022,0.0232,0.0103,-0.0477,0.058,0.0323,0.034,0.0614,-0.0221,0.0834,0.0088,0.0093,0.005,0.0753,-0.0703,0.0059,0.0062,0.007,-0.0377,-0.0307,0.0364,0.0381,0.0527,Wyatt.Kalynuk,D,0.0463,-0.052
8476388,0.0095,-0.0551,0.0646,0.0725,0.0762,-0.0004,-0.0138,0.0134,0.022,0.0232,0.0043,-0.0263,0.0306,0.0323,0.0341,-0.0011,-0.0096,0.0085,0.0088,0.0093,-0.0033,0.0138,-0.0172,0.0059,0.0062,0.0057,-0.0365,-0.0308,0.0371,0.039,0.0538,Andrey.Pedan,D,0.0186,-0.1065
8471242,-0.0091,0.0235,-0.0326,0.0496,0.0506,-0.4167,0.2683,-0.685,0.0219,0.023,0.3683,-0.1104,0.4787,0.0322,0.034,0.1193,-0.7205,0.8398,0.0088,0.0093,1.076,-0.1635,1.2396,0.0059,0.0062,-0.0219,-0.009,-0.0309,0.026,0.0266,0.0372,Mike.Green,D,0.0723,-0.0148
8474717,-0.0037,-0.0005,-0.0032,0.0582,0.0606,-0.4446,0.2267,-0.6714,0.0219,0.0231,0.0625,-0.1334,0.1959,0.0323,0.034,0.3894,-0.0647,0.454,0.0088,0.0093,-0.8834,0.884,-1.7675,0.0059,0.0062,0.0039,-0.0348,-0.0309,0.0301,0.0314,0.0435,Mark.Barberio,D,0.0351,-0.0297
8478408,0.0192,0.0382,-0.019,0.0535,0.0563,-0.9388,0.5916,-1.5305,0.0219,0.0231,0.1468,-0.3184,0.4652,0.0323,0.034,0.1951,-0.4103,0.6054,0.0088,0.0093,-0.5026,-0.5715,0.069,0.0059,0.0062,-0.0671,0.036,-0.0311,0.0279,0.0293,0.0405,Travis.Dermott,D,0.0225,-0.0266
8479404,-0.0225,0.0258,-0.0483,0.0669,0.0696,-0.3651,-0.0049,-0.3603,0.022,0.0232,-0.1314,0.1394,-0.2708,0.0323,0.034,0.5624,-0.4363,0.9987,0.0088,0.0093,0.1689,-0.5042,0.6731,0.0059,0.0062,-0.0679,0.0368,-0.0311,0.0344,0.0358,0.0496,Henrik.Borgstrom,F,-0.0076,0.01
8478373,0.013,-0.0187,0.0318,0.0685,0.071,-0.0572,-0.053,-0.0042,0.022,0.0232,-0.0,-0.0179,0.0179,0.0323,0.034,-0.0008,-0.1296,0.1288,0.0088,0.0093,-0.2259,0.2277,-0.4536,0.0059,0.0062,0.0069,-0.0381,-0.0312,0.0351,0.0365,0.0506,Nikita.Soshnikov,F,0.0321,-0.0315
8479602,0.0157,-0.0475,0.0632,0.0716,0.0753,-0.0065,-0.0121,0.0056,0.022,0.0232,0.0057,-0.0451,0.0508,0.0323,0.0341,0.0195,-0.0501,0.0697,0.0088,0.0093,-0.0167,0.0723,-0.089,0.0059,0.0062,0.01,-0.0414,-0.0314,0.0367,0.0386,0.0532,Jeremy.Davies,D,0.0328,-0.0902
8471436,0.0203,-0.0353,0.0556,0.056,0.0576,-0.3509,0.2212,-0.5721,0.0219,0.0231,0.0294,-0.2094,0.2388,0.0323,0.034,0.7496,-0.32,1.0696,0.0088,0.0093,-0.7006,0.4658,-1.1664,0.0059,0.0062,0.037,-0.0684,-0.0314,0.0291,0.03,0.0418,Matt.Hunwick,D,0.0279,-0.0415
8481486,-0.0042,-0.0446,0.0404,0.0732,0.0772,0.0017,-0.016,0.0177,0.022,0.0232,-0.0014,-0.0201,0.0187,0.0323,0.0341,-0.0025,-0.0051,0.0027,0.0088,0.0093,-0.0005,-0.0019,0.0014,0.0059,0.0062,-0.0023,-0.0294,-0.0316,0.0374,0.0395,0.0544,Jimmy.Schuldt,D,-0.0081,-0.0863
8479553,0.019,0.0137,0.0053,0.0677,0.0715,-0.2995,0.1581,-0.4576,0.022,0.0232,-0.0033,0.0106,-0.0139,0.0323,0.034,0.303,-0.1503,0.4533,0.0088,0.0093,0.2294,0.714,-0.4846,0.0059,0.0062,-0.0271,-0.0047,-0.0318,0.0347,0.0367,0.0505,Maxim.Mamin,F,0.0181,0.0392
8477715,-0.024,-0.0252,0.0012,0.0725,0.0763,-0.0092,-0.0066,-0.0026,0.022,0.0232,-0.0109,-0.0114,0.0006,0.0323,0.0341,0.0024,0.0002,0.0022,0.0088,0.0093,-0.0066,0.0157,-0.0223,0.0059,0.0062,-0.0154,-0.0167,-0.0321,0.0371,0.039,0.0539,Tyler.Gaudet,F,-0.0464,-0.0488
8477642,0.0029,-0.052,0.0549,0.0727,0.0766,-0.0022,-0.0154,0.0131,0.022,0.0232,0.0017,-0.0226,0.0243,0.0323,0.0341,-0.0007,-0.008,0.0073,0.0088,0.0093,-0.0046,0.0042,-0.0088,0.0059,0.0062,0.0016,-0.0339,-0.0323,0.0372,0.0392,0.054,Rinat.Valiev,D,0.0059,-0.1008
8482116,0.0534,-0.056,0.1094,0.0576,0.0601,-0.43,0.2473,-0.6773,0.0219,0.0231,0.1852,-0.2975,0.4827,0.0323,0.034,0.3712,-0.8297,1.201,0.0088,0.0093,-1.0633,-0.1483,-0.915,0.0059,0.0062,0.0677,-0.1002,-0.0325,0.0299,0.0312,0.0432,Tim.Stützle,F,0.073,-0.0121
8474230,-0.0167,-0.0017,-0.0149,0.0644,0.0661,-0.3185,0.2623,-0.5807,0.022,0.0232,-0.0975,0.0643,-0.1618,0.0323,0.034,0.1386,-0.0849,0.2236,0.0088,0.0093,0.7024,-0.4242,1.1266,0.0059,0.0062,-0.0974,0.0645,-0.0328,0.0331,0.0341,0.0475,Micheal.Haley,F,-0.0076,-0.036
8477357,-0.0158,0.0029,-0.0186,0.0677,0.0703,-0.3688,0.5363,-0.9051,0.022,0.0232,-0.1005,-0.1499,0.0494,0.0323,0.034,0.3964,0.0189,0.3775,0.0088,0.0093,0.097,0.4383,-0.3414,0.0059,0.0062,-0.0654,0.0325,-0.0329,0.0347,0.0361,0.0501,Saku.Maenalanen,F,0.0123,0.0199
8473914,-0.0208,0.0164,-0.0371,0.0597,0.0601,-0.3285,0.238,-0.5665,0.0219,0.0231,-0.0276,-0.0254,-0.0023,0.0323,0.034,-0.1254,-0.036,-0.0894,0.0088,0.0093,0.0101,-0.106,0.116,0.0059,0.0062,-0.0737,0.0404,-0.0333,0.0309,0.0312,0.0439,Mark.Letestu,F,0.0176,-0.0309
8475161,-0.0152,-0.0361,0.0209,0.0732,0.0771,-0.0049,-0.0101,0.0051,0.022,0.0232,-0.0067,-0.0161,0.0094,0.0323,0.0341,-0.0012,-0.0039,0.0027,0.0088,0.0093,-0.0001,0.0048,-0.0049,0.0059,0.0062,-0.0099,-0.0235,-0.0334,0.0374,0.0394,0.0544,Chris.Brown,F,-0.0294,-0.07
8475098,-0.0606,0.0513,-0.1119,0.0488,0.0497,-0.3979,0.1838,-0.5817,0.0218,0.023,0.3469,-0.1547,0.5016,0.0322,0.034,0.1223,-0.2586,0.3809,0.0088,0.0093,0.4113,0.3619,0.0494,0.0059,0.0062,-0.0228,-0.0108,-0.0336,0.0256,0.0262,0.0366,Tyler.Bozak,F,0.0246,-0.0135
8484387,0.0312,-0.0318,0.063,0.0685,0.0713,0.0712,-0.0962,0.1674,0.022,0.0232,-0.1013,0.1375,-0.2388,0.0323,0.034,0.0241,0.1007,-0.0766,0.0088,0.0093,1.3914,-0.2621,1.6536,0.0059,0.0062,-0.0502,0.0164,-0.0338,0.0351,0.0366,0.0507,,F,0.0763,-0.055
8476285,-0.0024,-0.0102,0.0078,0.0688,0.0715,-0.152,0.0401,-0.1921,0.022,0.0232,-0.0087,-0.0317,0.0231,0.0323,0.034,-0.0553,-0.0623,0.007,0.0088,0.0093,-0.103,-0.0265,-0.0765,0.0059,0.0062,-0.0251,-0.0087,-0.0338,0.0353,0.0367,0.0509,Matthew.Peca,F,0.0015,-0.0183
8477043,0.014,-0.0355,0.0496,0.0613,0.0635,-0.2699,0.3425,-0.6124,0.022,0.0232,-0.0012,-0.0284,0.0272,0.0323,0.034,0.0424,-0.342,0.3844,0.0088,0.0093,0.1782,0.0573,0.1208,0.0059,0.0062,-0.0383,0.0046,-0.0338,0.0316,0.0328,0.0456,Christian.Djoos,D,0.0347,-0.0738
8480813,-0.0449,-0.0096,-0.0353,0.0634,0.0645,-0.0975,0.1914,-0.2889,0.022,0.0232,-0.07,-0.129,0.059,0.0323,0.034,0.4654,0.157,0.3084,0.0088,0.0093,-0.0519,0.4076,-0.4594,0.0059,0.0062,-0.0225,-0.0114,-0.0338,0.0327,0.0333,0.0466,Joe.Veleno,F,-0.0115,-0.0114
8469547,0.0155,-0.0142,0.0297,0.0667,0.0692,-0.1621,-0.0158,-0.1462,0.022,0.0232,0.0142,-0.0382,0.0524,0.0323,0.034,0.0677,-0.0001,0.0679,0.0088,0.0093,-0.017,0.1807,-0.1977,0.0059,0.0062,-0.0087,-0.0251,-0.0338,0.0343,0.0356,0.0494,Jordin.Tootoo,F,0.0297,-0.0288
8484783,0.0186,-0.0508,0.0694,0.0672,0.0696,0.6263,-0.5676,1.1939,0.022,0.0232,-0.276,0.1263,-0.4023,0.0323,0.034,-0.3963,0.5947,-0.991,0.0088,0.0093,1.5878,-1.4486,3.0364,0.0059,0.0062,-0.0448,0.0109,-0.0339,0.0345,0.0358,0.0497,,D,0.0383,-0.0814
8480144,-0.042,-0.0391,-0.003,0.0521,0.0528,-0.2949,-0.3033,0.0084,0.0219,0.0231,0.6504,0.0695,0.5809,0.0322,0.034,0.0659,-0.644,0.7099,0.0088,0.0093,0.6919,-0.0035,0.6954,0.0059,0.0062,0.0541,-0.0883,-0.0341,0.0272,0.0277,0.0388,David.Kampf,F,-0.0073,0.0062
8479347,-0.0224,-0.0212,-0.0011,0.0713,0.0752,-0.0834,-0.0035,-0.0799,0.022,0.0232,0.0003,-0.0274,0.0277,0.0323,0.0341,-0.0016,0.0153,-0.017,0.0088,0.0093,-0.151,0.0044,-0.1554,0.0059,0.0062,-0.0177,-0.0164,-0.0341,0.0365,0.0385,0.0531,Tyler.Benson,F,-0.0399,-0.0408
8484254,0.013,-0.0575,0.0705,0.0728,0.0765,-0.0231,0.0232,-0.0463,0.022,0.0232,0.0024,-0.0316,0.034,0.0323,0.0341,0.008,-0.0089,0.0169,0.0088,0.0093,0.0278,0.1152,-0.0875,0.0059,0.0062,0.0029,-0.0374,-0.0344,0.0372,0.0391,0.054,Akito.Hirose,D,0.0265,-0.1109
8481237,-0.0132,-0.0342,0.0211,0.0701,0.0733,0.1381,-0.1585,0.2966,0.022,0.0232,-0.1197,0.0136,-0.1332,0.0323,0.034,-0.0522,0.1192,-0.1714,0.0088,0.0093,0.4686,-0.7578,1.2263,0.0059,0.0062,-0.0341,-0.0004,-0.0345,0.0359,0.0376,0.052,,F,-0.0138,-0.0347
8471254,0.0072,-0.0192,0.0264,0.0648,0.0682,-0.077,0.0343,-0.1113,0.022,0.0232,0.0249,-0.0787,0.1036,0.0323,0.034,0.0026,-0.0377,0.0403,0.0088,0.0093,-0.2133,0.4239,-0.6372,0.0059,0.0062,0.0062,-0.041,-0.0348,0.0333,0.0351,0.0484,Bryan.Bickell,F,0.0134,-0.033
8474850,-0.0075,-0.0427,0.0351,0.0717,0.0752,-0.0104,-0.0113,0.0009,0.022,0.0232,-0.0027,-0.0237,0.021,0.0323,0.0341,-0.0024,0.0029,-0.0053,0.0088,0.0093,0.009,0.0082,0.0008,0.0059,0.0062,-0.0064,-0.0284,-0.0348,0.0367,0.0385,0.0532,Brandon.Mashinter,F,-0.0146,-0.082
8474774,0.0122,-0.0115,0.0237,0.0616,0.0634,-0.0373,-0.1942,0.1569,0.022,0.0232,0.0633,-0.0183,0.0816,0.0323,0.034,0.2108,-0.0277,0.2385,0.0088,0.0093,0.3268,0.2073,0.1195,0.0059,0.0062,0.014,-0.0489,-0.0349,0.0318,0.0328,0.0456,Dalton.Prout,D,0.0141,-0.0212
8477320,-0.0013,0.005,-0.0063,0.0693,0.072,-0.2436,0.0593,-0.3028,0.022,0.0232,0.0527,-0.0451,0.0979,0.0323,0.034,-0.0303,-0.1997,0.1693,0.0088,0.0093,-0.246,0.1802,-0.4263,0.0059,0.0062,-0.0176,-0.0177,-0.0353,0.0355,0.0369,0.0513,Anton.Blidh,F,0.0118,0.0043
8477452,0.0027,-0.0218,0.0245,0.069,0.072,-0.0402,-0.0181,-0.022,0.022,0.0232,-0.026,-0.006,-0.0201,0.0323,0.034,0.1552,-0.0872,0.2424,0.0088,0.0093,0.2505,0.1043,0.1461,0.0059,0.0062,-0.0111,-0.0243,-0.0354,0.0354,0.0369,0.0512,Ian.McCoshen,D,0.0093,-0.048
8475597,-0.0012,-0.0537,0.0525,0.0725,0.0765,-0.0021,-0.014,0.012,0.022,0.0232,-0.0008,-0.0248,0.024,0.0323,0.0341,0.0027,-0.0051,0.0079,0.0088,0.0093,0.001,0.0062,-0.0052,0.0059,0.0062,-0.001,-0.035,-0.0359,0.0371,0.0391,0.0539,Shane.Harper,F,-0.0021,-0.1039
8471762,-0.0167,-0.0015,-0.0152,0.0625,0.0636,-0.1376,0.0312,-0.1688,0.022,0.0232,-0.0222,-0.0125,-0.0097,0.0323,0.034,-0.1139,0.1753,-0.2892,0.0088,0.0093,-0.0902,0.2654,-0.3556,0.0059,0.0062,-0.0371,0.0011,-0.036,0.0322,0.0329,0.046,Chris.VandeVelde,F,-0.0224,0.0027
8475878,-0.0098,-0.0373,0.0275,0.0704,0.0736,-0.0468,0.0083,-0.0551,0.022,0.0232,-0.0065,-0.028,0.0215,0.0323,0.034,0.0116,0.0192,-0.0076,0.0088,0.0093,-0.0128,0.0349,-0.0478,0.0059,0.0062,-0.0121,-0.0238,-0.036,0.0361,0.0377,0.0522,Freddie.Hamilton,F,-0.016,-0.0725
8477335,0.0094,0.0311,-0.0218,0.0658,0.0679,-1.31,0.6184,-1.9285,0.022,0.0232,0.2055,-0.0988,0.3043,0.0323,0.034,0.1154,-0.5626,0.678,0.0088,0.0093,-2.1498,0.8806,-3.0304,0.0059,0.0062,-0.0537,0.0176,-0.0361,0.0338,0.0349,0.0486,Kyle.Burroughs,D,0.0153,0.031
8471816,-0.0049,0.0,-0.0049,0.0623,0.0644,-0.1851,-0.0269,-0.1582,0.022,0.0232,-0.0619,-0.0144,-0.0474,0.0323,0.034,0.1676,0.1387,0.029,0.0088,0.0093,0.0039,0.0877,-0.0837,0.0059,0.0062,-0.0339,-0.0024,-0.0363,0.0321,0.0332,0.0462,Mark.Fayne,D,0.0201,0.0018
8480887,0.0352,0.0001,0.035,0.0648,0.0668,-0.5227,0.4554,-0.9781,0.022,0.0232,-0.2204,-0.1602,-0.0602,0.0323,0.034,0.3214,0.1193,0.2021,0.0088,0.0093,0.1328,-0.4667,0.5995,0.0059,0.0062,-0.0953,0.0589,-0.0364,0.0333,0.0344,0.0479,Jordan.Harris,D,0.016,0.0176
8479382,-0.0171,-0.03,0.0129,0.0707,0.0736,-0.0883,-0.003,-0.0853,0.022,0.0232,-0.0041,-0.0133,0.0092,0.0323,0.034,0.0443,-0.0476,0.0919,0.0088,0.0093,-0.1952,0.0764,-0.2716,0.0059,0.0062,-0.0122,-0.0243,-0.0365,0.0362,0.0377,0.0523,Connor.Bunnaman,F,-0.0309,-0.0593
8474610,0.0154,-0.0093,0.0247,0.0699,0.0726,-0.0615,-0.1554,0.094,0.022,0.0232,0.0399,-0.0319,0.0718,0.0323,0.034,0.0113,0.0466,-0.0353,0.0088,0.0093,-0.2362,0.5447,-0.7809,0.0059,0.0062,0.0174,-0.054,-0.0366,0.0358,0.0372,0.0517,Zac.Dalpe,F,0.0418,-0.0117
8471693,0.0236,-0.0382,0.0617,0.0646,0.0683,-0.0733,0.0325,-0.1057,0.022,0.0232,0.0779,-0.1197,0.1976,0.0323,0.034,0.0034,-0.0334,0.0368,0.0088,0.0093,-0.0508,0.3582,-0.409,0.0059,0.0062,0.0202,-0.0569,-0.0367,0.0332,0.0351,0.0484,Jakub.Kindl,D,0.0475,-0.0635
8481751,-0.0292,-0.0278,-0.0013,0.0732,0.0771,-0.0076,-0.012,0.0044,0.022,0.0232,-0.0139,-0.0048,-0.0091,0.0323,0.0341,0.0027,-0.019,0.0217,0.0088,0.0093,0.0034,0.0031,0.0004,0.0059,0.0062,-0.0188,-0.018,-0.0368,0.0374,0.0394,0.0544,Lukas.Rousek,F,-0.0569,-0.0532
8479419,-0.0013,-0.056,0.0547,0.0721,0.0756,0.0071,-0.0157,0.0228,0.022,0.0232,0.0061,-0.0398,0.0459,0.0323,0.0341,-0.0029,0.0254,-0.0283,0.0088,0.0093,-0.0575,0.0775,-0.135,0.0059,0.0062,0.0039,-0.0407,-0.0368,0.0369,0.0387,0.0535,Brett.Murray,F,-0.0036,-0.1076
8481575,0.0188,-0.0465,0.0653,0.0716,0.0755,0.0108,-0.0953,0.1061,0.022,0.0232,0.0076,-0.0362,0.0438,0.0323,0.0341,0.0475,-0.0121,0.0596,0.0088,0.0093,0.0085,0.1431,-0.1346,0.0059,0.0062,0.0152,-0.052,-0.0368,0.0367,0.0387,0.0533,Lassi.Thomson,D,0.0391,-0.087
8468505,-0.0032,-0.0252,0.0221,0.0659,0.0678,-0.167,0.0419,-0.2089,0.022,0.0232,0.0284,-0.054,0.0824,0.0323,0.034,-0.0269,-0.0269,-0.0,0.0088,0.0093,-0.3704,0.2437,-0.6141,0.0059,0.0062,-0.0072,-0.0296,-0.0368,0.0339,0.0349,0.0486,Steve.Ott,F,0.0036,-0.0469
8467876,0.0129,-0.0381,0.051,0.055,0.0568,-0.1393,-0.1031,-0.0361,0.0219,0.0231,0.392,-0.2465,0.6385,0.0323,0.034,0.139,-0.7488,0.8878,0.0088,0.0093,-0.3675,-0.0489,-0.3186,0.0059,0.0062,0.0948,-0.1317,-0.0369,0.0286,0.0296,0.0411,Henrik.Sedin,F,0.0334,-0.0584
8478431,0.0278,-0.0268,0.0546,0.0643,0.0665,-0.1038,0.2428,-0.3466,0.022,0.0232,0.2055,-0.3977,0.6033,0.0323,0.034,0.5424,-0.6672,1.2096,0.0088,0.0093,-0.3629,0.5755,-0.9384,0.0059,0.0062,0.0906,-0.1275,-0.0369,0.0331,0.0343,0.0476,Evgeny.Svechnikov,F,0.0211,-0.0136
8476855,0.0109,-0.015,0.0259,0.0601,0.0617,-0.1049,0.0295,-0.1344,0.0219,0.0231,0.0095,-0.1072,0.1167,0.0323,0.034,0.4396,-0.2127,0.6523,0.0088,0.0093,-0.1809,0.5837,-0.7646,0.0059,0.0062,0.0254,-0.0628,-0.0374,0.0311,0.0319,0.0445,Nail.Yakupov,F,0.0421,-0.0412
8477453,0.0055,-0.0485,0.0541,0.0704,0.073,-0.064,0.0532,-0.1172,0.022,0.0232,-0.0006,-0.0238,0.0232,0.0323,0.034,0.0177,-0.0448,0.0625,0.0088,0.0093,0.0387,0.147,-0.1083,0.0059,0.0062,-0.0075,-0.0301,-0.0375,0.0361,0.0374,0.052,Chris.Bigras,D,0.0112,-0.0953
8475165,-0.0117,-0.0227,0.011,0.0668,0.0694,-0.0928,-0.0226,-0.0701,0.022,0.0232,0.0066,-0.0201,0.0267,0.0323,0.034,-0.0018,-0.0038,0.0021,0.0088,0.0093,-0.0821,0.085,-0.1671,0.0059,0.0062,-0.0151,-0.0228,-0.0379,0.0343,0.0357,0.0495,Anton.Lander,F,-0.0184,-0.0429
8477359,-0.0637,-0.0085,-0.0551,0.0605,0.0621,-0.685,0.8186,-1.5036,0.0219,0.0231,0.0647,-0.0907,0.1554,0.0323,0.034,0.1982,-0.1721,0.3703,0.0088,0.0093,0.0609,0.3845,-0.3236,0.0059,0.0062,-0.1109,0.0729,-0.038,0.0313,0.0321,0.0448,Tucker.Poolman,D,0.0272,-0.0064
8480847,0.0035,-0.0488,0.0523,0.07,0.0731,-0.2299,0.1508,-0.3807,0.022,0.0232,0.0131,-0.0571,0.0703,0.0323,0.034,0.028,0.0035,0.0245,0.0088,0.0093,-0.0866,-0.0164,-0.0702,0.0059,0.0062,-0.0247,-0.0135,-0.0382,0.0359,0.0375,0.0519,Ryan.Merkley,D,0.0204,-0.0802
8478844,-0.0187,-0.0335,0.0149,0.0718,0.0752,-0.0125,-0.0188,0.0063,0.022,0.0232,-0.0083,-0.0183,0.01,0.0323,0.0341,0.0309,-0.0129,0.0438,0.0088,0.0093,0.031,0.0382,-0.0073,0.0059,0.0062,-0.0124,-0.0259,-0.0383,0.0367,0.0385,0.0532,Mikhail.Vorobyev,F,-0.0342,-0.0604
8481582,0.0119,-0.0027,0.0146,0.0667,0.0691,0.4123,0.0039,0.4084,0.022,0.0232,-0.173,0.0849,-0.2579,0.0323,0.034,0.2162,0.1666,0.0496,0.0088,0.0093,1.9292,0.7985,1.1307,0.0059,0.0062,-0.0345,-0.004,-0.0385,0.0343,0.0355,0.0494,Nicholas.Robertson,F,0.045,0.0179
8484197,-0.0013,-0.0115,0.0102,0.0698,0.0733,0.26,-0.37,0.63,0.022,0.0232,-0.0744,-0.038,-0.0365,0.0323,0.034,-0.167,0.2788,-0.4458,0.0088,0.0093,0.2308,-0.2831,0.5138,0.0059,0.0062,0.0027,-0.0416,-0.0388,0.0358,0.0376,0.0519,,F,0.0122,-0.0192
8470600,0.1001,0.0529,0.0473,0.0381,0.0388,-0.749,0.4863,-1.2353,0.0217,0.0228,0.8016,-1.2144,2.016,0.0322,0.0339,0.4899,-0.3607,0.8506,0.0088,0.0093,-2.0354,1.8559,-3.8914,0.0059,0.0062,0.2249,-0.2637,-0.0388,0.0206,0.0211,0.0295,Ryan.Suter,D,0.0418,-0.05
8482090,-0.0031,-0.0267,0.0237,0.0718,0.0753,0.0315,-0.0043,0.0357,0.022,0.0232,-0.0239,-0.0245,0.0006,0.0323,0.0341,-0.0653,0.0266,-0.0919,0.0088,0.0093,0.4332,-0.0507,0.4839,0.0059,0.0062,-0.0233,-0.0158,-0.0391,0.0367,0.0386,0.0533,,F,-0.0083,-0.0493
8478109,0.021,-0.1628,0.1838,0.0556,0.0576,-0.006,-0.1956,0.1896,0.0219,0.0231,0.9426,-0.7224,1.665,0.0323,0.034,-0.2714,-0.2418,-0.0296,0.0088,0.0093,-1.2265,0.1222,-1.3487,0.0059,0.0062,0.2497,-0.2891,-0.0393,0.0289,0.03,0.0416,Victor.Olofsson,F,0.058,-0.0464
8479268,0.0069,-0.0382,0.0451,0.066,0.0687,-0.2415,0.0632,-0.3047,0.022,0.0232,0.0202,0.0004,0.0198,0.0323,0.034,-0.0151,-0.0715,0.0565,0.0088,0.0093,0.2366,-0.3173,0.5539,0.0059,0.0062,-0.0387,-0.0011,-0.0398,0.0339,0.0353,0.049,Casey.Nelson,D,0.0307,-0.0734
8471691,0.0244,-0.0088,0.0332,0.0603,0.0625,-0.1069,-0.1433,0.0365,0.0219,0.0231,0.1399,-0.0898,0.2297,0.0323,0.034,-0.5391,-0.068,-0.4711,0.0088,0.0093,-0.8448,0.4605,-1.3053,0.0059,0.0062,0.0284,-0.0682,-0.0398,0.0312,0.0323,0.0449,Martin.Hanzal,F,0.0434,-0.0019
8468001,-0.0088,-0.0027,-0.0061,0.0611,0.0622,-0.4884,0.2109,-0.6993,0.022,0.0231,0.1655,-0.2469,0.4124,0.0323,0.034,0.3545,0.1067,0.2478,0.0088,0.0093,-0.8492,0.9124,-1.7617,0.0059,0.0062,0.014,-0.0541,-0.0401,0.0315,0.0322,0.0451,Derek.MacKenzie,F,-0.0032,-0.0087
8479250,-0.0096,-0.0313,0.0217,0.07,0.0728,-0.0415,-0.0284,-0.0131,0.022,0.0232,-0.0093,-0.0449,0.0357,0.0323,0.034,0.0212,0.017,0.0042,0.0088,0.0093,-0.02,0.0105,-0.0304,0.0059,0.0062,-0.011,-0.0292,-0.0402,0.0359,0.0373,0.0518,Nick.Lappin,F,-0.0158,-0.0589
8476857,-0.0199,-0.022,0.0021,0.0635,0.066,-0.1746,0.1106,-0.2852,0.022,0.0232,-0.0378,0.0362,-0.074,0.0323,0.034,0.1729,-0.2731,0.4461,0.0088,0.0093,0.1509,-0.0616,0.2125,0.0059,0.0062,-0.0401,-0.0004,-0.0405,0.0327,0.034,0.0472,Pontus.Aberg,F,-0.0023,-0.0639
8476423,0.0223,-0.0115,0.0338,0.067,0.0695,-0.0865,-0.1259,0.0393,0.022,0.0232,0.0382,-0.0664,0.1046,0.0323,0.034,0.0279,-0.0666,0.0944,0.0088,0.0093,-0.1631,0.3005,-0.4635,0.0059,0.0062,0.0148,-0.0553,-0.0405,0.0344,0.0357,0.0496,Reid.Boucher,F,0.0474,-0.0126
8481433,-0.0039,-0.0014,-0.0025,0.0702,0.0727,-0.0649,0.0375,-0.1024,0.022,0.0232,0.0166,-0.0301,0.0467,0.0323,0.034,-0.0425,-0.2012,0.1588,0.0088,0.0093,0.3576,0.0475,0.3101,0.0059,0.0062,-0.0249,-0.0157,-0.0406,0.036,0.0373,0.0518,Taro.Hirose,F,0.0058,-0.0114
8471296,-0.0437,0.0483,-0.0919,0.0533,0.0543,-0.3358,0.6091,-0.9449,0.0219,0.0231,-0.3752,0.0306,-0.4057,0.0322,0.034,0.1302,0.1792,-0.0489,0.0088,0.0093,0.714,-0.0427,0.7567,0.0059,0.0062,-0.1755,0.1347,-0.0408,0.0278,0.0284,0.0397,Alexei.Emelin,D,0.0125,0.0106
8475268,-0.0125,0.041,-0.0535,0.0626,0.0627,-0.3368,0.3299,-0.6667,0.022,0.0231,0.0416,0.0778,-0.0362,0.0323,0.034,-0.1144,-0.2578,0.1434,0.0088,0.0093,0.1542,1.2955,-1.1413,0.0059,0.0062,-0.0606,0.0198,-0.0408,0.0323,0.0324,0.0457,Gabriel.Bourque,F,-0.0003,0.0459
8468085,0.031,-0.0393,0.0704,0.0586,0.0597,-0.1407,0.0029,-0.1435,0.0219,0.0231,0.2432,-0.2373,0.4805,0.0323,0.034,-0.0886,-0.0471,-0.0415,0.0088,0.0093,-0.2012,0.4317,-0.633,0.0059,0.0062,0.0506,-0.0915,-0.0409,0.0303,0.031,0.0434,Radim.Vrbata,F,0.0835,-0.0331
8477455,-0.0352,0.0216,-0.0568,0.0616,0.0627,-0.2198,0.1369,-0.3567,0.022,0.0231,0.0771,-0.0633,0.1404,0.0323,0.034,-0.0354,0.0735,-0.109,0.0088,0.0093,0.8108,-0.1226,0.9333,0.0059,0.0062,-0.0682,0.0267,-0.0414,0.0318,0.0324,0.0454,Jacob.De.La.Rose,F,-0.0178,0.0276
8480326,0.021,-0.0,0.0211,0.0676,0.0701,-0.2555,0.0437,-0.2992,0.022,0.0232,0.0379,-0.1099,0.1478,0.0323,0.034,0.1252,0.2465,-0.1212,0.0088,0.0093,-0.2094,0.8768,-1.0862,0.0059,0.0062,-0.0036,-0.0379,-0.0415,0.0347,0.036,0.05,Sheldon.Dries,F,0.0414,0.0179
8480829,0.0114,0.0037,0.0077,0.051,0.0553,-0.2402,-0.063,-0.1772,0.0219,0.0231,-0.3958,0.344,-0.7399,0.0322,0.034,-0.3697,-0.9256,0.5559,0.0088,0.0093,-1.35,-0.7877,-0.5623,0.0059,0.0062,-0.0856,0.0441,-0.0415,0.0267,0.0289,0.0393,Jesperi.Kotkaniemi,F,0.0294,0.008
8465058,0.0094,-0.0149,0.0242,0.0614,0.0644,-0.1596,0.0286,-0.1882,0.022,0.0232,0.1063,-0.2057,0.312,0.0323,0.034,0.0821,-0.0833,0.1653,0.0088,0.0093,-0.8099,0.742,-1.5519,0.0059,0.0062,0.0415,-0.0831,-0.0416,0.0317,0.0332,0.0459,Michal.Rozsival,D,0.0223,-0.0145
8471956,-0.0081,0.0209,-0.029,0.0623,0.0645,-0.351,-0.001,-0.35,0.022,0.0232,0.0128,-0.0111,0.0239,0.0323,0.034,0.0282,0.0377,-0.0094,0.0088,0.0093,-0.2921,0.2873,-0.5794,0.0059,0.0062,-0.0405,-0.0014,-0.0419,0.0321,0.0333,0.0463,Andrew.Desjardins,F,0.0022,0.0404
8478397,-0.0349,0.066,-0.1009,0.0453,0.0474,0.1017,0.0106,0.0911,0.0218,0.023,0.0308,-0.3394,0.3702,0.0322,0.034,0.8237,-0.1444,0.9681,0.0088,0.0093,0.6993,0.4907,0.2087,0.0059,0.0062,0.026,-0.0684,-0.0423,0.024,0.0251,0.0347,Rasmus.Andersson,D,0.0516,0.0003
8477953,-0.0473,-0.0938,0.0465,0.0504,0.0523,0.1536,0.372,-0.2184,0.0219,0.0231,0.2651,-0.3534,0.6186,0.0322,0.034,0.4204,-0.8386,1.259,0.0088,0.0093,0.1776,-0.0216,0.1992,0.0059,0.0062,0.0758,-0.1183,-0.0425,0.0264,0.0274,0.0381,Kasperi.Kapanen,F,0.0265,-0.0394
8476476,0.0052,-0.0007,0.0059,0.0602,0.0618,-0.1457,0.1979,-0.3436,0.0219,0.0231,-0.0206,-0.0777,0.0572,0.0323,0.034,0.0598,0.0248,0.035,0.0088,0.0093,0.2154,0.6875,-0.4721,0.0059,0.0062,-0.0288,-0.0138,-0.0426,0.0311,0.032,0.0446,Joe.Morrow,D,0.0341,-0.024
8481572,0.022,-0.0193,0.0413,0.07,0.0732,-0.0249,-0.0599,0.0351,0.022,0.0232,-0.0581,-0.0596,0.0016,0.0323,0.034,0.1698,-0.1319,0.3017,0.0088,0.0093,0.1395,0.0636,0.0759,0.0059,0.0062,-0.0009,-0.0422,-0.0431,0.0359,0.0375,0.0519,Ville.Heinola,D,0.0436,-0.0343
8475209,0.0196,0.0043,0.0153,0.0517,0.0534,-0.0398,0.1734,-0.2131,0.0219,0.0231,-0.0869,-0.1368,0.0499,0.0322,0.034,0.1879,-0.811,0.9989,0.0088,0.0093,-0.1697,-0.1171,-0.0526,0.0059,0.0062,0.0028,-0.0459,-0.0431,0.027,0.028,0.0389,Richard.Panik,F,0.0277,0.014
8471326,-0.0109,-0.0552,0.0443,0.0734,0.0773,-0.0034,-0.0161,0.0127,0.022,0.0232,-0.0047,-0.0245,0.0198,0.0323,0.0341,-0.0014,-0.0064,0.005,0.0088,0.0093,0.0006,0.0051,-0.0046,0.0059,0.0062,-0.0071,-0.036,-0.0431,0.0375,0.0395,0.0545,Patrick.Bordeleau,F,-0.0211,-0.1071
8479550,0.0051,0.0163,-0.0111,0.0709,0.074,-0.1511,-0.1693,0.0182,0.022,0.0232,-0.0303,-0.0078,-0.0225,0.0323,0.034,0.1732,-0.1631,0.3363,0.0088,0.0093,-0.188,0.1411,-0.3291,0.0059,0.0062,-0.0089,-0.0344,-0.0433,0.0363,0.0379,0.0525,Tanner.Laczynski,F,0.0279,0.0262
8478561,-0.0098,0.0034,-0.0133,0.0662,0.0678,-0.1956,0.0472,-0.2428,0.022,0.0232,-0.0162,-0.0498,0.0336,0.0323,0.034,0.035,0.076,-0.0409,0.0088,0.0093,-0.1,0.3486,-0.4486,0.0059,0.0062,-0.0317,-0.0116,-0.0433,0.034,0.0349,0.0487,Andreas.Martinsen,F,0.0007,-0.0008
8470598,0.056,-0.0639,0.1199,0.0549,0.0554,0.3199,0.138,0.1818,0.0219,0.0231,0.1932,-0.3404,0.5336,0.0323,0.034,0.1868,-0.1267,0.3135,0.0088,0.0093,0.9334,1.0512,-0.1178,0.0059,0.0062,0.0924,-0.1358,-0.0434,0.0286,0.0289,0.0406,Thomas.Vanek,F,0.0949,-0.0662
8481708,0.017,-0.0101,0.0271,0.07,0.073,-0.2166,0.0033,-0.2199,0.022,0.0232,-0.0154,-0.0372,0.0218,0.0323,0.034,0.3053,-0.0757,0.3811,0.0088,0.0093,-0.0109,0.441,-0.4519,0.0059,0.0062,-0.0086,-0.0349,-0.0435,0.0359,0.0374,0.0518,Zac.Jones,D,0.0369,-0.0149
8478491,-0.0163,0.016,-0.0323,0.0614,0.0623,-0.3444,0.4823,-0.8267,0.022,0.0231,-0.1055,0.0753,-0.1807,0.0323,0.034,0.264,-0.624,0.888,0.0088,0.0093,0.9369,-0.043,0.9799,0.0059,0.0062,-0.1047,0.0612,-0.0435,0.0317,0.0322,0.0452,Jacob.Larsson,D,0.0202,-0.0336
8479523,0.0236,-0.0393,0.0629,0.0684,0.0722,-0.1708,0.0031,-0.1739,0.022,0.0232,0.0086,-0.119,0.1276,0.0323,0.034,0.2773,-0.1384,0.4157,0.0088,0.0093,-0.1,-0.0315,-0.0685,0.0059,0.0062,0.0087,-0.0524,-0.0437,0.0351,0.037,0.051,Lucas.Carlsson,D,0.0329,-0.0659
8476474,0.041,-0.0449,0.0858,0.0561,0.0591,-0.1215,0.1632,-0.2847,0.0219,0.0231,-0.294,-0.1045,-0.1896,0.0323,0.034,0.5634,-0.6866,1.2499,0.0088,0.0093,-1.4522,0.2812,-1.7334,0.0059,0.0062,0.0295,-0.0734,-0.0439,0.0291,0.0307,0.0423,Stefan.Noesen,F,0.0553,0.0052
8477509,-0.0017,0.012,-0.0137,0.0601,0.0619,-0.4872,0.3895,-0.8767,0.0219,0.0231,-0.0039,-0.098,0.094,0.0323,0.034,0.6723,-0.1494,0.8217,0.0088,0.0093,0.1773,0.9129,-0.7356,0.0059,0.0062,-0.0415,-0.0026,-0.0442,0.0311,0.032,0.0446,Mirco.Mueller,D,0.0096,0.0133
8474722,0.019,-0.0288,0.0478,0.0669,0.0691,-0.1033,0.057,-0.1604,0.022,0.0232,0.0402,-0.0739,0.1141,0.0323,0.034,-0.0757,0.0119,-0.0876,0.0088,0.0093,0.1138,0.4168,-0.3029,0.0059,0.0062,-0.0062,-0.0381,-0.0443,0.0344,0.0355,0.0494,Luke.Witkowski,F,0.0393,-0.0595
8478434,0.0011,0.0384,-0.0373,0.058,0.0598,0.0783,0.0179,0.0604,0.0219,0.0231,-0.3116,-0.0636,-0.248,0.0323,0.034,0.3781,0.0491,0.3289,0.0088,0.0093,-0.2749,0.8155,-1.0903,0.0059,0.0062,-0.0226,-0.0218,-0.0444,0.03,0.031,0.0432,Keegan.Kolesar,F,0.0096,0.0337
8474597,0.0051,-0.02,0.0251,0.0637,0.0654,-0.0826,0.0206,-0.1032,0.022,0.0232,0.0419,-0.1228,0.1647,0.0323,0.034,0.2306,-0.0923,0.3228,0.0088,0.0093,-0.3749,0.8301,-1.205,0.0059,0.0062,0.0282,-0.0727,-0.0445,0.0328,0.0337,0.0471,Cody.Goloubef,D,0.0181,-0.0566
8482762,0.0201,0.012,0.0081,0.0655,0.068,0.3395,-0.5151,0.8545,0.022,0.0232,-0.1711,0.122,-0.2931,0.0323,0.034,-0.049,0.6558,-0.7048,0.0088,0.0093,1.6154,-0.1191,1.7344,0.0059,0.0062,-0.0442,-0.0003,-0.0445,0.0337,0.035,0.0486,Simon.Edvinsson,D,0.0166,0.0285
8475199,0.0282,-0.0507,0.0788,0.0662,0.0693,-0.0817,0.0197,-0.1014,0.022,0.0232,0.0252,-0.0794,0.1046,0.0323,0.034,0.1355,-0.1629,0.2984,0.0088,0.0093,-0.0992,0.361,-0.4602,0.0059,0.0062,0.0195,-0.0641,-0.0446,0.034,0.0356,0.0493,Eric.Gelinas,D,0.0621,-0.098
8476390,-0.0142,-0.0383,0.0241,0.0704,0.0728,-0.0208,0.0189,-0.0397,0.022,0.0232,-0.0014,-0.0368,0.0355,0.0323,0.034,0.0247,-0.0111,0.0358,0.0088,0.0093,-0.0366,0.306,-0.3426,0.0059,0.0062,-0.0076,-0.0373,-0.0449,0.0361,0.0373,0.0519,Joseph.Cramarossa,F,-0.0268,-0.0723
8477369,-0.0331,-0.0611,0.028,0.0536,0.0544,-0.3181,0.4001,-0.7182,0.0219,0.0231,-0.1261,0.0038,-0.1299,0.0323,0.034,1.212,-0.442,1.6539,0.0088,0.0093,-0.8823,1.622,-2.5044,0.0059,0.0062,0.016,-0.0611,-0.0451,0.0279,0.0284,0.0399,Carson.Soucy,D,0.0286,-0.0019
8479983,0.0873,-0.0153,0.1027,0.0524,0.052,-0.1864,-0.1051,-0.0813,0.0219,0.0231,-0.6389,0.4059,-1.0448,0.0322,0.034,1.2508,-0.5885,1.8393,0.0088,0.0093,-0.1021,0.7479,-0.85,0.0059,0.0062,-0.0457,0.0007,-0.0451,0.0273,0.0273,0.0386,Mario.Ferraro,D,0.0195,0.029
8479981,0.0194,-0.0072,0.0267,0.069,0.0719,-0.33,0.1649,-0.495,0.022,0.0232,-0.0046,-0.0776,0.073,0.0323,0.034,0.2051,-0.2299,0.435,0.0088,0.0093,-0.1104,0.2845,-0.3949,0.0059,0.0062,-0.0241,-0.0211,-0.0452,0.0354,0.0369,0.0511,Jonah.Gadjovich,F,0.0204,-0.0012
8477341,0.0009,-0.0252,0.0261,0.057,0.0599,-0.0318,0.4364,-0.4681,0.0219,0.0231,0.0063,-0.3293,0.3356,0.0323,0.034,0.8932,-0.8113,1.7045,0.0088,0.0093,-0.0024,0.6984,-0.7008,0.0059,0.0062,0.0508,-0.0962,-0.0454,0.0296,0.0311,0.0429,Andreas.Johnsson,F,0.0397,0.0041
8475287,0.0655,-0.014,0.0795,0.0452,0.0465,0.1352,-0.3599,0.4951,0.0218,0.023,0.1233,-0.4001,0.5234,0.0322,0.034,0.1086,-0.3818,0.4903,0.0088,0.0093,-0.7141,-0.2831,-0.431,0.0059,0.0062,0.1152,-0.1606,-0.0454,0.0239,0.0247,0.0344,Erik.Haula,F,0.0397,-0.0015
8481061,-0.0066,0.0087,-0.0153,0.0706,0.0736,-0.1439,0.0049,-0.1488,0.022,0.0232,-0.0388,-0.0279,-0.0109,0.0323,0.034,0.1347,-0.0136,0.1483,0.0088,0.0093,0.3167,0.14,0.1767,0.0059,0.0062,-0.038,-0.0075,-0.0455,0.0362,0.0377,0.0523,Jasper.Weatherby,F,-0.0068,0.0156
8481133,0.0003,-0.032,0.0324,0.0701,0.0735,0.3553,-0.3354,0.6907,0.022,0.0232,-0.0617,-0.0443,-0.0174,0.0323,0.034,-0.0228,0.0445,-0.0673,0.0088,0.0093,0.2307,0.0386,0.1921,0.0059,0.0062,0.0293,-0.0749,-0.0457,0.0359,0.0377,0.0521,Cole.Reinhardt,F,-0.0096,-0.0426
8479356,-0.0032,-0.0122,0.009,0.0681,0.0703,-0.2117,0.0101,-0.2218,0.022,0.0232,0.0288,0.012,0.0168,0.0323,0.034,-0.1785,-0.1911,0.0125,0.0088,0.0093,-0.0826,-0.0481,-0.0345,0.0059,0.0062,-0.0344,-0.0115,-0.0459,0.0349,0.0361,0.0503,Kieffer.Bellows,F,0.0235,-0.0313
8469501,-0.0152,0.0095,-0.0248,0.0631,0.0646,-0.2305,0.0919,-0.3224,0.022,0.0232,-0.0083,-0.0322,0.0239,0.0323,0.034,0.1038,0.1286,-0.0248,0.0088,0.0093,0.0697,0.6182,-0.5485,0.0059,0.0062,-0.0406,-0.0056,-0.0461,0.0325,0.0333,0.0466,Chris.Thorburn,F,-0.0101,0.0089
8480058,0.0597,-0.0577,0.1174,0.0629,0.0663,-0.3177,0.2118,-0.5295,0.022,0.0232,0.0809,-0.0327,0.1136,0.0323,0.034,0.3544,-0.581,0.9354,0.0088,0.0093,-0.1596,0.8772,-1.0368,0.0059,0.0062,0.0276,-0.0742,-0.0466,0.0324,0.0342,0.0471,Pierre.Olivier.Joseph,D,0.0356,-0.0329
8482684,0.0093,-0.0116,0.0209,0.0649,0.0681,0.3829,-0.571,0.954,0.022,0.0232,-0.2642,0.1489,-0.4131,0.0323,0.034,-0.2835,0.0941,-0.3775,0.0088,0.0093,0.5846,-1.0646,1.6492,0.0059,0.0062,-0.0364,-0.0105,-0.0469,0.0334,0.035,0.0484,Luke.Hughes,D,0.0705,-0.0444
8471657,-0.0054,-0.0258,0.0204,0.0628,0.0618,-0.2458,0.1735,-0.4193,0.022,0.0231,0.1283,-0.2567,0.385,0.0323,0.034,0.2243,0.2285,-0.0042,0.0088,0.0093,-0.3676,0.8586,-1.2262,0.0059,0.0062,0.0168,-0.064,-0.0472,0.0324,0.032,0.0455,Cody.McLeod,F,0.0033,-0.0514
8477947,0.0422,0.0027,0.0395,0.0577,0.0598,-0.0442,-0.2674,0.2232,0.0219,0.0231,0.0233,-0.3466,0.3699,0.0323,0.034,0.123,-0.4773,0.6003,0.0088,0.0093,-0.2283,-1.5023,1.274,0.0059,0.0062,0.0361,-0.0836,-0.0475,0.0299,0.031,0.0431,Sonny.Milano,F,0.0249,-0.0407
8479291,-0.0318,0.0289,-0.0607,0.0628,0.0632,-0.4341,0.5965,-1.0307,0.022,0.0231,0.0668,-0.2749,0.3417,0.0323,0.034,0.6628,-0.0144,0.6772,0.0088,0.0093,0.6688,0.92,-0.2512,0.0059,0.0062,-0.0533,0.0058,-0.0475,0.0324,0.0327,0.046,Kevin.Rooney,F,-0.0073,0.0297
8476915,-0.0649,0.0879,-0.1528,0.058,0.0586,-0.5885,0.3438,-0.9323,0.0219,0.0231,-0.1173,0.2014,-0.3187,0.0323,0.034,-0.019,-1.0123,0.9933,0.0088,0.0093,-0.0947,-0.4333,0.3385,0.0059,0.0062,-0.1439,0.0964,-0.0475,0.03,0.0304,0.0428,Jujhar.Khaira,F,-0.0023,0.0251
8482077,0.0041,0.0339,-0.0298,0.0661,0.0691,-0.3885,0.1527,-0.5412,0.022,0.0232,-0.1817,-0.0962,-0.0855,0.0323,0.034,0.1052,-0.1736,0.2788,0.0088,0.0093,0.0351,-0.8861,0.9212,0.0059,0.0062,-0.0913,0.0437,-0.0476,0.034,0.0355,0.0492,Dylan.Holloway,F,0.0451,0.0252
8481006,-0.004,-0.016,0.012,0.0666,0.0684,0.2995,-0.6622,0.9617,0.022,0.0232,-0.0801,0.2214,-0.3015,0.0323,0.034,-0.3031,0.2801,-0.5832,0.0088,0.0093,0.7867,-0.4519,1.2386,0.0059,0.0062,-0.0244,-0.0237,-0.0481,0.0342,0.0352,0.0491,Tyler.Tucker,D,0.0194,-0.0061
8471766,-0.0173,-0.0279,0.0106,0.069,0.07,-0.0398,0.0266,-0.0664,0.022,0.0232,0.0045,-0.0741,0.0786,0.0323,0.034,-0.0108,0.0668,-0.0776,0.0088,0.0093,-0.012,0.3142,-0.3262,0.0059,0.0062,-0.0138,-0.0348,-0.0486,0.0354,0.036,0.0505,Jared.Boll,F,-0.0272,-0.053
8481568,0.0035,-0.0222,0.0257,0.0648,0.0668,0.2186,0.24,-0.0213,0.022,0.0232,-0.1784,-0.273,0.0946,0.0323,0.034,-0.1106,0.3914,-0.502,0.0088,0.0093,1.5015,-0.8589,2.3604,0.0059,0.0062,-0.0714,0.0227,-0.0487,0.0333,0.0344,0.0479,Alex.Vlasic,D,0.0148,0.0122
8475808,-0.0229,0.0087,-0.0317,0.0659,0.0673,-0.2842,-0.0242,-0.26,0.022,0.0232,0.0365,-0.0027,0.0392,0.0323,0.034,-0.064,-0.1048,0.0408,0.0088,0.0093,-0.459,0.2791,-0.738,0.0059,0.0062,-0.0315,-0.0173,-0.0489,0.0339,0.0347,0.0485,Michael.Chaput,F,-0.0342,0.0012
8471958,-0.0204,0.0315,-0.0519,0.0493,0.0492,-0.234,0.1741,-0.4082,0.0219,0.023,-0.0021,-0.2393,0.2372,0.0322,0.034,0.9861,0.4068,0.5793,0.0088,0.0093,0.4282,1.4715,-1.0433,0.0059,0.0062,-0.0037,-0.0452,-0.049,0.0259,0.0259,0.0366,Dan.Girardi,D,0.0264,0.0457
8475180,0.0008,-0.0089,0.0097,0.063,0.0644,-0.3214,0.072,-0.3934,0.022,0.0232,0.0102,-0.0495,0.0597,0.0323,0.034,0.3082,-0.1684,0.4766,0.0088,0.0093,-0.0859,0.2685,-0.3544,0.0059,0.0062,-0.0236,-0.0254,-0.049,0.0325,0.0332,0.0465,Peter.Holland,F,0.0187,-0.0018
8466333,0.0106,-0.0264,0.0369,0.0666,0.0687,-0.0738,-0.0135,-0.0604,0.022,0.0232,-0.0266,-0.0609,0.0344,0.0323,0.034,0.0742,0.0077,0.0664,0.0088,0.0093,0.1326,0.2119,-0.0792,0.0059,0.0062,-0.0125,-0.0366,-0.0491,0.0342,0.0353,0.0492,Andrew.Ference,D,0.0274,-0.0455
8478051,0.0041,-0.0266,0.0308,0.0705,0.0731,-0.1543,-0.031,-0.1233,0.022,0.0232,0.0786,-0.0501,0.1286,0.0323,0.034,-0.0791,-0.1114,0.0323,0.0088,0.0093,-0.066,0.1903,-0.2563,0.0059,0.0062,-0.0059,-0.0433,-0.0492,0.0361,0.0375,0.052,Max.Willman,F,0.0044,-0.0496
8465009,-0.0707,0.103,-0.1738,0.0425,0.0426,-0.3031,0.4039,-0.707,0.0218,0.0229,0.2688,-0.3888,0.6576,0.0322,0.034,0.7486,-0.7927,1.5414,0.0088,0.0093,0.6287,0.6594,-0.0307,0.0059,0.0062,-0.0019,-0.0474,-0.0493,0.0226,0.0228,0.0322,Zdeno.Chara,D,0.0528,-0.022
8479372,-0.0032,0.05,-0.0531,0.0594,0.0617,-0.7861,0.5371,-1.3232,0.0219,0.0231,0.053,0.3107,-0.2577,0.0323,0.034,-0.2783,-0.6767,0.3984,0.0088,0.0093,0.0752,1.3827,-1.3075,0.0059,0.0062,-0.1276,0.078,-0.0496,0.0307,0.0319,0.0443,Josh.Mahura,D,0.0321,-0.0262
8476437,-0.0662,0.0105,-0.0768,0.0493,0.0508,-0.2114,0.3344,-0.5458,0.0219,0.023,-0.0724,0.1303,-0.2027,0.0322,0.034,0.5812,-1.4156,1.9967,0.0088,0.0093,-0.0165,0.0878,-0.1043,0.0059,0.0062,-0.0452,-0.0044,-0.0496,0.0259,0.0267,0.0372,Victor.Rask,F,0.0195,-0.0288
8477471,0.0077,-0.0744,0.0822,0.072,0.0755,-0.0072,-0.0262,0.019,0.022,0.0232,0.0056,-0.045,0.0505,0.0323,0.0341,0.0107,-0.0041,0.0149,0.0088,0.0093,0.0103,0.0737,-0.0635,0.0059,0.0062,0.0042,-0.0542,-0.05,0.0368,0.0387,0.0534,Dillon.Heatherington,D,0.0127,-0.1448
8477492,0.0258,-0.2085,0.2343,0.0392,0.0414,0.4447,0.0495,0.3952,0.0217,0.0229,0.8844,-0.5926,1.477,0.0322,0.034,-0.668,-0.6113,-0.0567,0.0088,0.0093,-0.7032,1.2165,-1.9198,0.0059,0.0062,0.2622,-0.3125,-0.0503,0.0211,0.0223,0.0307,Nathan.MacKinnon,F,0.1335,-0.0007
8478043,0.0378,-0.001,0.0388,0.0614,0.062,0.0396,0.1382,-0.0986,0.022,0.0231,0.3416,-0.4021,0.7437,0.0323,0.034,0.206,-0.9104,1.1164,0.0088,0.0093,-0.2538,1.2528,-1.5066,0.0059,0.0062,0.1225,-0.173,-0.0505,0.0317,0.0321,0.0451,Sam.Lafferty,F,-0.002,-0.003
8473453,-0.1276,0.0356,-0.1633,0.0485,0.0506,-0.6994,0.4811,-1.1805,0.0218,0.023,0.8372,-0.6955,1.5326,0.0322,0.034,-0.6063,0.4249,-1.0313,0.0088,0.0093,-1.2423,1.0553,-2.2976,0.0059,0.0062,0.0288,-0.0798,-0.051,0.0255,0.0266,0.0368,Trevor.Lewis,F,0.026,-0.023
8482679,0.0057,-0.0027,0.0085,0.0668,0.0699,0.2229,-0.4966,0.7195,0.022,0.0232,-0.0749,0.1324,-0.2073,0.0323,0.034,-0.4241,0.5265,-0.9507,0.0088,0.0093,1.5309,-0.7489,2.2798,0.0059,0.0062,-0.0669,0.0148,-0.052,0.0343,0.0359,0.0497,Matt.Coronato,F,0.0561,-0.0223
8474008,-0.0117,-0.0041,-0.0077,0.0688,0.071,-0.0841,0.001,-0.0851,0.022,0.0232,-0.0299,-0.0228,-0.0071,0.0323,0.034,0.0916,-0.1087,0.2004,0.0088,0.0093,0.3412,0.1397,0.2014,0.0059,0.0062,-0.0332,-0.019,-0.0522,0.0353,0.0365,0.0507,Paul.Carey,F,-0.0116,-0.0098
8482929,0.014,-0.0194,0.0334,0.0699,0.0734,0.3508,-0.2429,0.5937,0.022,0.0232,-0.069,-0.0663,-0.0027,0.0323,0.034,0.1255,0.0366,0.089,0.0088,0.0093,0.5308,0.624,-0.0932,0.0059,0.0062,0.0307,-0.0835,-0.0527,0.0358,0.0376,0.0519,,D,0.0182,-0.0259
8470775,-0.0788,0.0338,-0.1126,0.0541,0.0535,-0.4272,0.613,-1.0402,0.0219,0.0231,0.0121,0.0822,-0.0701,0.0323,0.034,-0.1289,-0.1973,0.0684,0.0088,0.0093,1.0761,0.4038,0.6723,0.0059,0.0062,-0.1516,0.0989,-0.0527,0.0282,0.028,0.0397,Nate.Thompson,F,-0.0159,0.0215
8475223,-0.0131,-0.0428,0.0297,0.0662,0.0684,-0.0891,0.0245,-0.1136,0.022,0.0232,0.0243,-0.0809,0.1052,0.0323,0.034,0.0415,-0.0263,0.0679,0.0088,0.0093,-0.0764,0.1734,-0.2498,0.0059,0.0062,-0.009,-0.044,-0.0531,0.034,0.0352,0.0489,Linden.Vey,F,-0.0196,-0.0761
8474134,-0.0278,-0.0161,-0.0118,0.0542,0.0557,-0.1588,0.4612,-0.62,0.0219,0.0231,-0.1144,-0.338,0.2237,0.0323,0.034,0.7547,0.1018,0.6528,0.0088,0.0093,0.3633,0.3571,0.0063,0.0059,0.0062,-0.0321,-0.0214,-0.0535,0.0282,0.0291,0.0405,Yannick.Weber,D,0.0496,-0.0678
8470854,-0.0161,-0.0119,-0.0042,0.0653,0.0669,-0.2181,0.1026,-0.3207,0.022,0.0232,0.0254,-0.0254,0.0508,0.0323,0.034,-0.1189,0.0137,-0.1325,0.0088,0.0093,-0.0288,0.4414,-0.4701,0.0059,0.0062,-0.0412,-0.013,-0.0541,0.0336,0.0345,0.0481,Tanner.Glass,F,-0.0205,-0.0265
8475780,-0.058,0.0537,-0.1117,0.0566,0.0564,-1.0649,0.2304,-1.2953,0.0219,0.0231,-0.0126,0.0449,-0.0576,0.0323,0.034,0.4276,-0.3666,0.7942,0.0088,0.0093,-0.629,-0.9247,0.2957,0.0059,0.0062,-0.1407,0.0863,-0.0544,0.0294,0.0294,0.0415,Chris.Wagner,F,0.0137,0.0229
8480005,-0.0205,-0.0156,-0.0049,0.0698,0.0726,-0.2724,0.0699,-0.3423,0.022,0.0232,-0.042,0.0111,-0.0531,0.0323,0.034,0.1408,0.0021,0.1387,0.0088,0.0093,0.0179,0.1775,-0.1595,0.0059,0.0062,-0.0526,-0.0018,-0.0545,0.0358,0.0372,0.0516,Kristian.Vesalainen,F,-0.034,-0.0324
8470601,-0.0008,-0.0106,0.0098,0.0501,0.0516,-0.3189,0.3398,-0.6587,0.0219,0.023,0.565,-0.7792,1.3442,0.0322,0.034,0.1051,-0.0512,0.1563,0.0088,0.0093,-0.7548,0.9679,-1.7227,0.0059,0.0062,0.1126,-0.1675,-0.055,0.0262,0.0271,0.0377,Braydon.Coburn,D,0.0304,-0.0253
8469508,-0.0124,-0.0045,-0.0079,0.063,0.064,-0.1348,-0.0171,-0.1177,0.022,0.0232,-0.079,-0.0009,-0.078,0.0323,0.034,0.6249,-0.333,0.9579,0.0088,0.0093,-0.4143,1.0113,-1.4256,0.0059,0.0062,0.0103,-0.0654,-0.0552,0.0325,0.0331,0.0463,Jay.McClement,F,-0.0166,0.0061
8480980,-0.0235,0.0165,-0.04,0.0635,0.0655,-0.1725,-0.2115,0.039,0.022,0.0232,-0.1409,0.0161,-0.157,0.0323,0.034,-0.4158,0.1812,-0.597,0.0088,0.0093,-0.5654,-0.6199,0.0545,0.0059,0.0062,-0.071,0.0157,-0.0552,0.0327,0.0338,0.047,Connor.Dewar,F,0.0176,0.0588
8478868,0.0098,0.022,-0.0121,0.0672,0.0693,-0.3048,0.0509,-0.3557,0.022,0.0232,-0.0298,0.0234,-0.0532,0.0323,0.034,0.0818,0.008,0.0738,0.0088,0.0093,0.4732,0.4512,0.0219,0.0059,0.0062,-0.0614,0.0062,-0.0552,0.0345,0.0356,0.0496,Christian.Jaros,D,0.0308,0.0288
8473466,-0.0141,0.011,-0.0252,0.0644,0.0662,-0.1495,-0.032,-0.1175,0.022,0.0232,0.0442,-0.0391,0.0833,0.0323,0.034,-0.0901,-0.0296,-0.0605,0.0088,0.0093,-0.297,0.8118,-1.1088,0.0059,0.0062,-0.0133,-0.0421,-0.0554,0.0331,0.0341,0.0476,Ryan.White,F,-0.0169,0.0268
8474589,0.0245,-0.0037,0.0282,0.0539,0.0537,-0.1492,0.2997,-0.449,0.0219,0.0231,-0.1091,-0.2621,0.153,0.0323,0.034,0.2146,0.1955,0.0191,0.0088,0.0093,0.3332,0.4506,-0.1174,0.0059,0.0062,-0.0346,-0.0209,-0.0554,0.0281,0.0281,0.0397,Tyler.Ennis,F,0.0567,-0.0176
8471804,0.0139,-0.0187,0.0326,0.0628,0.0659,-0.2041,-0.1557,-0.0484,0.022,0.0232,0.1658,-0.0178,0.1836,0.0323,0.034,0.2049,-0.2343,0.4391,0.0088,0.0093,0.126,0.6211,-0.4951,0.0059,0.0062,0.0201,-0.0755,-0.0555,0.0324,0.034,0.0469,Nathan.Gerbe,F,0.0481,-0.0294
8477454,0.0521,0.0492,0.0029,0.057,0.0569,0.0233,-0.1215,0.1448,0.0219,0.0231,-0.0223,-0.2779,0.2556,0.0323,0.034,-0.1519,0.2827,-0.4346,0.0088,0.0093,0.2751,0.5666,-0.2916,0.0059,0.0062,0.0045,-0.0605,-0.0559,0.0296,0.0296,0.0419,Adam.Erne,F,0.005,-0.0045
8478967,0.0151,-0.0359,0.051,0.069,0.0718,-0.0241,0.1837,-0.2078,0.022,0.0232,0.063,-0.1194,0.1824,0.0323,0.034,0.012,-0.0911,0.103,0.0088,0.0093,0.2098,1.0999,-0.8901,0.0059,0.0062,0.0101,-0.0661,-0.056,0.0354,0.0368,0.0511,Lane.Pederson,F,-0.0011,-0.0493
8479328,0.0263,-0.0179,0.0442,0.0659,0.0677,-0.2575,-0.281,0.0235,0.022,0.0232,0.1983,-0.0514,0.2497,0.0323,0.034,0.2479,-0.152,0.3999,0.0088,0.0093,-1.0516,1.4973,-2.5488,0.0059,0.0062,0.0751,-0.1314,-0.0563,0.0339,0.0348,0.0486,Julien.Gauthier,F,0.0339,-0.0067
8473419,-0.0236,0.0139,-0.0375,0.0403,0.0433,0.4712,-0.5095,0.9806,0.0217,0.0229,-0.4438,0.6505,-1.0943,0.0322,0.034,-0.2266,-1.6336,1.407,0.0088,0.0093,0.8024,-1.3066,2.109,0.0059,0.0062,-0.0844,0.0279,-0.0566,0.0216,0.0232,0.0317,Brad.Marchand,F,0.083,0.0107
8479671,0.0754,0.0085,0.067,0.0633,0.0651,0.042,-0.3151,0.3571,0.022,0.0232,0.041,-0.3377,0.3788,0.0323,0.034,-0.5072,0.7106,-1.2178,0.0088,0.0093,-0.9276,1.0414,-1.969,0.0059,0.0062,0.0597,-0.1163,-0.0566,0.0326,0.0336,0.0468,Mathieu.Olivier,F,0.0003,0.0399
8474579,-0.014,-0.0314,0.0174,0.0547,0.0546,-0.0495,0.4241,-0.4736,0.0219,0.0231,0.3053,-0.7666,1.0719,0.0323,0.034,0.724,0.2807,0.4433,0.0088,0.0093,-0.2239,1.4474,-1.6713,0.0059,0.0062,0.1051,-0.1618,-0.0567,0.0285,0.0285,0.0403,Luca.Sbisa,D,0.0174,-0.0272
8475728,-0.0603,0.0902,-0.1504,0.0532,0.0531,-0.2756,0.0299,-0.3055,0.0219,0.0231,0.3095,-0.6569,0.9664,0.0322,0.034,-0.377,0.0466,-0.4236,0.0088,0.0093,-1.3202,-0.2025,-1.1177,0.0059,0.0062,0.0268,-0.084,-0.0572,0.0277,0.0278,0.0393,Johan.Larsson,F,-0.0122,0.0121
8482747,-0.0072,-0.018,0.0109,0.0723,0.0759,-0.0157,-0.1269,0.1112,0.022,0.0232,-0.0296,-0.0183,-0.0114,0.0323,0.0341,0.0061,-0.0598,0.0659,0.0088,0.0093,0.0721,0.1654,-0.0933,0.0059,0.0062,-0.015,-0.0423,-0.0572,0.037,0.0388,0.0536,,F,-0.0114,-0.0346
8471743,-0.0377,-0.0123,-0.0254,0.0623,0.0636,-0.298,0.272,-0.5699,0.022,0.0232,0.121,-0.2509,0.372,0.0323,0.034,-0.158,0.1231,-0.2811,0.0088,0.0093,-0.5881,0.5322,-1.1203,0.0059,0.0062,-0.0229,-0.0345,-0.0573,0.0321,0.0329,0.046,Vladimir.Sobotka,F,-0.0026,-0.0274
8478841,0.0204,-0.0204,0.0408,0.0666,0.068,0.2516,0.1612,0.0905,0.022,0.0232,-0.0849,-0.3725,0.2876,0.0323,0.034,-0.2552,0.3647,-0.62,0.0088,0.0093,-0.1468,0.7855,-0.9323,0.0059,0.0062,0.0198,-0.0775,-0.0577,0.0342,0.035,0.0489,Colton.White,D,0.0201,-0.0523
8483485,0.0068,0.0035,0.0032,0.0666,0.0696,0.5712,-0.8871,1.4583,0.022,0.0232,-0.2654,0.071,-0.3363,0.0323,0.034,-0.0728,0.4212,-0.494,0.0088,0.0093,0.3649,-0.5214,0.8862,0.0059,0.0062,0.0117,-0.0696,-0.0578,0.0342,0.0358,0.0495,,D,0.0334,0.0138
8480806,-0.0269,-0.0276,0.0007,0.0623,0.0625,-0.2727,0.1625,-0.4352,0.022,0.0231,0.3854,-0.4373,0.8227,0.0323,0.034,0.5976,-0.0587,0.6562,0.0088,0.0093,0.037,0.8397,-0.8027,0.0059,0.0062,0.0648,-0.1227,-0.0579,0.0321,0.0323,0.0456,Isac.Lundestrom,F,-0.0216,-0.0186
8477407,0.1223,-0.1331,0.2555,0.0481,0.0494,0.1341,0.5687,-0.4347,0.0218,0.023,0.2296,-0.821,1.0506,0.0322,0.034,-0.0968,-0.0825,-0.0142,0.0088,0.0093,0.0091,0.4255,-0.4164,0.0059,0.0062,0.1256,-0.1838,-0.0582,0.0253,0.026,0.0363,Anthony.Duclair,F,0.0535,-0.0207
8480853,0.0046,-0.0291,0.0337,0.0672,0.0692,-0.3019,-0.0669,-0.2351,0.022,0.0232,0.0529,-0.3163,0.3692,0.0323,0.034,0.337,0.3298,0.0072,0.0088,0.0093,-1.4338,0.7526,-2.1865,0.0059,0.0062,0.0462,-0.1045,-0.0583,0.0345,0.0356,0.0496,Liam.Foudy,F,0.0116,-0.0297
8482172,0.0007,0.0006,0.0001,0.0711,0.0747,-0.0999,-0.0432,-0.0567,0.022,0.0232,-0.0633,0.0297,-0.093,0.0323,0.0341,-0.1325,-0.0172,-0.1154,0.0088,0.0093,0.4539,0.0806,0.3732,0.0059,0.0062,-0.0547,-0.0039,-0.0586,0.0364,0.0383,0.0528,,F,0.0025,-0.0063
8477463,0.0071,-0.0002,0.0073,0.0642,0.0649,0.078,0.3412,-0.2632,0.022,0.0232,-0.0942,-0.0607,-0.0336,0.0323,0.034,-0.1394,-0.093,-0.0464,0.0088,0.0093,0.716,1.2055,-0.4895,0.0059,0.0062,-0.0425,-0.0161,-0.0586,0.033,0.0335,0.047,Steven.Santini,D,0.0214,-0.0322
8474571,0.0061,-0.0213,0.0274,0.0537,0.0538,0.0124,0.0281,-0.0157,0.0219,0.0231,-0.1291,-0.184,0.0549,0.0323,0.034,0.5996,0.1594,0.4403,0.0088,0.0093,0.6064,0.2436,0.3628,0.0059,0.0062,-0.0118,-0.0471,-0.0589,0.028,0.0281,0.0397,Mikkel.Boedker,F,0.0225,-0.0479
8480848,-0.0545,0.0206,-0.0751,0.0628,0.0649,0.0518,-0.0576,0.1094,0.022,0.0232,-0.2715,0.197,-0.4685,0.0323,0.034,0.1425,-0.749,0.8915,0.0088,0.0093,-0.9349,0.6458,-1.5807,0.0059,0.0062,-0.0333,-0.0258,-0.059,0.0324,0.0335,0.0466,Ty.Dellandrea,F,-0.0032,0.0058
8477038,0.0322,-0.0228,0.055,0.0665,0.0701,-0.2811,-0.0957,-0.1853,0.022,0.0232,0.0356,-0.049,0.0847,0.0323,0.034,0.0556,-0.1765,0.2321,0.0088,0.0093,0.2778,-0.3499,0.6277,0.0059,0.0062,-0.026,-0.0331,-0.0591,0.0342,0.036,0.0496,Nikita.Gusev,F,0.0745,-0.0404
8477401,-0.0221,0.0388,-0.0608,0.063,0.0635,-0.4079,0.3643,-0.7721,0.022,0.0232,-0.0666,-0.1808,0.1142,0.0323,0.034,0.0823,-0.21,0.2923,0.0088,0.0093,-0.0574,0.0316,-0.0891,0.0059,0.0062,-0.0797,0.0204,-0.0592,0.0325,0.0328,0.0462,John.Hayden,F,0.011,0.026
8473533,0.1125,-0.0902,0.2027,0.0417,0.0455,0.2148,-0.1913,0.4062,0.0217,0.023,-0.2824,-0.0892,-0.1933,0.0322,0.034,-0.5819,-0.5546,-0.0274,0.0088,0.0093,-0.6732,-1.2243,0.5512,0.0059,0.0062,0.0184,-0.0777,-0.0594,0.0223,0.0242,0.0329,Jordan.Staal,F,0.0422,0.0159
8479388,0.0302,-0.0189,0.0491,0.0622,0.0634,-0.2785,-0.0412,-0.2373,0.022,0.0232,0.1624,-0.3583,0.5207,0.0323,0.034,0.3083,0.007,0.3013,0.0088,0.0093,-0.3077,0.1583,-0.466,0.0059,0.0062,0.0399,-0.1004,-0.0605,0.0321,0.0328,0.0459,Riley.Stillman,D,0.0259,0.0147
8473986,0.0351,-0.1421,0.1772,0.0424,0.0441,0.187,-0.2681,0.455,0.0218,0.0229,0.078,0.0941,-0.0162,0.0322,0.034,0.0551,-1.0459,1.101,0.0088,0.0093,-1.2668,0.6053,-1.8722,0.0059,0.0062,0.1167,-0.1775,-0.0608,0.0226,0.0235,0.0326,Alex.Killorn,F,0.0415,-0.037
8477971,-0.0002,-0.0005,0.0003,0.0681,0.0713,-0.3078,0.2695,-0.5772,0.022,0.0232,-0.1073,-0.0901,-0.0171,0.0323,0.034,0.4672,-0.2755,0.7427,0.0088,0.0093,-0.0349,0.6127,-0.6476,0.0059,0.0062,-0.0404,-0.0207,-0.0611,0.0349,0.0366,0.0506,Andreas.Englund,D,0.0091,0.0016
8471768,-0.0261,0.0514,-0.0775,0.0616,0.0613,-0.4305,0.1952,-0.6257,0.022,0.0231,-0.0158,0.1168,-0.1326,0.0323,0.034,-0.0054,0.1238,-0.1292,0.0088,0.0093,0.5847,1.111,-0.5263,0.0059,0.0062,-0.1048,0.0437,-0.0611,0.0318,0.0317,0.0449,Tom.Pyatt,F,-0.0026,0.0385
8471426,-0.0616,0.0491,-0.1106,0.0529,0.0537,-0.1696,0.3231,-0.4927,0.0219,0.0231,-0.1322,-0.0949,-0.0373,0.0322,0.034,0.0876,0.0577,0.0299,0.0088,0.0093,0.3408,0.5779,-0.2371,0.0059,0.0062,-0.0937,0.0325,-0.0612,0.0276,0.0281,0.0394,Troy.Brouwer,F,0.0169,-0.0121
8470201,0.0028,-0.0342,0.037,0.0606,0.0621,0.1336,-0.1118,0.2455,0.0219,0.0231,-0.153,-0.0588,-0.0942,0.0323,0.034,0.2371,0.0344,0.2026,0.0088,0.0093,0.1244,0.3475,-0.2231,0.0059,0.0062,-0.003,-0.0586,-0.0616,0.0313,0.0321,0.0449,Jiri.Hudler,F,0.036,-0.0606
8480031,-0.0191,0.0073,-0.0264,0.0612,0.062,-0.2422,0.2385,-0.4807,0.022,0.0231,0.2198,-0.1883,0.4081,0.0323,0.034,-0.3748,0.1325,-0.5073,0.0088,0.0093,1.1662,0.027,1.1392,0.0059,0.0062,-0.0667,0.0049,-0.0618,0.0316,0.0321,0.045,Max.Comtois,F,0.0186,-0.0468
8475907,0.0202,-0.0313,0.0515,0.0546,0.0568,0.0993,0.1264,-0.0271,0.0219,0.0231,-0.1465,-0.0629,-0.0835,0.0323,0.034,0.2743,-0.4458,0.72,0.0088,0.0093,0.2751,0.5808,-0.3057,0.0059,0.0062,-0.0018,-0.0605,-0.0623,0.0284,0.0296,0.041,Micheal.Ferland,F,0.052,-0.0059
8476422,-0.0778,-0.0122,-0.0656,0.0497,0.0522,-0.1467,-0.0872,-0.0596,0.0219,0.0231,1.2226,-1.2333,2.4559,0.0322,0.034,-0.3206,0.542,-0.8626,0.0088,0.0093,-0.1394,-0.0331,-0.1064,0.0059,0.0062,0.1944,-0.2567,-0.0623,0.0261,0.0274,0.0378,Mike.Reilly,D,0.0563,-0.0619
8479639,0.0476,-0.0409,0.0885,0.065,0.0691,-0.4418,0.1239,-0.5657,0.022,0.0232,0.099,-0.1303,0.2293,0.0323,0.034,0.2538,-0.5683,0.8221,0.0088,0.0093,-1.6373,1.4493,-3.0866,0.0059,0.0062,0.06,-0.1226,-0.0626,0.0334,0.0355,0.0488,Dylan.Coghlan,D,0.0713,-0.0193
8480800,0.0208,-0.1291,0.1499,0.0485,0.0502,0.2638,-0.0224,0.2863,0.0218,0.023,-0.0913,-0.3088,0.2176,0.0322,0.034,-0.0649,-0.3114,0.2465,0.0088,0.0093,-1.3615,-0.283,-1.0785,0.0059,0.0062,0.0804,-0.1432,-0.0628,0.0255,0.0264,0.0367,Quinn.Hughes,D,0.0861,-0.0662
8473560,-0.0184,0.018,-0.0364,0.0623,0.0631,-0.0507,0.3975,-0.4482,0.022,0.0231,-0.133,-0.0228,-0.1101,0.0323,0.034,0.1867,-0.0975,0.2843,0.0088,0.0093,1.6281,0.5223,1.1058,0.0059,0.0062,-0.1,0.0369,-0.0631,0.0321,0.0326,0.0458,Korbinian.Holzer,D,0.0097,0.0071
8477922,-0.0985,0.0812,-0.1797,0.053,0.0544,-0.681,0.5578,-1.2388,0.0219,0.0231,-0.6848,0.3801,-1.0648,0.0322,0.034,0.7807,-0.3718,1.1525,0.0088,0.0093,-0.3279,0.1691,-0.4969,0.0059,0.0062,-0.2421,0.1788,-0.0633,0.0276,0.0284,0.0396,Melker.Karlsson,F,0.007,0.0356
8480012,0.022,0.0308,-0.0087,0.0496,0.0507,0.7748,-0.3654,1.1403,0.0219,0.023,-1.1611,0.4827,-1.6438,0.0322,0.034,0.5424,-0.1027,0.6452,0.0088,0.0093,1.0687,-0.3555,1.4242,0.0059,0.0062,-0.1384,0.0748,-0.0636,0.026,0.0267,0.0372,Elias.Pettersson,F,0.0671,0.0202
8468535,-0.0144,0.0143,-0.0287,0.0557,0.0565,-0.2034,0.0444,-0.2478,0.0219,0.0231,0.229,-0.1143,0.3433,0.0323,0.034,-0.1825,-0.1098,-0.0727,0.0088,0.0093,0.1976,0.9907,-0.7931,0.0059,0.0062,-0.0062,-0.0576,-0.0637,0.0289,0.0294,0.0413,Antoine.Vermette,F,0.023,-0.0126
8475869,-0.0181,0.053,-0.0711,0.0598,0.0623,-0.3973,-0.021,-0.3763,0.0219,0.0231,-0.0405,0.036,-0.0766,0.0323,0.034,0.0251,-0.2024,0.2275,0.0088,0.0093,0.1441,0.0285,0.1156,0.0059,0.0062,-0.0818,0.018,-0.0638,0.0309,0.0322,0.0447,Brandon.Davidson,D,0.0229,0.0695
8474218,-0.0008,-0.0193,0.0185,0.0479,0.0494,-0.4653,0.7477,-1.213,0.0218,0.023,0.0047,-0.6749,0.6796,0.0322,0.034,0.286,0.3521,-0.0661,0.0088,0.0093,-1.1753,0.8555,-2.0308,0.0059,0.0062,-0.005,-0.0591,-0.0641,0.0252,0.026,0.0362,Jason.Demers,D,0.0348,-0.0265
8479369,0.0045,0.0089,-0.0044,0.0549,0.0551,-0.6309,-0.1055,-0.5253,0.0219,0.0231,-0.9152,0.8616,-1.7768,0.0323,0.034,0.3108,0.2439,0.067,0.0088,0.0093,-1.0473,0.5939,-1.6412,0.0059,0.0062,-0.2332,0.1691,-0.0641,0.0286,0.0288,0.0405,Andrew.Peeke,D,0.0194,0.0333
8475758,0.0054,0.021,-0.0156,0.0575,0.0573,-0.3957,0.21,-0.6057,0.0219,0.0231,-0.0042,-0.0318,0.0275,0.0323,0.034,0.2014,-0.1454,0.3468,0.0088,0.0093,0.0204,1.1038,-1.0834,0.0059,0.0062,-0.0463,-0.0179,-0.0642,0.0298,0.0298,0.0422,Devante.Smith.Pelly,F,0.0178,-0.0086
8478566,-0.0151,-0.0143,-0.0008,0.0673,0.0696,-0.1217,-0.0184,-0.1033,0.022,0.0232,-0.0051,-0.0663,0.0612,0.0323,0.034,0.0545,-0.0866,0.1411,0.0088,0.0093,-0.1212,0.3965,-0.5177,0.0059,0.0062,-0.0188,-0.0456,-0.0644,0.0346,0.0358,0.0497,Sergey.Kalinin,F,-0.026,-0.022
8475181,0.0371,0.0045,0.0326,0.0391,0.0383,-0.4887,0.4373,-0.926,0.0217,0.0228,0.6938,-0.8873,1.5811,0.0322,0.0339,1.1305,-1.3296,2.4601,0.0088,0.0093,-0.8725,1.4543,-2.3269,0.0059,0.0062,0.2006,-0.2653,-0.0647,0.0211,0.0208,0.0296,Nick.Leddy,D,0.0346,-0.0464
8476381,0.0289,-0.0006,0.0296,0.0518,0.0543,-0.0121,0.1826,-0.1946,0.0219,0.0231,0.1335,-0.4146,0.5481,0.0322,0.034,-0.5013,-0.3533,-0.1479,0.0088,0.0093,-0.0307,-0.1605,0.1298,0.0059,0.0062,0.0132,-0.0789,-0.0657,0.0271,0.0284,0.0392,Andrew.Shaw,F,0.0434,-0.0215
8475735,-0.0288,-0.0078,-0.021,0.0632,0.0638,-0.3552,0.0966,-0.4518,0.022,0.0232,0.1489,-0.2491,0.398,0.0323,0.034,0.3955,0.0606,0.3349,0.0088,0.0093,-0.195,0.5524,-0.7474,0.0059,0.0062,-0.0034,-0.0627,-0.0661,0.0326,0.033,0.0463,Greg.McKegg,F,-0.0176,-0.0018
8474605,0.0159,-0.0341,0.05,0.0608,0.0631,-0.2767,0.1694,-0.4461,0.022,0.0231,0.0704,-0.1622,0.2326,0.0323,0.034,0.1619,-0.3077,0.4696,0.0088,0.0093,-0.351,0.6537,-1.0048,0.0059,0.0062,0.0057,-0.0719,-0.0662,0.0314,0.0326,0.0453,Patrick.Wiercioch,D,0.047,-0.0739
8479999,-0.0301,-0.0857,0.0556,0.0554,0.0568,0.6001,-0.2388,0.8389,0.0219,0.0231,0.3109,-0.8263,1.1372,0.0323,0.034,0.4101,0.2,0.2102,0.0088,0.0093,0.2288,-0.5831,0.8119,0.0059,0.0062,0.1588,-0.2251,-0.0663,0.0288,0.0296,0.0413,Casey.Mittelstadt,F,0.0232,-0.0475
8476941,0.0018,0.0299,-0.0281,0.0583,0.0603,-0.0543,0.1057,-0.16,0.0219,0.0231,0.0071,-0.1989,0.206,0.0323,0.034,0.6454,-0.4151,1.0604,0.0088,0.0093,0.2669,1.2703,-1.0034,0.0059,0.0062,0.0224,-0.0887,-0.0663,0.0302,0.0313,0.0435,Connor.Carrick,D,0.0301,0.0162
8475788,-0.0153,-0.0193,0.004,0.0646,0.0664,-0.2148,0.0617,-0.2765,0.022,0.0232,-0.0043,-0.0482,0.044,0.0323,0.034,-0.0243,-0.0591,0.0348,0.0088,0.0093,0.1853,0.0588,0.1265,0.0059,0.0062,-0.0497,-0.0169,-0.0666,0.0332,0.0342,0.0477,Alexander.Burmistrov,F,-0.0087,-0.0302
8473992,0.0057,-0.0042,0.0099,0.0641,0.0654,-0.3243,0.0983,-0.4226,0.022,0.0232,0.094,-0.0961,0.1901,0.0323,0.034,-0.0793,0.0935,-0.1728,0.0088,0.0093,0.1039,0.7474,-0.6434,0.0059,0.0062,-0.034,-0.0328,-0.0668,0.033,0.0337,0.0472,Justin.Falk,D,0.0135,-0.0143
8475325,-0.0111,-0.0181,0.0071,0.0627,0.0645,-0.2885,0.276,-0.5645,0.022,0.0232,-0.059,-0.1153,0.0563,0.0323,0.034,-0.0587,-0.0399,-0.0188,0.0088,0.0093,-0.2472,0.4019,-0.6491,0.0059,0.0062,-0.0554,-0.0115,-0.0669,0.0323,0.0333,0.0464,Jordan.Nolan,F,-0.0086,-0.0515
8477464,-0.0018,-0.0063,0.0044,0.0656,0.0687,-0.3606,0.0397,-0.4003,0.022,0.0232,0.0243,-0.1646,0.1889,0.0323,0.034,0.0492,0.1682,-0.1189,0.0088,0.0093,-0.3952,0.3172,-0.7124,0.0059,0.0062,-0.0309,-0.036,-0.0669,0.0337,0.0353,0.0488,Nic.Petan,F,0.0104,-0.0097
8482117,0.0007,-0.0144,0.0151,0.0685,0.071,-0.3235,0.1342,-0.4576,0.022,0.0232,-0.0447,0.0203,-0.065,0.0323,0.034,0.3249,-0.3721,0.6969,0.0088,0.0093,0.1911,0.4005,-0.2095,0.0059,0.0062,-0.0462,-0.0209,-0.0671,0.0351,0.0365,0.0506,Lukas.Reichel,F,0.007,-0.0349
8476807,0.0103,-0.0329,0.0431,0.0627,0.0643,0.257,-0.1639,0.4209,0.022,0.0232,0.017,-0.2256,0.2426,0.0323,0.034,0.5435,0.0392,0.5043,0.0088,0.0093,0.2018,1.2814,-1.0796,0.0059,0.0062,0.072,-0.1396,-0.0676,0.0323,0.0332,0.0463,Matt.Tennyson,D,0.032,-0.0377
8471699,-0.1588,0.0898,-0.2486,0.0449,0.0457,-0.6381,0.5288,-1.1669,0.0218,0.023,-0.2025,0.0793,-0.2818,0.0322,0.034,0.0257,-0.6921,0.7178,0.0088,0.0093,-0.4837,-0.7647,0.281,0.0059,0.0062,-0.1988,0.1307,-0.068,0.0238,0.0243,0.034,Andrew.Cogliano,F,0.0189,-0.0038
8480884,0.029,-0.0469,0.0759,0.0667,0.07,-0.088,-0.4679,0.3799,0.022,0.0232,0.131,-0.2773,0.4083,0.0323,0.034,0.1587,0.0297,0.129,0.0088,0.0093,-1.8535,0.7329,-2.5865,0.0059,0.0062,0.1138,-0.1822,-0.0684,0.0343,0.036,0.0497,Calen.Addison,D,0.0485,-0.0795
8481517,0.0052,-0.0179,0.0231,0.068,0.0698,-0.5455,0.1155,-0.661,0.022,0.0232,0.0267,-0.059,0.0857,0.0323,0.034,0.3296,-0.1243,0.4539,0.0088,0.0093,-0.7212,0.7961,-1.5173,0.0059,0.0062,-0.0247,-0.0439,-0.0686,0.0349,0.0359,0.05,Brett.Leason,F,0.0085,0.0086
8474091,-0.0011,-0.0099,0.0089,0.0555,0.0555,-0.1234,0.2397,-0.3632,0.0219,0.0231,0.2912,-0.7641,1.0553,0.0323,0.034,0.5906,0.2006,0.39,0.0088,0.0093,-0.795,1.3967,-2.1917,0.0059,0.0062,0.1122,-0.1809,-0.0687,0.0288,0.029,0.0409,Brandon.Sutter,F,0.0188,0.0011
8476466,0.0061,-0.0177,0.0238,0.06,0.0607,-0.0319,0.0299,-0.0618,0.0219,0.0231,-0.1242,-0.0628,-0.0615,0.0323,0.034,0.4524,-0.4288,0.8812,0.0088,0.0093,0.2615,0.3137,-0.0522,0.0059,0.0062,-0.0124,-0.0565,-0.0688,0.031,0.0315,0.0442,Sven.Baertschi,F,0.0268,-0.0147
8476948,0.012,0.0053,0.0067,0.0642,0.0671,-0.3714,0.0505,-0.4219,0.022,0.0232,-0.0026,-0.1068,0.1041,0.0323,0.034,0.1825,-0.2012,0.3837,0.0088,0.0093,-0.2665,0.3839,-0.6503,0.0059,0.0062,-0.0287,-0.0407,-0.0694,0.033,0.0346,0.0478,Charles.Hudon,F,0.0393,-0.0087
8473465,0.0097,-0.0225,0.0321,0.0592,0.0601,-0.1258,0.0364,-0.1622,0.0219,0.0231,0.0301,-0.1348,0.1649,0.0323,0.034,0.3429,-0.129,0.4719,0.0088,0.0093,0.1696,0.8164,-0.6468,0.0059,0.0062,0.0064,-0.0758,-0.0695,0.0306,0.0312,0.0437,Jamie.McGinn,F,0.0349,-0.0326
8469759,-0.0046,0.009,-0.0136,0.062,0.0638,-0.2087,-0.0853,-0.1234,0.022,0.0232,-0.0698,-0.0091,-0.0606,0.0323,0.034,0.1234,0.029,0.0944,0.0088,0.0093,0.1133,0.3738,-0.2606,0.0059,0.0062,-0.0461,-0.0235,-0.0696,0.032,0.033,0.0459,Vernon.Fiddler,F,0.0073,0.0068
8480184,0.0054,-0.0234,0.0288,0.0649,0.0662,-0.4653,-0.1719,-0.2934,0.022,0.0232,0.3247,-0.1329,0.4577,0.0323,0.034,-0.3132,0.2143,-0.5275,0.0088,0.0093,-0.1876,0.2426,-0.4302,0.0059,0.0062,-0.0069,-0.0636,-0.0705,0.0334,0.0341,0.0477,Gustav.Lindstrom,D,0.0122,-0.0278
8480073,0.0132,-0.042,0.0553,0.0596,0.0622,-0.9151,0.7092,-1.6243,0.0219,0.0231,-0.1346,-0.055,-0.0796,0.0323,0.034,0.5045,-0.4935,0.9979,0.0088,0.0093,-0.3648,-0.0064,-0.3584,0.0059,0.0062,-0.1154,0.0439,-0.0715,0.0308,0.0322,0.0446,Erik.Brannstrom,D,0.0448,-0.0023
8482155,0.0078,0.0044,0.0034,0.0665,0.0699,0.3009,-0.382,0.6829,0.022,0.0232,-0.4038,0.2021,-0.606,0.0323,0.034,-0.4599,0.5982,-1.0581,0.0088,0.0093,0.5314,0.21,0.3214,0.0059,0.0062,-0.0887,0.0169,-0.0718,0.0342,0.0359,0.0496,Alex.Laferriere,F,0.0566,0.0024
8473962,0.0017,-0.0274,0.0291,0.0612,0.0632,-0.3042,0.0184,-0.3226,0.022,0.0231,-0.0533,-0.0167,-0.0366,0.0323,0.034,0.2135,-0.1277,0.3412,0.0088,0.0093,0.1902,-0.0401,0.2303,0.0059,0.0062,-0.0513,-0.0207,-0.072,0.0316,0.0327,0.0454,Teddy.Purcell,F,0.0366,-0.0518
8478036,-0.0208,-0.0057,-0.0151,0.0684,0.0699,-0.2782,0.1559,-0.4341,0.022,0.0232,-0.0118,-0.0283,0.0165,0.0323,0.034,-0.2537,-0.0853,-0.1684,0.0088,0.0093,0.5039,-0.1908,0.6947,0.0059,0.0062,-0.0901,0.0168,-0.0733,0.0351,0.0359,0.0502,Christoffer.Ehn,F,-0.0309,-0.0127
8478455,0.0173,-0.0155,0.0328,0.0644,0.0669,-0.4851,0.2173,-0.7023,0.022,0.0232,0.1711,-0.1899,0.361,0.0323,0.034,-0.3276,0.1081,-0.4357,0.0088,0.0093,0.0017,0.42,-0.4183,0.0059,0.0062,-0.0462,-0.0272,-0.0734,0.0331,0.0345,0.0478,Austin.Wagner,F,0.05,-0.0357
8482131,0.0044,-0.0163,0.0208,0.071,0.0747,0.0001,-0.2138,0.214,0.022,0.0232,-0.0838,-0.0256,-0.0583,0.0323,0.0341,-0.106,0.0125,-0.1184,0.0088,0.0093,0.3697,-0.2083,0.578,0.0059,0.0062,-0.0374,-0.0368,-0.0741,0.0364,0.0383,0.0528,,?,0.0163,-0.0303
8476483,0.0848,0.0406,0.0442,0.0423,0.0437,0.0461,0.4322,-0.3861,0.0218,0.0229,-0.5486,-0.3784,-0.1702,0.0322,0.034,0.2774,-0.0371,0.3146,0.0088,0.0093,-0.1503,0.6415,-0.7918,0.0059,0.0062,-0.0487,-0.026,-0.0747,0.0226,0.0234,0.0325,Rickard.Rakell,F,0.0724,-0.0153
8480855,0.0895,-0.0191,0.1087,0.0636,0.0651,0.3311,-0.4952,0.8263,0.022,0.0232,-0.0377,0.2295,-0.2672,0.0323,0.034,-1.1082,-0.1797,-0.9285,0.0088,0.0093,1.1671,0.1042,1.0629,0.0059,0.0062,-0.0271,-0.0483,-0.0753,0.0328,0.0336,0.0469,Jack.McBain,F,0.0141,0.0275
8462042,0.0283,-0.0308,0.0591,0.0594,0.0591,-0.1865,0.0511,-0.2376,0.0219,0.0231,0.012,-0.1076,0.1196,0.0323,0.034,0.4143,-0.2952,0.7095,0.0088,0.0093,-0.1275,1.1371,-1.2645,0.0059,0.0062,0.0188,-0.0946,-0.0758,0.0307,0.0307,0.0434,Jarome.Iginla,F,0.0745,-0.0435
8474207,0.0935,-0.0824,0.1759,0.0435,0.0439,-0.4402,0.3829,-0.8231,0.0218,0.0229,0.5406,-0.724,1.2646,0.0322,0.034,0.2854,-1.0267,1.3121,0.0088,0.0093,-1.0005,0.7021,-1.7027,0.0059,0.0062,0.1568,-0.2327,-0.0759,0.0231,0.0235,0.0329,Nick.Holden,D,0.0332,-0.0256
8471504,0.019,-0.0188,0.0378,0.0641,0.066,-0.1403,-0.1769,0.0366,0.022,0.0232,0.0149,-0.103,0.1179,0.0323,0.034,0.0961,-0.0785,0.1746,0.0088,0.0093,-0.3906,0.647,-1.0377,0.0059,0.0062,0.0131,-0.0892,-0.0761,0.033,0.034,0.0474,Rene.Bourque,F,0.0501,-0.0349
8474628,-0.0295,-0.0757,0.0462,0.049,0.0497,-0.3406,0.2837,-0.6243,0.0218,0.023,-0.0712,-0.4597,0.3885,0.0322,0.034,0.555,0.7714,-0.2164,0.0088,0.0093,-1.8178,1.2673,-3.085,0.0059,0.0062,0.0245,-0.1008,-0.0763,0.0257,0.0262,0.0367,Michael.Stone,D,0.0489,0.0102
8471873,0.0631,-0.0631,0.1262,0.0446,0.0457,-0.1807,0.1312,-0.3119,0.0218,0.023,0.6547,-1.2163,1.8711,0.0322,0.034,1.22,-0.2982,1.5182,0.0088,0.0093,-0.793,0.8106,-1.6036,0.0059,0.0062,0.2534,-0.3298,-0.0764,0.0236,0.0243,0.0339,Anton.Stralman,D,0.0359,-0.0429
8477444,-0.0678,-0.0862,0.0184,0.0439,0.0458,0.3317,0.0795,0.2522,0.0218,0.023,0.4226,-0.2716,0.6942,0.0322,0.034,-0.177,-1.1536,0.9766,0.0088,0.0093,-0.5606,0.9253,-1.4859,0.0059,0.0062,0.1206,-0.1972,-0.0765,0.0233,0.0243,0.0337,Andre.Burakovsky,F,0.0398,-0.0094
8471678,-0.0097,-0.0151,0.0054,0.058,0.0597,-0.3433,0.0536,-0.3969,0.0219,0.0231,0.0053,-0.1121,0.1174,0.0323,0.034,0.2356,-0.2173,0.4529,0.0088,0.0093,-0.2097,0.1729,-0.3825,0.0059,0.0062,-0.0327,-0.0441,-0.0768,0.03,0.031,0.0432,Benoit.Pouliot,F,0.0346,-0.0066
8468208,-0.004,0.0128,-0.0168,0.0547,0.0569,-0.2433,0.0412,-0.2845,0.0219,0.0231,-0.3832,0.2561,-0.6393,0.0323,0.034,0.0872,-0.1407,0.2279,0.0088,0.0093,1.0056,-0.4947,1.5003,0.0059,0.0062,-0.1578,0.0803,-0.0775,0.0285,0.0296,0.0411,Joel.Ward,F,0.0206,0.027
8478398,0.0348,-0.0976,0.1324,0.0446,0.045,-0.0147,-0.3692,0.3545,0.0218,0.023,0.1271,-0.2949,0.4219,0.0322,0.034,0.4114,-0.5834,0.9948,0.0088,0.0093,-0.8483,-0.6189,-0.2294,0.0059,0.0062,0.1018,-0.1793,-0.0775,0.0236,0.024,0.0337,Kyle.Connor,F,0.0888,-0.0516
8479439,0.0502,0.0027,0.0475,0.0663,0.0703,-0.6146,0.3134,-0.928,0.022,0.0232,0.0714,-0.154,0.2254,0.0323,0.034,0.0187,-0.494,0.5126,0.0088,0.0093,-0.6929,1.011,-1.7039,0.0059,0.0062,-0.0225,-0.0556,-0.0781,0.0341,0.0361,0.0496,Jacob.MacDonald,D,0.0759,-0.0162
8474618,0.0009,-0.0421,0.0431,0.0448,0.0445,-0.26,0.7516,-1.0116,0.0218,0.0229,0.9923,-1.3625,2.3548,0.0322,0.034,1.022,-0.6372,1.6592,0.0088,0.0093,0.038,1.7927,-1.7548,0.0059,0.0062,0.2396,-0.318,-0.0784,0.0237,0.0237,0.0336,Marco.Scandella,D,0.0246,-0.0238
8473432,0.0027,-0.0129,0.0156,0.0637,0.0649,-0.0571,-0.1704,0.1133,0.022,0.0232,0.0567,-0.1375,0.1942,0.0323,0.034,0.092,-0.0891,0.1812,0.0088,0.0093,-0.1056,0.6531,-0.7587,0.0059,0.0062,0.015,-0.0937,-0.0787,0.0328,0.0335,0.0469,Derek.Dorsett,F,0.0176,-0.0134
8483510,0.0202,-0.0065,0.0267,0.0706,0.0742,0.0567,-0.1874,0.2441,0.022,0.0232,-0.0734,-0.0738,0.0004,0.0323,0.034,-0.1411,0.1169,-0.2581,0.0088,0.0093,0.569,0.2565,0.3124,0.0059,0.0062,-0.0288,-0.0508,-0.0796,0.0362,0.038,0.0525,,?,0.0289,0.0015
8474100,-0.0072,-0.0348,0.0276,0.0598,0.0628,-0.1559,0.0374,-0.1934,0.0219,0.0231,0.0202,-0.0811,0.1014,0.0323,0.034,-0.4365,0.1045,-0.541,0.0088,0.0093,0.1209,0.0757,0.0452,0.0059,0.0062,-0.0536,-0.0264,-0.08,0.0309,0.0325,0.0448,Dwight.King,F,0.0093,-0.0459
8471676,-0.0507,0.0304,-0.0811,0.0509,0.0515,-0.0975,-0.0578,-0.0396,0.0219,0.023,0.1999,-0.5369,0.7368,0.0322,0.034,0.1219,-0.0177,0.1395,0.0088,0.0093,-1.1455,0.6275,-1.773,0.0059,0.0062,0.0571,-0.1378,-0.0806,0.0266,0.027,0.038,Bobby.Ryan,F,0.065,-0.0082
8477527,-0.0279,-0.0204,-0.0075,0.0641,0.0655,-0.0691,0.1205,-0.1896,0.022,0.0232,-0.5127,0.0973,-0.6099,0.0323,0.034,0.1477,0.5403,-0.3926,0.0088,0.0093,0.8249,-0.4661,1.291,0.0059,0.0062,-0.1612,0.0803,-0.0809,0.033,0.0338,0.0472,Ross.Johnston,F,-0.0254,-0.0186
8483690,-0.0117,0.0178,-0.0295,0.0685,0.071,0.5814,-0.3302,0.9116,0.022,0.0232,-0.3135,0.0212,-0.3347,0.0323,0.034,-0.4639,0.2064,-0.6703,0.0088,0.0093,1.2343,-0.1596,1.3939,0.0059,0.0062,-0.0648,-0.0172,-0.082,0.0351,0.0365,0.0506,,?,0.0024,0.0079
8474141,-0.0255,0.0021,-0.0276,0.04,0.0403,0.3064,-0.1528,0.4593,0.0217,0.0229,0.1392,-0.0947,0.2339,0.0322,0.034,0.7136,-1.5879,2.3015,0.0088,0.0093,0.7075,0.5638,0.1437,0.0059,0.0062,0.0784,-0.1605,-0.0822,0.0215,0.0218,0.0306,Patrick.Kane,F,0.0961,-0.0626
8470047,-0.0075,-0.0224,0.0149,0.0507,0.0508,0.1897,-0.2652,0.4549,0.0219,0.023,0.5165,-0.2482,0.7646,0.0322,0.034,-0.4499,-0.3607,-0.0892,0.0088,0.0093,1.2892,0.3764,0.9128,0.0059,0.0062,0.0598,-0.1423,-0.0825,0.0265,0.0267,0.0376,Valtteri.Filppula,F,0.0054,-0.0363
8479968,0.016,0.0139,0.0021,0.0681,0.0703,-0.5031,0.1607,-0.6638,0.022,0.0232,-0.0178,-0.0506,0.0328,0.0323,0.034,-0.146,-0.0386,-0.1074,0.0088,0.0093,0.2572,0.2647,-0.0076,0.0059,0.0062,-0.0904,0.007,-0.0834,0.0349,0.0361,0.0503,Vinni.Lettieri,F,0.0322,0.0049
8471284,-0.1243,0.0195,-0.1438,0.048,0.0494,-0.6771,0.6174,-1.2945,0.0218,0.023,-0.2631,0.0618,-0.3249,0.0322,0.034,0.6287,0.4298,0.1989,0.0088,0.0093,0.6882,0.3724,0.3158,0.0059,0.0062,-0.2114,0.1268,-0.0846,0.0252,0.026,0.0363,Andrej.Sekera,D,0.0317,-0.003
8466251,0.0184,-0.0233,0.0417,0.057,0.0569,-0.1128,0.0683,-0.181,0.0219,0.0231,0.2742,-0.2611,0.5353,0.0323,0.034,-0.4743,-0.1018,-0.3725,0.0088,0.0093,0.2743,0.8356,-0.5613,0.0059,0.0062,0.0132,-0.0984,-0.0852,0.0296,0.0296,0.0419,Jason.Chimera,F,0.0418,-0.054
8479644,0.0011,-0.0225,0.0236,0.0675,0.0699,-0.0729,0.2884,-0.3613,0.022,0.0232,-0.1306,-0.1304,-0.0002,0.0323,0.034,-0.1618,0.0436,-0.2053,0.0088,0.0093,0.1727,0.8922,-0.7195,0.0059,0.0062,-0.0557,-0.0297,-0.0855,0.0347,0.0359,0.0499,Matt.Luff,F,0.0285,-0.0361
8480796,-0.0028,0.0122,-0.015,0.0593,0.0608,-0.8694,0.5533,-1.4227,0.0219,0.0231,0.1296,-0.0925,0.2221,0.0323,0.034,0.0455,-0.0342,0.0797,0.0088,0.0093,-0.2002,1.4961,-1.6963,0.0059,0.0062,-0.0926,0.0068,-0.0857,0.0307,0.0315,0.044,Martin.Fehervary,D,0.0263,0.0379
8469465,-0.0343,-0.0001,-0.0342,0.0505,0.052,-0.3499,-0.0141,-0.3359,0.0219,0.0231,0.0573,-0.2196,0.2769,0.0322,0.034,-0.2561,-0.2396,-0.0165,0.0088,0.0093,-0.5753,-0.6915,0.1162,0.0059,0.0062,-0.0494,-0.0372,-0.0866,0.0264,0.0273,0.038,Dan.Hamhuis,D,0.0307,-0.024
8479465,0.0077,-0.0156,0.0233,0.0574,0.0582,-0.0612,-0.0969,0.0357,0.0219,0.0231,0.2679,-0.4696,0.7375,0.0323,0.034,0.0149,-0.2233,0.2382,0.0088,0.0093,-0.144,0.2105,-0.3544,0.0059,0.0062,0.0603,-0.1475,-0.0872,0.0298,0.0303,0.0424,Drake.Caggiula,F,0.0242,-0.0212
8480023,0.0833,-0.0327,0.116,0.0523,0.0528,0.6215,-0.3804,1.0019,0.0219,0.0231,0.144,-0.7884,0.9324,0.0322,0.034,0.7687,-1.2319,2.0006,0.0088,0.0093,-0.5144,-0.0022,-0.5122,0.0059,0.0062,0.2333,-0.3207,-0.0874,0.0273,0.0277,0.0389,Robert.Thomas,F,0.0362,-0.0047
8480070,-0.001,-0.0528,0.0518,0.0672,0.0689,-0.1591,0.293,-0.4521,0.022,0.0232,-0.0564,-0.2262,0.1698,0.0323,0.034,0.3419,0.3191,0.0228,0.0088,0.0093,-0.0705,1.5293,-1.5998,0.0059,0.0062,-0.0134,-0.0742,-0.0877,0.0345,0.0354,0.0495,Ian.Mitchell,D,0.0134,-0.0401
8478477,-0.0108,-0.0401,0.0294,0.0697,0.0726,-0.0825,-0.1123,0.0298,0.022,0.0232,-0.0071,-0.1,0.0929,0.0323,0.034,-0.0229,0.0807,-0.1036,0.0088,0.0093,0.0895,0.2353,-0.1458,0.0059,0.0062,-0.0243,-0.0635,-0.0878,0.0357,0.0372,0.0516,Mitchell.Stephens,F,-0.021,-0.0635
8483609,0.0041,0.0227,-0.0186,0.069,0.0719,0.0351,-0.3195,0.3546,0.022,0.0232,-0.1059,-0.0148,-0.0911,0.0323,0.034,-0.2827,0.2474,-0.5301,0.0088,0.0093,0.8649,-0.1109,0.9758,0.0059,0.0062,-0.0675,-0.0206,-0.0881,0.0354,0.0369,0.0511,,F,0.0353,0.0758
8482859,-0.0202,-0.007,-0.0132,0.0712,0.074,-0.0361,-0.2907,0.2546,0.022,0.0232,-0.0586,0.018,-0.0765,0.0323,0.034,-0.102,0.1467,-0.2487,0.0088,0.0093,0.5541,-0.0707,0.6249,0.0059,0.0062,-0.0567,-0.0315,-0.0882,0.0365,0.0379,0.0526,,F,-0.0342,-0.0008
8483489,-0.0311,-0.0176,-0.0135,0.0676,0.0702,0.5537,-0.4112,0.9649,0.022,0.0232,-0.423,0.131,-0.5539,0.0323,0.034,-0.1551,0.9217,-1.0768,0.0088,0.0093,1.9728,-0.2885,2.2613,0.0059,0.0062,-0.1138,0.0252,-0.0886,0.0347,0.0361,0.05,Fraser.Minten,F,0.0106,0.0051
8483493,0.0149,-0.0289,0.0437,0.0687,0.0716,0.465,-0.5253,0.9904,0.022,0.0232,-0.0504,0.0588,-0.1092,0.0323,0.034,-0.0841,0.0815,-0.1656,0.0088,0.0093,1.6151,0.2593,1.3558,0.0059,0.0062,-0.0035,-0.0858,-0.0893,0.0352,0.0367,0.0509,,F,0.0482,-0.0064
8481789,-0.001,-0.0108,0.0098,0.0685,0.0711,0.0881,-0.3006,0.3887,0.022,0.0232,-0.0909,-0.1057,0.0149,0.0323,0.034,-0.0101,-0.0627,0.0526,0.0088,0.0093,-0.2879,0.4031,-0.691,0.0059,0.0062,0.0036,-0.0936,-0.09,0.0351,0.0365,0.0507,Tye.Kartye,F,0.0065,0.0231
8477958,-0.0029,-0.0457,0.0427,0.0652,0.0675,-0.1065,-0.007,-0.0995,0.022,0.0232,-0.057,-0.1017,0.0447,0.0323,0.034,0.2019,-0.2435,0.4454,0.0088,0.0093,-0.0769,0.364,-0.4408,0.0059,0.0062,-0.0148,-0.0754,-0.0902,0.0335,0.0347,0.0483,Nikolay.Goldobin,F,0.0054,-0.0764
8476918,0.0362,0.0526,-0.0164,0.0499,0.0501,-0.7863,0.4746,-1.2608,0.0219,0.023,-0.0821,-0.5671,0.485,0.0322,0.034,1.0563,-0.6189,1.6753,0.0088,0.0093,-0.5791,-0.1297,-0.4493,0.0059,0.0062,-0.0314,-0.0592,-0.0906,0.0261,0.0264,0.0371,Jimmy.Vesey,F,0.023,0.0035
8482122,0.026,0.0484,-0.0224,0.0635,0.0656,0.7604,-0.0822,0.8426,0.022,0.0232,-0.8553,-0.0891,-0.7662,0.0323,0.034,-0.1883,0.602,-0.7903,0.0088,0.0093,1.8817,-0.6893,2.571,0.0059,0.0062,-0.1477,0.056,-0.0917,0.0327,0.0338,0.0471,Brock.Faber,D,0.0465,0.0008
8479772,0.0107,-0.0895,0.1002,0.0645,0.0656,-0.6186,0.3906,-1.0092,0.022,0.0232,0.0885,-0.2762,0.3648,0.0323,0.034,0.0266,0.2354,-0.2088,0.0088,0.0093,-0.7641,0.5981,-1.3622,0.0059,0.0062,-0.0358,-0.0567,-0.0925,0.0332,0.0338,0.0474,Zack.MacEwen,F,0.0115,-0.0134
8475857,-0.002,0.0231,-0.0251,0.0642,0.0666,-0.5457,0.3431,-0.8888,0.022,0.0232,-0.1795,0.1253,-0.3047,0.0323,0.034,0.0642,-0.4971,0.5613,0.0088,0.0093,0.286,0.5843,-0.2983,0.0059,0.0062,-0.1299,0.0374,-0.0925,0.033,0.0343,0.0476,Kevin.Gravel,D,0.0309,0.0119
8475842,-0.0374,-0.0027,-0.0347,0.062,0.0629,-0.2087,-0.154,-0.0548,0.022,0.0231,-0.0058,-0.1279,0.1221,0.0323,0.034,-0.6669,-0.1754,-0.4915,0.0088,0.0093,-1.7055,0.1599,-1.8654,0.0059,0.0062,-0.0231,-0.0695,-0.0926,0.032,0.0325,0.0456,Sam.Carrick,F,0.0161,0.0038
8477479,0.1382,-0.1231,0.2613,0.0511,0.0523,0.2332,-0.2139,0.4471,0.0219,0.0231,-0.0714,-0.4448,0.3733,0.0322,0.034,-0.2958,-0.254,-0.0419,0.0088,0.0093,-0.1586,-0.9026,0.744,0.0059,0.0062,0.077,-0.1706,-0.0937,0.0267,0.0274,0.0383,Tyler.Bertuzzi,F,0.0655,-0.0125
8478027,-0.0041,0.0071,-0.0112,0.0611,0.0644,-0.4886,-0.0124,-0.4762,0.022,0.0232,-0.0523,-0.0915,0.0392,0.0323,0.034,0.4494,0.2831,0.1662,0.0088,0.0093,0.8623,-0.0445,0.9068,0.0059,0.0062,-0.0944,0.0003,-0.094,0.0315,0.0332,0.0458,Lucas.Wallmark,F,0.0092,-0.0023
8481056,0.0452,-0.0417,0.087,0.0668,0.0702,0.6166,-0.6539,1.2705,0.022,0.0232,0.1163,-0.171,0.2873,0.0323,0.034,-0.9033,-0.1691,-0.7342,0.0088,0.0093,0.5627,-0.2109,0.7736,0.0059,0.0062,0.064,-0.1583,-0.0943,0.0343,0.0361,0.0498,Spencer.Stastney,D,0.0181,-0.0063
8481535,0.0368,-0.0297,0.0665,0.0612,0.0642,-0.4904,0.4747,-0.9651,0.022,0.0232,-0.2105,-0.4882,0.2776,0.0323,0.034,0.1751,0.4638,-0.2886,0.0088,0.0093,-0.9931,0.5072,-1.5003,0.0059,0.0062,-0.0512,-0.0435,-0.0947,0.0316,0.0331,0.0458,Nils.Hoglander,F,0.0352,-0.0206
8475772,-0.0012,0.0371,-0.0383,0.0503,0.051,-0.3636,-0.0867,-0.2769,0.0219,0.023,0.3666,-0.635,1.0016,0.0322,0.034,-0.0252,0.09,-0.1152,0.0088,0.0093,-0.6014,0.3583,-0.9597,0.0059,0.0062,0.0481,-0.1431,-0.095,0.0263,0.0268,0.0376,Riley.Sheahan,F,0.008,-0.0111
8479398,0.0224,0.0152,0.0071,0.0443,0.0461,-0.4258,0.0655,-0.4913,0.0218,0.023,0.8503,-0.6988,1.5491,0.0322,0.034,-0.2812,-0.5075,0.2262,0.0088,0.0093,-0.3946,1.5429,-1.9374,0.0059,0.0062,0.1333,-0.2285,-0.0952,0.0235,0.0245,0.0339,Samuel.Girard,D,0.0386,-0.0088
8470602,-0.0562,0.0268,-0.083,0.0504,0.0503,-0.1948,0.009,-0.2038,0.0219,0.023,0.0319,-0.0753,0.1072,0.0322,0.034,0.0549,-0.234,0.2888,0.0088,0.0093,-0.1013,0.9478,-1.0491,0.0059,0.0062,-0.043,-0.0538,-0.0967,0.0264,0.0265,0.0374,Dion.Phaneuf,D,0.0594,-0.0222
8479420,0.1219,-0.14,0.2619,0.0527,0.0541,0.0301,-0.1998,0.23,0.0219,0.0231,0.3263,-0.8078,1.1341,0.0322,0.034,-0.0544,0.2717,-0.3261,0.0088,0.0093,-0.546,-0.1988,-0.3473,0.0059,0.0062,0.1558,-0.2534,-0.0976,0.0275,0.0283,0.0394,Tage.Thompson,F,0.0892,-0.0303
8474089,-0.0114,-0.0273,0.016,0.0664,0.0687,-0.3217,-0.0295,-0.2921,0.022,0.0232,-0.0143,-0.0455,0.0312,0.0323,0.034,-0.0519,0.0507,-0.1026,0.0088,0.0093,0.1154,0.1961,-0.0807,0.0059,0.0062,-0.0648,-0.0329,-0.0977,0.0341,0.0353,0.0491,Brad.Malone,F,-0.0223,-0.0498
8478840,-0.0024,-0.0462,0.0437,0.0584,0.0603,-0.4107,0.3944,-0.8052,0.0219,0.0231,-0.8648,0.0746,-0.9394,0.0323,0.034,0.9832,-0.0693,1.0525,0.0088,0.0093,-0.8793,-0.3164,-0.5629,0.0059,0.0062,-0.1589,0.061,-0.0979,0.0302,0.0313,0.0435,William.Borgen,D,0.0235,0.0035
8470724,0.018,-0.0303,0.0483,0.0586,0.0604,-0.0552,-0.0353,-0.0199,0.0219,0.0231,0.13,-0.3626,0.4926,0.0323,0.034,0.1869,0.0877,0.0992,0.0088,0.0093,-0.0503,1.1394,-1.1898,0.0059,0.0062,0.0425,-0.1405,-0.098,0.0303,0.0313,0.0436,Kyle.Quincey,D,0.0351,-0.0327
8480355,-0.0211,0.017,-0.0381,0.0652,0.0673,0.1162,-0.264,0.3802,0.022,0.0232,-0.197,0.2068,-0.4038,0.0323,0.034,-0.0783,0.5209,-0.5992,0.0088,0.0093,2.0714,0.5098,1.5617,0.0059,0.0062,-0.124,0.0253,-0.0988,0.0335,0.0347,0.0482,Mark.Kastelic,F,0.0168,0.1052
8477573,0.0098,0.0117,-0.0019,0.0653,0.0668,0.1239,-0.476,0.5999,0.022,0.0232,-0.364,0.222,-0.586,0.0323,0.034,-0.3402,0.1993,-0.5395,0.0088,0.0093,0.8664,-0.3834,1.2498,0.0059,0.0062,-0.1117,0.0106,-0.1011,0.0336,0.0344,0.0481,Nathan.Walker,F,-0.0032,0.0573
8469544,0.0137,-0.042,0.0557,0.0546,0.0577,-0.227,-0.3862,0.1593,0.0219,0.0231,0.0864,0.0453,0.0411,0.0323,0.034,0.0628,-0.5519,0.6147,0.0088,0.0093,-0.5224,0.4015,-0.9239,0.0059,0.0062,0.0165,-0.1181,-0.1017,0.0284,0.03,0.0413,Patrick.Sharp,F,0.0963,-0.0381
8484240,0.0356,-0.0452,0.0808,0.0685,0.0716,0.475,-0.4131,0.8881,0.022,0.0232,-0.0511,-0.1654,0.1143,0.0323,0.034,-0.3377,0.4299,-0.7676,0.0088,0.0093,0.7214,0.8984,-0.177,0.0059,0.0062,0.0287,-0.1311,-0.1024,0.0351,0.0367,0.0508,,?,0.0279,-0.0443
8474574,-0.0367,-0.0772,0.0405,0.0413,0.0411,-0.3835,0.5488,-0.9323,0.0217,0.0229,0.5114,-0.9187,1.4301,0.0322,0.034,0.0046,0.5847,-0.5801,0.0088,0.0093,-0.2728,0.6804,-0.9532,0.0059,0.0062,0.0478,-0.1505,-0.1027,0.0221,0.0221,0.0313,Tyler.Myers,D,0.0412,-0.0056
8479985,0.0229,0.0382,-0.0153,0.0668,0.0693,-0.2117,-0.1712,-0.0405,0.022,0.0232,-0.1928,0.1883,-0.3811,0.0323,0.034,-0.0213,-0.3387,0.3174,0.0088,0.0093,1.5268,-0.1954,1.7222,0.0059,0.0062,-0.1251,0.0223,-0.1027,0.0343,0.0356,0.0495,Cale.Fleury,D,0.0282,0.0639
8476884,0.0072,-0.0601,0.0673,0.058,0.0603,-0.1759,0.1314,-0.3073,0.0219,0.0231,0.0899,-0.3341,0.424,0.0323,0.034,0.0531,-0.3847,0.4378,0.0088,0.0093,-0.5254,0.4308,-0.9561,0.0059,0.0062,0.0212,-0.1242,-0.103,0.03,0.0313,0.0434,Derrick.Pouliot,D,0.0339,-0.0138
8475794,0.087,-0.0079,0.0949,0.0417,0.0431,-0.0873,-0.3463,0.2591,0.0217,0.0229,0.2527,-0.3046,0.5573,0.0322,0.034,-0.069,-0.4773,0.4083,0.0088,0.0093,0.4095,0.4225,-0.013,0.0059,0.0062,0.0655,-0.1684,-0.103,0.0223,0.0231,0.0321,Tyler.Seguin,F,0.1032,-0.0174
8471226,0.0263,-0.0235,0.0498,0.056,0.0564,-0.2879,0.029,-0.3169,0.0219,0.0231,0.1146,-0.1973,0.3119,0.0323,0.034,0.3083,-0.5838,0.8921,0.0088,0.0093,0.4796,0.2943,0.1853,0.0059,0.0062,-0.0055,-0.0976,-0.1031,0.0291,0.0294,0.0413,Drew.Stafford,F,0.0526,-0.0548
8477220,0.0292,-0.0188,0.0481,0.0402,0.0416,-0.4405,0.666,-1.1065,0.0217,0.0229,-0.8253,0.188,-1.0133,0.0322,0.034,0.5577,-0.3988,0.9565,0.0088,0.0093,0.4233,-0.133,0.5563,0.0059,0.0062,-0.2165,0.1133,-0.1033,0.0216,0.0224,0.0311,Nate.Schmidt,D,0.0396,-0.002
8469454,0.018,-0.0092,0.0272,0.0651,0.0674,-0.2086,-0.1047,-0.1039,0.022,0.0232,-0.0847,-0.0084,-0.0763,0.0323,0.034,-0.1912,-0.1312,-0.0599,0.0088,0.0093,0.9772,-0.44,1.4171,0.0059,0.0062,-0.0915,-0.0124,-0.1039,0.0335,0.0347,0.0482,Ilya.Kovalchuk,F,0.0708,-0.0404
8479376,-0.0178,0.0287,-0.0465,0.0557,0.0577,-0.1805,0.3831,-0.5636,0.0219,0.0231,-0.3765,0.081,-0.4575,0.0323,0.034,0.0555,-0.2787,0.3342,0.0088,0.0093,1.6422,-0.0986,1.7407,0.0059,0.0062,-0.1812,0.0769,-0.1043,0.0289,0.03,0.0417,Victor.Mete,D,0.0257,0.013
8468674,-0.0636,-0.0024,-0.0611,0.0483,0.0486,-0.2241,0.3718,-0.5959,0.0218,0.023,-0.4037,-0.3554,-0.0483,0.0322,0.034,2.5287,-0.3788,2.9075,0.0088,0.0093,-0.7017,2.093,-2.7947,0.0059,0.0062,0.0256,-0.1301,-0.1045,0.0254,0.0257,0.0361,Deryk.Engelland,D,0.0237,0.0023
8478178,0.035,-0.0072,0.0421,0.0632,0.0665,0.1369,-0.5765,0.7134,0.022,0.0232,-0.406,0.0986,-0.5046,0.0323,0.034,-0.3841,0.5377,-0.9218,0.0088,0.0093,0.3928,-0.5395,0.9323,0.0059,0.0062,-0.09,-0.0145,-0.1046,0.0326,0.0343,0.0473,Darren.Raddysh,D,0.0676,-0.0488
8480160,0.0257,0.0479,-0.0222,0.06,0.0619,-0.8133,-0.0298,-0.7835,0.0219,0.0231,-0.1689,0.0781,-0.247,0.0323,0.034,0.6582,-0.4332,1.0914,0.0088,0.0093,-0.1871,0.4025,-0.5896,0.0059,0.0062,-0.0993,-0.0054,-0.1048,0.031,0.032,0.0446,Radim.Simek,D,0.0216,0.0316
8484762,0.0445,-0.0084,0.0529,0.0668,0.0696,0.2016,-0.2132,0.4148,0.022,0.0232,-0.4475,0.0614,-0.5089,0.0323,0.034,-0.1688,0.5334,-0.7022,0.0088,0.0093,2.0561,-0.5951,2.6512,0.0059,0.0062,-0.1383,0.0331,-0.1052,0.0343,0.0358,0.0496,,?,0.0898,-0.0111
8479511,-0.0115,-0.0278,0.0163,0.0649,0.0681,-0.2904,0.029,-0.3194,0.022,0.0232,-0.1386,-0.1533,0.0147,0.0323,0.034,0.585,-0.1403,0.7253,0.0088,0.0093,-0.2662,0.4975,-0.7637,0.0059,0.0062,-0.0341,-0.0716,-0.1056,0.0334,0.035,0.0484,Janne.Kuokkanen,F,0.012,-0.0118
8476924,0.0101,-0.0508,0.0609,0.0674,0.0702,-0.232,-0.0357,-0.1963,0.022,0.0232,-0.0376,-0.0642,0.0265,0.0323,0.034,-0.1452,-0.0175,-0.1277,0.0088,0.0093,0.2265,0.1031,0.1234,0.0059,0.0062,-0.0558,-0.0501,-0.1058,0.0346,0.0361,0.05,Martin.Frk,F,0.0338,-0.0891
8479991,-0.0078,-0.0361,0.0282,0.0695,0.0716,-0.5159,0.316,-0.8319,0.022,0.0232,-0.021,-0.1692,0.1482,0.0323,0.034,0.3454,0.0789,0.2666,0.0088,0.0093,0.4397,0.5264,-0.0867,0.0059,0.0062,-0.0828,-0.0242,-0.107,0.0356,0.0367,0.0512,Jake.Leschyshyn,F,-0.0096,-0.0397
8479945,0.0257,-0.0541,0.0798,0.0642,0.066,-0.5677,0.2613,-0.829,0.022,0.0232,0.0644,-0.3517,0.4161,0.0323,0.034,0.7085,-0.3905,1.099,0.0088,0.0093,-1.3462,1.4353,-2.7816,0.0059,0.0062,0.0382,-0.1461,-0.1079,0.033,0.034,0.0474,Gavin.Bayreuther,D,0.0431,-0.0326
8475807,-0.0761,0.0417,-0.1178,0.0538,0.0545,-0.5874,0.1636,-0.751,0.0219,0.0231,-0.3765,0.0683,-0.4448,0.0323,0.034,0.4321,-0.1329,0.5651,0.0088,0.0093,-0.4842,-0.0732,-0.4109,0.0059,0.0062,-0.1637,0.0554,-0.1083,0.028,0.0285,0.04,Joakim.Nordstrom,F,0.003,0.0406
8476975,-0.0154,0.0327,-0.0481,0.0547,0.0558,-0.8606,-0.0559,-0.8047,0.0219,0.0231,0.1473,-0.138,0.2853,0.0323,0.034,-0.0954,0.1396,-0.235,0.0088,0.0093,-0.8408,0.4585,-1.2993,0.0059,0.0062,-0.0765,-0.0324,-0.1088,0.0285,0.0291,0.0407,Cedric.Paquette,F,-0.0001,0.0431
8475868,-0.01,-0.0327,0.0227,0.0612,0.0622,-0.1279,-0.1007,-0.0272,0.022,0.0231,-0.0501,-0.2061,0.156,0.0323,0.034,0.3354,0.0362,0.2992,0.0088,0.0093,0.4268,0.0948,0.332,0.0059,0.0062,-0.0322,-0.0784,-0.1106,0.0316,0.0322,0.0451,Anthony.Bitetto,D,0.0279,-0.0497
8476994,-0.0182,-0.0236,0.0054,0.0529,0.0545,-0.0771,0.0632,-0.1403,0.0219,0.0231,0.1541,-0.4518,0.6059,0.0322,0.034,-0.3317,-0.814,0.4823,0.0088,0.0093,-1.0622,-0.0769,-0.9853,0.0059,0.0062,0.0358,-0.1475,-0.1117,0.0276,0.0285,0.0396,Vinnie.Hinostroza,F,0.0406,0.0028
8482964,0.0131,-0.0364,0.0494,0.0648,0.067,-0.2878,-0.0541,-0.2338,0.022,0.0232,0.0066,-0.0002,0.0068,0.0323,0.034,-0.1669,-0.4468,0.2799,0.0088,0.0093,-0.2674,0.61,-0.8774,0.0059,0.0062,-0.0345,-0.0776,-0.1121,0.0333,0.0345,0.048,Arber.Xhekaj,D,0.0318,-0.0329
8484911,-0.0114,0.0128,-0.0242,0.0682,0.0706,0.6842,-0.5924,1.2766,0.022,0.0232,-0.2118,-0.0576,-0.1543,0.0323,0.034,-0.3257,0.5493,-0.875,0.0088,0.0093,2.1269,-0.107,2.2339,0.0059,0.0062,-0.0543,-0.0579,-0.1122,0.035,0.0363,0.0504,,F,-0.0014,0.0049
8471392,-0.051,0.0206,-0.0716,0.0497,0.0495,-0.6629,0.8464,-1.5093,0.0219,0.023,-0.4804,-0.0755,-0.4049,0.0322,0.034,1.2165,0.4664,0.75,0.0088,0.0093,1.3236,1.2574,0.0662,0.0059,0.0062,-0.2106,0.0983,-0.1122,0.0261,0.0261,0.0369,Roman.Polak,D,0.0172,0.0288
8481559,0.0034,0.0634,-0.06,0.0522,0.0553,-0.0214,-0.1068,0.0854,0.0219,0.0231,-0.5964,0.3118,-0.9082,0.0322,0.034,0.4427,-0.7851,1.2278,0.0088,0.0093,1.1756,-0.0938,1.2693,0.0059,0.0062,-0.1532,0.0409,-0.1123,0.0272,0.0289,0.0397,Jack.Hughes,F,0.1076,0.0018
8484227,0.0353,-0.0294,0.0646,0.0688,0.0715,0.2032,-0.3831,0.5863,0.022,0.0232,-0.1316,0.0626,-0.1942,0.0323,0.034,-0.3328,-0.0523,-0.2805,0.0088,0.0093,0.9217,0.352,0.5697,0.0059,0.0062,-0.0377,-0.0756,-0.1133,0.0353,0.0367,0.0509,,F,0.0602,-0.0516
8475220,0.1038,0.0412,0.0626,0.0477,0.048,-0.2233,0.2032,-0.4266,0.0218,0.023,0.1559,-0.8712,1.027,0.0322,0.034,-0.6848,0.0735,-0.7582,0.0088,0.0093,-1.4161,1.1371,-2.5532,0.0059,0.0062,0.0683,-0.1817,-0.1134,0.0251,0.0254,0.0357,Marcus.Foligno,F,0.01,0.0267
8473534,-0.0018,-0.0013,-0.0005,0.0562,0.0584,-0.2215,-0.206,-0.0154,0.0219,0.0231,0.1375,-0.2695,0.407,0.0323,0.034,-0.2177,-0.0996,-0.1182,0.0088,0.0093,-0.6729,0.6693,-1.3422,0.0059,0.0062,0.01,-0.1236,-0.1136,0.0292,0.0303,0.0421,Patrik.Berglund,F,0.0326,-0.007
8469492,0.0052,-0.0089,0.0141,0.0604,0.0617,-0.3295,-0.0959,-0.2336,0.0219,0.0231,0.0022,-0.1785,0.1807,0.0323,0.034,0.3759,-0.1644,0.5403,0.0088,0.0093,-0.44,0.9937,-1.4337,0.0059,0.0062,-0.0062,-0.1077,-0.1139,0.0312,0.0319,0.0447,Fedor.Tyutin,D,0.0287,-0.0391
8475718,0.045,-0.0421,0.0871,0.0516,0.0536,-0.3625,0.4385,-0.801,0.0219,0.0231,-0.0985,-0.2947,0.1962,0.0322,0.034,1.3405,-1.07,2.4105,0.0088,0.0093,0.2452,1.1755,-0.9303,0.0059,0.0062,0.0171,-0.1313,-0.1143,0.027,0.028,0.0389,Justin.Holl,D,0.0161,-0.0109
8480336,0.0377,-0.05,0.0878,0.0528,0.056,0.0306,-0.2911,0.3217,0.0219,0.0231,-0.3145,-0.0883,-0.2262,0.0322,0.034,-0.4959,0.4671,-0.9629,0.0088,0.0093,-0.5241,0.0089,-0.5329,0.0059,0.0062,-0.0545,-0.0604,-0.115,0.0275,0.0292,0.0401,Sean.Walker,D,0.0669,0.0129
8476404,-0.0038,-0.0582,0.0544,0.0648,0.0672,-0.2411,-0.0985,-0.1426,0.022,0.0232,-0.0178,-0.0912,0.0734,0.0323,0.034,-0.0249,0.3172,-0.3421,0.0088,0.0093,0.049,0.6487,-0.5997,0.0059,0.0062,-0.0454,-0.0709,-0.1163,0.0333,0.0346,0.0481,Andy.Andreoff,F,0.0066,-0.0636
8470626,-0.0069,-0.0355,0.0286,0.0511,0.0515,-0.3958,0.045,-0.4408,0.0219,0.023,0.3548,-0.8381,1.1929,0.0322,0.034,0.2834,-0.2916,0.5751,0.0088,0.0093,-1.6932,0.0884,-1.7817,0.0059,0.0062,0.1,-0.2164,-0.1164,0.0267,0.027,0.038,Loui.Eriksson,F,0.0379,-0.0174
8475716,-0.016,0.0127,-0.0287,0.06,0.0623,-0.4405,0.028,-0.4685,0.0219,0.0231,-0.1992,-0.0311,-0.1681,0.0323,0.034,0.2229,-0.3083,0.5312,0.0088,0.0093,0.0659,-0.1287,0.1946,0.0059,0.0062,-0.1072,-0.0096,-0.1168,0.031,0.0322,0.0447,Martin.Marincin,D,0.0224,0.0208
8480246,0.0474,-0.0658,0.1132,0.0608,0.063,0.5616,-0.3241,0.8857,0.022,0.0231,-0.1991,-0.3309,0.1318,0.0323,0.034,0.5653,-0.2185,0.7838,0.0088,0.0093,0.255,0.9503,-0.6952,0.0059,0.0062,0.0879,-0.2054,-0.1176,0.0314,0.0326,0.0452,Nick.Perbix,D,0.0356,0.0038
8481147,-0.029,0.0148,-0.0438,0.0686,0.07,-0.328,-0.0538,-0.2742,0.022,0.0232,-0.053,-0.0702,0.0173,0.0323,0.034,-0.0749,-0.1498,0.075,0.0088,0.0093,0.0386,0.2898,-0.2512,0.0059,0.0062,-0.0814,-0.0367,-0.1181,0.0352,0.036,0.0503,Reese.Johnson,F,-0.0109,0.0002
8475625,-0.0954,0.0642,-0.1596,0.0525,0.0544,-0.7685,0.4733,-1.2418,0.0219,0.0231,0.2114,-0.1967,0.4081,0.0322,0.034,-0.0385,-0.0986,0.0602,0.0088,0.0093,-0.7978,2.1421,-2.9399,0.0059,0.0062,-0.0869,-0.0318,-0.1186,0.0274,0.0284,0.0395,Matt.Irwin,D,0.0531,0.0252
8475747,-0.0496,0.0708,-0.1203,0.0485,0.048,-0.8872,1.1429,-2.0301,0.0218,0.023,0.4582,-0.9834,1.4416,0.0322,0.034,0.8734,-0.7387,1.6121,0.0088,0.0093,-0.3669,1.8736,-2.2406,0.0059,0.0062,0.01,-0.1288,-0.1188,0.0255,0.0254,0.036,Patrik.Nemeth,D,0.015,0.0082
8476879,0.0036,0.0582,-0.0546,0.0393,0.039,-0.1601,0.1782,-0.3383,0.0217,0.0228,-0.5463,-0.3238,-0.2226,0.0322,0.0339,0.4508,-0.1091,0.5598,0.0088,0.0093,-0.9497,0.5043,-1.454,0.0059,0.0062,-0.0774,-0.0421,-0.1195,0.0211,0.0212,0.0299,Cody.Ceci,D,0.0311,-0.008
8481533,0.019,-0.0775,0.0965,0.0564,0.0578,0.1553,-0.5165,0.6719,0.0219,0.0231,-0.2629,-0.0354,-0.2275,0.0323,0.034,0.1447,-0.2875,0.4322,0.0088,0.0093,0.0244,-0.9688,0.9932,0.0059,0.0062,-0.0173,-0.1025,-0.1198,0.0293,0.0301,0.042,Trevor.Zegras,F,0.0513,-0.0496
8480860,0.0074,-0.001,0.0084,0.0602,0.0627,0.2394,-0.5555,0.7949,0.0219,0.0231,-0.8813,0.392,-1.2732,0.0323,0.034,-0.3918,0.5412,-0.9331,0.0088,0.0093,0.5272,-1.1026,1.6298,0.0059,0.0062,-0.1989,0.079,-0.1199,0.0311,0.0324,0.0449,Kevin.Bahl,D,0.0167,-0.0153
8479333,-0.0108,0.0221,-0.033,0.0662,0.0669,-0.2379,0.4349,-0.6728,0.022,0.0232,0.0508,-0.1369,0.1877,0.0323,0.034,0.0377,0.0124,0.0253,0.0088,0.0093,2.0806,1.4543,0.6263,0.0059,0.0062,-0.1109,-0.0113,-0.1221,0.034,0.0345,0.0484,Libor.Hajek,D,0.0101,-0.0085
8484798,-0.0063,-0.059,0.0527,0.0672,0.0697,0.1195,-0.3315,0.4509,0.022,0.0232,-0.2449,-0.0907,-0.1542,0.0323,0.034,-0.4994,0.5776,-1.077,0.0088,0.0093,0.8374,-1.1019,1.9393,0.0059,0.0062,-0.1026,-0.0204,-0.123,0.0345,0.0358,0.0497,,D,0.0332,-0.1043
8473485,0.01,-0.0411,0.0511,0.0599,0.0593,-0.1264,0.1056,-0.232,0.0219,0.0231,-0.0276,-0.2472,0.2196,0.0323,0.034,0.4863,0.0974,0.3889,0.0088,0.0093,0.3539,1.6209,-1.267,0.0059,0.0062,-0.005,-0.1181,-0.1231,0.031,0.0308,0.0437,Chris.Stewart,F,0.043,-0.0719
8482655,0.0943,-0.1134,0.2077,0.0592,0.0601,0.7288,-0.3606,1.0894,0.0219,0.0231,-0.5519,-0.1447,-0.4072,0.0323,0.034,-0.4074,0.0475,-0.4549,0.0088,0.0093,0.2178,-0.3702,0.588,0.0059,0.0062,0.0019,-0.125,-0.1231,0.0306,0.0312,0.0437,Janis.Moser,D,0.0305,-0.0078
8467371,-0.0047,-0.0251,0.0205,0.0568,0.0605,0.0031,-0.2546,0.2578,0.0219,0.0231,0.0602,-0.1828,0.2431,0.0323,0.034,0.0781,-0.6555,0.7336,0.0088,0.0093,-0.4095,0.6457,-1.0552,0.0059,0.0062,0.0324,-0.1561,-0.1237,0.0295,0.0314,0.043,Mike.Ribeiro,F,0.0251,-0.0409
8474577,-0.0175,-0.0002,-0.0172,0.0615,0.0627,-0.176,-0.0806,-0.0954,0.022,0.0231,-0.1214,-0.0903,-0.0311,0.0323,0.034,0.1971,-0.2836,0.4807,0.0088,0.0093,0.068,0.5693,-0.5013,0.0059,0.0062,-0.0528,-0.0718,-0.1246,0.0317,0.0324,0.0454,Joe.Colborne,F,-0.0074,-0.0195
8475171,-0.0903,-0.0439,-0.0464,0.0403,0.0404,0.0511,-0.4173,0.4684,0.0217,0.0229,0.962,-1.0948,2.0568,0.0322,0.034,0.1333,-0.0842,0.2175,0.0088,0.0093,-0.6816,0.1148,-0.7964,0.0059,0.0062,0.2094,-0.335,-0.1256,0.0216,0.0218,0.0307,Oliver.Ekman.Larsson,D,0.0596,-0.0719
8474683,-0.0096,0.0115,-0.0211,0.0567,0.0555,-0.2479,0.2801,-0.528,0.0219,0.0231,0.3824,-0.9037,1.2861,0.0323,0.034,0.1224,-0.1262,0.2485,0.0088,0.0093,-0.754,1.1687,-1.9227,0.0059,0.0062,0.0796,-0.2054,-0.1257,0.0294,0.029,0.0413,Derek.Grant,F,0.0265,0.0167
8475795,-0.0055,-0.0186,0.0131,0.068,0.0714,-0.0796,-0.3877,0.3081,0.022,0.0232,-0.029,-0.0167,-0.0123,0.0323,0.034,-0.3997,0.1475,-0.5472,0.0088,0.0093,0.5463,-0.0789,0.6252,0.0059,0.0062,-0.0669,-0.0591,-0.126,0.0349,0.0366,0.0506,Dylan.McIlrath,D,0.0082,-0.0242
8475750,-0.065,0.0342,-0.0992,0.0479,0.0491,-0.4696,0.533,-1.0026,0.0218,0.023,0.7935,-1.4116,2.205,0.0322,0.034,1.225,-0.4144,1.6394,0.0088,0.0093,-1.1065,1.9273,-3.0339,0.0059,0.0062,0.1894,-0.3155,-0.1261,0.0252,0.0259,0.0361,Jon.Merrill,D,0.0138,-0.0165
8474567,0.0889,-0.1298,0.2187,0.0467,0.0469,0.0015,0.1494,-0.1479,0.0218,0.023,0.2569,-0.7091,0.966,0.0322,0.034,0.6511,-0.521,1.172,0.0088,0.0093,-0.2227,1.1423,-1.365,0.0059,0.0062,0.1492,-0.2754,-0.1263,0.0246,0.0249,0.035,Zach.Bogosian,D,0.0401,-0.0237
8480025,-0.0436,0.008,-0.0515,0.0671,0.0686,-0.4369,0.186,-0.623,0.022,0.0232,-0.1597,-0.2354,0.0757,0.0323,0.034,0.6093,0.1913,0.418,0.0088,0.0093,0.2582,0.5427,-0.2845,0.0059,0.0062,-0.0962,-0.0301,-0.1264,0.0345,0.0353,0.0493,MacKenzie.Entwistle,F,-0.0189,0.0105
8480021,-0.0153,-0.03,0.0148,0.0676,0.0701,-0.5678,0.0685,-0.6363,0.022,0.0232,-0.0202,-0.0971,0.0769,0.0323,0.034,0.0625,-0.0916,0.154,0.0088,0.0093,-0.3038,0.3457,-0.6496,0.0059,0.0062,-0.0814,-0.0454,-0.1268,0.0347,0.036,0.05,Jack.Studnicka,F,0.0041,-0.0082
8475208,-0.1092,-0.0048,-0.1044,0.04,0.0416,-0.1355,0.0923,-0.2279,0.0217,0.0229,0.1649,-0.4197,0.5846,0.0322,0.034,0.4778,-0.6253,1.1032,0.0088,0.0093,-1.0352,1.0021,-2.0373,0.0059,0.0062,0.0314,-0.1585,-0.1271,0.0215,0.0224,0.031,Brian.Dumoulin,D,0.0204,-0.0075
8474849,0.0157,-0.0351,0.0509,0.0505,0.052,-0.2981,0.4249,-0.7231,0.0219,0.0231,0.0227,-0.4668,0.4895,0.0322,0.034,-0.354,-0.3812,0.0271,0.0088,0.0093,-0.9004,0.7752,-1.6756,0.0059,0.0062,-0.0171,-0.1104,-0.1275,0.0264,0.0273,0.038,Antoine.Roussel,F,0.0185,0.0216
8476624,-0.0811,-0.0994,0.0183,0.0491,0.0494,-0.0427,0.0841,-0.1268,0.0219,0.023,-0.409,0.0223,-0.4314,0.0322,0.034,0.0643,0.5847,-0.5204,0.0088,0.0093,0.354,-0.4198,0.7738,0.0059,0.0062,-0.1472,0.0197,-0.1275,0.0258,0.026,0.0366,Barclay.Goodrow,F,-0.0009,0.0395
8477425,-0.0226,-0.0178,-0.0048,0.0522,0.0526,-0.0977,0.0492,-0.1468,0.0219,0.0231,0.3803,-0.7623,1.1426,0.0322,0.034,0.1912,-0.0996,0.2908,0.0088,0.0093,-0.9502,1.4957,-2.4459,0.0059,0.0062,0.1072,-0.235,-0.1278,0.0272,0.0276,0.0388,Miles.Wood,F,0.0683,-0.0034
8476525,-0.1164,0.052,-0.1684,0.0463,0.0488,-0.1762,0.3281,-0.5043,0.0218,0.023,-0.3149,-0.2135,-0.1014,0.0322,0.034,1.0052,-0.9209,1.9261,0.0088,0.0093,-1.0047,1.1848,-2.1896,0.0059,0.0062,-0.0534,-0.0744,-0.1278,0.0244,0.0258,0.0355,Colin.Miller,D,0.0495,-0.0595
8475172,0.0005,-0.109,0.1095,0.0411,0.043,-0.0093,-0.2561,0.2469,0.0217,0.0229,-0.095,0.0699,-0.1649,0.0322,0.034,-0.4482,-0.9293,0.4811,0.0088,0.0093,-1.0993,-0.2563,-0.8429,0.0059,0.0062,-0.005,-0.123,-0.128,0.022,0.023,0.0318,Nazem.Kadri,F,0.0857,-0.0192
8478472,0.0639,-0.0037,0.0676,0.0575,0.0593,0.272,-0.2077,0.4797,0.0219,0.0231,0.207,-0.8166,1.0236,0.0323,0.034,-0.6831,0.0635,-0.7466,0.0088,0.0093,-0.3682,0.2846,-0.6529,0.0059,0.0062,0.092,-0.2202,-0.1282,0.0298,0.0308,0.0428,Mathieu.Joseph,F,0.0149,0.023
8482146,0.0131,-0.0491,0.0621,0.0651,0.0676,0.2095,-0.4898,0.6993,0.022,0.0232,-0.4033,-0.0198,-0.3835,0.0323,0.034,-0.2111,0.153,-0.3641,0.0088,0.0093,0.384,-1.0954,1.4794,0.0059,0.0062,-0.0788,-0.0494,-0.1282,0.0335,0.0348,0.0483,Luke.Evangelista,F,0.0702,-0.0314
8470607,-0.0194,-0.0479,0.0286,0.0463,0.0473,-0.6858,0.7588,-1.4446,0.0218,0.023,0.7191,-1.0542,1.7733,0.0322,0.034,0.271,0.1786,0.0924,0.0088,0.0093,-0.5508,2.0464,-2.5972,0.0059,0.0062,0.0839,-0.2132,-0.1293,0.0244,0.0251,0.035,Brent.Seabrook,D,0.0482,0.0221
8480072,0.0,-0.0293,0.0293,0.0676,0.0697,-0.363,-0.0598,-0.3032,0.022,0.0232,0.016,-0.1109,0.127,0.0323,0.034,-0.0274,0.0748,-0.1022,0.0088,0.0093,0.4545,0.3773,0.0772,0.0059,0.0062,-0.0708,-0.0586,-0.1294,0.0347,0.0358,0.0499,Lias.Andersson,F,-0.0007,-0.0398
8479026,-0.0274,-0.0269,-0.0005,0.0588,0.0609,-0.2098,-0.2527,0.0429,0.0219,0.0231,0.0197,-0.0717,0.0913,0.0323,0.034,0.5719,0.1012,0.4708,0.0088,0.0093,0.8049,0.7552,0.0498,0.0059,0.0062,-0.0387,-0.0913,-0.13,0.0304,0.0316,0.0438,Philippe.Myers,D,0.0447,-0.0208
8481598,0.0006,-0.0111,0.0118,0.0615,0.0642,0.0247,-0.686,0.7107,0.022,0.0232,-0.435,0.3951,-0.8301,0.0323,0.034,-0.6667,0.5967,-1.2634,0.0088,0.0093,2.1506,-1.831,3.9816,0.0059,0.0062,-0.2177,0.0875,-0.1302,0.0317,0.0331,0.0459,Philip.Broberg,D,0.0331,-0.0071
8474573,-0.0758,0.0247,-0.1005,0.0434,0.0433,-0.1105,0.4923,-0.6028,0.0218,0.0229,-0.783,0.2092,-0.9922,0.0322,0.034,0.8441,-0.1803,1.0244,0.0088,0.0093,1.8612,0.0503,1.811,0.0059,0.0062,-0.2505,0.1194,-0.1311,0.0231,0.0232,0.0327,Josh.Bailey,F,0.0222,0.0001
8484153,0.024,-0.0559,0.0799,0.0668,0.0704,-0.0591,-0.3621,0.303,0.022,0.0232,-0.1835,0.0063,-0.1898,0.0323,0.034,0.0082,0.1889,-0.1806,0.0088,0.0093,0.5121,0.1242,0.3878,0.0059,0.0062,-0.0572,-0.0745,-0.1317,0.0343,0.0362,0.0498,Leo.Carlsson,F,0.0453,-0.0041
8469455,-0.0442,0.022,-0.0662,0.0481,0.0505,-0.0357,0.2862,-0.3219,0.0218,0.023,-0.3254,-0.2443,-0.081,0.0322,0.034,0.1914,-0.3993,0.5907,0.0088,0.0093,0.3925,0.2411,0.1515,0.0059,0.0062,-0.1033,-0.0334,-0.1367,0.0253,0.0266,0.0367,Jason.Spezza,F,0.0743,-0.0114
8477998,0.0453,-0.0601,0.1054,0.0502,0.0536,-0.4558,-0.0199,-0.4358,0.0219,0.0231,-0.4086,0.2284,-0.6369,0.0322,0.034,0.2278,-0.7034,0.9313,0.0088,0.0093,0.0617,-0.3092,0.3709,0.0059,0.0062,-0.1244,-0.0126,-0.137,0.0263,0.028,0.0384,Warren.Foegele,F,0.0634,0.0155
8477943,-0.0328,-0.0381,0.0053,0.0603,0.0608,-0.2625,0.3296,-0.5922,0.0219,0.0231,-0.0826,-0.2051,0.1225,0.0323,0.034,-0.2424,0.0207,-0.2631,0.0088,0.0093,-0.0968,1.0491,-1.1459,0.0059,0.0062,-0.0846,-0.0555,-0.1401,0.0312,0.0315,0.0443,Brendan.Perlini,F,0.0243,-0.0671
8476356,-0.0711,0.0346,-0.1057,0.0518,0.0517,-0.8714,0.2987,-1.1701,0.0219,0.023,-0.0243,-0.3812,0.3569,0.0322,0.034,0.6324,0.0465,0.5859,0.0088,0.0093,-1.4652,1.156,-2.6213,0.0059,0.0062,-0.0751,-0.0652,-0.1403,0.0271,0.0271,0.0383,Tobias.Rieder,F,0.0303,-0.0006
8481607,0.0059,0.0246,-0.0187,0.0672,0.0702,0.1733,-0.7481,0.9213,0.022,0.0232,-0.2346,0.1549,-0.3895,0.0323,0.034,-0.8058,0.2365,-1.0423,0.0088,0.0093,1.0791,-0.6273,1.7063,0.0059,0.0062,-0.1142,-0.0266,-0.1407,0.0345,0.0361,0.0499,,D,0.0094,0.0163
8476792,-0.0001,-0.1407,0.1407,0.0414,0.0425,-0.4613,0.457,-0.9183,0.0217,0.0229,1.1903,-1.4101,2.6005,0.0322,0.034,0.432,-0.8289,1.2609,0.0088,0.0093,-1.6054,1.5743,-3.1798,0.0059,0.0062,0.2828,-0.4247,-0.142,0.0221,0.0228,0.0318,Torey.Krug,D,0.0931,-0.0615
8482175,0.0296,-0.0619,0.0915,0.0623,0.0646,0.4443,-0.2694,0.7137,0.022,0.0232,-0.5109,-0.1001,-0.4108,0.0323,0.034,-0.2489,-0.4617,0.2128,0.0088,0.0093,-0.3187,-0.2931,-0.0257,0.0059,0.0062,-0.0331,-0.1094,-0.1425,0.0321,0.0333,0.0463,JJ.Peterka,F,0.0592,-0.0482
8482176,0.0015,0.0238,-0.0223,0.0656,0.0674,0.0999,-0.2787,0.3785,0.022,0.0232,-0.4276,0.0875,-0.5151,0.0323,0.034,0.0084,0.7624,-0.754,0.0088,0.0093,1.879,0.6915,1.1875,0.0059,0.0062,-0.153,0.0074,-0.1456,0.0337,0.0347,0.0484,Wyatt.Kaiser,D,0.026,-0.0123
8478468,-0.0239,-0.0331,0.0092,0.0552,0.0562,-0.3939,-0.3499,-0.044,0.0219,0.0231,0.1119,-0.2032,0.3151,0.0323,0.034,0.5648,-0.1646,0.7294,0.0088,0.0093,-0.404,0.6423,-1.0463,0.0059,0.0062,0.0036,-0.1493,-0.1457,0.0287,0.0293,0.041,Jeremy.Lauzon,D,0.0194,-0.0073
8470110,-0.0122,-0.0089,-0.0033,0.0502,0.0503,-0.0554,0.2415,-0.2969,0.0219,0.023,0.1394,-0.8257,0.9651,0.0322,0.034,0.7889,0.3634,0.4255,0.0088,0.0093,1.1056,0.9263,0.1793,0.0059,0.0062,0.0194,-0.1651,-0.1458,0.0263,0.0265,0.0373,Trevor.Daley,D,0.0374,-0.0408
8479395,-0.0107,0.0097,-0.0204,0.0634,0.065,-0.3423,-0.23,-0.1123,0.022,0.0232,-0.1378,-0.115,-0.0228,0.0323,0.034,-0.1055,0.0156,-0.1212,0.0088,0.0093,0.4829,-0.4982,0.9811,0.0059,0.0062,-0.1127,-0.0341,-0.1467,0.0327,0.0335,0.0468,Dennis.Cholowski,D,0.0277,-0.0542
8476389,-0.0542,-0.0746,0.0203,0.0426,0.0443,-0.4582,0.1965,-0.6547,0.0218,0.0229,-0.0951,-0.0503,-0.0448,0.0322,0.034,-0.1703,-0.2929,0.1226,0.0088,0.0093,0.3388,-0.7383,1.0771,0.0059,0.0062,-0.1405,-0.0069,-0.1475,0.0227,0.0236,0.0328,Vincent.Trocheck,F,0.0625,0.0264
8477433,-0.0406,-0.0553,0.0148,0.0596,0.0597,-0.5748,0.3708,-0.9456,0.0219,0.0231,-0.029,-0.347,0.318,0.0323,0.034,0.6716,0.7213,-0.0497,0.0088,0.0093,0.5652,1.2067,-0.6415,0.0059,0.0062,-0.0952,-0.0534,-0.1486,0.0308,0.031,0.0437,Ben.Harpur,D,0.0085,-0.0188
8483450,0.0028,-0.0591,0.0619,0.068,0.0702,0.2589,-0.5029,0.7618,0.022,0.0232,-0.0408,-0.2855,0.2447,0.0323,0.034,-0.3724,0.2906,-0.6631,0.0088,0.0093,-0.1693,0.3522,-0.5215,0.0059,0.0062,0.0157,-0.1644,-0.1488,0.0349,0.0361,0.0502,,F,0.0097,-0.0396
8481024,0.052,-0.0303,0.0824,0.0687,0.0719,0.0142,-0.6572,0.6713,0.022,0.0232,-0.0879,-0.0319,-0.056,0.0323,0.034,-0.1765,-0.0869,-0.0897,0.0088,0.0093,0.0892,0.4423,-0.353,0.0059,0.0062,-0.0054,-0.1437,-0.149,0.0352,0.0369,0.051,,F,0.0734,0.0048
8477846,-0.0265,0.0113,-0.0378,0.0568,0.0589,-0.8167,-0.0399,-0.7769,0.0219,0.0231,-0.1133,-0.0388,-0.0745,0.0323,0.034,-0.0354,-0.4308,0.3954,0.0088,0.0093,-1.0261,-0.1734,-0.8527,0.0059,0.0062,-0.1218,-0.0278,-0.1495,0.0295,0.0306,0.0425,Ryan.Carpenter,F,0.0135,0.0051
8478476,-0.0041,-0.0229,0.0188,0.0658,0.0675,-0.3151,-0.1859,-0.1291,0.022,0.0232,-0.2784,0.0329,-0.3113,0.0323,0.034,0.4682,-0.5916,1.0599,0.0088,0.0093,0.4061,-0.3881,0.7942,0.0059,0.0062,-0.0987,-0.0521,-0.1508,0.0338,0.0347,0.0485,Kyle.Capobianco,D,0.0217,-0.0295
8476403,-0.0068,-0.0211,0.0142,0.0622,0.0633,-0.3173,-0.0409,-0.2764,0.022,0.0232,-0.0647,-0.174,0.1093,0.0323,0.034,0.5638,-0.3007,0.8645,0.0088,0.0093,-0.2589,1.4373,-1.6963,0.0059,0.0062,-0.021,-0.1305,-0.1515,0.0321,0.0327,0.0458,Klas.Dahlbeck,D,0.0228,-0.029
8482157,0.0025,-0.0058,0.0083,0.0669,0.0694,0.4682,-0.5732,1.0414,0.022,0.0232,-0.3911,0.0617,-0.4528,0.0323,0.034,-0.6026,0.1727,-0.7753,0.0088,0.0093,0.7724,0.1737,0.5987,0.0059,0.0062,-0.0816,-0.0719,-0.1535,0.0344,0.0357,0.0495,Will.Cuylle,F,0.0521,-0.0109
8478010,0.2789,-0.0605,0.3394,0.0439,0.0459,0.0936,-0.3303,0.4238,0.0218,0.023,1.0112,-1.8248,2.836,0.0322,0.034,-0.128,-0.5514,0.4234,0.0088,0.0093,-1.2323,1.4239,-2.6561,0.0059,0.0062,0.4176,-0.5713,-0.1537,0.0233,0.0244,0.0337,Brayden.Point,F,0.0853,-0.0313
8479578,0.0102,-0.0509,0.0611,0.0686,0.0718,-0.3062,-0.1504,-0.1559,0.022,0.0232,0.0387,-0.2182,0.2569,0.0323,0.034,0.2717,-0.2071,0.4787,0.0088,0.0093,-0.1961,0.936,-1.1321,0.0059,0.0062,-0.0082,-0.1459,-0.1541,0.0352,0.0368,0.0509,Casey.Fitzgerald,D,0.0225,-0.0816
8477960,0.1144,-0.1234,0.2378,0.0482,0.0503,-0.2612,0.0486,-0.3097,0.0218,0.023,0.1052,-0.5136,0.6188,0.0322,0.034,-0.5195,0.1216,-0.641,0.0088,0.0093,-0.4476,0.5541,-1.0017,0.0059,0.0062,0.0279,-0.1823,-0.1544,0.0253,0.0265,0.0366,Adrian.Kempe,F,0.0605,-0.0386
8484800,0.0048,-0.0241,0.0289,0.0696,0.0724,0.1137,-0.4466,0.5602,0.022,0.0232,-0.037,-0.1396,0.1026,0.0323,0.034,-0.3027,0.2558,-0.5585,0.0088,0.0093,1.1101,0.2211,0.8889,0.0059,0.0062,-0.0513,-0.1032,-0.1545,0.0357,0.0371,0.0515,,?,0.0072,-0.0501
8474056,-0.0179,-0.0568,0.0389,0.0418,0.0439,-0.2581,0.136,-0.3941,0.0217,0.0229,1.1669,-1.625,2.7919,0.0322,0.034,0.7064,-0.6966,1.4029,0.0088,0.0093,-0.4654,0.4422,-0.9076,0.0059,0.0062,0.2701,-0.425,-0.1549,0.0223,0.0235,0.0324,P.K..Subban,D,0.0699,-0.0218
8471675,0.1505,-0.0864,0.2369,0.0389,0.0416,-0.0847,0.3065,-0.3912,0.0217,0.0229,0.0634,-0.5904,0.6538,0.0322,0.034,-0.6469,-0.6627,0.0158,0.0088,0.0093,-0.3746,1.0209,-1.3955,0.0059,0.0062,0.0527,-0.2077,-0.155,0.021,0.0224,0.0307,Sidney.Crosby,F,0.1159,-0.0003
8481601,-0.0048,-0.035,0.0302,0.065,0.067,0.567,-0.5894,1.1564,0.022,0.0232,-0.101,-0.2731,0.1721,0.0323,0.034,-0.4218,-0.025,-0.3968,0.0088,0.0093,0.5549,0.0214,0.5335,0.0059,0.0062,0.0129,-0.1683,-0.1554,0.0334,0.0345,0.048,Simon.Holmstrom,F,-0.0045,0.0124
8478432,0.0334,-0.0283,0.0617,0.0555,0.0549,-0.9424,0.5211,-1.4634,0.0219,0.0231,0.2911,-0.4505,0.7416,0.0323,0.034,-0.4342,0.0821,-0.5163,0.0088,0.0093,0.0569,0.9757,-0.9188,0.0059,0.0062,-0.0889,-0.0692,-0.1581,0.0288,0.0287,0.0407,Christian.Fischer,F,0.0148,-0.0301
8480821,0.0564,-0.0332,0.0896,0.0617,0.0625,-0.7536,0.1341,-0.8876,0.022,0.0231,0.5327,-0.7321,1.2648,0.0323,0.034,-0.1856,-0.0007,-0.1849,0.0088,0.0093,-0.8165,1.413,-2.2295,0.0059,0.0062,0.0539,-0.2141,-0.1602,0.0318,0.0323,0.0454,Filip.Zadina,F,0.0416,-0.0236
8477937,-0.0064,-0.0273,0.0208,0.0569,0.0583,-0.6405,0.4073,-1.0479,0.0219,0.0231,-0.1408,-0.6048,0.4641,0.0323,0.034,0.7379,0.0239,0.714,0.0088,0.0093,-0.7992,0.5744,-1.3737,0.0059,0.0062,-0.054,-0.1072,-0.1612,0.0295,0.0303,0.0423,Jake.Virtanen,F,0.039,0.0135
8479514,0.0104,-0.0648,0.0752,0.0658,0.067,-0.0822,0.2627,-0.3449,0.022,0.0232,-0.0408,-0.1833,0.1426,0.0323,0.034,0.2449,-0.3125,0.5574,0.0088,0.0093,1.9628,0.7634,1.1994,0.0059,0.0062,-0.0799,-0.0826,-0.1625,0.0338,0.0345,0.0483,Rem.Pitlick,F,0.0001,-0.0416
8476288,-0.0405,0.0123,-0.0528,0.0521,0.0523,-0.0715,0.4207,-0.4921,0.0219,0.0231,-0.0518,-0.9691,0.9172,0.0322,0.034,0.7281,-0.0475,0.7756,0.0088,0.0093,0.2114,0.2275,-0.0161,0.0059,0.0062,-0.0071,-0.1559,-0.163,0.0272,0.0274,0.0386,Ryan.Dzingel,F,0.0205,-0.0558
8475236,-0.1293,0.0272,-0.1564,0.048,0.0485,-0.1866,0.181,-0.3676,0.0218,0.023,-0.0229,-0.507,0.484,0.0322,0.034,1.1693,-0.2468,1.4161,0.0088,0.0093,0.4042,0.8523,-0.4481,0.0059,0.0062,-0.0437,-0.1197,-0.1634,0.0252,0.0256,0.036,Cody.Eakin,F,0.0079,0.0028
8466138,-0.0814,-0.016,-0.0654,0.0456,0.0492,-0.3034,-0.3458,0.0424,0.0218,0.023,-0.9064,0.4245,-1.3308,0.0322,0.034,1.2569,-0.4968,1.7538,0.0088,0.0093,1.5666,-2.6084,4.175,0.0059,0.0062,-0.2729,0.108,-0.1648,0.0241,0.0259,0.0354,Joe.Thornton,F,0.03,0.0193
8469770,0.0127,-0.0232,0.0359,0.0573,0.0576,-0.2481,0.084,-0.3322,0.0219,0.0231,-0.2412,-0.0797,-0.1615,0.0323,0.034,0.6814,-0.3244,1.0058,0.0088,0.0093,0.2964,1.8592,-1.5628,0.0059,0.0062,-0.0549,-0.1104,-0.1653,0.0297,0.03,0.0422,Dennis.Wideman,D,0.0574,-0.0203
8478454,0.017,-0.0038,0.0208,0.0647,0.0664,-0.0038,-0.3165,0.3127,0.022,0.0232,-0.4647,-0.0014,-0.4633,0.0323,0.034,-0.1313,0.5598,-0.691,0.0088,0.0093,0.7176,0.4915,0.2261,0.0059,0.0062,-0.1309,-0.0358,-0.1666,0.0333,0.0342,0.0477,Noah.Juulsen,D,0.0119,0.0335
8474749,-0.0077,-0.0648,0.0571,0.061,0.062,-0.2671,0.0432,-0.3102,0.022,0.0231,0.0557,-0.3387,0.3944,0.0323,0.034,0.1178,-0.2132,0.331,0.0088,0.0093,-0.187,0.9351,-1.1221,0.0059,0.0062,-0.0171,-0.1506,-0.1677,0.0315,0.0321,0.045,Matt.Bartkowski,D,0.0284,-0.0955
8470740,0.016,-0.0168,0.0328,0.0581,0.0605,-0.1895,-0.1435,-0.046,0.0219,0.0231,-0.229,-0.0841,-0.1449,0.0323,0.034,0.4676,-0.6444,1.112,0.0088,0.0093,-0.2475,1.2462,-1.4937,0.0059,0.0062,-0.0328,-0.1369,-0.1698,0.0301,0.0314,0.0435,Lee.Stempniak,F,0.0507,-0.0171
8479402,-0.0255,-0.0808,0.0553,0.0607,0.0626,-0.3397,0.738,-1.0777,0.022,0.0231,-0.0591,-0.587,0.5279,0.0323,0.034,0.1028,0.413,-0.3103,0.0088,0.0093,0.355,1.2782,-0.9232,0.0059,0.0062,-0.0847,-0.0852,-0.1699,0.0314,0.0324,0.0451,Jake.Bean,D,0.0379,0.0012
8470606,-0.0422,-0.0861,0.0439,0.0467,0.0489,-0.4187,0.4665,-0.8851,0.0218,0.023,1.1461,-1.2726,2.4187,0.0322,0.034,-0.5639,-0.179,-0.3848,0.0088,0.0093,-0.0555,1.1273,-1.1828,0.0059,0.0062,0.1366,-0.3089,-0.1723,0.0246,0.0258,0.0357,Dustin.Brown,F,0.066,-0.03
8475430,-0.0123,-0.0568,0.0445,0.0562,0.0578,-0.4182,-0.0189,-0.3993,0.0219,0.0231,-0.0413,-0.1408,0.0995,0.0323,0.034,-0.1065,-0.2646,0.1582,0.0088,0.0093,-0.2149,0.5599,-0.7748,0.0059,0.0062,-0.0758,-0.1005,-0.1762,0.0292,0.0301,0.0419,Brandon.Manning,D,0.0314,-0.0351
8479351,-0.0216,-0.0001,-0.0215,0.0558,0.0566,-0.3545,-0.0954,-0.2591,0.0219,0.0231,-0.8553,0.2801,-1.1353,0.0323,0.034,-0.2287,-0.0696,-0.1591,0.0088,0.0093,0.3573,-1.4992,1.8565,0.0059,0.0062,-0.2802,0.1031,-0.1771,0.029,0.0295,0.0413,Sam.Steel,F,0.0027,-0.0347
8479974,0.0215,0.0006,0.0209,0.0602,0.062,-0.507,-0.1441,-0.363,0.0219,0.0231,-0.1215,-0.2633,0.1417,0.0323,0.034,-0.0108,0.1807,-0.1915,0.0088,0.0093,-0.0577,0.4715,-0.5292,0.0059,0.0062,-0.0904,-0.0873,-0.1776,0.0311,0.0321,0.0447,Nolan.Patrick,F,0.0263,-0.0183
8478211,-0.0169,0.0091,-0.026,0.0622,0.0642,-1.0189,-0.1291,-0.8898,0.022,0.0232,0.152,-0.2233,0.3753,0.0323,0.034,0.3567,-0.7589,1.1156,0.0088,0.0093,-1.5961,0.6674,-2.2635,0.0059,0.0062,-0.0426,-0.1362,-0.1788,0.0321,0.0331,0.0461,Dryden.Hunt,F,0.0201,-0.015
8479348,0.0186,-0.0936,0.1122,0.0661,0.0691,-0.2424,-0.0139,-0.2285,0.022,0.0232,0.1589,-0.2464,0.4053,0.0323,0.034,0.1599,-0.5374,0.6973,0.0088,0.0093,0.7867,0.763,0.0238,0.0059,0.0062,-0.014,-0.1659,-0.1798,0.034,0.0355,0.0492,Kale.Clague,D,0.0278,-0.0953
8466139,-0.0228,-0.0379,0.015,0.0462,0.0474,-0.3303,0.2975,-0.6278,0.0218,0.023,0.0088,-0.6046,0.6134,0.0322,0.034,0.215,-0.0648,0.2797,0.0088,0.0093,0.4898,0.0732,0.4166,0.0059,0.0062,-0.0657,-0.1142,-0.1799,0.0244,0.0251,0.035,Patrick.Marleau,F,0.0699,-0.0206
8470595,0.1126,-0.0958,0.2084,0.0445,0.0463,-0.1947,0.0344,-0.2291,0.0218,0.023,0.5934,-1.3925,1.9859,0.0322,0.034,0.2116,-0.4359,0.6475,0.0088,0.0093,-1.2242,0.6568,-1.8811,0.0059,0.0062,0.2193,-0.4015,-0.1822,0.0236,0.0246,0.0341,Eric.Staal,F,0.0835,-0.0146
8477462,0.0104,-0.0338,0.0443,0.0534,0.0532,-0.4028,0.3668,-0.7696,0.0219,0.0231,-0.0754,-0.7226,0.6473,0.0322,0.034,0.9211,0.6999,0.2212,0.0088,0.0093,0.6318,1.5712,-0.9394,0.0059,0.0062,-0.0418,-0.1417,-0.1835,0.0278,0.0279,0.0394,Robert.Hagg,D,0.0251,-0.0064
8476988,0.0281,-0.0284,0.0564,0.0491,0.0499,-0.3111,0.3767,-0.6878,0.0219,0.023,-0.0408,-0.9398,0.899,0.0322,0.034,1.0121,-0.6674,1.6795,0.0088,0.0093,-0.3052,0.2675,-0.5727,0.0059,0.0062,0.0313,-0.2152,-0.1839,0.0258,0.0263,0.0368,Matt.Benning,D,0.0277,-0.0094
8480883,0.0258,-0.0782,0.1039,0.0626,0.0656,-0.4881,0.0841,-0.5722,0.022,0.0232,0.0732,-0.3009,0.374,0.0323,0.034,0.1664,-0.4794,0.6457,0.0088,0.0093,-0.4066,1.1731,-1.5797,0.0059,0.0062,-0.018,-0.1684,-0.1863,0.0323,0.0338,0.0468,Ty.Smith,D,0.0712,-0.0805
8474291,-0.0344,-0.0103,-0.0241,0.0537,0.0525,-0.7031,0.2658,-0.969,0.0219,0.0231,0.1303,-0.6402,0.7705,0.0323,0.034,0.804,0.6867,0.1173,0.0088,0.0093,0.4845,1.4211,-0.9366,0.0059,0.0062,-0.0651,-0.1218,-0.1869,0.028,0.0275,0.0392,Jay.Beagle,F,-0.0089,-0.0122
8478859,0.0332,-0.0585,0.0917,0.0559,0.0564,0.2168,-0.3796,0.5965,0.0219,0.0231,-0.5412,0.0639,-0.6051,0.0323,0.034,0.1039,-0.1543,0.2583,0.0088,0.0093,0.7249,0.3393,0.3856,0.0059,0.0062,-0.0927,-0.095,-0.1877,0.029,0.0294,0.0413,Niko.Mikkola,D,0.02,-0.0059
8471214,0.149,-0.2171,0.3661,0.0394,0.0406,0.8544,-0.5255,1.3799,0.0217,0.0229,0.367,-0.79,1.1571,0.0322,0.034,-0.7399,-0.1324,-0.6075,0.0088,0.0093,0.2265,1.2531,-1.0267,0.0059,0.0062,0.2299,-0.4192,-0.1893,0.0212,0.0219,0.0305,Alex.Ovechkin,F,0.1448,-0.0451
8475197,0.0336,-0.0926,0.1261,0.0406,0.0407,-0.3541,0.5961,-0.9502,0.0217,0.0229,1.0624,-1.8394,2.9018,0.0322,0.034,0.7049,-0.8059,1.5108,0.0088,0.0093,-1.6621,2.1538,-3.8159,0.0059,0.0062,0.3062,-0.4961,-0.1899,0.0218,0.022,0.0309,Tyson.Barrie,D,0.0756,-0.0667
8478400,-0.0768,-0.0132,-0.0637,0.0566,0.058,-0.4331,0.0948,-0.528,0.0219,0.0231,-0.2911,-0.1718,-0.1193,0.0323,0.034,0.2651,-0.4071,0.6722,0.0088,0.0093,-0.6887,0.304,-0.9927,0.0059,0.0062,-0.124,-0.0668,-0.1907,0.0294,0.0302,0.0421,Colin.White,F,0.0149,0.0028
8475163,-0.1189,0.0117,-0.1306,0.0509,0.0511,-0.5274,0.5911,-1.1185,0.0219,0.023,-0.3774,-0.145,-0.2323,0.0322,0.034,0.3243,-0.2393,0.5636,0.0088,0.0093,-0.0133,1.004,-1.0173,0.0059,0.0062,-0.2016,0.0081,-0.1935,0.0266,0.0269,0.0378,Alex.Chiasson,F,0.0331,-0.0446
8474250,-0.0815,0.0323,-0.1138,0.053,0.0536,-0.7904,0.4826,-1.273,0.0219,0.0231,-0.0831,-0.3739,0.2908,0.0322,0.034,0.1917,-0.1175,0.3093,0.0088,0.0093,0.7885,-0.1056,0.894,0.0059,0.0062,-0.1976,0.0035,-0.1942,0.0276,0.028,0.0394,Zack.Smith,F,0.0075,-0.0103
8480185,0.0607,-0.0222,0.0829,0.0561,0.0591,-0.5202,0.123,-0.6431,0.0219,0.0231,-0.2224,-0.7177,0.4953,0.0323,0.034,0.0834,0.0812,0.0022,0.0088,0.0093,-0.9597,-0.1124,-0.8473,0.0059,0.0062,-0.0532,-0.1412,-0.1944,0.0291,0.0307,0.0423,Eetu.Luostarinen,F,0.0077,0.0427
8474090,-0.0639,-0.1185,0.0546,0.047,0.0486,-0.657,0.2506,-0.9076,0.0218,0.023,0.3859,-0.4924,0.8783,0.0322,0.034,0.6663,-0.4154,1.0817,0.0088,0.0093,0.3854,0.4771,-0.0917,0.0059,0.0062,-0.021,-0.174,-0.195,0.0248,0.0257,0.0357,Brendan.Smith,D,0.0375,-0.0348
8481122,-0.0071,0.0061,-0.0132,0.0602,0.0598,0.2805,0.0838,0.1968,0.0219,0.0231,-0.0737,-0.8016,0.7279,0.0323,0.034,-0.6918,0.4885,-1.1802,0.0088,0.0093,0.3489,0.7777,-0.4287,0.0059,0.0062,-0.0332,-0.1625,-0.1957,0.0311,0.031,0.0439,Simon.Benoit,D,0.0059,0.0206
8474884,-0.1799,0.0013,-0.1813,0.0448,0.0453,-0.5793,0.7014,-1.2807,0.0218,0.023,-0.7221,0.2646,-0.9867,0.0322,0.034,0.5267,-0.2795,0.8062,0.0088,0.0093,2.0863,-1.1133,3.1996,0.0059,0.0062,-0.3876,0.1918,-0.1957,0.0237,0.0241,0.0338,Mike.Hoffman,F,0.0726,-0.0229
8475796,-0.1006,0.1161,-0.2167,0.0494,0.0505,-0.4017,0.4986,-0.9003,0.0219,0.023,0.1432,-1.0809,1.2241,0.0322,0.034,0.9034,-0.1618,1.0653,0.0088,0.0093,0.5654,0.8636,-0.2982,0.0059,0.0062,-0.0475,-0.1492,-0.1967,0.0259,0.0266,0.0371,Mark.Pysyk,D,0.031,-0.0222
8481711,-0.022,0.0258,-0.0478,0.0631,0.0644,0.0014,-0.1614,0.1629,0.022,0.0232,-0.4321,-0.1199,-0.3122,0.0323,0.034,0.0803,-0.0578,0.1381,0.0088,0.0093,0.8836,0.4844,0.3992,0.0059,0.0062,-0.1364,-0.0605,-0.1969,0.0325,0.0332,0.0465,Matias.Maccelli,F,0.0218,-0.0227
8477494,0.0367,-0.1171,0.1538,0.0473,0.0485,-0.1281,0.0275,-0.1556,0.0218,0.023,-0.0011,-0.6666,0.6655,0.0322,0.034,0.0442,-0.1497,0.1939,0.0088,0.0093,0.2234,-0.5085,0.7319,0.0059,0.0062,-0.0074,-0.1897,-0.1971,0.0249,0.0256,0.0357,Jonathan.Drouin,F,0.0323,-0.0387
8477215,-0.0028,-0.0608,0.058,0.048,0.0481,-0.2129,0.5893,-0.8022,0.0218,0.023,1.163,-1.9843,3.1473,0.0322,0.034,0.2098,0.3766,-0.1668,0.0088,0.0093,-0.2117,2.1582,-2.3699,0.0059,0.0062,0.2436,-0.4423,-0.1987,0.0252,0.0254,0.0358,Danny.DeKeyser,D,0.0235,-0.0109
8475798,0.0311,-0.0385,0.0696,0.0427,0.0434,-0.5712,0.448,-1.0191,0.0218,0.0229,-0.1139,-0.7302,0.6163,0.0322,0.034,0.5441,-0.5109,1.055,0.0088,0.0093,-0.4561,0.2932,-0.7493,0.0059,0.0062,-0.0443,-0.1551,-0.1994,0.0227,0.0232,0.0325,Mikael.Granlund,F,0.0368,-0.0016
8479980,-0.015,-0.0701,0.0551,0.0526,0.0543,-0.1106,-0.0165,-0.094,0.0219,0.0231,-0.5108,-0.3429,-0.1679,0.0322,0.034,1.1925,0.2625,0.93,0.0088,0.0093,-0.129,1.1116,-1.2405,0.0059,0.0062,-0.0598,-0.1417,-0.2014,0.0274,0.0284,0.0395,Nicolas.Hague,D,0.0417,-0.0129
8471698,-0.0341,-0.0261,-0.0079,0.0442,0.0455,-0.1115,0.2316,-0.3431,0.0218,0.023,-0.137,-0.5693,0.4322,0.0322,0.034,1.0288,-1.1793,2.2082,0.0088,0.0093,-0.2046,0.8803,-1.0849,0.0059,0.0062,0.006,-0.2095,-0.2035,0.0234,0.0242,0.0337,T.J..Oshie,F,0.0497,0.026
8471217,-0.0562,0.0368,-0.093,0.0522,0.0533,-0.6788,0.3404,-1.0191,0.0219,0.0231,-0.364,0.0095,-0.3734,0.0322,0.034,0.0723,-0.9569,1.0291,0.0088,0.0093,0.2088,0.1131,0.0957,0.0059,0.0062,-0.214,0.0096,-0.2044,0.0272,0.0279,0.039,Andrew.Ladd,F,0.0446,0.0005
8480802,-0.0869,0.054,-0.1409,0.0582,0.0612,-0.1787,0.1278,-0.3064,0.0219,0.0231,-0.7505,0.2333,-0.9839,0.0323,0.034,-0.0392,-0.2816,0.2425,0.0088,0.0093,1.1376,0.0998,1.0378,0.0059,0.0062,-0.2832,0.0766,-0.2066,0.0301,0.0317,0.0437,Ryan.McLeod,F,0.0029,0.0249
8482089,0.0184,-0.0329,0.0513,0.0661,0.0679,-0.0444,-0.6754,0.631,0.022,0.0232,-0.1351,-0.0756,-0.0596,0.0323,0.034,0.0768,0.3299,-0.2531,0.0088,0.0093,0.6579,1.1057,-0.4478,0.0059,0.0062,-0.0489,-0.1588,-0.2077,0.034,0.0349,0.0487,Jake.Neighbours,F,0.0283,-0.008
8475797,0.0048,0.0085,-0.0037,0.0646,0.0654,-0.5929,0.1948,-0.7877,0.022,0.0232,-0.2028,-0.1904,-0.0123,0.0323,0.034,0.7506,-0.6566,1.4072,0.0088,0.0093,0.1837,1.6738,-1.4901,0.0059,0.0062,-0.0935,-0.1148,-0.2082,0.0332,0.0337,0.0474,Jarred.Tinordi,D,0.0075,0.0106
8477474,-0.0025,-0.033,0.0305,0.0624,0.0636,-0.3795,0.2868,-0.6662,0.022,0.0232,-0.1731,-0.0531,-0.12,0.0323,0.034,-0.0571,-0.4728,0.4158,0.0088,0.0093,2.2689,0.1478,2.1211,0.0059,0.0062,-0.1904,-0.0194,-0.2099,0.0322,0.0329,0.046,Madison.Bowey,D,0.0395,-0.0359
8476459,-0.063,0.0521,-0.1151,0.0423,0.0429,0.3337,0.1263,0.2074,0.0218,0.0229,-0.5942,-0.5128,-0.0815,0.0322,0.034,0.2803,-0.254,0.5343,0.0088,0.0093,0.5166,0.2828,0.2338,0.0059,0.0062,-0.116,-0.0944,-0.2104,0.0226,0.023,0.0322,Mika.Zibanejad,F,0.0718,0.015
8472382,-0.053,0.066,-0.119,0.0456,0.0444,-0.5881,0.442,-1.0301,0.0218,0.0229,0.5208,-1.2107,1.7315,0.0322,0.034,0.729,0.2601,0.4689,0.0088,0.0093,0.4977,2.073,-1.5753,0.0059,0.0062,0.0237,-0.2344,-0.2107,0.0241,0.0237,0.0338,Andy.Greene,D,0.0198,0.0226
8477938,-0.0925,0.0824,-0.175,0.0556,0.0575,-0.5049,0.0944,-0.5993,0.0219,0.0231,-0.7058,0.2961,-1.0019,0.0323,0.034,0.4331,-0.2779,0.711,0.0088,0.0093,1.6546,-0.0691,1.7237,0.0059,0.0062,-0.3175,0.1066,-0.2109,0.0289,0.0299,0.0416,Haydn.Fleury,D,0.0333,0.0266
8475186,-0.0646,-0.0354,-0.0292,0.0519,0.0522,-0.6979,0.51,-1.2079,0.0219,0.0231,0.2886,-0.7975,1.0862,0.0322,0.034,0.6763,-0.2074,0.8837,0.0088,0.0093,-0.3482,1.593,-1.9412,0.0059,0.0062,-0.019,-0.1928,-0.2118,0.0271,0.0274,0.0385,John.Moore,D,0.0385,-0.0575
8478062,-0.013,0.0067,-0.0197,0.0665,0.0672,-0.4165,0.0048,-0.4213,0.022,0.0232,-0.1377,-0.2495,0.1118,0.0323,0.034,0.6557,-0.2682,0.9239,0.0088,0.0093,0.9437,1.197,-0.2533,0.0059,0.0062,-0.0977,-0.1148,-0.2125,0.0342,0.0346,0.0486,Dysin.Mayo,D,0.007,0.022
8478099,-0.0586,-0.0297,-0.0289,0.0504,0.0529,-0.2046,0.1453,-0.3499,0.0219,0.0231,0.067,-0.3141,0.381,0.0322,0.034,0.2495,-2.4938,2.7433,0.0088,0.0093,-1.2921,0.573,-1.8651,0.0059,0.0062,0.0214,-0.2347,-0.2133,0.0264,0.0277,0.0383,Kevin.Labanc,F,0.0389,-0.0142
8477964,0.0795,-0.0852,0.1646,0.0487,0.0484,0.2959,0.1807,0.1152,0.0218,0.023,-0.1922,-0.5283,0.3362,0.0322,0.034,-0.0355,-0.4253,0.3898,0.0088,0.0093,0.7492,1.6657,-0.9164,0.0059,0.0062,0.0098,-0.2239,-0.2141,0.0256,0.0256,0.0362,Ivan.Barbashev,F,0.0182,-0.0017
8476468,0.0168,-0.0618,0.0787,0.0421,0.0431,-0.053,0.149,-0.2021,0.0217,0.0229,-0.3378,-0.5413,0.2036,0.0322,0.034,-0.3862,-0.1802,-0.206,0.0088,0.0093,-0.306,-0.2093,-0.0967,0.0059,0.0062,-0.0848,-0.1301,-0.2149,0.0225,0.0231,0.0322,J.T..Miller,F,0.0547,0.0047
8475169,0.0032,-0.0787,0.0819,0.0429,0.0439,-0.3191,0.0601,-0.3792,0.0218,0.0229,0.0966,-0.4325,0.5291,0.0322,0.034,0.2214,-0.6265,0.8479,0.0088,0.0093,0.108,0.8999,-0.7919,0.0059,0.0062,-0.016,-0.1991,-0.2151,0.0228,0.0235,0.0327,Evander.Kane,F,0.0975,-0.0202
8477290,-0.0333,0.0142,-0.0476,0.0497,0.0512,-0.6996,0.0754,-0.775,0.0219,0.023,-0.1076,-0.2944,0.1868,0.0322,0.034,0.0962,-0.5227,0.619,0.0088,0.0093,-0.2022,0.1535,-0.3557,0.0059,0.0062,-0.1314,-0.0839,-0.2153,0.0261,0.0269,0.0374,Michael.Raffl,F,0.0185,0.0165
8479346,-0.0034,-0.1379,0.1345,0.056,0.0586,-0.2767,0.1573,-0.434,0.0219,0.0231,0.5185,-0.9422,1.4608,0.0323,0.034,0.1333,-0.6797,0.813,0.0088,0.0093,-1.0296,1.0568,-2.0863,0.0059,0.0062,0.12,-0.3357,-0.2156,0.0291,0.0304,0.0421,Dillon.Dube,F,0.0295,-0.0419
8468509,-0.0207,-0.0468,0.0261,0.0519,0.053,-0.5072,0.3905,-0.8977,0.0219,0.0231,0.2028,-0.7661,0.9689,0.0322,0.034,0.0031,0.4549,-0.4518,0.0088,0.0093,1.061,0.681,0.38,0.0059,0.0062,-0.0841,-0.1333,-0.2174,0.0271,0.0278,0.0388,Niklas.Kronwall,D,0.0405,-0.0342
8471716,-0.0156,-0.0469,0.0314,0.0537,0.0547,-0.485,0.0987,-0.5836,0.0219,0.0231,-0.0702,-0.3943,0.3241,0.0323,0.034,-0.4242,-0.1577,-0.2665,0.0088,0.0093,0.3851,-0.5282,0.9133,0.0059,0.0062,-0.1368,-0.0837,-0.2206,0.028,0.0286,0.04,Justin.Abdelkader,F,0.0258,-0.0312
8478401,0.0317,-0.0695,0.1012,0.0489,0.0496,-0.1514,-0.2479,0.0964,0.0218,0.023,0.0488,-0.2571,0.3059,0.0322,0.034,-0.4524,-0.5644,0.112,0.0088,0.0093,0.0655,0.8416,-0.7761,0.0059,0.0062,-0.0259,-0.196,-0.2219,0.0257,0.0261,0.0366,Pavel.Zacha,F,0.0339,-0.0398
8471686,0.0226,-0.0046,0.0271,0.0423,0.0415,-0.2601,0.5585,-0.8187,0.0218,0.0229,0.3382,-1.6247,1.9629,0.0322,0.034,0.9572,0.3688,0.5884,0.0088,0.0093,0.7478,1.0607,-0.3129,0.0059,0.0062,0.0742,-0.2963,-0.2221,0.0226,0.0223,0.0317,Marc.Staal,D,0.0201,-0.0222
8478463,-0.0548,0.0223,-0.0771,0.046,0.0459,-0.2498,-0.1031,-0.1466,0.0218,0.023,-0.6911,-0.1342,-0.5569,0.0322,0.034,0.2398,-0.0906,0.3304,0.0088,0.0093,0.2507,-0.651,0.9017,0.0059,0.0062,-0.2126,-0.0132,-0.2258,0.0243,0.0244,0.0344,Anthony.Beauvillier,F,0.0448,-0.0157
8473415,-0.0062,-0.0237,0.0175,0.0582,0.0594,-0.515,0.3927,-0.9077,0.0219,0.0231,0.0828,-0.5183,0.6011,0.0323,0.034,-0.4957,-0.2014,-0.2944,0.0088,0.0093,0.3338,1.0401,-0.7063,0.0059,0.0062,-0.1052,-0.1207,-0.2259,0.0301,0.0308,0.0431,Alex.Biega,D,0.0391,-0.061
8475246,-0.0243,-0.039,0.0148,0.0545,0.0547,-0.0758,0.3934,-0.4692,0.0219,0.0231,0.2319,-1.2289,1.4608,0.0323,0.034,-0.1727,0.6064,-0.779,0.0088,0.0093,-0.8536,2.0684,-2.922,0.0059,0.0062,0.0513,-0.2772,-0.2259,0.0284,0.0286,0.0403,Kevin.Connauton,D,0.0406,-0.0486
8482713,0.043,-0.0092,0.0522,0.068,0.0709,0.1706,-1.196,1.3666,0.022,0.0232,-0.1488,-0.1924,0.0436,0.0323,0.034,-0.2136,0.1484,-0.362,0.0088,0.0093,0.3545,-0.0816,0.4361,0.0059,0.0062,-0.0126,-0.2142,-0.2268,0.0349,0.0364,0.0504,Mackie.Samoskevich,F,0.0778,0.0102
8477073,-0.0351,-0.0201,-0.0151,0.0626,0.0645,-0.4181,0.1898,-0.6079,0.022,0.0232,0.0245,-0.561,0.5854,0.0323,0.034,-0.0371,0.1819,-0.219,0.0088,0.0093,0.5259,0.8712,-0.3453,0.0059,0.0062,-0.0981,-0.1289,-0.2271,0.0323,0.0333,0.0464,Kurtis.MacDermid,D,-0.0411,0.0319
8474037,0.0801,-0.0743,0.1544,0.0444,0.0453,-0.3045,0.0112,-0.3158,0.0218,0.023,0.1564,-1.3797,1.5361,0.0322,0.034,0.3073,0.2167,0.0906,0.0088,0.0093,-1.4918,0.2049,-1.6967,0.0059,0.0062,0.1069,-0.3342,-0.2273,0.0235,0.0241,0.0337,James.van.Riemsdyk,F,0.0918,-0.045
8480145,-0.0225,-0.2241,0.2016,0.0468,0.0469,0.0189,0.2615,-0.2426,0.0218,0.023,-0.1882,-0.4697,0.2816,0.0322,0.034,0.6472,-0.1004,0.7476,0.0088,0.0093,0.4544,0.431,0.0234,0.0059,0.0062,-0.0292,-0.1994,-0.2286,0.0247,0.0249,0.035,Neal.Pionk,D,0.0566,-0.0154
8476300,-0.0073,-0.0379,0.0305,0.0603,0.0634,-0.4126,-0.0111,-0.4015,0.0219,0.0232,-0.1347,-0.3086,0.174,0.0323,0.034,0.0503,-0.1492,0.1994,0.0088,0.0093,0.7178,0.3099,0.4079,0.0059,0.0062,-0.1209,-0.1099,-0.2307,0.0312,0.0328,0.0452,Nikita.Nesterov,D,0.0417,-0.0919
8474190,-0.0001,-0.0063,0.0062,0.0482,0.0487,-0.7493,0.4566,-1.206,0.0218,0.023,-0.158,-0.2049,0.0469,0.0322,0.034,0.1126,-0.9203,1.0329,0.0088,0.0093,0.1819,1.256,-1.0742,0.0059,0.0062,-0.1477,-0.0852,-0.2329,0.0253,0.0257,0.0361,Wayne.Simmonds,F,0.0589,-0.0107
8477941,0.0156,-0.0638,0.0794,0.0501,0.0511,-0.5882,0.026,-0.6141,0.0219,0.023,0.3279,-0.7829,1.1107,0.0322,0.034,-0.2902,-0.6359,0.3457,0.0088,0.0093,-0.9989,0.3177,-1.3166,0.0059,0.0062,0.0143,-0.2511,-0.2368,0.0262,0.0269,0.0375,Nick.Ritchie,F,0.0485,-0.0378
8477989,0.0375,-0.0423,0.0798,0.0504,0.05,0.4384,0.2082,0.2303,0.0219,0.023,-1.4294,0.4103,-1.8396,0.0322,0.034,-1.2146,1.1223,-2.3369,0.0088,0.0093,2.8565,-0.2948,3.1513,0.0059,0.0062,-0.4171,0.1795,-0.2376,0.0264,0.0263,0.0373,Christian.Dvorak,F,0.0253,-0.0097
8477450,-0.042,0.0228,-0.0648,0.052,0.0528,-0.243,-0.4389,0.1958,0.0219,0.0231,-0.2836,-0.4389,0.1552,0.0322,0.034,0.3852,-0.0345,0.4197,0.0088,0.0093,-0.2568,0.0212,-0.2781,0.0059,0.0062,-0.0865,-0.1539,-0.2404,0.0272,0.0277,0.0388,Jason.Dickinson,F,-0.0093,0.0386
8475227,-0.0251,-0.0728,0.0478,0.0567,0.0578,-0.586,0.3188,-0.9048,0.0219,0.0231,-0.0077,-0.2915,0.2838,0.0323,0.034,0.0984,-0.9831,1.0815,0.0088,0.0093,0.5534,0.3143,0.239,0.0059,0.0062,-0.1184,-0.1243,-0.2426,0.0294,0.0301,0.0421,Chris.Wideman,D,0.0609,-0.0528
8479339,-0.0707,-0.0701,-0.0007,0.0485,0.0485,-0.0033,0.5921,-0.5953,0.0218,0.023,0.2586,-0.9041,1.1628,0.0322,0.034,0.4349,-1.5797,2.0146,0.0088,0.0093,0.7238,0.772,-0.0482,0.0059,0.0062,0.0182,-0.2708,-0.2526,0.0255,0.0256,0.0361,Patrik.Laine,F,0.0753,-0.0358
8477503,0.1085,-0.0917,0.2002,0.0445,0.0445,0.2551,0.0475,0.2076,0.0218,0.0229,0.0545,-1.3035,1.3579,0.0322,0.034,0.4707,-0.5085,0.9791,0.0088,0.0093,0.4118,0.3454,0.0664,0.0059,0.0062,0.1163,-0.3698,-0.2535,0.0236,0.0237,0.0335,Max.Domi,F,0.0491,-0.0336
8481522,-0.1103,-0.0514,-0.0589,0.0608,0.0631,-0.1171,-0.4642,0.3471,0.022,0.0231,-0.4235,0.0386,-0.4621,0.0323,0.034,0.1376,-0.535,0.6726,0.0088,0.0093,0.567,-1.0652,1.6322,0.0059,0.0062,-0.1803,-0.0763,-0.2566,0.0314,0.0326,0.0453,Peyton.Krebs,F,-0.0026,-0.0292
8477987,-0.0455,-0.0909,0.0454,0.0539,0.0549,-0.107,0.0892,-0.1961,0.0219,0.0231,-0.4521,-0.4538,0.0017,0.0323,0.034,0.9363,-0.5239,1.4602,0.0088,0.0093,0.0283,0.3493,-0.321,0.0059,0.0062,-0.0832,-0.1773,-0.2605,0.0281,0.0287,0.0401,Ryan.Donato,F,0.0686,-0.0303
8476441,-0.1958,0.0337,-0.2295,0.0435,0.0442,-0.2978,0.0868,-0.3846,0.0218,0.0229,-0.9669,0.491,-1.4578,0.0322,0.034,0.0446,0.275,-0.2304,0.0088,0.0093,1.4198,0.2448,1.175,0.0059,0.0062,-0.4094,0.1446,-0.2648,0.0231,0.0236,0.033,Joel.Edmundson,D,0.0326,0.0076
8479425,0.0182,-0.1246,0.1428,0.0501,0.0502,-0.0624,-0.08,0.0176,0.0219,0.023,-0.585,-0.3263,-0.2586,0.0322,0.034,-0.8294,0.9288,-1.7582,0.0088,0.0093,0.688,-0.7127,1.4007,0.0059,0.0062,-0.2062,-0.0619,-0.2681,0.0262,0.0264,0.0372,Filip.Hronek,D,0.0553,-0.0684
8481068,0.0569,-0.1174,0.1743,0.0554,0.0583,0.1611,-0.4243,0.5854,0.0219,0.0231,-0.3651,-0.41,0.0448,0.0323,0.034,0.0101,-0.3355,0.3456,0.0088,0.0093,-0.1017,0.3398,-0.4415,0.0059,0.0062,-0.023,-0.2463,-0.2693,0.0288,0.0303,0.0418,Yegor.Sharangovich,F,0.0458,-0.0177
8476869,-0.0434,-0.0228,-0.0206,0.0406,0.0419,-0.2136,0.0403,-0.2539,0.0217,0.0229,0.1385,-1.1675,1.306,0.0322,0.034,-0.0714,0.5214,-0.5928,0.0088,0.0093,0.2027,0.2191,-0.0164,0.0059,0.0062,-0.0357,-0.2397,-0.2753,0.0218,0.0225,0.0313,Brady.Skjei,D,0.0526,-0.0205
8478508,0.1239,-0.0688,0.1926,0.0566,0.0578,-0.336,-0.0423,-0.2937,0.0219,0.0231,-0.2972,-0.5882,0.291,0.0323,0.034,-0.2203,-0.121,-0.0993,0.0088,0.0093,0.2928,0.4823,-0.1895,0.0059,0.0062,-0.0788,-0.1967,-0.2755,0.0294,0.0301,0.042,Yakov.Trenin,F,0.0228,0.0416
8475166,-0.0379,0.0688,-0.1067,0.0389,0.0406,0.0808,-0.0531,0.134,0.0217,0.0229,-0.4917,-0.728,0.2363,0.0322,0.034,0.2971,-0.5452,0.8422,0.0088,0.0093,0.2976,0.0114,0.2862,0.0059,0.0062,-0.1091,-0.1669,-0.276,0.021,0.0219,0.0303,John.Tavares,F,0.1171,-0.0076
8475790,-0.0757,-0.0875,0.0118,0.0451,0.045,-0.6919,0.4784,-1.1703,0.0218,0.023,0.2364,-1.005,1.2414,0.0322,0.034,0.2486,0.1185,0.1301,0.0088,0.0093,-0.9071,1.4983,-2.4054,0.0059,0.0062,-0.0384,-0.2459,-0.2843,0.0239,0.024,0.0338,Erik.Gudbranson,D,0.0246,-0.0254
8480871,0.0552,-0.1512,0.2065,0.0598,0.061,-0.2726,0.1991,-0.4717,0.0219,0.0231,0.356,-1.0606,1.4166,0.0323,0.034,-0.0327,-0.1554,0.1227,0.0088,0.0093,0.1947,1.3928,-1.1981,0.0059,0.0062,0.0553,-0.3441,-0.2888,0.0309,0.0316,0.0442,Adam.Boqvist,D,0.0453,-0.0713
8477952,0.0355,-0.0711,0.1066,0.055,0.0554,0.0594,-0.1916,0.251,0.0219,0.0231,0.1982,-0.9621,1.1603,0.0323,0.034,-0.5814,-0.1969,-0.3845,0.0088,0.0093,0.2521,0.8048,-0.5527,0.0059,0.0062,0.0253,-0.32,-0.2947,0.0286,0.0289,0.0407,Robby.Fabbri,F,0.03,-0.0523
8471707,-0.1137,0.0451,-0.1588,0.0471,0.0493,-0.5172,0.1547,-0.6719,0.0218,0.023,-0.7015,-0.2165,-0.485,0.0322,0.034,0.4247,-0.6575,1.0822,0.0088,0.0093,0.4602,-0.6404,1.1006,0.0059,0.0062,-0.2817,-0.0157,-0.2974,0.0248,0.026,0.0359,James.Neal,F,0.0799,-0.0278
8478874,-0.0723,-0.0655,-0.0067,0.0601,0.0611,-0.2003,0.0147,-0.215,0.0219,0.0231,-0.323,-0.373,0.05,0.0323,0.034,-0.4631,0.3761,-0.8392,0.0088,0.0093,1.2237,-0.1186,1.3423,0.0059,0.0062,-0.214,-0.0853,-0.2993,0.0311,0.0316,0.0443,Adam.Gaudette,F,0.0363,-0.0458
8480196,-0.0067,-0.0544,0.0477,0.0597,0.0614,-0.6938,-0.3522,-0.3416,0.0219,0.0231,0.0684,-0.6298,0.6982,0.0323,0.034,0.7289,-0.1424,0.8713,0.0088,0.0093,-0.2938,0.9332,-1.2271,0.0059,0.0062,-0.0369,-0.2645,-0.3013,0.0309,0.0318,0.0443,Jacob.Bryson,D,0.0068,-0.0265
8476851,0.002,-0.0722,0.0741,0.0485,0.049,-0.3637,0.1128,-0.4766,0.0218,0.023,-0.0086,-0.8074,0.7987,0.0322,0.034,0.2872,-0.0936,0.3808,0.0088,0.0093,1.051,0.4977,0.5533,0.0059,0.0062,-0.0803,-0.2223,-0.3026,0.0255,0.0259,0.0363,Alex.Galchenyuk,F,0.0611,-0.0309
8476470,-0.0509,-0.0801,0.0292,0.0502,0.0504,-0.2969,0.0011,-0.298,0.0219,0.023,0.3014,-1.3321,1.6335,0.0322,0.034,0.1431,1.2098,-1.0667,0.0088,0.0093,0.753,0.4569,0.2961,0.0059,0.0062,-0.0252,-0.2786,-0.3038,0.0263,0.0265,0.0373,Nathan.Beaulieu,D,0.0322,-0.0142
8476960,0.0506,-0.1235,0.1741,0.0513,0.0514,-0.4744,0.3598,-0.8341,0.0219,0.023,-0.0094,-1.056,1.0467,0.0322,0.034,1.0573,-0.4067,1.464,0.0088,0.0093,0.1172,1.487,-1.3698,0.0059,0.0062,0.0108,-0.324,-0.3132,0.0268,0.027,0.0381,Andreas.Athanasiou,F,0.0614,-0.0318
8475793,0.0316,-0.1266,0.1582,0.043,0.0447,-0.6314,0.3893,-1.0207,0.0218,0.0229,0.4103,-0.9973,1.4075,0.0322,0.034,0.0411,-1.1678,1.209,0.0088,0.0093,0.0436,0.7816,-0.738,0.0059,0.0062,0.0121,-0.3256,-0.3136,0.0229,0.0238,0.033,Ryan.Johansen,F,0.0393,-0.0166
8478495,-0.1034,0.0064,-0.1099,0.057,0.0583,-0.7057,1.0059,-1.7116,0.0219,0.0231,-0.4055,-0.4883,0.0828,0.0323,0.034,-0.843,-0.074,-0.7691,0.0088,0.0093,0.6589,0.9133,-0.2544,0.0059,0.0062,-0.3237,0.0057,-0.318,0.0296,0.0303,0.0423,Denis.Gurianov,F,0.0378,-0.0164
8470604,0.0707,-0.0258,0.0965,0.046,0.0477,-0.7865,0.1347,-0.9212,0.0218,0.023,1.13,-2.0532,3.1832,0.0322,0.034,0.166,-0.0297,0.1957,0.0088,0.0093,-0.3254,1.6214,-1.9468,0.0059,0.0062,0.189,-0.511,-0.3221,0.0243,0.0252,0.035,Jeff.Carter,F,0.0896,-0.0138
8479316,-0.0025,-0.0341,0.0316,0.056,0.0561,0.2634,0.0092,0.2542,0.0219,0.0231,-0.0351,-1.0885,1.0534,0.0323,0.034,-0.5526,-0.1578,-0.3949,0.0088,0.0093,0.1318,1.405,-1.2732,0.0059,0.0062,-0.0079,-0.3208,-0.3287,0.0291,0.0292,0.0412,Luke.Kunin,F,0.0251,-0.0012
8475906,0.115,-0.1674,0.2824,0.0383,0.0394,-0.263,0.2947,-0.5577,0.0217,0.0228,-0.1802,-1.0069,0.8267,0.0322,0.0339,-0.443,-0.0809,-0.3621,0.0088,0.0093,0.2484,0.1257,0.1226,0.0059,0.0062,-0.0581,-0.2709,-0.329,0.0207,0.0213,0.0297,John.Klingberg,D,0.0656,-0.0361
8475235,-0.1239,0.0886,-0.2125,0.0535,0.0519,-1.0741,0.2356,-1.3097,0.0219,0.0231,-0.5353,-0.4212,-0.1141,0.0323,0.034,0.2082,0.5167,-0.3085,0.0088,0.0093,-0.5176,1.0177,-1.5354,0.0059,0.0062,-0.3076,-0.0227,-0.3304,0.0279,0.0272,0.039,Nicolas.Deslauriers,F,-0.0013,-0.0304
8476853,0.0749,-0.1565,0.2314,0.0377,0.0387,-0.2816,0.0482,-0.3298,0.0217,0.0228,-0.0955,-1.0088,0.9133,0.0322,0.0339,-0.1339,0.1073,-0.2412,0.0088,0.0093,0.0736,0.3426,-0.269,0.0059,0.0062,-0.0368,-0.3002,-0.337,0.0204,0.021,0.0293,Morgan.Rielly,D,0.0724,-0.0172
8479368,-0.013,-0.049,0.036,0.0615,0.0622,-1.2247,0.1967,-1.4214,0.022,0.0231,-0.1166,-0.476,0.3594,0.0323,0.034,0.2925,-0.6387,0.9312,0.0088,0.0093,-0.0423,0.4627,-0.505,0.0059,0.0062,-0.1966,-0.1565,-0.3532,0.0317,0.0322,0.0452,Max.Jones,F,0.0283,-0.0387
8474564,0.0238,-0.0376,0.0613,0.0431,0.0447,0.1428,0.1152,0.0276,0.0218,0.0229,-0.6746,-0.784,0.1093,0.0322,0.034,0.2381,-0.8366,1.0747,0.0088,0.0093,0.0773,0.947,-0.8697,0.0059,0.0062,-0.1039,-0.2621,-0.366,0.0229,0.0238,0.0331,Steven.Stamkos,F,0.1036,-0.0299
8479442,-0.0855,-0.0425,-0.043,0.047,0.0469,-0.2423,-0.088,-0.1543,0.0218,0.023,0.252,-1.382,1.634,0.0322,0.034,0.0236,0.372,-0.3484,0.0088,0.0093,-0.0092,0.7305,-0.7397,0.0059,0.0062,-0.0219,-0.3454,-0.3673,0.0248,0.0249,0.0351,Troy.Stecher,D,0.033,-0.02
8471677,-0.1424,-0.0506,-0.0919,0.0435,0.0429,-1.0142,0.7553,-1.7695,0.0218,0.0229,0.3061,-1.613,1.9191,0.0322,0.034,2.0195,-0.1938,2.2133,0.0088,0.0093,-0.623,1.989,-2.6121,0.0059,0.0062,-0.0099,-0.3581,-0.368,0.0231,0.023,0.0326,Jack.Johnson,D,0.0301,-0.0332
8476822,-0.0615,-0.0424,-0.0191,0.0494,0.0477,-0.415,0.19,-0.605,0.0219,0.023,-0.5415,-0.2928,-0.2488,0.0322,0.034,-1.1099,0.3613,-1.4712,0.0088,0.0093,0.0326,1.5132,-1.4806,0.0059,0.0062,-0.28,-0.096,-0.376,0.0259,0.0252,0.0362,Luke.Glendening,F,-0.0128,0.0204
8476329,-0.001,-0.0968,0.0958,0.0591,0.0591,0.0864,0.042,0.0444,0.0219,0.0231,-0.5545,-0.6082,0.0537,0.0323,0.034,0.7173,-0.7478,1.4651,0.0088,0.0093,0.8052,1.4938,-0.6886,0.0059,0.0062,-0.0987,-0.2805,-0.3792,0.0306,0.0307,0.0433,Travis.Boyd,F,0.0062,-0.0247
8473548,-0.0173,-0.1156,0.0983,0.0426,0.0428,-0.3825,0.2326,-0.6151,0.0218,0.0229,0.6074,-1.8425,2.4499,0.0322,0.034,0.6185,-0.0562,0.6747,0.0088,0.0093,0.1931,1.3611,-1.168,0.0059,0.0062,0.097,-0.4861,-0.3891,0.0227,0.0229,0.0323,Phil.Kessel,F,0.0917,-0.0599
8471215,0.1607,-0.1123,0.273,0.0423,0.045,0.1749,-0.2343,0.4091,0.0218,0.023,-0.905,-0.7609,-0.1442,0.0322,0.034,0.6563,-0.6834,1.3397,0.0088,0.0093,0.7847,0.1377,0.6469,0.0059,0.0062,-0.0845,-0.3052,-0.3897,0.0226,0.024,0.0329,Evgeni.Malkin,F,0.1131,-0.0057
8476919,-0.0853,-0.0302,-0.0551,0.0471,0.0471,-0.4349,0.0627,-0.4977,0.0218,0.023,-0.4597,-0.7245,0.2648,0.0322,0.034,0.7282,-0.3506,1.0788,0.0088,0.0093,1.2185,0.0999,1.1186,0.0059,0.0062,-0.2141,-0.1901,-0.4042,0.0248,0.025,0.0352,Chris.Tierney,F,0.0029,0.0147
8473573,-0.0211,-0.046,0.0249,0.0519,0.0527,-0.4614,0.1567,-0.6181,0.0219,0.0231,-0.1488,-0.9424,0.7936,0.0322,0.034,-0.4273,-0.2715,-0.1558,0.0088,0.0093,0.4543,0.6745,-0.2201,0.0059,0.0062,-0.1563,-0.2501,-0.4064,0.0271,0.0276,0.0387,Artem.Anisimov,F,0.0384,-0.0127
8476473,-0.1654,0.0454,-0.2109,0.0428,0.042,-0.1195,0.1094,-0.2289,0.0218,0.0229,-0.9681,-0.5866,-0.3815,0.0322,0.034,0.6714,0.0239,0.6475,0.0088,0.0093,0.1204,1.0078,-0.8874,0.0059,0.0062,-0.2781,-0.1288,-0.407,0.0228,0.0226,0.0321,Connor.Murphy,D,0.0252,0.0502
8477384,0.0095,-0.0644,0.0739,0.0603,0.0606,-0.2607,0.1381,-0.3988,0.0219,0.0231,-0.349,-0.8116,0.4626,0.0323,0.034,0.455,-0.0451,0.5001,0.0088,0.0093,0.8083,2.4903,-1.682,0.0059,0.0062,-0.1162,-0.2924,-0.4085,0.0312,0.0314,0.0442,Josh.Brown,D,0.0161,0.015
8474161,0.0673,-0.1116,0.1789,0.0451,0.0461,-0.0421,0.2942,-0.3363,0.0218,0.023,0.2575,-1.8,2.0575,0.0322,0.034,0.12,-1.0427,1.1627,0.0088,0.0093,0.1214,0.9385,-0.8171,0.0059,0.0062,0.0863,-0.5078,-0.4214,0.0239,0.0245,0.0342,Jakub.Voracek,F,0.0701,-0.0335
8474068,-0.0868,-0.0074,-0.0795,0.048,0.0493,-0.4154,-0.1723,-0.2431,0.0218,0.023,-0.2056,-0.9445,0.7389,0.0322,0.034,0.3094,-0.682,0.9914,0.0088,0.0093,0.2659,0.6677,-0.4018,0.0059,0.0062,-0.143,-0.305,-0.448,0.0252,0.026,0.0362,Kyle.Turris,F,0.0343,-0.0351
8470318,-0.0463,-0.1044,0.0581,0.0525,0.0531,-0.3685,0.1171,-0.4856,0.0219,0.0231,-0.1492,-1.1545,1.0053,0.0322,0.034,-0.0042,0.5062,-0.5105,0.0088,0.0093,1.2586,0.8046,0.454,0.0059,0.0062,-0.1618,-0.2904,-0.4523,0.0274,0.0278,0.039,Jonathan.Ericsson,D,0.0175,-0.0831
8475179,-0.1014,-0.0954,-0.006,0.0447,0.0451,-0.3929,0.3104,-0.7033,0.0218,0.023,0.1056,-1.457,1.5627,0.0322,0.034,0.2787,-0.677,0.9557,0.0088,0.0093,-0.5898,1.279,-1.8688,0.0059,0.0062,-0.0461,-0.4135,-0.4595,0.0237,0.024,0.0337,Dmitry.Kulikov,D,0.0242,-0.0253
8475744,-0.0556,-0.2261,0.1705,0.0425,0.0431,-0.4145,0.7149,-1.1294,0.0218,0.0229,-0.7357,-0.5194,-0.2163,0.0322,0.034,1.6303,-1.5705,3.2009,0.0088,0.0093,1.3165,1.3254,-0.0088,0.0059,0.0062,-0.2067,-0.2673,-0.474,0.0226,0.0231,0.0323,Evgeny.Kuznetsov,F,0.0568,-0.0521
8474612,-0.0479,-0.0975,0.0496,0.0421,0.043,-0.4417,0.4489,-0.8906,0.0217,0.0229,-0.7195,-0.9043,0.1848,0.0322,0.034,0.688,0.107,0.5811,0.0088,0.0093,0.2959,2.116,-1.82,0.0059,0.0062,-0.2191,-0.2586,-0.4776,0.0225,0.023,0.0322,Travis.Hamonic,D,0.0385,0.049
8479458,-0.0398,0.0264,-0.0661,0.0461,0.0459,-0.7235,0.5238,-1.2473,0.0218,0.023,-1.095,-1.1674,0.0724,0.0322,0.034,0.8959,0.9044,-0.0084,0.0088,0.0093,0.5678,1.2819,-0.7141,0.0059,0.0062,-0.3383,-0.1621,-0.5004,0.0243,0.0244,0.0345,Nikita.Zaitsev,D,0.0157,0.0228
8473604,-0.0039,-0.115,0.1111,0.043,0.0441,0.2969,-0.683,0.9799,0.0218,0.0229,-0.7803,-0.858,0.0778,0.0322,0.034,0.0556,-0.6032,0.6588,0.0088,0.0093,-0.0356,-0.0725,0.0368,0.0059,0.0062,-0.1243,-0.382,-0.5063,0.0229,0.0235,0.0328,Jonathan.Toews,F,0.0637,-0.0032
8477496,-0.1503,0.027,-0.1773,0.0411,0.0434,-0.1631,-0.0717,-0.0914,0.0217,0.0229,-1.6084,-0.2165,-1.392,0.0322,0.034,0.1965,-0.1035,0.3,0.0088,0.0093,0.2354,0.1229,0.1125,0.0059,0.0062,-0.4511,-0.056,-0.5071,0.022,0.0232,0.032,Elias.Lindholm,F,0.0496,0.0058
8471735,-0.0829,-0.153,0.0701,0.0429,0.0437,-0.5753,-0.064,-0.5113,0.0218,0.0229,0.5123,-1.8317,2.344,0.0322,0.034,0.5165,-0.4697,0.9862,0.0088,0.0093,0.5538,0.7509,-0.1971,0.0059,0.0062,-0.0062,-0.5473,-0.5535,0.0228,0.0234,0.0327,Keith.Yandle,D,0.0805,-0.0774
8475178,-0.0929,-0.1165,0.0236,0.0503,0.0508,-0.6305,0.0993,-0.7298,0.0219,0.023,-0.5557,-1.1592,0.6035,0.0322,0.034,0.7019,0.059,0.6429,0.0088,0.0093,1.4513,-0.4756,1.9269,0.0059,0.0062,-0.2792,-0.2758,-0.555,0.0263,0.0267,0.0375,Zack.Kassian,F,0.0075,-0.0645
8473473,-0.1134,0.006,-0.1193,0.0437,0.0457,-0.4228,-0.0494,-0.3734,0.0218,0.023,-0.6771,-0.9416,0.2645,0.0322,0.034,-0.0644,-0.954,0.8897,0.0088,0.0093,-0.4731,1.2154,-1.6885,0.0059,0.0062,-0.254,-0.3174,-0.5714,0.0232,0.0243,0.0336,Milan.Lucic,F,0.0319,-0.0199
8471817,-0.0456,0.0021,-0.0477,0.0505,0.0507,-0.504,-0.097,-0.407,0.0219,0.023,-0.7094,-1.5424,0.833,0.0322,0.034,0.2978,0.1916,0.1061,0.0088,0.0093,1.0222,1.2068,-0.1846,0.0059,0.0062,-0.2775,-0.3896,-0.6671,0.0264,0.0267,0.0375,Ryan.Reaves,F,-0.016,-0.0151
