player_id,player_name,position,season,GP,WAR,WAR_82,goals,points,EV_O_GAR,EV_D_GAR,PP_GAR,PK_GAR,PEN_GAR,cap_hit,actual_cap_pct,salary_cap,pred_cap_pct,pred_market_value,surplus_pct,surplus_value,contract_type,sign_status
8476979,Erik Gustafsson,D,2018,79,0.27,0.28,5.0,16.0,10.39,-5.41,1.18,0.0,-1.03,1200000.0,1.509433962264151,79500000,6.508257128870666,5174064.41745218,4.998823166606515,3974064.4174521794,STD,RFA
8475204,Brandon Pirri,C,2018,31,0.11,0.29,3.0,3.0,7.31,0.7,0.35,0.0,0.76,650000.0,0.8176100628930818,79500000,4.068604775323756,3234540.796382386,3.250994712430674,2584540.7963823862,STD,UFA
8473415,Alex Biega,D,2018,41,0.11,0.22,1.0,9.0,-1.53,1.07,0.35,-0.01,-0.72,825000.0,1.0377358490566038,79500000,3.4148345127832407,2714793.4376626764,2.377098663726637,1889793.4376626764,STD,UFA
8477479,Tyler Bertuzzi,LW,2018,73,0.03,0.03,7.0,24.0,7.49,-4.75,-0.24,0.0,0.39,1400000.0,1.7610062893081762,79500000,4.062431417940971,3229632.977263072,2.3014251286327947,1829632.9772630718,STD,RFA
8476617,Tomas Hyka,RW,2018,17,0.06,0.29,1.0,3.0,0.87,0.18,0.07,0.0,0.21,650000.0,0.8176100628930818,79500000,2.856826880857268,2271177.3702815278,2.039216817964186,1621177.3702815278,STD,RFA
8476410,Josh Leivo,LW,2018,76,0.13,0.14,1.0,4.0,1.75,2.25,-0.42,0.0,0.54,925000.0,1.1635220125786163,79500000,3.071799617969438,2442080.696285703,1.9082776053908215,1517080.696285703,STD,RFA
8476891,Matt Grzelcyk,D,2018,66,0.17,0.21,3.0,15.0,-1.15,4.93,0.3,0.03,-1.98,1400000.0,1.7610062893081762,79500000,3.577330250934713,2843977.549493097,1.8163239616265368,1443977.5494930965,STD,RFA
8475175,Magnus Paajarvi,LW,2018,80,0.16,0.16,8.0,12.0,-2.88,1.88,-0.06,0.01,0.54,900000.0,1.1320754716981132,79500000,2.7719826515321966,2203726.2079680962,1.6399071798340834,1303726.2079680965,STD,UFA
8476994,Vinnie Hinostroza,RW,2018,72,0.08,0.09,7.0,25.0,2.09,0.5,-0.19,0.01,1.39,1500000.0,1.8867924528301887,79500000,3.4263569568246055,2723953.780675561,1.5395645039944168,1223953.7806755614,STD,RFA
8476884,Derrick Pouliot,D,2018,62,0.06,0.08,3.0,22.0,-0.32,-3.69,-1.15,0.0,-1.67,1100000.0,1.3836477987421385,79500000,2.899723809456134,2305280.4285176266,1.5160760107139954,1205280.4285176264,STD,RFA
8477503,Max Domi,C,2018,82,-0.13,-0.13,9.0,45.0,20.02,-3.45,-1.1,0.01,-0.25,3150000.0,3.9622641509433962,79500000,5.19140140826155,4127164.119567932,1.2291372573181536,977164.1195679321,STD,RFA
8478366,Frank Vatrano,C,2018,81,0.02,0.02,7.0,10.0,0.25,1.72,0.07,0.0,0.05,925000.0,1.1635220125786163,79500000,2.3135660558716253,1839285.0144179421,1.150044043293009,914285.0144179421,STD,RFA
8475762,Derek Forbort,D,2018,81,-0.22,-0.22,1.0,18.0,-4.89,1.93,-0.06,0.03,-1.56,2525000.0,3.1761006289308176,79500000,4.280388832070493,3402909.121496042,1.1042882031396752,877909.1214960418,STD,RFA
8476941,Connor Carrick,D,2018,33,0.07,0.17,4.0,12.0,0.23,0.08,-0.49,0.01,-0.57,1300000.0,1.6352201257861636,79500000,2.71349387780894,2157227.6328581073,1.0782737520227763,857227.6328581071,STD,RFA
8474717,Mark Barberio,D,2018,12,0.08,0.55,2.0,12.0,-1.3,-0.06,-0.0,0.05,0.03,1450000.0,1.8238993710691824,79500000,2.8892961731779945,2296990.4576765057,1.065396802108812,846990.4576765056,STD,UFA
8475188,Brayden McNabb,D,2018,81,0.31,0.31,5.0,15.0,16.06,-0.83,-0.06,-0.11,-3.28,2500000.0,3.1446540880503147,79500000,4.202727593477645,3341168.436814728,1.0580735054273305,841168.4368147277,STD,UFA
8468674,Deryk Engelland,D,2018,74,0.28,0.31,5.0,23.0,8.36,-2.91,-0.08,-0.11,-0.75,2500000.0,3.1446540880503147,79500000,4.184460312425614,3326645.948378363,1.0398062243752992,826645.9483783629,STD,UFA
8475750,Jon Merrill,D,2018,57,0.08,0.12,1.0,3.0,9.83,4.44,-0.14,0.02,-2.36,1375000.0,1.729559748427673,79500000,2.76016707996299,2194332.828570577,1.030607331535317,819332.828570577,STD,RFA
8476465,Ryan Murphy,D,2018,3,0.0,0.0,2.0,5.0,-0.29,-0.2,0.36,-0.0,0.01,650000.0,0.8176100628930818,79500000,1.7621587778224708,1400916.2283688644,0.944548714929389,750916.2283688643,STD,RFA
8474697,Mark Borowiecki,D,2018,53,0.12,0.19,3.0,11.0,-1.14,-1.91,-0.02,-0.04,-2.23,1200000.0,1.509433962264151,79500000,2.38031455718618,1892350.0729630133,0.8708805949220291,692350.0729630131,STD,UFA
8474098,Colton Sceviour,C,2018,59,0.2,0.28,11.0,24.0,-3.94,2.44,-0.05,0.07,1.32,1200000.0,1.509433962264151,79500000,2.375950398569108,1888880.5668624407,0.8665164363049569,688880.5668624408,STD,UFA
8478866,Dominik Simon,C,2018,71,0.04,0.05,4.0,12.0,-0.43,2.9,-0.54,0.0,1.02,750000.0,0.9433962264150944,79500000,1.8094044452421016,1438476.533967471,0.8660082188270073,688476.5339674708,STD,RFA
8474131,Mario Kempe,C,2018,52,0.06,0.09,2.0,4.0,-1.68,0.88,0.01,0.0,0.45,700000.0,0.8805031446540881,79500000,1.7408443790396895,1383971.2813365532,0.8603412343856014,683971.2813365532,STD,UFA
8475246,Kevin Connauton,D,2018,50,-0.11,-0.18,11.0,21.0,-3.38,-0.53,-0.09,0.05,-0.34,1375000.0,1.729559748427673,79500000,2.5735115266115116,2045941.6636561516,0.8439517781838386,670941.6636561517,STD,UFA
8476476,Joe Morrow,D,2018,41,0.09,0.18,6.0,16.0,-0.69,-1.63,-0.02,0.0,-0.57,1000000.0,1.257861635220126,79500000,2.076643771494787,1650931.7983383557,0.818782136274661,650931.7983383555,STD,RFA
8480147,Oscar Fantenberg,D,2018,61,0.13,0.17,2.0,9.0,-5.4,2.76,-0.25,-0.01,-0.16,650000.0,0.8176100628930818,79500000,1.5750730747226562,1252183.0944045119,0.7574630118295744,602183.0944045117,STD,RFA
8477433,Ben Harpur,D,2018,51,0.11,0.18,0.0,1.0,-6.17,-3.41,-0.02,-0.02,-0.34,725000.0,0.9119496855345912,79500000,1.5690831524159758,1247421.1061707009,0.6571334668813846,522421.10617070075,STD,RFA
8475227,Chris Wideman,D,2018,25,-0.04,-0.13,3.0,8.0,-0.32,-0.71,-0.78,0.0,-1.13,1000000.0,1.257861635220126,79500000,1.8417967376278241,1464228.4064141202,0.5839351024076982,464228.4064141201,STD,UFA
8477458,Valentin Zykov,LW,2018,28,0.04,0.12,3.0,7.0,0.29,0.09,-0.09,0.0,0.22,675000.0,0.8490566037735849,79500000,1.396187499911015,1109969.062429257,0.5471308961374302,434969.06242925697,STD,RFA
8479268,Casey Nelson,D,2018,38,0.09,0.19,3.0,8.0,-0.67,-0.2,-0.01,0.0,-0.4,812500.0,1.022012578616352,79500000,1.5461355176844869,1229177.736559167,0.5241229390681348,416677.73655916716,STD,RFA
8476427,Ty Rattie,RW,2018,50,0.04,0.07,5.0,9.0,-4.59,-0.37,-0.11,0.0,1.12,800000.0,1.0062893081761006,79500000,1.4972210705047484,1190290.751051275,0.49093176232864777,390290.751051275,STD,RFA
8474774,Dalton Prout,D,2018,20,0.03,0.12,0.0,0.0,1.22,0.11,-0.0,-0.02,-0.29,800000.0,1.0062893081761006,79500000,1.473284201329795,1171260.940057187,0.46699489315369447,371260.9400571871,STD,UFA
8476429,Scott Mayfield,D,2018,79,-0.07,-0.07,2.0,12.0,-4.02,2.98,-0.04,-0.01,-0.41,1450000.0,1.8238993710691824,79500000,2.266626962096119,1801968.4348664144,0.4427275910269364,351968.4348664144,STD,RFA
8474715,Cam Atkinson,RW,2018,80,0.26,0.27,24.0,46.0,25.92,-1.72,-0.71,0.1,0.11,5875000.0,7.3899371069182385,79500000,7.815877757483717,6213622.817199555,0.4259406505654786,338622.81719955546,STD,UFA
8475772,Riley Sheahan,C,2018,82,0.27,0.27,11.0,32.0,-4.25,-0.36,-0.07,-0.02,1.39,2100000.0,2.6415094339622645,79500000,3.0602295161740276,2432882.465358352,0.41872008221176316,332882.4653583517,STD,UFA
8475868,Anthony Bitetto,D,2018,36,0.05,0.11,1.0,3.0,-1.34,-0.86,-0.02,-0.0,-0.43,650000.0,0.8176100628930818,79500000,1.2255282534587248,974294.9614996862,0.40791819056564305,324294.96149968624,STD,UFA
8477085,Ashton Sautner,D,2018,17,0.04,0.19,0.0,2.0,-2.82,0.91,-0.01,0.0,0.05,675000.0,0.8490566037735849,79500000,1.2340354559012017,981058.1874414553,0.38497885212761673,306058.1874414553,STD,RFA
8474189,Lars Eller,C,2018,81,0.35,0.35,18.0,38.0,-0.61,-2.97,-1.42,0.26,0.59,3500000.0,4.40251572327044,79500000,4.786952851488438,3805627.516933308,0.38443712821799814,305627.5169333085,STD,UFA
8474573,Josh Bailey,RW,2018,82,0.4,0.4,18.0,71.0,7.16,-1.75,-0.61,0.0,-0.26,5000000.0,6.289308176100629,79500000,6.6727284436639085,5304819.112712807,0.3834202675632792,304819.11271280696,STD,UFA
8477520,Jean Sebastien Dea,C,2018,23,0.02,0.07,1.0,1.0,1.49,0.47,-0.11,0.0,-0.13,650000.0,0.8176100628930818,79500000,1.1994454199889315,953559.1088912005,0.3818353570958497,303559.1088912005,STD,RFA
8471887,Patric Hornqvist,RW,2018,69,0.55,0.65,29.0,49.0,1.92,-0.18,0.33,0.0,1.39,5300000.0,6.666666666666667,79500000,6.991850896644236,5558521.462832168,0.3251842299775687,258521.4628321671,STD,UFA
8477502,Samuel Morin,D,2018,5,0.01,0.16,0.0,0.0,-0.48,-0.36,-0.0,0.0,-0.33,700000.0,0.8805031446540881,79500000,1.1992502802222997,953403.9727767282,0.31874713556821166,253403.97277672825,STD,RFA
8476440,Markus Granlund,C,2018,77,-0.12,-0.13,8.0,12.0,-6.79,0.89,-1.26,-0.17,0.21,1475000.0,1.8553459119496856,79500000,2.1488184865697875,1708310.6968229811,0.2934725746201019,233310.696822981,STD,RFA
8478567,Dean Kukan,D,2018,25,0.06,0.2,0.0,4.0,1.51,0.74,-0.01,0.0,-0.28,725000.0,0.9119496855345912,79500000,1.1858519507921645,942752.3008797708,0.27390226525757333,217752.3008797708,STD,RFA
8474134,Yannick Weber,D,2018,62,0.09,0.12,2.0,5.0,2.22,1.42,-0.07,-0.0,-1.05,675000.0,0.8490566037735849,79500000,1.1112813737860492,883468.6921599092,0.26222477001246425,208468.6921599091,STD,UFA
8476858,Phillip Di Giuseppe,LW,2018,24,0.0,0.0,5.0,13.0,-0.45,0.1,-0.15,0.0,-0.3,750000.0,0.9433962264150944,79500000,1.0946949743175072,870282.5045824181,0.15129874790241282,120282.5045824182,STD,RFA
8478466,Daniel Sprong,RW,2018,63,0.03,0.04,2.0,3.0,5.04,-0.59,-0.24,-0.0,0.65,750000.0,0.9433962264150944,79500000,1.0866074209628565,863852.8996654708,0.1432111945477621,113852.89966547086,STD,RFA
8474590,John Carlson,D,2018,80,1.19,1.22,15.0,68.0,6.77,-5.55,2.74,-0.01,-0.48,8000000.0,10.062893081761008,79500000,10.187008127683734,8098671.461508569,0.12411504592272671,98671.46150856772,STD,UFA
8476415,Kyle Rau,C,2018,6,0.0,0.0,0.0,1.0,-0.1,0.31,-0.0,0.0,0.01,700000.0,0.8805031446540881,79500000,0.9811042261458809,779977.8597859753,0.10060108149179281,79977.85978597529,STD,UFA
8476423,Reid Boucher,RW,2018,1,0.0,0.0,3.0,5.0,-0.04,-0.03,-0.0,0.0,0.0,725000.0,0.9119496855345912,79500000,0.9765797784763262,776380.9238886792,0.06463009294173494,51380.92388867928,STD,RFA
8479482,Michal Kempny,D,2018,71,0.05,0.06,3.0,10.0,7.69,1.96,-0.02,-0.01,-2.47,2500000.0,3.1446540880503147,79500000,3.1987166361575596,2542979.72574526,0.05406254810724498,42979.725745259755,STD,UFA
8479465,Drake Caggiula,LW,2018,55,0.08,0.12,13.0,20.0,2.15,-2.56,-0.35,-0.0,1.0,1500000.0,1.8867924528301887,79500000,1.938530877524462,1541132.0476319476,0.051738424694273366,41132.04763194733,STD,RFA
8476539,Jonathan Marchessault,LW,2018,82,0.45,0.45,27.0,75.0,8.62,-2.68,0.27,0.0,-0.07,5000000.0,6.289308176100629,79500000,6.208310528124164,4935606.86985871,-0.08099764797646536,-64393.13014128996,STD,UFA
8476312,Josh Manson,D,2018,72,0.44,0.5,7.0,37.0,3.52,0.8,-0.13,0.08,-2.94,4100000.0,5.157232704402516,79500000,5.071873042098796,4032139.0684685423,-0.08535966230372072,-67860.93153145797,STD,RFA
8469459,Mikko Koivu,C,2018,48,0.08,0.14,14.0,45.0,-1.28,2.47,1.19,-0.05,-0.86,5500000.0,6.918238993710692,79500000,6.74277715387897,5360507.837333782,-0.1754618398317218,-139492.16266621885,STD,UFA
8478561,Andreas Martinsen,LW,2018,24,0.01,0.03,1.0,1.0,-1.55,-0.54,-0.01,0.0,-0.3,650000.0,0.8176100628930818,79500000,0.6316985538003994,502200.3502713176,-0.1859115090926824,-147799.6497286825,STD,UFA
8475235,Nicolas Deslauriers,LW,2018,48,0.0,0.0,10.0,14.0,-7.81,1.84,-0.03,-0.0,-0.59,950000.0,1.1949685534591197,79500000,0.9832561560179691,781688.6440342854,-0.21171239744115056,-168311.3559657147,STD,UFA
8476953,Trevor Carrick,D,2018,1,0.0,0.0,0.0,0.0,-0.24,0.06,-0.0,0.0,0.0,700000.0,0.8805031446540881,79500000,0.6388143761583382,507857.4290458789,-0.24168876849574983,-192142.5709541211,STD,RFA
8477009,Jake Dotchin,D,2018,20,0.03,0.12,3.0,11.0,-1.0,-0.7,-0.0,0.0,-0.81,812500.0,1.022012578616352,79500000,0.7730414526632536,614567.9548672867,-0.24897112595309845,-197932.04513271325,STD,RFA
8476875,Michael Matheson,D,2018,75,0.65,0.71,10.0,27.0,3.16,-1.81,0.75,0.14,-1.05,4875000.0,6.132075471698113,79500000,5.835510211381509,4639230.618048299,-0.296565260316604,-235769.3819517002,STD,RFA
8478906,Markus Nutivaara,D,2018,80,0.25,0.26,7.0,23.0,5.36,2.07,-0.18,0.0,1.45,2700000.0,3.3962264150943398,79500000,3.027875347915959,2407160.9015931874,-0.36835106717838073,-292839.0984068127,STD,RFA
8476958,Jaccob Slavin,D,2018,82,0.54,0.54,8.0,30.0,21.01,2.37,-0.85,0.17,0.52,5300000.0,6.666666666666667,79500000,6.243799327652971,4963820.465484112,-0.42286733901369633,-336179.53451588855,STD,RFA
8475268,Gabriel Bourque,LW,2018,55,0.22,0.33,5.0,11.0,-2.97,-0.26,-0.01,-0.01,0.1,950000.0,1.1949685534591197,79500000,0.7535553735653995,599076.5219844925,-0.4414131798937202,-350923.4780155076,STD,UFA
8475729,Mark Alt,D,2018,2,0.0,0.0,0.0,0.0,-0.25,0.1,-0.0,0.0,0.0,725000.0,0.9119496855345912,79500000,0.383347224167748,304761.04321335966,-0.5286024613668432,-420238.9567866404,STD,RFA
8478373,Nikita Soshnikov,RW,2018,5,0.0,0.0,1.0,2.0,-0.46,-0.28,-0.0,0.0,0.01,800000.0,1.0062893081761006,79500000,0.43098241848803376,342631.02269798686,-0.5753068896880669,-457368.97730201314,STD,RFA
8475758,Devante Smith Pelly,RW,2018,54,-0.13,-0.2,7.0,16.0,-3.39,0.17,-0.03,0.0,-0.06,1000000.0,1.257861635220126,79500000,0.5705104415307112,453555.80101691536,-0.6873511936894148,-546444.1989830848,STD,UFA
8476924,Martin Frk,RW,2018,30,0.0,0.0,11.0,25.0,-2.55,-1.22,-0.2,0.0,-0.12,1050000.0,1.3207547169811322,79500000,0.6192746103703417,492323.31524442165,-0.7014801066107905,-557676.6847555784,STD,RFA
8471242,Mike Green,D,2018,43,-0.03,-0.06,8.0,33.0,1.57,-2.41,-0.85,0.0,-1.87,5375000.0,6.761006289308176,79500000,6.000851051856122,4770676.586225617,-0.7601552374520537,-604323.4137743827,STD,UFA
8476988,Matt Benning,D,2018,69,0.12,0.14,6.0,21.0,1.69,0.54,-0.64,-0.05,-0.66,1900000.0,2.3899371069182394,79500000,1.6286752127121353,1294796.7941061475,-0.761261894206104,-605203.2058938526,STD,RFA
8480172,Jan Rutta,D,2018,37,0.05,0.11,6.0,20.0,1.08,-0.34,-0.01,-0.0,-0.4,2250000.0,2.8301886792452833,79500000,2.003304513703716,1592627.0883944542,-0.8268841655415673,-657372.9116055459,STD,UFA
8477401,John Hayden,C,2018,54,0.01,0.02,4.0,13.0,-3.07,0.73,-0.33,-0.0,0.26,750000.0,0.9433962264150944,79500000,0.03624329440577512,28813.41905259122,-0.9071529320093192,-721186.5809474087,STD,RFA
8476981,Josh Anderson,D,2018,82,0.1,0.1,19.0,30.0,12.64,-0.31,-0.53,0.08,-1.27,765000.0,0.9622641509433961,79500000,0.04190948699855568,33318.042163851766,-0.9203546639448404,-731681.9578361481,ELC,
8477488,Brett Pesce,D,2018,73,0.6,0.67,3.0,19.0,13.09,3.83,-0.16,0.07,-0.06,4025000.0,5.062893081761007,79500000,3.9642460535948008,3151575.6126078665,-1.098647028166206,-873424.3873921337,STD,RFA
8475625,Matt Irwin,D,2018,44,0.08,0.15,2.0,8.0,-2.0,0.28,-0.0,0.0,-0.76,675000.0,0.8490566037735849,79500000,-0.27607589123884857,-219480.33353488462,-1.1251324950124335,-894480.3335348846,STD,UFA
8475810,Bryan Rust,RW,2018,72,0.08,0.09,13.0,38.0,2.14,0.48,-0.13,0.01,1.06,3500000.0,4.40251572327044,79500000,3.2713649469555435,2600735.132829657,-1.1311507763148967,-899264.8671703428,STD,RFA
8475764,Cam Fowler,D,2018,59,0.03,0.04,8.0,32.0,-4.06,-2.56,-0.64,-0.02,-0.77,6500000.0,8.176100628930817,79500000,7.030640363213946,5589359.088755087,-1.1454602657168707,-910640.9112449122,STD,UFA
8471699,Andrew Cogliano,C,2018,78,0.39,0.41,12.0,35.0,-10.09,2.11,0.3,0.33,1.2,3250000.0,4.088050314465408,79500000,2.8900287592081355,2297572.863570468,-1.1980215552572728,-952427.1364295318,STD,UFA
8474150,Mikael Backlund,C,2018,77,-0.26,-0.28,14.0,45.0,7.85,-5.1,-1.53,0.03,-2.13,5350000.0,6.729559748427673,79500000,5.4354253458273,4321163.149932703,-1.2941344026003732,-1028836.8500672966,STD,UFA
8471817,Ryan Reaves,RW,2018,80,0.01,0.01,4.0,10.0,3.82,-0.08,-0.01,0.0,-0.35,2775000.0,3.490566037735849,79500000,1.8373512791130704,1460694.266894891,-1.6532147586227786,-1314305.7331051088,STD,UFA
8475790,Erik Gudbranson,D,2018,76,0.13,0.14,2.0,5.0,-7.26,-1.2,-0.07,-0.2,-1.11,4000000.0,5.031446540880504,79500000,3.304107845395647,2626765.7370895394,-1.7273386954848569,-1373234.2629104613,STD,UFA
8473412,Bryan Little,C,2018,82,-0.23,-0.23,16.0,43.0,-1.81,-2.11,0.17,-0.11,0.92,5291666.0,6.656183647798743,79500000,4.871367846248424,3872737.437767497,-1.7848158015503195,-1418928.5622325041,STD,UFA
8474068,Kyle Turris,C,2018,55,-0.04,-0.06,16.0,51.0,1.76,0.09,-0.57,0.0,-1.37,6000000.0,7.547169811320755,79500000,5.219455966150134,4149467.4930893565,-2.3277138451706207,-1850532.5069106433,STD,UFA
8475169,Evander Kane,LW,2018,75,0.1,0.11,29.0,54.0,18.44,0.9,0.23,0.18,-2.47,7000000.0,8.80503144654088,79500000,6.281872248742195,4994088.437750044,-2.5231591977986856,-2005911.562249955,STD,UFA
8478402,Connor McDavid,C,2018,78,1.91,2.01,41.0,108.0,30.27,-3.77,6.51,0.15,4.58,12500000.0,15.723270440251572,79500000,12.346551032294853,9815508.070674408,-3.3767194079567187,-2684491.9293255913,STD,RFA
8477940,Nikolaj Ehlers,LW,2018,61,0.23,0.31,29.0,60.0,7.13,-1.64,0.65,0.0,3.41,6000000.0,7.547169811320755,79500000,4.150952641637275,3300007.350101634,-3.3962171696834798,-2699992.6498983665,STD,RFA
8471709,Marc Edouard Vlasic,D,2018,72,0.14,0.16,11.0,32.0,-0.74,0.22,-0.35,0.17,0.28,7000000.0,8.80503144654088,79500000,5.062006232949363,4024294.955194744,-3.743025213591517,-2975705.044805256,STD,UFA
8465009,Zdeno Chara,D,2018,62,0.21,0.28,7.0,24.0,11.57,1.66,0.73,-0.12,-1.8,5000000.0,6.289308176100629,79500000,2.0440683485434583,1625034.3370920494,-4.245239827557171,-3374965.6629079506,STD,UFA
8478403,Jack Eichel,C,2018,77,0.48,0.51,25.0,64.0,15.51,-2.53,0.81,0.03,2.5,10000000.0,12.578616352201259,79500000,7.116370152534413,5657514.2712648595,-5.462246199666845,-4342485.728735142,STD,RFA
8480012,Elias Pettersson,C,2019,68,0.67,0.81,28.0,66.0,15.59,-0.14,1.93,0.0,3.8,925000.0,1.1349693251533743,81500000,5.690771678422658,4637978.917914467,4.555802353269284,3712978.9179144665,ELC,
8474589,Tyler Ennis,RW,2019,70,0.21,0.25,12.0,18.0,3.02,-1.82,0.32,0.0,1.21,650000.0,0.7975460122699387,81500000,5.055858904789931,4120525.0074037937,4.258312892519992,3470525.0074037937,STD,UFA
8477479,Tyler Bertuzzi,LW,2019,71,0.17,0.2,21.0,47.0,6.44,-2.51,0.34,0.0,1.95,1400000.0,1.7177914110429449,81500000,5.976061788098891,4870490.357300596,4.258270377055946,3470490.3573005963,STD,RFA
8480800,Quinn Hughes,D,2019,68,0.65,0.78,0.0,3.0,7.36,-1.54,1.28,0.0,0.78,916666.0,1.1247435582822085,81500000,5.145859602849738,4193875.5763225364,4.021116044567529,3277209.5763225364,ELC,
8476331,Dylan DeMelo,D,2019,59,0.34,0.47,4.0,22.0,9.3,0.17,-0.7,-0.01,-1.31,900000.0,1.1042944785276074,81500000,5.034663242824118,4103250.542901656,3.930368764296511,3203250.542901656,STD,UFA
8478109,Victor Olofsson,LW,2019,54,0.21,0.32,2.0,4.0,0.7,-0.46,1.46,0.0,0.52,767500.0,0.9417177914110431,81500000,4.61701535202843,3762867.5119031705,3.6752975606173868,2995367.5119031705,ELC,
8476979,Erik Gustafsson,D,2019,66,0.1,0.12,17.0,59.0,3.33,-2.71,-0.96,0.0,-0.6,1200000.0,1.4723926380368098,81500000,5.116775188584599,4170171.778696448,3.6443825505477894,2970171.7786964485,STD,RFA
8477506,Ryan Pulock,D,2019,68,0.17,0.2,9.0,36.0,5.24,3.88,-0.69,-0.0,-0.4,2000000.0,2.4539877300613497,81500000,6.018551887055439,4905119.787950183,3.5645641569940896,2905119.7879501833,STD,RFA
8478038,Devon Toews,D,2019,68,-0.05,-0.06,5.0,19.0,4.28,3.71,-1.7,-0.0,-0.42,700000.0,0.8588957055214724,81500000,4.396408753775956,3583073.1343274047,3.537513048254484,2883073.1343274047,STD,RFA
8474102,David Perron,LW,2019,71,0.5,0.58,23.0,46.0,5.32,-0.01,0.92,0.0,-1.46,4000000.0,4.9079754601226995,81500000,8.341057946100383,6797962.226071812,3.4330824859776836,2797962.226071812,STD,UFA
8477933,Sam Reinhart,C,2019,69,0.17,0.2,22.0,65.0,5.95,1.68,-0.87,0.0,1.28,3650000.0,4.478527607361963,81500000,7.878229861753875,6420757.337329407,3.3997022543919115,2770757.3373294077,STD,RFA
8475163,Alex Chiasson,RW,2019,65,0.61,0.77,22.0,38.0,-5.03,2.38,2.02,-0.0,-0.86,650000.0,0.7975460122699387,81500000,4.142758873832403,3376348.4821734084,3.345212861562464,2726348.482173408,STD,UFA
8477952,Robby Fabbri,C,2019,61,-0.15,-0.2,2.0,5.0,1.86,-3.91,-0.87,0.0,1.71,925000.0,1.1349693251533743,81500000,4.103370842967218,3344247.237018282,2.9684015178138434,2419247.2370182825,STD,RFA
8478856,Conor Garland,RW,2019,68,0.37,0.45,13.0,18.0,13.9,2.48,0.87,-0.0,1.2,775000.0,0.9509202453987731,81500000,3.7486947082574016,3055186.1872297823,2.7977744628586283,2280186.187229782,STD,RFA
8476469,Joel Armia,RW,2019,58,0.2,0.28,13.0,23.0,-3.54,1.34,-0.47,0.03,0.86,1850000.0,2.2699386503067487,81500000,5.0293025218658105,4098881.5553206354,2.759363871559062,2248881.5553206354,STD,RFA
8480801,Brady Tkachuk,LW,2019,71,0.23,0.27,22.0,44.0,-0.3,-1.92,-0.19,0.0,1.27,925000.0,1.1349693251533743,81500000,3.809970164721804,3105125.6842482705,2.6750008395684297,2180125.68424827,ELC,
8475842,Sam Carrick,C,2019,9,0.0,0.0,0.0,1.0,-1.6,0.17,-0.16,0.0,0.19,700000.0,0.8588957055214724,81500000,3.476191367449541,2833095.964471376,2.6172956619280687,2133095.964471376,STD,UFA
8477346,MacKenzie Weegar,D,2019,44,0.19,0.35,4.0,15.0,4.88,1.46,-0.17,0.1,-0.86,900000.0,1.1042944785276074,81500000,3.6719013478478217,2992599.5984959747,2.5676068693202145,2092599.598495975,STD,RFA
8476458,Ryan Strome,C,2019,70,0.1,0.12,19.0,35.0,5.36,-0.81,1.58,0.14,-2.64,3100000.0,3.8036809815950923,81500000,6.228111005471307,5075910.469459115,2.424430023876215,1975910.469459115,STD,RFA
8470595,Eric Staal,C,2019,66,0.33,0.41,22.0,51.0,7.64,0.17,0.57,0.01,0.72,3250000.0,3.9877300613496933,81500000,6.405849474102633,5220767.321393646,2.4181194127529393,1970767.3213936456,STD,UFA
8480830,Andrei Svechnikov,RW,2019,67,0.27,0.33,20.0,37.0,14.49,-1.0,1.48,-0.0,-1.15,925000.0,1.1349693251533743,81500000,3.5314792020778096,2878155.549693415,2.3965098769244353,1953155.5496934147,ELC,
8475718,Justin Holl,D,2019,68,0.24,0.29,0.0,1.0,6.72,-1.78,-0.04,0.1,-2.32,675000.0,0.8282208588957056,81500000,3.201711603292228,2609394.956683166,2.3734907443965225,1934394.9566831659,STD,RFA
8480839,Rasmus Dahlin,D,2019,59,0.41,0.57,9.0,42.0,-0.76,0.27,1.97,0.0,-0.98,925000.0,1.1349693251533743,81500000,3.4015333939732493,2772249.716088198,2.266564068819875,1847249.7160881981,ELC,
8473415,Alex Biega,D,2019,49,0.17,0.28,2.0,16.0,-5.21,-1.07,-0.02,-0.04,-0.36,825000.0,1.012269938650307,81500000,3.229718280623917,2632220.3987084925,2.2174483419736104,1807220.3987084925,STD,UFA
8476479,Phillip Danault,C,2019,71,-0.08,-0.09,12.0,52.0,12.43,1.35,-0.48,-0.16,0.25,3083333.0,3.783230674846626,81500000,5.925028960430867,4828898.602751156,2.141798285584241,1745565.6027511563,STD,RFA
8474579,Luca Sbisa,D,2019,44,0.04,0.07,0.0,1.0,-1.15,-2.03,-0.03,-0.03,-1.05,1500000.0,1.8404907975460123,81500000,3.942919361413244,3213479.279551794,2.1024285638672318,1713479.2795517938,STD,UFA
8477416,Oliver Bjorkstrand,RW,2019,49,0.18,0.3,23.0,36.0,12.38,2.83,0.24,0.0,1.18,2500000.0,3.067484662576687,81500000,5.09587423244521,4153137.499442846,2.028389569868523,1653137.499442846,STD,RFA
8475810,Bryan Rust,RW,2019,55,0.2,0.3,18.0,35.0,10.13,0.34,0.27,0.01,0.37,3500000.0,4.294478527607362,81500000,6.241146815671032,5086534.6547718905,1.9466682880636696,1586534.654771891,STD,RFA
8474697,Mark Borowiecki,D,2019,53,0.24,0.37,1.0,5.0,2.85,-0.42,-0.03,-0.06,-1.53,1200000.0,1.4723926380368098,81500000,3.416752363297009,2784653.1760870623,1.9443597252601994,1584653.1760870626,STD,UFA
8477426,Nick Paul,LW,2019,55,0.05,0.07,1.0,2.0,-4.85,-0.2,-0.32,0.01,1.17,650000.0,0.7975460122699387,81500000,2.717491161612351,2214755.296714066,1.9199451493424122,1564755.296714066,STD,RFA
8477407,Anthony Duclair,C,2019,66,-0.11,-0.14,19.0,33.0,10.76,-2.67,-1.28,0.07,0.54,1650000.0,2.024539877300614,81500000,3.894597826950333,3174097.228964521,1.8700579496497194,1524097.228964521,STD,RFA
8477435,Ryan Graves,D,2019,69,0.02,0.02,3.0,5.0,4.31,2.27,-0.07,0.0,-2.14,650000.0,0.7975460122699387,81500000,2.617124517838109,2132956.482038059,1.8195785055681701,1482956.4820380586,STD,RFA
8478466,Daniel Sprong,RW,2019,8,0.01,0.1,14.0,23.0,2.22,0.15,0.05,-0.0,0.19,750000.0,0.9202453987730062,81500000,2.702472533822979,2202515.115065728,1.7822271350499728,1452515.1150657278,STD,RFA
8475902,Zach Trotman,D,2019,8,0.02,0.2,0.0,1.0,-0.48,0.17,-0.08,0.0,-0.32,700000.0,0.8588957055214724,81500000,2.640496862413382,2152004.9428669065,1.78160115689191,1452004.9428669065,STD,UFA
8474683,Derek Grant,C,2019,57,0.12,0.17,4.0,14.0,-3.14,-1.08,-0.06,-0.1,-0.54,700000.0,0.8588957055214724,81500000,2.5984570955185706,2117742.532847635,1.7395613899970983,1417742.5328476352,STD,UFA
8476886,Slater Koekkoek,D,2019,42,0.11,0.21,2.0,6.0,2.96,0.34,-0.04,-0.01,-1.23,925000.0,1.1349693251533743,81500000,2.8684645771401946,2337798.6303692586,1.7334952519868203,1412798.6303692586,STD,RFA
8478029,Chase De Leo,LW,2019,1,0.0,0.0,0.0,0.0,-0.33,-0.06,-0.01,0.0,0.17,650000.0,0.7975460122699387,81500000,2.501543355799919,2038757.8349769341,1.7039973435299804,1388757.834976934,STD,RFA
8477498,Darnell Nurse,D,2019,71,0.06,0.07,10.0,41.0,2.09,-3.88,0.11,-0.04,-1.73,3200000.0,3.92638036809816,81500000,5.610359142250134,4572442.70093386,1.6839787741519743,1372442.700933859,STD,RFA
8477541,Dakota Mermis,D,2019,10,0.04,0.33,0.0,0.0,2.2,-0.74,-0.01,0.0,-0.3,700000.0,0.8588957055214724,81500000,2.4812242432098,2022197.758215987,1.6223285376883276,1322197.758215987,STD,RFA
8477337,John Gilmour,D,2019,4,0.01,0.2,0.0,0.0,0.45,0.22,-0.0,0.0,0.01,650000.0,0.7975460122699387,81500000,2.391750374409021,1949276.5551433524,1.5942043621390825,1299276.5551433521,STD,RFA
8477955,Jared McCann,C,2019,66,0.01,0.01,19.0,35.0,-2.56,1.55,-0.53,0.06,2.22,1250000.0,1.5337423312883436,81500000,3.12140713033107,2543946.811219822,1.5876647990427264,1293946.8112198221,STD,RFA
8476927,Teddy Blueger,C,2019,69,0.13,0.15,6.0,10.0,-4.92,5.21,-0.13,0.19,-0.14,650000.0,0.7975460122699387,81500000,2.3848035508934036,1943614.893978124,1.5872575386234649,1293614.8939781238,STD,RFA
8475738,Jordan Weal,C,2019,49,0.05,0.08,8.0,21.0,-3.18,0.61,-0.4,0.0,0.12,1400000.0,1.7177914110429449,81500000,3.291596040534378,2682650.773035518,1.573804629491433,1282650.773035518,STD,UFA
8477511,Anthony Mantha,RW,2019,43,0.08,0.15,25.0,48.0,4.91,0.69,-0.3,0.0,-0.53,3300000.0,4.049079754601228,81500000,5.615538392208377,4576663.789649827,1.5664586376071492,1276663.7896498265,STD,RFA
8477450,Jason Dickinson,C,2019,65,0.21,0.26,6.0,22.0,1.17,2.21,-0.06,-0.12,1.37,875000.0,1.0736196319018405,81500000,2.6208811771544536,2136018.1593808797,1.547261545252613,1261018.1593808795,STD,RFA
8477504,Josh Morrissey,D,2019,65,-0.02,-0.03,7.0,30.0,0.82,-3.24,0.07,-0.02,-0.75,3150000.0,3.8650306748466257,81500000,5.402589272775922,4403110.257312376,1.537558597929296,1253110.2573123763,STD,RFA
8476897,Oskar Sundqvist,C,2019,56,0.18,0.26,14.0,31.0,2.6,0.3,0.05,0.02,0.66,700000.0,0.8588957055214724,81500000,2.3769268430982162,1937195.3771250462,1.518031137576744,1237195.3771250464,STD,RFA
8476891,Matt Grzelcyk,D,2019,67,0.06,0.07,3.0,18.0,0.81,4.24,-0.5,0.04,-1.64,1400000.0,1.7177914110429449,81500000,3.216302754030451,2621286.744534818,1.4985113429875063,1221286.7445348178,STD,RFA
8476882,Teuvo Teravainen,C,2019,67,0.94,1.15,21.0,76.0,9.62,1.33,1.35,0.27,0.41,5400000.0,6.625766871165645,81500000,8.10183369749907,6602994.463461742,1.4760668263334242,1202994.4634617409,STD,RFA
8476779,Brad Hunt,D,2019,59,0.05,0.07,5.0,12.0,3.14,2.8,0.28,0.0,-0.18,700000.0,0.8588957055214724,81500000,2.3329586487757954,1901361.2987522734,1.474062943254323,1201361.2987522732,STD,UFA
8474000,Steven Kampfer,D,2019,10,0.03,0.25,3.0,6.0,-0.78,0.53,0.32,-0.0,0.2,800000.0,0.98159509202454,81500000,2.449879396996108,1996651.708551828,1.4682843049715681,1196651.708551828,STD,UFA
8476624,Barclay Goodrow,C,2019,70,0.23,0.27,7.0,16.0,-7.38,-1.57,-0.59,0.3,-0.65,925000.0,1.1349693251533743,81500000,2.5976667140022247,2117098.371911813,1.4626973888488504,1192098.371911813,STD,RFA
8476293,Scott Wilson,LW,2019,6,0.01,0.14,0.0,3.0,-0.98,0.57,-0.0,-0.0,-0.16,1050000.0,1.2883435582822087,81500000,2.7263619207411214,2221984.9654040136,1.4380183624589127,1171984.9654040139,STD,UFA
8477851,Jordan Oesterle,D,2019,57,0.15,0.22,6.0,19.0,1.51,-0.59,-0.13,-0.01,0.18,1400000.0,1.7177914110429449,81500000,3.150417850968978,2567590.5485397168,1.4326264399260331,1167590.548539717,STD,UFA
8474134,Yannick Weber,D,2019,41,0.08,0.16,2.0,8.0,-0.71,0.13,-0.04,-0.0,0.11,675000.0,0.8282208588957056,81500000,2.260322449849367,1842162.7966272342,1.4321015909536614,1167162.796627234,STD,UFA
8478567,Dean Kukan,D,2019,33,0.09,0.22,0.0,5.0,-0.59,1.97,-0.18,0.0,-0.58,725000.0,0.8895705521472393,81500000,2.304272548444221,1877982.12698204,1.4147019962969813,1152982.1269820398,STD,RFA
8474098,Colton Sceviour,C,2019,68,0.14,0.17,5.0,15.0,0.87,0.24,-0.02,0.1,0.68,1200000.0,1.4723926380368098,81500000,2.870124326584259,2339151.326166171,1.3977316885474491,1139151.3261661709,STD,UFA
8476368,Fredrik Claesson,D,2019,5,0.01,0.16,2.0,6.0,1.2,0.19,-0.0,-0.0,0.01,700000.0,0.8588957055214724,81500000,2.239839325423601,1825469.0502202348,1.3809436199021285,1125469.0502202348,STD,UFA
8475716,Martin Marincin,D,2019,26,0.1,0.32,1.0,5.0,0.86,-0.26,-0.01,0.06,-0.44,700000.0,0.8588957055214724,81500000,2.2249434277651545,1813328.893628601,1.3660477222436822,1113328.893628601,STD,UFA
8476278,Colin Blackwell,C,2019,27,0.03,0.09,0.0,0.0,-0.3,0.77,-0.04,0.0,0.73,675000.0,0.8282208588957056,81500000,2.1853611904295924,1781069.3702001178,1.3571403315338868,1106069.3702001178,STD,
8476422,Mike Reilly,D,2019,44,0.02,0.04,3.0,12.0,4.6,-1.53,0.46,-0.0,-0.87,1500000.0,1.8404907975460123,81500000,3.1876029979526663,2597896.4433314227,1.347112200406654,1097896.443331423,STD,RFA
8478866,Dominik Simon,C,2019,64,0.07,0.09,8.0,28.0,-4.51,0.65,-0.02,0.0,0.68,750000.0,0.9202453987730062,81500000,2.2573360465366648,1839728.8779273818,1.3370906477636586,1089728.8779273818,STD,RFA
8471426,Troy Brouwer,RW,2019,13,0.02,0.13,12.0,21.0,-0.53,-0.07,-0.01,-0.0,-0.15,850000.0,1.0429447852760736,81500000,2.3793958669406514,1939207.6315566308,1.3364510816645778,1089207.6315566308,STD,UFA
8477458,Valentin Zykov,LW,2019,15,0.0,0.0,2.0,5.0,-0.26,-0.88,-0.06,0.0,-0.31,675000.0,0.8282208588957056,81500000,2.139313143674608,1743540.2120948054,1.3110922847789022,1068540.2120948052,STD,RFA
8477503,Max Domi,C,2019,71,0.15,0.17,28.0,72.0,5.69,1.13,0.54,0.0,0.22,3150000.0,3.8650306748466257,81500000,5.169643401789488,4213259.372458433,1.304612726942862,1063259.3724584326,STD,RFA
8475795,Dylan McIlrath,D,2019,16,-0.05,-0.26,0.0,0.0,-2.38,-0.7,-0.0,0.0,-1.32,700000.0,0.8588957055214724,81500000,2.1612653782140754,1761431.2832444715,1.302369672692603,1061431.2832444715,STD,UFA
8480160,Radim Simek,D,2019,48,0.14,0.24,1.0,9.0,0.31,-0.43,-0.03,0.01,-0.36,675000.0,0.8282208588957056,81500000,2.1299044056909544,1735872.0906381276,1.3016835467952488,1060872.0906381279,STD,RFA
8476399,Blake Coleman,LW,2019,66,0.0,0.0,22.0,36.0,5.0,-1.39,-0.15,0.26,-0.48,1800000.0,2.208588957055215,81500000,3.4906827463458967,2844906.4382719058,1.2820937892906819,1044906.4382719058,STD,RFA
8477961,John Quenneville,LW,2019,9,0.0,0.0,1.0,1.0,-0.66,-0.56,-0.09,0.0,0.19,750000.0,0.9202453987730062,81500000,2.2023246538723598,1794894.592905973,1.2820792550993536,1044894.5929059732,STD,RFA
8476428,Rocco Grimaldi,LW,2019,66,0.14,0.17,5.0,12.0,4.43,-1.99,-0.12,0.0,1.85,650000.0,0.7975460122699387,81500000,2.0400788125274456,1662664.2322098683,1.242532800257507,1012664.2322098681,STD,RFA
8476329,Travis Boyd,C,2019,24,0.01,0.03,5.0,20.0,-0.53,0.59,-0.33,-0.01,0.22,800000.0,0.98159509202454,81500000,2.193283663015997,1787526.1853580375,1.2116885709914569,987526.1853580374,STD,RFA
8476429,Scott Mayfield,D,2019,67,-0.03,-0.04,4.0,20.0,-1.54,1.65,-0.06,-0.01,-1.11,1450000.0,1.7791411042944787,81500000,2.986894956559494,2434319.3895959877,1.2077538522650155,984319.3895959876,STD,RFA
8476195,Cory Conacher,C,2019,4,0.0,0.0,0.0,0.0,0.35,-0.28,-0.04,0.0,-0.16,700000.0,0.8588957055214724,81500000,2.060879461151025,1679616.7608380853,1.2019837556295525,979616.7608380853,STD,UFA
8475343,Nic Dowd,C,2019,56,0.32,0.47,8.0,22.0,1.69,2.23,-0.01,0.07,-0.57,750000.0,0.9202453987730062,81500000,2.116431765173326,1724891.8886162606,1.1961863664003198,974891.8886162606,STD,UFA
8470755,Brad Richardson,RW,2019,59,0.22,0.31,19.0,27.0,-4.08,1.3,-0.03,0.04,-0.36,1250000.0,1.5337423312883436,81500000,2.7225661583618113,2218891.419064876,1.1888238270734677,968891.4190648762,STD,UFA
8474034,Patrick Maroon,LW,2019,63,-0.02,-0.03,10.0,26.0,3.13,1.34,-1.15,0.0,-0.03,1750000.0,2.147239263803681,81500000,3.330175078430388,2714092.6889207666,1.182935814626707,964092.6889207663,STD,UFA
8475869,Brandon Davidson,D,2019,12,0.03,0.2,0.0,1.0,-1.0,-0.09,-0.0,0.0,0.03,650000.0,0.7975460122699387,81500000,1.9803017745227116,1613945.94623601,1.182755762252773,963945.94623601,STD,UFA
8475750,Jon Merrill,D,2019,49,-0.01,-0.02,3.0,15.0,2.42,3.16,-0.14,0.02,-2.05,1375000.0,1.687116564417178,81500000,2.86678729548051,2336431.6458166153,1.1796707310633319,961431.6458166155,STD,RFA
8475188,Brayden McNabb,D,2019,71,-0.04,-0.05,4.0,16.0,10.75,-0.96,-0.06,-0.1,-0.59,2500000.0,3.067484662576687,81500000,4.2358587148232125,3452224.852580918,1.1683740522465254,952224.8525809181,STD,UFA
8480336,Sean Walker,D,2019,70,0.24,0.28,3.0,10.0,2.6,-2.13,0.32,0.08,-1.12,745000.0,0.9141104294478527,81500000,2.0792569355246364,1694594.4024525788,1.1651465060767836,949594.4024525787,ELC,
8471887,Patric Hornqvist,RW,2019,52,0.59,0.93,17.0,36.0,-0.66,1.09,0.74,0.0,1.17,5300000.0,6.5030674846625764,81500000,7.65349586460488,6237599.129652977,1.1504283799423032,937599.1296529771,STD,UFA
8474736,Zac Rinaldo,C,2019,19,0.01,0.04,1.0,3.0,0.38,-0.3,-0.0,0.0,-0.65,650000.0,0.7975460122699387,81500000,1.938646411863047,1579996.8256683836,1.1411003995931084,929996.8256683833,STD,UFA
8479675,Trevor Moore,C,2019,41,0.08,0.16,2.0,8.0,-2.68,-0.76,-0.31,0.05,1.12,775000.0,0.9509202453987731,81500000,2.086833557810042,1700769.3496151841,1.135913312411269,925769.3496151844,STD,RFA
8473560,Korbinian Holzer,D,2019,50,0.11,0.18,1.0,4.0,-3.35,-0.14,-0.03,-0.01,-1.56,850000.0,1.0429447852760736,81500000,2.1552093273121926,1756495.601759437,1.112264542036119,906495.601759437,STD,UFA
8475808,Michael Chaput,C,2019,2,0.0,0.0,0.0,5.0,0.29,0.11,-0.0,-0.0,0.0,675000.0,0.8282208588957056,81500000,1.9209490006651198,1565573.4355420724,1.0927281417694141,890573.4355420725,STD,UFA
8477941,Nick Ritchie,LW,2019,49,0.15,0.25,9.0,31.0,-0.39,0.39,-0.09,0.0,-3.44,1545950.0,1.8968711656441717,81500000,2.9683774641250995,2419227.6332619563,1.0715062984809278,873277.6332619562,STD,RFA
8475834,Marcus Sorensen,C,2019,66,0.19,0.24,17.0,30.0,-1.74,-1.93,-0.23,0.03,1.19,1500000.0,1.8404907975460123,81500000,2.9108017734164697,2372303.445334423,1.0703109758704574,872303.4453344228,STD,UFA
8474008,Paul Carey,C,2019,1,0.0,0.0,0.0,0.0,-0.14,-0.13,-0.01,0.0,0.0,700000.0,0.8588957055214724,81500000,1.8762734066483109,1529162.8264183735,1.0173777011268386,829162.8264183734,STD,UFA
8474597,Cody Goloubef,D,2019,26,0.03,0.09,0.0,0.0,-1.39,-0.57,-0.01,-0.01,-0.1,800000.0,0.98159509202454,81500000,1.9844280718072511,1617308.8785229095,1.0028329797827111,817308.8785229095,STD,UFA
8477073,Kurtis MacDermid,LW,2019,45,0.12,0.22,0.0,1.0,0.65,-0.99,-0.0,0.0,-1.42,675000.0,0.8282208588957056,81500000,1.769050338563904,1441776.0259295818,0.9408294796681984,766776.0259295816,STD,RFA
8476850,Ryan Murray,D,2019,27,0.08,0.24,1.0,29.0,1.62,1.39,-0.38,0.0,0.27,2825000.0,3.4662576687116564,81500000,4.387573057994624,3575872.042265618,0.9213153892829675,750872.0422656185,STD,RFA
8474189,Lars Eller,C,2019,69,0.24,0.29,13.0,35.0,0.08,-0.07,-0.62,0.22,-0.63,3500000.0,4.294478527607362,81500000,5.199544473255655,4237628.745703358,0.9050659456482926,737628.7457033584,STD,UFA
8478027,Lucas Wallmark,C,2019,66,0.1,0.12,10.0,28.0,0.33,0.94,0.03,0.03,1.01,675000.0,0.8282208588957056,81500000,1.7326462847236819,1412106.722049801,0.9044254258279762,737106.7220498006,STD,RFA
8477474,Madison Bowey,D,2019,53,-0.08,-0.12,2.0,10.0,-3.17,-3.05,-0.48,-0.05,-2.04,1000000.0,1.2269938650306749,81500000,2.126376762284485,1732997.061261855,0.89938289725381,732997.0612618552,STD,RFA
8476443,Xavier Ouellet,D,2019,11,0.04,0.3,0.0,3.0,-0.3,0.33,-0.0,0.01,0.03,700000.0,0.8588957055214724,81500000,1.7532229528971612,1428876.7066111865,0.8943272473756888,728876.7066111864,STD,RFA
8475413,Justin Dowling,C,2019,29,-0.01,-0.03,0.0,1.0,-1.23,0.43,-0.54,0.0,-0.62,750000.0,0.9202453987730062,81500000,1.7862726420768684,1455812.2032926476,0.8660272433038623,705812.2032926477,STD,UFA
8476447,Miikka Salomaki,C,2019,5,0.0,0.0,3.0,7.0,-0.99,0.41,-0.03,-0.0,0.01,750000.0,0.9202453987730062,81500000,1.7827376201587075,1452931.1604293466,0.8624922213857014,702931.1604293466,STD,RFA
8477901,Daniel Carr,LW,2019,11,0.01,0.07,1.0,1.0,-0.87,-0.39,0.02,0.0,0.36,750000.0,0.9202453987730062,81500000,1.775030565199076,1446649.910637247,0.8547851664260699,696649.9106372469,STD,UFA
8477464,Nic Petan,C,2019,16,0.0,0.0,1.0,3.0,-0.38,0.0,-0.21,0.0,-0.31,775000.0,0.9509202453987731,81500000,1.785716537107275,1455358.9777424291,0.8347962917085019,680358.9777424291,STD,RFA
8478106,Dylan Sikura,LW,2019,9,0.01,0.09,0.0,8.0,0.3,-0.49,-0.0,0.0,0.02,750000.0,0.9202453987730062,81500000,1.7314804813602347,1411156.5923085914,0.8112350825872285,661156.5923085912,STD,RFA
8475832,Tom Kuhnhackl,C,2019,28,-0.03,-0.09,4.0,9.0,-2.19,-0.95,-0.01,-0.03,0.74,850000.0,1.0429447852760736,81500000,1.8497358257587155,1507534.6979933532,0.8067910404826419,657534.6979933532,STD,UFA
8475246,Kevin Connauton,D,2019,4,0.01,0.2,1.0,8.0,-0.58,0.15,-0.01,0.0,0.18,1375000.0,1.687116564417178,81500000,2.4898615126537145,2029237.1328127773,0.8027449482365365,654237.1328127773,STD,UFA
8470775,Nate Thompson,C,2019,70,0.0,0.0,5.0,13.0,-1.44,0.25,-0.08,0.05,-1.37,1000000.0,1.2269938650306749,81500000,2.0143365248363416,1641684.2677416184,0.7873426598056668,641684.2677416184,STD,UFA
8474568,Luke Schenn,D,2019,25,-0.01,-0.03,0.0,2.0,-0.48,-0.39,-0.01,-0.07,-0.62,800000.0,0.98159509202454,81500000,1.7632482198468153,1437047.2991751544,0.7816531278222754,637047.2991751544,STD,UFA
8476372,Nick Seeler,D,2019,11,0.03,0.22,2.0,7.0,0.01,-0.67,-0.01,0.01,-0.31,725000.0,0.8895705521472393,81500000,1.6631913497862634,1355500.9500758047,0.773620797639024,630500.9500758046,STD,RFA
8475324,Nick Jensen,D,2019,68,0.71,0.86,2.0,19.0,-1.15,1.31,0.34,0.13,0.9,2500000.0,3.067484662576687,81500000,3.8099801305630034,3105133.806408848,0.7424954679863163,605133.8064088477,STD,UFA
8477320,Anton Blidh,LW,2019,7,0.0,0.0,0.0,0.0,-0.52,0.2,-0.0,0.0,0.01,700000.0,0.8588957055214724,81500000,1.5944631162300915,1299487.4397275248,0.7355674107086191,599487.4397275245,STD,RFA
8479371,Dante Fabbro,D,2019,64,0.22,0.28,1.0,1.0,-1.47,0.12,-0.13,-0.01,-0.46,925000.0,1.1349693251533743,81500000,1.8644186408074468,1519501.192258069,0.7294493156540724,594501.1922580691,ELC,
8474873,Brian Lashoff,D,2019,9,0.02,0.18,0.0,1.0,-0.24,0.22,-0.01,0.0,-0.49,700000.0,0.8588957055214724,81500000,1.5502361860041365,1263442.4915933714,0.691340480482664,563442.4915933713,STD,UFA
8479293,Brandon Tanev,LW,2019,68,0.32,0.39,14.0,29.0,-6.05,3.97,-0.11,0.05,1.88,1150000.0,1.4110429447852761,81500000,2.09770796391755,1709631.9905928033,0.6866650191322738,559631.9905928031,STD,RFA
8474717,Mark Barberio,D,2019,21,0.08,0.31,1.0,1.0,-1.36,-0.15,-0.04,0.04,-0.8,1450000.0,1.7791411042944787,81500000,2.436894782098509,1986069.2474102848,0.6577536778040305,536069.2474102848,STD,UFA
8475807,Joakim Nordstrom,C,2019,48,0.22,0.38,7.0,11.0,-5.58,0.61,-0.02,0.02,-0.57,1000000.0,1.2269938650306749,81500000,1.874124707092255,1527411.6362801879,0.6471308420615802,527411.6362801879,STD,UFA
8477451,Ryan Hartman,RW,2019,69,0.16,0.19,12.0,26.0,1.82,0.69,0.15,-0.04,-0.69,875000.0,1.0736196319018405,81500000,1.7185602256535883,1400626.5839076745,0.6449405937517478,525626.5839076745,STD,RFA
8477937,Jake Virtanen,RW,2019,69,0.13,0.15,16.0,25.0,2.24,-1.19,1.25,0.0,1.35,1250000.0,1.5337423312883436,81500000,2.150841201179974,1752935.5789616788,0.6170988698916302,502935.5789616786,STD,RFA
8476374,Sean Kuraly,C,2019,69,0.05,0.06,8.0,21.0,1.02,1.79,0.36,0.0,0.17,1275000.0,1.5644171779141105,81500000,2.173533711971988,1771429.9752571702,0.6091165340578775,496429.9752571701,STD,RFA
8476409,Alan Quine,C,2019,9,0.0,0.0,3.0,4.0,0.43,-0.17,-0.0,0.0,-0.32,735000.0,0.9018404907975459,81500000,1.4987194326537079,1221456.337612772,0.596878941856162,486456.337612772,STD,RFA
8471677,Jack Johnson,D,2019,67,0.04,0.05,1.0,13.0,-6.98,-2.43,-0.08,-0.24,-1.8,3250000.0,3.9877300613496933,81500000,4.560263707119441,3716614.9213023447,0.5725336457697479,466614.9213023445,STD,UFA
8478512,Austin Czarnik,C,2019,8,0.0,0.0,6.0,17.0,-0.16,0.36,0.07,0.0,0.19,1250000.0,1.5337423312883436,81500000,2.090008204803439,1703356.686914803,0.5562658735150956,453356.6869148029,STD,UFA
8477850,Christian Folin,D,2019,16,0.03,0.15,0.0,6.0,0.49,0.31,-0.0,0.0,-0.64,800000.0,0.98159509202454,81500000,1.5177682343464856,1236981.1109923858,0.5361731423219456,436981.11099238566,STD,UFA
8474611,Cameron Gaunce,D,2019,3,0.0,0.0,0.0,0.0,0.77,0.09,-0.0,0.0,-0.33,700000.0,0.8588957055214724,81500000,1.394680540722998,1136664.6406892433,0.5357848352015256,436664.6406892434,STD,UFA
8477496,Elias Lindholm,C,2019,70,0.33,0.39,27.0,78.0,9.47,0.9,1.06,0.2,0.42,4850000.0,5.950920245398773,81500000,6.483698934529949,5284214.631641909,0.5327786891311757,434214.63164190814,STD,RFA
8475747,Patrik Nemeth,D,2019,64,-0.07,-0.09,1.0,10.0,-4.94,3.85,-0.1,-0.31,-1.1,2500000.0,3.067484662576687,81500000,3.5990485954444775,2933224.605287249,0.5315639328677904,433224.6052872492,STD,RFA
8480945,Juuso Riikola,D,2019,36,0.05,0.11,2.0,5.0,-0.42,2.69,-0.63,0.0,0.09,850000.0,1.0429447852760736,81500000,1.557134508762486,1269064.624641426,0.5141897234864123,419064.624641426,STD,RFA
8480157,Calle Rosen,D,2019,12,0.02,0.14,1.0,1.0,-0.06,0.12,-0.12,0.0,0.03,750000.0,0.9202453987730062,81500000,1.4282935265279324,1164059.2241202649,0.5080481277549262,414059.22412026493,STD,RFA
8476474,Stefan Noesen,RW,2019,40,0.0,0.0,3.0,7.0,-0.98,0.9,-0.2,-0.0,-0.43,1725000.0,2.116564417177914,81500000,2.623051955593935,2137787.343809057,0.506487538416021,412787.34380905714,STD,RFA
8476967,Brett Kulak,D,2019,56,0.16,0.23,6.0,16.0,5.65,3.68,-0.05,-0.0,-0.16,1850000.0,2.2699386503067487,81500000,2.74215528601197,2234856.5580997556,0.4722166357052213,384856.5580997554,STD,RFA
8476285,Matthew Peca,C,2019,14,0.01,0.06,3.0,10.0,0.72,-0.2,-0.01,0.0,0.2,1300000.0,1.5950920245398774,81500000,2.0599031877545144,1678821.0980199294,0.464811163214637,378821.09801992914,STD,RFA
8477447,Shea Theodore,D,2019,71,0.19,0.22,12.0,36.0,15.73,3.57,-0.35,-0.0,-0.39,5200000.0,6.38036809815951,81500000,6.8245387828441135,5561999.108017953,0.44417068468460386,361999.1080179522,STD,RFA
8471392,Roman Polak,D,2019,41,0.2,0.4,1.0,9.0,-3.02,2.18,-0.0,0.16,-0.72,1750000.0,2.147239263803681,81500000,2.5856511909804567,2107305.7206490724,0.4384119271767757,357305.72064907214,STD,UFA
8474125,Carl Gunnarsson,D,2019,37,0.2,0.44,3.0,8.0,0.43,0.17,-0.01,0.02,-0.74,1750000.0,2.147239263803681,81500000,2.581301236055399,2103760.50738515,0.43406197225171805,353760.5073851502,STD,UFA
8477502,Samuel Morin,D,2019,1,0.0,0.0,0.0,0.0,-0.12,-0.98,-0.0,0.0,0.0,700000.0,0.8588957055214724,81500000,1.2922119676715855,1053152.7536523421,0.4333162621501131,353152.75365234213,STD,RFA
8476966,Gemel Smith,C,2019,3,0.0,0.0,2.0,3.0,0.58,-0.15,-0.0,0.0,-0.16,720000.0,0.8834355828220859,81500000,1.2625512894513857,1028979.3009028793,0.37911570662929983,308979.3009028794,STD,RFA
8480821,Filip Zadina,RW,2019,28,0.06,0.18,1.0,2.0,-0.24,-0.3,0.64,-0.0,0.42,894167.0,1.0971374233128834,81500000,1.4715179905176665,1199287.1622718982,0.3743805672047831,305120.1622718982,ELC,
8475857,Kevin Gravel,D,2019,3,0.0,0.0,0.0,3.0,-0.11,0.11,-0.0,0.0,0.01,700000.0,0.8588957055214724,81500000,1.2157950130352315,990872.9356237137,0.3568993075137591,290872.93562371365,STD,RFA
8480780,Lukas Radil,LW,2019,14,0.01,0.06,7.0,11.0,-2.2,0.41,-0.01,0.0,-0.49,700000.0,0.8588957055214724,81500000,1.1863569315874507,966880.8992437723,0.3274612260659783,266880.8992437723,STD,UFA
8476983,Paul LaDue,D,2019,2,0.0,0.0,2.0,5.0,-0.11,-0.06,-0.0,0.0,0.0,825000.0,1.012269938650307,81500000,1.321200114974875,1076778.0937045233,0.3089301763245682,251778.09370452308,STD,RFA
8481433,Taro Hirose,LW,2019,26,0.0,0.0,1.0,7.0,-3.3,-0.23,-0.19,0.0,-0.11,925000.0,1.1349693251533743,81500000,1.4433823212084587,1176356.5917848938,0.3084129960550843,251356.59178489374,ELC,
8475780,Chris Wagner,RW,2019,67,0.13,0.16,12.0,19.0,-8.58,0.26,-0.08,0.04,-0.36,1250000.0,1.5337423312883436,81500000,1.823846986485668,1486435.2939858194,0.2901046551973243,236435.29398581933,STD,UFA
8477472,Carl Dahlstrom,D,2019,15,0.02,0.11,0.0,6.0,0.02,0.0,-0.01,0.0,-0.3,850000.0,1.0429447852760736,81500000,1.3313076698500268,1085015.750927772,0.2883628845739532,235015.75092777185,STD,RFA
8477448,Marko Dano,LW,2019,3,0.0,0.0,0.0,0.0,-0.2,0.18,-0.0,0.0,0.0,800000.0,0.98159509202454,81500000,1.2660021669661425,1031791.7660774062,0.28440707494160256,231791.7660774061,STD,RFA
8477244,Chad Ruhwedel,D,2019,41,0.12,0.24,1.0,2.0,-2.74,1.01,-0.02,-0.03,0.45,700000.0,0.8588957055214724,81500000,1.1250390561162291,916906.8307347267,0.2661433505947567,216906.83073472668,STD,UFA
8477529,Colby Cave,C,2019,11,0.01,0.07,3.0,8.0,-1.28,0.29,-0.0,0.0,-0.15,675000.0,0.8282208588957056,81500000,1.0723813350578784,873990.7880721708,0.24416047616217273,198990.78807217078,STD,RFA
8480946,Dominik Kahun,C,2019,56,0.02,0.03,13.0,37.0,4.3,1.99,-0.17,0.0,0.48,925000.0,1.1349693251533743,81500000,1.3602984276677912,1108643.2185492497,0.22532910251441685,183643.21854924975,ELC,
8476994,Vinnie Hinostroza,RW,2019,68,0.2,0.24,16.0,40.0,-5.15,-0.01,0.33,0.06,1.69,1500000.0,1.8404907975460123,81500000,2.0398827341150856,1662504.4283037947,0.19939193656907328,162504.4283037947,STD,RFA
8477384,Josh Brown,D,2019,55,0.13,0.19,1.0,1.0,0.42,-0.31,-0.0,-0.01,0.65,675000.0,0.8282208588957056,81500000,1.0255966536452288,835861.2727208614,0.19737579474952316,160861.27272086137,STD,RFA
8478131,Ondrej Kase,RW,2019,55,-0.06,-0.09,11.0,20.0,-3.85,0.33,-0.62,0.01,2.38,2600000.0,3.190184049079755,81500000,3.3733408749361455,2749272.8130729585,0.1831568258563907,149272.81307295844,STD,RFA
8470151,Jay Bouwmeester,D,2019,57,0.26,0.37,3.0,17.0,-6.2,3.13,-0.04,-0.23,-0.97,3250000.0,3.9877300613496933,81500000,4.146989873128431,3379796.746599672,0.15925981177873805,129796.74659967152,STD,UFA
8480172,Jan Rutta,D,2019,33,0.03,0.07,2.0,8.0,4.23,0.25,-0.01,-0.0,-0.76,1300000.0,1.5950920245398774,81500000,1.7483228533607242,1424883.1254889902,0.15323082882084682,124883.12548899016,STD,UFA
8476166,Taylor Fedun,D,2019,27,0.06,0.18,4.0,11.0,1.11,1.13,-0.05,0.0,-0.27,737500.0,0.9049079754601227,81500000,1.0566223453670833,861147.2114741729,0.15171436990696063,123647.21147417292,STD,UFA
8476975,Cedric Paquette,C,2019,61,0.24,0.32,13.0,17.0,-5.36,1.11,-0.05,0.06,-0.03,1000000.0,1.2269938650306749,81500000,1.3507898786976682,1100893.7511385996,0.12379601366699333,100893.75113859957,STD,RFA
8480950,Ilya Lyubushkin,D,2019,51,0.12,0.19,0.0,4.0,5.74,1.81,-0.01,-0.01,-0.72,874125.0,1.0725460122699386,81500000,1.187345881530641,967686.8934474725,0.1147998692607024,93561.89344747245,STD,RFA
8476919,Chris Tierney,C,2019,71,0.19,0.22,10.0,47.0,-0.19,-2.56,-0.09,-0.01,0.9,2937500.0,3.604294478527607,81500000,3.6963072454499706,3012490.4050417263,0.09201276692236338,74990.40504172615,STD,RFA
8477810,Joel Hanley,D,2019,8,0.02,0.2,0.0,0.0,-0.59,0.33,-0.0,0.0,-0.49,700000.0,0.8588957055214724,81500000,0.93651465783622,763259.4461365193,0.07761895231474758,63259.44613651928,STD,UFA
8479291,Kevin Rooney,C,2019,49,0.27,0.45,6.0,10.0,-4.5,0.14,-0.02,0.06,0.96,700000.0,0.8588957055214724,81500000,0.9278561793280051,756202.786152324,0.0689604738065327,56202.78615232415,STD,RFA
8470047,Valtteri Filppula,C,2019,69,-0.52,-0.62,17.0,31.0,-3.01,-2.87,-1.31,0.07,0.21,2750000.0,3.374233128834356,81500000,3.435489249667974,2799923.7384793987,0.06125612083361798,49923.73847939865,STD,UFA
8470601,Braydon Coburn,D,2019,40,0.05,0.1,4.0,22.0,0.89,-0.61,-0.03,-0.03,-0.92,1700000.0,2.085889570552147,81500000,2.1246183242144436,1731563.9342347714,0.038728753662296445,31563.9342347716,STD,UFA
8479466,Patrick Russell,RW,2019,45,0.03,0.05,0.0,0.0,-5.97,1.49,-0.02,0.0,-0.59,700000.0,0.8588957055214724,81500000,0.8681463237111444,707539.2538245827,0.009250618189671989,7539.25382458267,STD,RFA
8477454,Adam Erne,LW,2019,56,0.0,0.0,7.0,20.0,-8.06,1.05,-0.76,-0.0,-0.56,800000.0,0.98159509202454,81500000,0.9879785012121065,805202.4784878668,0.006383409187566524,5202.478487866718,STD,RFA
8474207,Nick Holden,D,2019,61,0.2,0.27,3.0,15.0,10.22,1.46,0.13,-0.09,0.04,2200000.0,2.6993865030674846,81500000,2.697763918317424,2198677.5934287007,-0.0016225847500606072,-1322.406571299395,STD,UFA
8474586,Jordan Eberle,RW,2019,58,0.29,0.41,19.0,37.0,8.23,-1.97,0.75,0.0,1.21,5500000.0,6.748466257668712,81500000,6.729725603502933,5484726.36685489,-0.018740654165778636,-15273.63314510959,STD,UFA
8469465,Dan Hamhuis,D,2019,60,0.06,0.08,0.0,5.0,-4.29,0.1,-0.03,-0.02,-1.2,1250000.0,1.5337423312883436,81500000,1.4873739243302602,1212209.7483291621,-0.04636840695808342,-37790.251670837984,STD,UFA
8474590,John Carlson,D,2019,69,0.76,0.9,13.0,70.0,13.78,-3.43,1.33,-0.0,-0.54,8000000.0,9.815950920245399,81500000,9.76571856195123,7959060.627990252,-0.05023235829416883,-40939.3720097476,STD,UFA
8477948,Travis Sanheim,D,2019,69,0.17,0.2,9.0,35.0,11.15,-0.26,-0.53,-0.13,-0.09,3250000.0,3.9877300613496933,81500000,3.936387582640565,3208155.8798520607,-0.051342478709128336,-41844.1201479396,STD,RFA
8477512,Frederik Gauthier,C,2019,61,0.06,0.08,3.0,14.0,-1.3,0.16,-0.02,-0.01,0.62,675000.0,0.8282208588957056,81500000,0.7598067809249383,619242.5264538247,-0.06841407797076737,-55757.47354617541,STD,RFA
8475176,Ryan Ellis,D,2019,48,0.25,0.43,7.0,40.0,11.35,3.04,0.12,0.2,0.38,6250000.0,7.668711656441718,81500000,7.585736707700397,6182375.416775824,-0.08297494874132116,-67624.58322417675,STD,UFA
8481481,Blake Lizotte,C,2019,64,0.09,0.12,0.0,0.0,-2.01,1.23,-0.38,0.05,1.53,925000.0,1.1349693251533743,81500000,1.0308112345711375,840111.1561754771,-0.1041580905822368,-84888.84382452299,ELC,
8477341,Andreas Johnsson,LW,2019,42,0.12,0.23,20.0,41.0,1.76,0.0,0.6,0.01,0.8,3400000.0,4.171779141104294,81500000,4.052845817108279,3303069.3409432475,-0.11893332399601508,-96930.6590567523,STD,RFA
8476207,Brian Gibbons,C,2019,15,0.02,0.11,8.0,19.0,-1.09,-0.48,-0.01,-0.0,-0.14,1000000.0,1.2269938650306749,81500000,1.1024185335792964,898471.1048671266,-0.12457533145137845,-101528.89513287343,STD,UFA
8476922,Boo Nieves,C,2019,4,0.0,0.0,4.0,10.0,-0.48,0.01,-0.0,0.0,-0.33,700000.0,0.8588957055214724,81500000,0.7317165871566544,596349.0185326734,-0.127179118364818,-103650.98146732667,STD,RFA
8476467,Jamie Oleksiak,D,2019,69,0.14,0.17,4.0,12.0,1.83,4.56,-0.02,-0.06,-1.33,2137500.0,2.6226993865030677,81500000,2.4918553219336843,2030862.0873759526,-0.13084406456938336,-106637.91262404744,STD,RFA
8475235,Nicolas Deslauriers,LW,2019,59,0.02,0.03,2.0,5.0,-5.49,0.44,-0.05,-0.0,-0.58,950000.0,1.165644171779141,81500000,1.0240296886962348,834584.1962874314,-0.14161448308290625,-115415.8037125686,STD,UFA
8475762,Derek Forbort,D,2019,20,-0.05,-0.2,2.0,14.0,0.27,1.62,-0.0,0.0,-0.27,2525000.0,3.0981595092024543,81500000,2.927043347822952,2385540.328475706,-0.17111616137950225,-139459.67152429433,STD,RFA
8477501,Valeri Nichushkin,RW,2019,65,0.02,0.03,0.0,10.0,3.35,3.52,-1.25,0.04,1.19,2950000.0,3.6196319018404908,81500000,3.4450900812013696,2807748.4161791163,-0.17454182063912116,-142251.58382088374,STD,
8474176,Carl Hagelin,LW,2019,58,0.41,0.58,5.0,19.0,-4.32,0.43,-0.01,0.13,-0.36,2750000.0,3.374233128834356,81500000,3.1924122452871817,2601815.979909053,-0.18182088354717418,-148184.02009094696,STD,UFA
8474573,Josh Bailey,RW,2019,68,0.12,0.14,16.0,55.0,3.34,1.85,0.65,0.07,0.72,5000000.0,6.134969325153374,81500000,5.952115557202424,4850974.179119975,-0.18285376795095054,-149025.8208800247,STD,UFA
8477343,Tyler Lewington,D,2019,6,0.01,0.14,1.0,2.0,-0.83,0.26,-0.0,0.0,0.01,675000.0,0.8282208588957056,81500000,0.6417962097566239,523063.9109516485,-0.18642464913908174,-151936.08904835163,STD,RFA
8480762,Eric Robinson,LW,2019,50,0.05,0.08,0.0,0.0,-1.36,1.63,-0.03,0.0,0.1,874125.0,1.0725460122699386,81500000,0.8673136677789817,706860.6392398701,-0.20523234449095695,-167264.36076012993,STD,RFA
8476043,Ben Street,C,2019,3,0.0,0.0,3.0,5.0,-0.22,-0.32,-0.0,0.0,0.0,750000.0,0.9202453987730062,81500000,0.7148106993554872,582570.7199747221,-0.2054346994175189,-167429.2800252779,STD,UFA
8475625,Matt Irwin,D,2019,35,0.07,0.16,1.0,7.0,-4.06,-0.18,-0.02,0.01,-0.25,675000.0,0.8282208588957056,81500000,0.6016250536427403,490324.41871883336,-0.2265958052529653,-184675.58128116673,STD,UFA
8477404,Jake Guentzel,LW,2019,39,0.25,0.53,40.0,76.0,15.03,0.67,0.57,0.0,0.83,6000000.0,7.361963190184049,81500000,7.119348928968384,5802269.377109232,-0.24261426121566565,-197730.62289076752,STD,RFA
8477240,Carter Rowney,RW,2019,71,0.27,0.31,7.0,20.0,-4.96,0.64,-0.1,0.1,0.17,1133333.0,1.3905926380368099,81500000,1.1410326085433553,929941.5759628345,-0.24956002949345457,-203391.42403716547,STD,UFA
8477931,Tomas Nosek,LW,2019,67,-0.08,-0.1,8.0,17.0,-0.29,0.01,-0.06,0.01,0.14,962500.0,1.1809815950920244,81500000,0.9055420998506225,738016.8113782573,-0.2754394952414019,-224483.1886217425,STD,RFA
8474688,Greg Pateryn,D,2019,20,0.04,0.16,1.0,7.0,-1.42,0.25,-0.04,-0.02,-0.45,2250000.0,2.7607361963190185,81500000,2.471076945923521,2013927.7109276697,-0.28965925039549756,-236072.28907233052,STD,UFA
8474685,Matt Calvert,LW,2019,50,-0.02,-0.03,11.0,26.0,3.71,-0.36,-0.03,-0.01,1.49,2850000.0,3.496932515337423,81500000,3.1821018270913264,2593412.989079431,-0.3148306882460967,-256587.01092056883,STD,UFA
8480806,Isac Lundestrom,C,2019,15,0.03,0.16,0.0,2.0,-1.3,-0.14,0.06,-0.0,0.38,925000.0,1.1349693251533743,81500000,0.8155378184825253,664663.322063258,-0.3194315066708491,-260336.677936742,ELC,
8479388,Riley Stillman,D,2019,34,0.12,0.29,0.0,0.0,0.46,-1.26,-0.03,-0.01,0.46,773333.0,0.9488748466257668,81500000,0.6289733050267792,512613.24359682505,-0.31990154159898765,-260719.75640317495,ELC,
8479482,Michal Kempny,D,2019,58,0.2,0.28,6.0,25.0,-1.25,-0.92,-0.05,-0.01,-0.99,2500000.0,3.067484662576687,81500000,2.747152401244497,2238929.207014265,-0.32033226133219017,-261070.792985735,STD,UFA
8473914,Mark Letestu,C,2019,7,0.0,0.0,0.0,0.0,-1.15,0.36,-0.01,-0.01,0.01,750000.0,0.9202453987730062,81500000,0.5979762777721707,487350.66638431913,-0.3222691210008355,-262649.3336156809,STD,UFA
8475735,Greg McKegg,C,2019,53,0.02,0.03,6.0,11.0,-3.35,-0.29,-0.02,0.0,-0.42,715000.0,0.8773006134969326,81500000,0.552232907724596,450069.8197955457,-0.32506770577233657,-264930.1802044543,STD,RFA
8477462,Robert Hagg,D,2019,49,0.07,0.12,5.0,19.0,1.08,-1.35,0.3,-0.06,-0.88,1150000.0,1.4110429447852761,81500000,1.0770972669792727,877834.2725881073,-0.3339456778060035,-272165.72741189285,STD,RFA
8476960,Andreas Athanasiou,C,2019,55,0.18,0.27,30.0,54.0,-2.51,-2.27,0.61,-0.0,0.84,3000000.0,3.6809815950920246,81500000,3.3459326992479745,2726935.1498870994,-0.33504889584405007,-273064.8501129008,STD,RFA
8476396,Steven Fogarty,C,2019,7,0.0,0.0,0.0,0.0,-0.93,0.13,-0.0,0.0,0.01,700000.0,0.8588957055214724,81500000,0.5200010213927655,423800.8324351039,-0.33889468412870694,-276199.16756489617,STD,RFA
8474145,Robert Bortuzzo,D,2019,41,0.05,0.1,2.0,11.0,-0.27,2.18,-0.0,-0.18,-0.07,1375000.0,1.687116564417178,81500000,1.3267834541265362,1081328.515113127,-0.36033311029064174,-293671.484886873,STD,UFA
8476432,Boone Jenner,C,2019,70,0.1,0.12,16.0,38.0,-3.74,-1.17,-0.33,-0.1,0.23,3750000.0,4.601226993865031,81500000,4.231482020756346,3448657.846916422,-0.36974497310868504,-301342.15308357833,STD,RFA
8477903,Garnet Hathaway,RW,2019,66,0.21,0.26,11.0,19.0,1.14,1.83,-0.04,0.12,1.49,850000.0,1.0429447852760736,81500000,0.6624217798436067,539873.7505725395,-0.38052300543246687,-310126.2494274605,STD,RFA
8480748,Kiefer Sherwood,C,2019,9,0.01,0.09,6.0,12.0,-1.42,-0.83,-0.01,0.0,-0.15,925000.0,1.1349693251533743,81500000,0.7470658859946901,608858.6970856725,-0.3879034391586842,-316141.3029143276,ELC,
8475186,John Moore,D,2019,24,0.0,0.0,4.0,13.0,0.09,1.28,-0.08,0.05,-0.1,2750000.0,3.374233128834356,81500000,2.981678454642518,2430067.940533652,-0.392554674191838,-319932.0594663479,STD,UFA
8474038,Paul Byron,LW,2019,29,0.06,0.17,15.0,31.0,1.41,0.28,-0.08,0.05,0.76,3400000.0,4.171779141104294,81500000,3.7676861366485213,3070664.2013685447,-0.4040930044557731,-329335.7986314551,STD,UFA
8471260,Blake Comeau,LW,2019,55,-0.04,-0.06,7.0,18.0,-3.6,2.21,-0.1,-0.12,-0.7,2400000.0,2.9447852760736195,81500000,2.5167873217301207,2051181.6672100483,-0.42799795434349885,-348818.3327899516,STD,UFA
8476466,Sven Baertschi,LW,2019,6,0.03,0.41,9.0,14.0,0.93,0.12,0.64,0.0,0.18,3366667.0,4.130879754601227,81500000,3.686982956679927,3004891.10969414,-0.4438967979213002,-361775.8903058596,STD,RFA
8480901,Karson Kuhlman,C,2019,25,0.04,0.13,3.0,5.0,-1.68,1.57,0.2,-0.01,-0.11,750000.0,0.9202453987730062,81500000,0.4393352396397514,358058.2203063974,-0.48091015913325474,-391941.77969360264,ELC,
8477365,Connor Clifton,D,2019,31,0.07,0.19,0.0,1.0,-1.09,0.96,-0.05,0.01,0.25,725000.0,0.8895705521472393,81500000,0.4078981191044093,332436.9670700936,-0.48167243304283003,-392563.0329299065,ELC,
8477488,Brett Pesce,D,2019,60,0.22,0.3,7.0,29.0,16.13,2.1,-0.26,0.07,-0.6,4025000.0,4.938650306748467,81500000,4.450739867732574,3627352.9922020477,-0.48791043901589237,-397647.0077979523,STD,RFA
8476539,Jonathan Marchessault,LW,2019,66,0.2,0.25,25.0,59.0,13.97,-2.45,0.32,0.0,0.89,5000000.0,6.134969325153374,81500000,5.6386684570673875,4595514.792509921,-0.49630086808598683,-404485.2074900793,STD,UFA
8479345,Jakob Chychrun,D,2019,63,0.22,0.29,5.0,20.0,6.77,-0.46,-0.01,0.06,-0.25,4600000.0,5.644171779141105,81500000,5.138806168034355,4188127.0269479994,-0.5053656111067495,-411872.9730520008,STD,RFA
8476907,Mackenzie MacEachern,LW,2019,51,0.03,0.05,3.0,5.0,2.06,-0.15,-0.03,0.0,0.42,750000.0,0.9202453987730062,81500000,0.4052813644803894,330304.31205151737,-0.5149640342926167,-419695.68794848263,STD,RFA
8480001,Urho Vaakanainen,D,2019,5,0.02,0.33,0.0,0.0,-0.37,-0.39,-0.04,0.0,0.02,894167.0,1.0971374233128834,81500000,0.5734293517568432,467344.92168182717,-0.5237080715560403,-426822.0783181728,ELC,
8477946,Dylan Larkin,C,2019,71,0.06,0.07,32.0,71.0,3.33,-0.08,-0.38,-0.01,1.81,6100000.0,7.484662576687116,81500000,6.959611614869134,5672083.466118344,-0.5250509618179819,-427916.53388165525,STD,RFA
8480031,Max Comtois,LW,2019,29,-0.01,-0.03,2.0,7.0,-0.96,-0.49,-0.23,0.0,-0.1,820000.0,1.0061349693251533,81500000,0.4631406412828394,377459.62264551414,-0.542994328042314,-442540.37735448586,ELC,
8478366,Frank Vatrano,C,2019,68,0.18,0.22,24.0,39.0,-3.11,0.35,-0.55,0.03,1.55,2533333.0,3.1083840490797545,81500000,2.5523645702946514,2080177.124790141,-0.5560194787851032,-453155.8752098591,STD,RFA
8480935,Lawrence Pilut,D,2019,13,0.04,0.25,1.0,6.0,-2.49,0.6,-0.01,0.0,0.04,925000.0,1.1349693251533743,81500000,0.5489539350254624,447397.45704575186,-0.5860153901279119,-477602.5429542482,ELC,
8477401,John Hayden,C,2019,43,0.03,0.06,3.0,5.0,-5.61,-0.28,-0.04,-0.0,-0.94,750000.0,0.9202453987730062,81500000,0.32586847650700257,265582.8083532071,-0.5943769222660036,-484417.1916467929,STD,RFA
8471242,Mike Green,D,2019,50,-0.14,-0.23,5.0,26.0,0.49,0.84,-0.72,0.0,-1.51,5375000.0,6.595092024539877,81500000,5.984672135546949,4877507.790470764,-0.6104198889929275,-497492.2095292359,STD,UFA
8477473,Justin Bailey,RW,2019,2,0.0,0.0,0.0,1.0,-0.21,-0.07,-0.0,0.0,0.17,715000.0,0.8773006134969326,81500000,0.2451749417111042,199817.5774945499,-0.6321256717858283,-515182.4225054501,STD,RFA
8477406,Mattias Janmark,C,2019,62,0.18,0.24,7.0,25.0,-2.05,2.83,0.47,0.08,1.02,2300000.0,2.8220858895705523,81500000,2.180968165216637,1777489.0546515589,-0.6411177243539155,-522510.9453484411,STD,RFA
8476881,Tomas Hertl,C,2019,47,0.31,0.54,35.0,74.0,2.63,-0.89,-0.53,0.02,0.5,5625000.0,6.901840490797547,81500000,6.242587578826706,5087708.876743766,-0.6592529119708406,-537291.1232562352,STD,RFA
8476856,Matt Dumba,D,2019,69,0.25,0.3,12.0,21.0,4.95,-1.46,-0.78,-0.08,-0.73,6000000.0,7.361963190184049,81500000,6.700026782583693,5460521.82780571,-0.661936407600356,-539478.1721942902,STD,RFA
8477478,William Carrier,LW,2019,71,0.07,0.08,8.0,9.0,1.34,-0.8,-0.07,0.0,-1.4,725000.0,0.8895705521472393,81500000,0.22607020842903403,184247.21986966272,-0.6635003437182053,-540752.7801303373,STD,RFA
8478881,Brett Seney,LW,2019,2,0.0,0.0,5.0,13.0,-0.4,-0.03,-0.0,0.0,0.0,757500.0,0.9294478527607363,81500000,0.254114359929444,207103.20334249682,-0.6753334928312923,-550396.7966575032,ELC,
8479465,Drake Caggiula,LW,2019,40,0.04,0.08,12.0,23.0,4.58,-2.0,0.18,-0.0,-0.08,1500000.0,1.8404907975460123,81500000,1.1640912925954154,948734.4034652637,-0.6763995049505969,-551265.5965347365,STD,RFA
8471707,James Neal,LW,2019,55,0.7,1.04,7.0,19.0,-4.84,0.19,2.06,0.0,0.33,5750000.0,7.05521472392638,81500000,6.375009923277583,5195633.08747123,-0.6802048006487968,-554366.9125287695,STD,UFA
8480035,Henri Jokiharju,D,2019,69,0.17,0.2,0.0,11.0,-4.78,-1.57,0.37,-0.07,-2.16,925000.0,1.1349693251533743,81500000,0.4446106959233962,362357.71717756795,-0.6903586292299781,-562642.2828224322,ELC,
8476918,Jimmy Vesey,LW,2019,64,0.09,0.12,17.0,35.0,-2.43,0.2,-0.29,-0.04,0.84,2275000.0,2.791411042944785,81500000,2.0929855346139394,1705783.2107103607,-0.6984255083308457,-569216.7892896392,STD,RFA
8476873,Mark Jankowski,C,2019,56,0.14,0.2,14.0,32.0,-1.71,1.64,-0.11,0.14,-0.57,1675000.0,2.0552147239263805,81500000,1.3389906335115622,1091277.3663119234,-0.7162240904148183,-583722.6336880769,STD,RFA
8473546,Michael Grabner,LW,2019,46,0.29,0.52,10.0,15.0,1.93,-0.42,-0.02,0.28,0.44,3350000.0,4.110429447852761,81500000,3.3883778208589597,2761527.924000052,-0.7220516269938013,-588472.0759999481,STD,UFA
8481477,Nico Sturm,C,2019,6,0.0,0.0,0.0,0.0,-0.59,0.43,-0.0,0.0,0.18,925000.0,1.1349693251533743,81500000,0.38932832582996646,317302.5855514227,-0.7456409993234079,-607697.4144485774,ELC,
8473412,Bryan Little,C,2019,7,-0.01,-0.12,15.0,41.0,-0.25,-0.24,-0.16,-0.01,0.19,5291666.0,6.4928417177914115,81500000,5.719368019777862,4661284.936118958,-0.7734736980135493,-630381.0638810426,STD,UFA
8477953,Kasperi Kapanen,C,2019,69,0.11,0.13,20.0,44.0,2.57,-0.65,-0.82,-0.04,2.07,3200000.0,3.92638036809816,81500000,3.0581522801938767,2492394.1083580097,-0.8682280879042832,-707605.8916419909,STD,RFA
8474157,Max Pacioretty,LW,2019,71,0.54,0.62,22.0,40.0,21.45,-1.85,2.09,0.0,-0.11,7000000.0,8.588957055214724,81500000,7.709512479647225,6283252.670912488,-0.8794445755674989,-716747.3290875116,STD,UFA
8477455,Jacob De La Rose,C,2019,50,-0.1,-0.16,3.0,9.0,-2.7,-0.24,-0.02,-0.02,-0.07,900000.0,1.1042944785276074,81500000,0.2225201179701113,181353.8961456407,-0.8817743605574961,-718646.1038543594,STD,RFA
8471699,Andrew Cogliano,C,2019,68,0.4,0.48,6.0,17.0,-9.3,3.25,-0.1,0.31,-0.52,3250000.0,3.9877300613496933,81500000,3.1041634387030577,2529893.202542992,-0.8835666226466357,-720106.797457008,STD,UFA
8477213,Tim Schaller,LW,2019,53,0.35,0.54,3.0,10.0,-2.5,-0.66,-0.02,0.08,0.11,1900000.0,2.331288343558282,81500000,1.4320285297056312,1167103.2517100894,-0.8992598138526509,-732896.7482899105,STD,UFA
8476880,Tom Wilson,RW,2019,68,0.31,0.37,22.0,40.0,-0.09,-0.6,0.9,0.03,-0.62,5166667.0,6.339468711656441,81500000,5.402778041500715,4403264.1038230825,-0.936690670155726,-763402.8961769167,STD,RFA
8474062,Riley Nash,C,2019,64,0.08,0.1,3.0,11.0,-4.38,4.53,-0.03,-0.06,-0.2,2750000.0,3.374233128834356,81500000,2.427768055068775,1978630.9648810516,-0.9464650737655811,-771369.0351189487,STD,UFA
8476958,Jaccob Slavin,D,2019,67,0.48,0.59,8.0,30.0,9.6,2.95,-0.56,0.18,1.48,5300000.0,6.5030674846625764,81500000,5.549560485984982,4522891.79607776,-0.9535069986775948,-777108.2039222397,STD,RFA
8475790,Erik Gudbranson,D,2019,51,0.01,0.02,2.0,10.0,-1.5,-2.29,-0.11,-0.13,-1.52,4000000.0,4.9079754601226995,81500000,3.9454287604860188,3215524.4397961055,-0.9625466996366807,-784475.5602038949,STD,UFA
8475754,Brock Nelson,C,2019,68,0.16,0.19,25.0,53.0,2.05,3.69,0.11,-0.03,-0.27,6000000.0,7.361963190184049,81500000,6.36885972869891,5190620.678889612,-0.9931034614851395,-809379.3211103887,STD,UFA
8476442,Matt Nieto,LW,2019,70,0.19,0.22,3.0,20.0,-4.0,1.14,-0.03,-0.04,0.85,1975000.0,2.4233128834355826,81500000,1.4113755794955498,1150271.097288873,-1.0119373039400328,-824728.9027111267,STD,RFA
8473463,Leo Komarov,C,2019,48,0.03,0.05,5.0,26.0,-3.59,2.28,-0.0,0.02,0.45,3000000.0,3.6809815950920246,81500000,2.660795478427241,2168548.3149182014,-1.0201861166647834,-831451.6850817985,STD,UFA
8477971,Andreas Englund,D,2019,24,0.01,0.03,0.0,0.0,-1.0,-0.43,-0.01,0.0,0.39,700000.0,0.8588957055214724,81500000,-0.16549958274881327,-134882.1599402828,-1.0243952882702856,-834882.1599402827,STD,RFA
8480769,Joel L'Esperance,C,2019,3,0.0,0.0,2.0,2.0,-0.23,0.02,-0.06,0.0,-0.17,722500.0,0.8865030674846626,81500000,-0.16304705917002948,-132883.35322357403,-1.049550126654692,-855383.353223574,ELC,
8480829,Jesperi Kotkaniemi,C,2019,35,0.01,0.02,11.0,34.0,-0.87,-1.28,-0.07,0.0,0.26,925000.0,1.1349693251533743,81500000,0.07548460632261822,61519.954152933846,-1.0594847188307561,-863480.0458470662,ELC,
8477527,Ross Johnston,LW,2019,32,0.02,0.05,1.0,4.0,-0.83,0.27,-0.0,0.0,-0.63,1000000.0,1.2269938650306749,81500000,0.16570767426872557,135051.75452901132,-1.0612861907619493,-864948.2454709887,STD,RFA
8476441,Joel Edmundson,D,2019,67,0.21,0.26,2.0,11.0,-0.63,-0.51,0.01,0.17,-1.81,3000000.0,3.6809815950920246,81500000,2.5845177994966324,2106382.0065897554,-1.0964637955953922,-893617.9934102446,STD,RFA
8476480,Vladislav Namestnikov,C,2019,64,-0.1,-0.13,11.0,31.0,-0.3,-2.27,-0.61,0.26,-1.18,4000000.0,4.9079754601226995,81500000,3.7935911083498137,3091776.753305098,-1.1143843517728858,-908223.2466949018,STD,RFA
8476879,Cody Ceci,D,2019,56,0.38,0.56,7.0,26.0,1.76,0.03,-0.05,-0.06,-0.81,4300000.0,5.276073619631902,81500000,4.149921390406149,3382185.9331810116,-1.1261522292257524,-917814.0668189883,STD,RFA
8465009,Zdeno Chara,D,2019,68,0.36,0.43,5.0,14.0,-1.37,2.14,-0.07,-0.15,-1.44,2000000.0,2.4539877300613497,81500000,1.3260661543211487,1080743.9157717363,-1.127921575740201,-919256.0842282638,STD,UFA
8480314,Max Veronneau,RW,2019,4,0.0,0.0,2.0,4.0,-0.38,0.12,-0.01,0.0,0.01,925000.0,1.1349693251533743,81500000,-0.01082920336046378,-8825.80073877798,-1.1457985285138381,-933825.8007387781,ELC,
8476392,Adam Lowry,C,2019,49,0.16,0.27,12.0,22.0,-8.96,0.01,-0.15,0.09,0.13,2916666.0,3.5787312883435582,81500000,2.4307407750932057,1981053.7317009626,-1.1479905132503525,-935612.2682990374,STD,RFA
8474715,Cam Atkinson,RW,2019,44,0.16,0.3,41.0,69.0,-0.36,-0.16,0.23,0.06,0.99,5875000.0,7.208588957055214,81500000,6.045312439699947,4926929.638355456,-1.1632765173552677,-948070.3616445432,STD,UFA
8474150,Mikael Backlund,C,2019,70,0.1,0.12,21.0,47.0,3.29,0.78,1.3,0.04,-1.47,5350000.0,6.56441717791411,81500000,5.392247364643831,4394681.602184722,-1.172169813270279,-955318.3978152773,STD,UFA
8478502,Dennis Gilbert,D,2019,21,0.06,0.23,0.0,0.0,-0.73,-1.34,-0.02,0.0,-0.28,925000.0,1.1349693251533743,81500000,-0.055955781550945716,-45603.96196402076,-1.19092510670432,-970603.9619640209,ELC,
8475169,Evander Kane,LW,2019,64,0.74,0.95,30.0,56.0,-1.74,-4.7,2.6,0.22,-2.83,7000000.0,8.588957055214724,81500000,7.388328923433571,6021488.0725983605,-1.2006281317811531,-978511.9274016398,STD,UFA
8475764,Cam Fowler,D,2019,60,-0.01,-0.01,5.0,23.0,5.4,2.26,-0.79,-0.01,-1.12,6500000.0,7.975460122699387,81500000,6.774777135231043,5521443.3652133,-1.200682987468344,-978556.6347867004,STD,UFA
8478906,Markus Nutivaara,D,2019,37,0.1,0.22,5.0,20.0,-0.74,1.27,0.23,0.0,-0.23,2700000.0,3.3128834355828225,81500000,2.089457225477611,1702907.638764253,-1.2234262101052114,-997092.3612357472,STD,RFA
8475177,Calvin de Haan,D,2019,29,0.08,0.23,1.0,12.0,0.14,-0.11,-0.05,-0.0,0.28,4550000.0,5.58282208588957,81500000,4.326418388544605,3526030.986663853,-1.2564036973449655,-1023969.0133361468,STD,UFA
8476988,Matt Benning,D,2019,43,0.12,0.23,5.0,16.0,-0.42,1.86,-0.0,-0.02,-0.07,1900000.0,2.331288343558282,81500000,1.0610457762953018,864752.307680671,-1.2702425672629802,-1035247.6923193289,STD,RFA
8477989,Christian Dvorak,C,2019,70,0.3,0.35,2.0,7.0,6.41,-0.78,0.59,-0.01,0.04,4450000.0,5.460122699386503,81500000,4.180453125691532,3407069.2974385987,-1.2796695736949708,-1042930.7025614012,STD,RFA
8469459,Mikko Koivu,C,2019,55,-0.07,-0.1,8.0,29.0,-1.48,2.41,0.55,-0.06,-1.2,5500000.0,6.748466257668712,81500000,5.457559918012132,4447911.333179887,-1.2909063396565799,-1052088.6668201126,STD,UFA
8477986,Brandon Montour,D,2019,54,-0.01,-0.02,8.0,34.0,-2.29,-0.67,-0.55,-0.04,-1.17,3387500.0,4.156441717791411,81500000,2.812169486249349,2291918.1312932195,-1.344272231542062,-1095581.8687067805,STD,RFA
8476981,Josh Anderson,D,2019,26,0.04,0.13,27.0,47.0,-1.45,-0.03,-0.65,0.03,0.08,765000.0,0.9386503067484663,81500000,-0.4109584970249607,-334931.17507534294,-1.3496088037734268,-1099931.1750753429,ELC,
8477425,Miles Wood,LW,2019,68,0.01,0.01,10.0,24.0,-3.24,-3.18,-0.69,0.0,1.02,2750000.0,3.374233128834356,81500000,2.003768781916383,1633071.5572618523,-1.3704643469179727,-1116928.4427381477,STD,RFA
8479324,Ryan Lindgren,D,2019,60,0.19,0.26,0.0,0.0,-1.06,0.12,-0.04,0.01,0.01,925000.0,1.1349693251533743,81500000,-0.23713056618607453,-193261.41144165074,-1.3720998913394489,-1118261.4114416507,ELC,
8477290,Michael Raffl,LW,2019,58,0.17,0.24,6.0,18.0,-1.96,0.29,0.37,-0.01,0.47,1600000.0,1.96319018404908,81500000,0.5841632457693873,476093.0453020506,-1.3790269382796927,-1123906.9546979496,STD,UFA
8478396,Noah Hanifin,D,2019,70,0.0,0.0,5.0,31.0,9.46,-0.96,0.02,0.05,0.1,4950000.0,6.073619631901841,81500000,4.666130360842319,3802896.24408649,-1.4074892710595224,-1147103.7559135107,STD,RFA
8476312,Josh Manson,D,2019,48,0.15,0.26,3.0,16.0,-2.89,0.65,-0.09,0.04,-1.01,4100000.0,5.030674846625767,81500000,3.5949255827252546,2929864.349921082,-1.4357492639005125,-1170135.6500789176,STD,RFA
8477949,Alex Tuch,RW,2019,42,0.07,0.14,20.0,52.0,1.07,0.55,0.56,-0.0,1.64,4750000.0,5.828220858895705,81500000,4.389386915371341,3577350.336027643,-1.4388339435243633,-1172649.6639723561,STD,RFA
8476885,Jacob Trouba,D,2019,70,-0.16,-0.19,8.0,50.0,-6.39,-0.4,-0.93,-0.11,-0.56,5500000.0,6.748466257668712,81500000,5.287607934594883,4309400.466694829,-1.460858323073829,-1190599.5333051707,STD,RFA
8476356,Tobias Rieder,C,2019,55,0.03,0.04,0.0,11.0,-7.34,1.47,-0.03,0.11,1.47,2000000.0,2.4539877300613497,81500000,0.9325149424390773,759999.6780878479,-1.5214727876222724,-1240000.321912152,STD,UFA
8476913,Devin Shore,C,2019,46,0.06,0.11,10.0,28.0,-1.14,-0.64,0.12,-0.0,0.1,2300000.0,2.8220858895705523,81500000,1.2934648302736722,1054173.836673043,-1.52862105929688,-1245826.1633269573,STD,RFA
8477845,Trevor van Riemsdyk,D,2019,48,0.23,0.39,3.0,14.0,-0.67,2.22,-0.02,-0.03,-0.04,2300000.0,2.8220858895705523,81500000,1.279476158460529,1042773.069145331,-1.5426097311100233,-1257226.930854669,STD,RFA
8471218,Blake Wheeler,RW,2019,71,0.39,0.45,20.0,89.0,3.81,-2.41,2.15,-0.0,0.93,8250000.0,10.122699386503067,81500000,8.513246841366003,6938296.175713292,-1.6094525451370636,-1311703.824286707,STD,UFA
8474013,Ian Cole,D,2019,65,-0.02,-0.03,2.0,15.0,2.88,0.83,-0.02,0.04,-1.83,4250000.0,5.214723926380368,81500000,3.601192820771251,2934972.1489285696,-1.613531105609117,-1315027.8510714304,STD,UFA
8471817,Ryan Reaves,RW,2019,71,0.03,0.03,9.0,19.0,5.87,1.68,-0.26,0.0,-0.38,2775000.0,3.4049079754601226,81500000,1.7731201652833022,1445092.9347058914,-1.6317878101768204,-1329907.0652941086,STD,UFA
8475164,Jakob Silfverberg,RW,2019,66,-0.01,-0.01,24.0,43.0,2.16,1.55,-0.89,0.07,1.57,5250000.0,6.441717791411043,81500000,4.802802371638899,3914283.9328857027,-1.638915419772144,-1335716.0671142973,STD,UFA
8480068,Ryan Poehling,C,2019,27,0.02,0.06,3.0,3.0,-0.27,-0.37,-0.11,0.0,-0.29,925000.0,1.1349693251533743,81500000,-0.5080395607522679,-414052.2420130983,-1.6430088859056422,-1339052.2420130984,ELC,
8476525,Colin Miller,D,2019,51,0.09,0.14,3.0,29.0,-5.67,1.5,-0.65,0.02,-0.18,3875000.0,4.754601226993866,81500000,3.107468656388006,2532586.954956225,-1.6471325706058595,-1342413.0450437756,STD,RFA
8479442,Troy Stecher,D,2019,69,0.22,0.26,2.0,23.0,2.82,-1.55,-0.05,0.0,0.53,2325000.0,2.852760736196319,81500000,1.182101970721689,963413.1061381766,-1.6706587654746299,-1361586.8938618232,STD,RFA
8474849,Antoine Roussel,LW,2019,41,-0.05,-0.1,9.0,30.0,0.01,-0.37,-0.71,-0.0,-1.95,3000000.0,3.6809815950920246,81500000,1.9734422592789702,1608355.4413123606,-1.7075393358130544,-1391644.5586876394,STD,UFA
8481186,Logan O'Connor,RW,2019,16,0.01,0.05,0.0,0.0,0.03,0.5,-0.01,-0.0,0.19,925000.0,1.1349693251533743,81500000,-0.592558856602988,-482935.4681314352,-1.7275281817563624,-1407935.4681314353,ELC,
8480326,Sheldon Dries,C,2019,5,0.0,0.0,3.0,5.0,-0.41,-0.28,-0.0,0.0,0.01,925000.0,1.1349693251533743,81500000,-0.6278832533392222,-511724.8514714661,-1.7628525784925966,-1436724.8514714662,ELC,
8480074,Alexandre Texier,LW,2019,36,0.02,0.05,1.0,1.0,0.35,0.49,-0.33,0.0,0.42,897500.0,1.1012269938650308,81500000,-0.6755312899913104,-550558.001342918,-1.7767582838563412,-1448058.001342918,ELC,
8476921,Jordan Martinook,C,2019,44,-0.01,-0.02,15.0,25.0,-1.63,-0.43,-0.02,-0.01,-0.93,2000000.0,2.4539877300613497,81500000,0.6741066290256459,549396.9026559014,-1.7798811010357038,-1450603.0973440986,STD,RFA
8478585,Derek Ryan,C,2019,68,-0.09,-0.11,13.0,37.0,0.68,3.08,-0.22,0.0,0.52,3125000.0,3.834355828220859,81500000,2.016462359590074,1643416.8230659103,-1.817893468630785,-1481583.17693409,STD,UFA
8474641,Adam Henrique,C,2019,71,0.14,0.16,18.0,42.0,4.6,2.64,-0.46,0.04,0.22,5825000.0,7.147239263803681,81500000,5.305584905027411,4324051.69759734,-1.8416543587762702,-1500948.30240266,STD,UFA
8466138,Joe Thornton,C,2019,70,0.06,0.07,16.0,51.0,3.31,-1.86,-0.52,0.0,-0.65,5000000.0,6.134969325153374,81500000,4.2870713895656305,3493963.182495989,-1.8478979355877438,-1506036.8175040113,STD,UFA
8479365,Trent Frederic,C,2019,2,0.0,0.0,0.0,0.0,-0.32,0.03,-0.0,0.0,0.0,925000.0,1.1349693251533743,81500000,-0.7631401260493895,-621959.2027302524,-1.8981094512027639,-1546959.2027302526,ELC,
8475722,Jason Zucker,LW,2019,60,0.27,0.37,22.0,42.0,6.27,0.26,0.45,0.01,1.2,5500000.0,6.748466257668712,81500000,4.809039883370888,3919367.5049472735,-1.939426374297824,-1580632.4950527265,STD,RFA
8476448,William Karlsson,C,2019,63,0.21,0.27,24.0,56.0,8.15,2.58,-0.54,0.19,0.73,5900000.0,7.2392638036809815,81500000,5.156008520603118,4202146.944291541,-2.0832552830778637,-1697853.0557084589,STD,RFA
8471303,Alexander Edler,D,2019,59,0.07,0.1,10.0,31.0,1.97,-0.53,0.03,-0.07,-2.14,6000000.0,7.361963190184049,81500000,5.259772092645706,4286714.255506251,-2.102191097538343,-1713285.7444937497,STD,UFA
8471669,Paul Stastny,C,2019,71,-0.04,-0.05,13.0,41.0,10.77,2.11,0.1,-0.09,0.56,6500000.0,7.975460122699387,81500000,5.867050058162944,4781645.797402799,-2.108410064536443,-1718354.202597201,STD,UFA
8476869,Brady Skjei,D,2019,67,-0.07,-0.09,8.0,25.0,2.51,-0.38,-0.04,0.14,-1.78,5250000.0,6.441717791411043,81500000,4.25972080802906,3471672.4585436843,-2.181996983381983,-1778327.541456316,STD,RFA
8477220,Nate Schmidt,D,2019,59,0.25,0.35,9.0,31.0,9.3,1.87,0.84,0.03,-0.61,5950000.0,7.300613496932515,81500000,5.116322907117775,4169803.1693009865,-2.18429058981474,-1780196.830699013,STD,UFA
8475430,Brandon Manning,D,2019,9,0.02,0.18,2.0,4.0,-0.78,0.24,-0.0,-0.0,0.36,2250000.0,2.7607361963190185,81500000,0.5662097510165705,461460.9470785049,-2.194526445302448,-1788539.0529214952,STD,UFA
8476902,Esa Lindell,D,2019,69,0.45,0.53,11.0,32.0,-2.19,1.13,0.38,-0.13,0.64,5800000.0,7.116564417177915,81500000,4.913756393927327,4004711.4610507716,-2.2028080232505873,-1795288.5389492288,STD,RFA
8471769,Niklas Hjalmarsson,D,2019,26,0.15,0.47,0.0,10.0,0.22,-0.24,-0.01,0.06,-0.93,5000000.0,6.134969325153374,81500000,3.9149084987653744,3190650.42649378,-2.220060826388,-1809349.5735062198,STD,UFA
8477085,Ashton Sautner,D,2019,1,0.0,0.0,0.0,1.0,-0.09,-0.01,-0.0,0.0,0.0,675000.0,0.8282208588957056,81500000,-1.4277212702636977,-1163592.8352649137,-2.2559421291594033,-1838592.8352649137,STD,RFA
8474068,Kyle Turris,C,2019,62,-0.14,-0.19,7.0,23.0,4.05,-1.82,-0.46,0.01,-0.33,6000000.0,7.361963190184049,81500000,5.082808191787519,4142488.676306828,-2.27915499839653,-1857511.3236931718,STD,UFA
8476875,Michael Matheson,D,2019,58,0.28,0.4,8.0,26.0,3.71,-2.72,0.02,0.05,0.19,4875000.0,5.98159509202454,81500000,3.688815812049903,3006384.886820671,-2.2927792799746376,-1868615.1131793295,STD,RFA
8477463,Steven Santini,D,2019,2,0.0,0.0,1.0,4.0,0.16,-0.02,-0.0,0.0,0.0,1416667.0,1.7382417177914111,81500000,-0.6278606726297067,-511706.44819321093,-2.366102390421118,-1928373.448193211,STD,RFA
8477939,William Nylander,C,2019,68,0.32,0.39,7.0,27.0,15.84,-0.21,1.47,0.0,1.25,7514935.0,9.220779141104295,81500000,6.851432373251937,5583917.384200328,-2.369346767852358,-1931017.6157996717,STD,RFA
8474037,James van Riemsdyk,LW,2019,66,0.36,0.45,27.0,46.0,8.81,-0.65,-0.06,0.0,0.18,7000000.0,8.588957055214724,81500000,6.042680515409254,4924784.620058542,-2.5462765398054703,-2075215.379941458,STD,UFA
8476453,Nikita Kucherov,RW,2019,68,0.95,1.15,41.0,127.0,19.49,0.15,1.67,0.0,0.23,9500000.0,11.65644171779141,81500000,8.989899845265887,7326768.373891697,-2.6665418725255225,-2173231.626108301,STD,RFA
8477951,Nick Schmaltz,C,2019,70,0.09,0.11,7.0,25.0,2.4,-1.75,-0.02,0.0,0.54,5850000.0,7.177914110429448,81500000,4.382759721443213,3571949.1729762186,-2.7951543889862354,-2278050.827023782,STD,RFA
8477940,Nikolaj Ehlers,LW,2019,71,0.28,0.32,21.0,37.0,8.58,-1.12,-0.28,0.0,2.94,6000000.0,7.361963190184049,81500000,4.5168675400403995,3681247.0451329253,-2.8450956501436497,-2318752.9548670743,STD,RFA
8475098,Tyler Bozak,C,2019,68,0.09,0.11,13.0,38.0,1.53,2.1,-0.07,0.16,0.53,5000000.0,6.134969325153374,81500000,3.2408165474481017,2641265.486170203,-2.8941527777052727,-2358734.513829797,STD,UFA
8474151,Ryan McDonagh,D,2019,50,0.1,0.16,9.0,46.0,7.45,2.95,-0.08,0.07,0.36,6750000.0,8.282208588957054,81500000,5.320025873928602,4335821.08725181,-2.9621827150284528,-2414178.912748189,STD,UFA
8474053,Logan Couture,C,2019,52,0.18,0.28,27.0,70.0,2.46,-2.38,-0.09,0.07,1.71,8000000.0,9.815950920245399,81500000,6.780693323587355,5526265.058723695,-3.0352575966580435,-2473734.9412763054,STD,UFA
8475763,Kevin Hayes,C,2019,69,0.31,0.37,19.0,55.0,5.38,-0.69,0.41,0.04,-0.97,7142857.0,8.764241717791412,81500000,5.672950088105987,4623454.321806379,-3.0912916296854256,-2519402.678193622,STD,UFA
8469454,Ilya Kovalchuk,LW,2019,46,0.02,0.04,16.0,34.0,-1.56,0.18,-0.49,0.0,0.48,6250000.0,7.668711656441718,81500000,4.569349674369766,3724019.9846113594,-3.099361982071952,-2525980.0153886406,STD,
8474291,Jay Beagle,C,2019,55,0.14,0.21,3.0,12.0,-4.58,-1.52,-0.03,-0.12,-0.72,3000000.0,3.6809815950920246,81500000,0.5169610298026655,421323.23928917234,-3.164020565289359,-2578676.7607108275,STD,UFA
8475171,Oliver Ekman Larsson,D,2019,66,-0.24,-0.3,14.0,44.0,-2.17,-4.75,-1.72,-0.11,-0.4,8250000.0,10.122699386503067,81500000,6.834080027040185,5569775.22203775,-3.2886193594628814,-2680224.7779622483,STD,UFA
8475913,Mark Stone,RW,2019,65,0.4,0.5,33.0,72.0,20.56,3.49,0.92,0.23,0.4,9500000.0,11.65644171779141,81500000,7.946547022482905,6476435.823323568,-3.7098946953085044,-3023564.1766764307,STD,UFA
8478402,Connor McDavid,C,2019,64,1.55,1.99,41.0,115.0,19.92,-4.49,5.87,0.02,1.96,12500000.0,15.337423312883436,81500000,11.603584090470166,9456921.033733185,-3.7338392224132697,-3043078.9662668146,STD,RFA
8478403,Jack Eichel,C,2019,68,0.61,0.74,28.0,81.0,13.25,-3.59,1.48,0.01,4.36,10000000.0,12.269938650306749,81500000,8.531654591090705,6953298.491738925,-3.738284059216044,-3046701.5082610757,STD,RFA
8475166,John Tavares,C,2019,63,0.92,1.2,47.0,87.0,7.79,-3.16,2.42,0.0,0.91,11000000.0,13.496932515337424,81500000,9.757634761892382,7952472.330942291,-3.739297753445042,-3047527.6690577096,STD,UFA
8471709,Marc Edouard Vlasic,D,2019,70,0.36,0.42,3.0,24.0,-1.1,-1.16,-0.32,0.18,0.26,7000000.0,8.588957055214724,81500000,4.847074496872528,3950365.7149511105,-3.741882558342196,-3049634.2850488895,STD,UFA
8476826,Yanni Gourde,C,2019,70,0.31,0.36,22.0,48.0,-2.32,0.73,0.49,0.05,-0.67,5166667.0,6.339468711656441,81500000,2.56617990185058,2091436.6200082228,-3.7732888098058615,-3075230.3799917772,STD,UFA
8475794,Tyler Seguin,C,2019,69,0.63,0.75,33.0,79.0,-3.01,1.95,1.05,-0.03,0.58,9850000.0,12.085889570552148,81500000,7.993844716777522,6514983.444173681,-4.092044853774626,-3335016.55582632,STD,UFA
8474563,Drew Doughty,D,2019,67,-0.11,-0.13,8.0,45.0,0.9,-1.1,-0.46,-0.21,-1.72,11000000.0,13.496932515337424,81500000,8.863233349703558,7223535.180008399,-4.633699165633866,-3776464.8199916007,STD,UFA
8475784,Jeff Skinner,C,2019,59,0.25,0.35,40.0,64.0,3.25,-0.13,-1.11,0.0,2.05,9000000.0,11.042944785276074,81500000,6.1371274276349315,5001758.853522469,-4.905817357641142,-3998241.1464775307,STD,UFA
8474578,Erik Karlsson,D,2019,56,0.48,0.7,3.0,45.0,6.61,-2.33,1.04,0.1,0.59,11500000.0,14.11042944785276,81500000,8.503779228385648,6930580.071134303,-5.606650219467111,-4569419.928865695,STD,UFA
8479318,Auston Matthews,C,2019,70,0.65,0.76,37.0,73.0,36.52,-4.1,1.52,0.0,1.97,11639000.0,14.280981595092024,81500000,8.562811292996114,6978691.2037918335,-5.71817030209591,-4660308.7962081665,STD,RFA
8480069,Cale Makar,D,2020,44,0.57,1.06,12.0,50.0,14.54,2.53,2.74,0.03,1.39,880833.0,1.0807766871165645,81500000,7.505637410609561,6117094.489646792,6.424860723492996,5236261.489646792,ELC,
8477950,Tony DeAngelo,D,2020,6,0.01,0.14,15.0,53.0,-0.35,0.14,-0.33,0.0,-0.32,925000.0,1.1349693251533743,81500000,6.5951165428695955,5375019.982438721,5.460147217716221,4450019.982438721,STD,RFA
8478038,Devon Toews,D,2020,53,0.33,0.51,6.0,28.0,14.57,6.45,-0.56,-0.04,0.92,700000.0,0.8588957055214724,81500000,6.17210357673528,5030264.415039253,5.313207871213807,4330264.4150392525,STD,RFA
8479323,Adam Fox,D,2020,55,0.45,0.67,8.0,41.0,-1.44,4.36,0.37,0.05,-0.09,925000.0,1.1349693251533743,81500000,6.343391059617828,5169863.713588529,5.208421734464453,4244863.713588529,ELC,
8474031,Kevin Shattenkirk,D,2020,55,-0.12,-0.18,8.0,33.0,-4.56,1.51,-1.01,-0.03,-0.81,1750000.0,2.147239263803681,81500000,6.308812534123939,5141682.21531101,4.161573270320258,3391682.2153110104,STD,UFA
8480800,Quinn Hughes,D,2020,56,0.46,0.67,8.0,53.0,-3.83,-4.27,1.13,0.0,-0.44,916666.0,1.1247435582822085,81500000,5.213962610452095,4249379.527518458,4.089219052169886,3332713.5275184573,ELC,
8476905,Chandler Stephenson,C,2020,51,0.15,0.24,11.0,26.0,8.45,0.86,-0.14,0.04,1.02,1050000.0,1.2883435582822087,81500000,5.349940096424126,4360201.1785856625,4.061596538141917,3310201.178585662,STD,RFA
8478856,Conor Garland,RW,2020,49,0.1,0.17,22.0,38.0,4.85,2.16,0.41,-0.0,2.2,775000.0,0.9509202453987731,81500000,4.866860182885366,3966491.0490515735,3.915939937486593,3191491.049051573,STD,RFA
8477506,Ryan Pulock,D,2020,56,0.1,0.15,10.0,36.0,7.82,6.7,-1.23,-0.0,0.23,2000000.0,2.4539877300613497,81500000,6.220753407504473,5069914.027116145,3.7667656774431233,3069914.0271161455,STD,RFA
8470621,Corey Perry,RW,2020,49,0.18,0.3,5.0,22.0,-1.28,1.35,0.01,0.0,0.97,1500000.0,1.8404907975460123,81500000,5.330077484727463,4344013.150052882,3.4895866871814505,2844013.1500528823,STD,UFA
8480012,Elias Pettersson,C,2020,26,-0.01,-0.03,28.0,66.0,3.56,-0.69,-0.7,0.0,1.79,925000.0,1.1349693251533743,81500000,4.597519449741098,3746978.351538995,3.4625501245877235,2821978.351538995,ELC,
8477952,Robby Fabbri,C,2020,30,-0.1,-0.27,15.0,32.0,0.59,-0.88,-0.69,0.0,-0.07,900000.0,1.1042944785276074,81500000,4.531592978692819,3693248.2776346477,3.427298500165212,2793248.277634648,STD,RFA
8473544,Derick Brassard,C,2020,53,-0.2,-0.31,10.0,32.0,-3.35,2.25,-0.54,0.0,0.48,1200000.0,1.4723926380368098,81500000,4.880902818307467,3977935.7969205854,3.408510180270657,2777935.796920586,STD,UFA
8478493,Joel Eriksson Ek,C,2020,56,0.16,0.23,8.0,30.0,10.71,3.47,-0.22,-0.14,1.2,1487500.0,1.8251533742331287,81500000,5.186232452583967,4226779.448855933,3.3610790783508384,2739279.4488559333,STD,RFA
8480801,Brady Tkachuk,LW,2020,56,0.43,0.63,21.0,43.0,-0.69,-2.42,0.11,0.0,1.38,925000.0,1.1349693251533743,81500000,4.3850720949118,3573833.757353117,3.250102769758426,2648833.7573531168,ELC,
8480830,Andrei Svechnikov,RW,2020,55,0.39,0.58,24.0,61.0,5.57,1.04,0.72,-0.0,-0.5,925000.0,1.1349693251533743,81500000,4.374846596604323,3565499.9762325236,3.2398772714509487,2640499.976232523,ELC,
8474584,Michael Del Zotto,D,2020,53,0.14,0.22,2.0,15.0,-1.75,-0.62,-0.36,-0.04,-0.34,750000.0,0.9202453987730062,81500000,4.146695746357533,3379557.03328139,3.226450347584527,2629557.0332813896,STD,UFA
8478233,Andrew Mangiapane,C,2020,56,0.2,0.29,17.0,32.0,9.54,1.89,-0.11,0.08,0.17,715000.0,0.8773006134969326,81500000,4.03175653258536,3285881.5740570687,3.154455919088428,2570881.5740570687,STD,RFA
8477409,Carter Verhaeghe,C,2020,43,0.03,0.06,7.0,11.0,9.55,-0.41,-0.14,-0.0,-0.71,700000.0,0.8588957055214724,81500000,3.9452806063366115,3215403.6941643385,3.086384900815139,2515403.6941643385,STD,RFA
8480839,Rasmus Dahlin,D,2020,56,0.25,0.37,4.0,39.0,-0.65,1.23,-0.42,0.0,0.22,925000.0,1.1349693251533743,81500000,4.207511452838354,3429121.834063258,3.0725421276849794,2504121.834063258,ELC,
8474102,David Perron,LW,2020,56,0.31,0.45,25.0,59.0,-3.04,0.06,2.14,0.0,0.19,4000000.0,4.9079754601226995,81500000,7.878715998314215,6421153.538626085,2.9707405381915155,2421153.538626085,STD,UFA
8477947,Sonny Milano,LW,2020,6,0.0,0.0,7.0,23.0,-0.51,0.54,-0.09,-0.0,0.19,874125.0,1.0725460122699386,81500000,4.019983104534983,3276286.2301960113,2.9474370922650444,2402161.230196011,STD,RFA
8477960,Adrian Kempe,C,2020,56,0.64,0.94,12.0,31.0,-3.43,-1.02,2.13,0.05,-0.68,2000000.0,2.4539877300613497,81500000,5.346101224594912,4357072.498044854,2.8921134945335627,2357072.4980448536,STD,RFA
8477933,Sam Reinhart,C,2020,54,0.32,0.49,21.0,49.0,4.71,0.85,1.76,0.0,0.53,3650000.0,4.478527607361963,81500000,7.2534742695060235,5911581.529647409,2.7749466621440604,2261581.5296474095,STD,RFA
8476278,Colin Blackwell,C,2020,47,0.11,0.19,3.0,10.0,3.12,-0.19,0.46,0.02,0.63,675000.0,0.8282208588957056,81500000,3.5969559019998343,2931519.0601298646,2.7687350431041287,2256519.0601298646,STD,
8471887,Patric Hornqvist,RW,2020,44,0.87,1.62,18.0,35.0,-3.22,1.62,1.23,0.0,-0.54,5300000.0,6.5030674846625764,81500000,9.2647864009071,7550800.916739287,2.761718916244524,2250800.916739287,STD,UFA
8475343,Nic Dowd,C,2020,56,0.22,0.32,7.0,15.0,-1.55,1.31,-0.1,0.06,-1.04,750000.0,0.9202453987730062,81500000,3.6727850227299452,2993319.793524905,2.752539623956939,2243319.793524905,STD,UFA
8477346,MacKenzie Weegar,D,2020,54,0.22,0.33,7.0,18.0,6.9,3.55,0.02,0.18,-0.63,1600000.0,1.96319018404908,81500000,4.6376587819418535,3779691.907282611,2.6744685978927736,2179691.9072826104,STD,RFA
8474589,Tyler Ennis,RW,2020,30,0.06,0.16,16.0,37.0,-0.63,-0.24,-0.11,0.0,0.24,800000.0,0.98159509202454,81500000,3.622402169204241,2952257.7679014564,2.640807077179701,2152257.7679014564,STD,UFA
8477941,Nick Ritchie,LW,2020,56,0.34,0.5,9.0,20.0,0.49,-0.3,0.1,0.0,-1.2,1545950.0,1.8968711656441717,81500000,4.532367474718955,3693879.491895948,2.635496309074783,2147929.491895948,STD,RFA
8475797,Jarred Tinordi,D,2020,21,0.11,0.43,1.0,5.0,-2.89,0.43,-0.01,0.0,-0.1,700000.0,0.8588957055214724,81500000,3.4791289531406164,2835490.0968096023,2.620233247619144,2135490.0968096023,STD,UFA
8480064,Josh Norris,C,2020,56,0.14,0.2,0.0,0.0,5.57,0.35,0.39,-0.0,1.02,925000.0,1.1349693251533743,81500000,3.705748167553388,3020184.7565560113,2.5707788424000135,2095184.756556011,ELC,
8474000,Steven Kampfer,D,2020,20,0.06,0.25,0.0,2.0,0.26,-0.15,-0.03,-0.01,0.23,800000.0,0.98159509202454,81500000,3.526402188453618,2874017.783589699,2.544807096429078,2074017.7835896988,STD,UFA
8478099,Kevin Labanc,RW,2020,55,-0.09,-0.13,14.0,33.0,3.38,-2.73,-0.59,0.0,0.34,1000000.0,1.2269938650306749,81500000,3.756693494341844,3061705.197888603,2.5296996293111693,2061705.197888603,STD,RFA
8477501,Valeri Nichushkin,RW,2020,55,0.05,0.07,14.0,27.0,3.72,3.8,-0.76,0.09,1.33,850000.0,1.0429447852760736,81500000,3.5711349180969716,2910474.9582490316,2.5281901328208978,2060474.9582490316,STD,RFA
8478911,Matt Roy,D,2020,44,0.29,0.54,4.0,18.0,-3.8,-0.06,-0.33,-0.04,0.16,700000.0,0.8588957055214724,81500000,3.370553102100219,2747000.7782116784,2.5116573965787468,2047000.7782116786,STD,RFA
8475772,Riley Sheahan,C,2020,53,0.12,0.19,8.0,16.0,-2.22,-1.83,-0.03,-0.02,0.64,900000.0,1.1042944785276074,81500000,3.6080495409124502,2940560.375843647,2.503755062384843,2040560.375843647,STD,UFA
8475842,Sam Carrick,C,2020,13,0.02,0.13,1.0,2.0,-1.18,-0.57,-0.1,0.0,0.37,700000.0,0.8588957055214724,81500000,3.324619660884103,2709565.023620544,2.465723955362631,2009565.0236205442,STD,UFA
8469455,Jason Spezza,C,2020,54,0.06,0.09,9.0,25.0,3.26,-0.64,0.42,-0.02,0.79,700000.0,0.8588957055214724,81500000,3.294028775149183,2684633.4517465844,2.4351330696277107,1984633.4517465841,STD,UFA
8475204,Brandon Pirri,C,2020,1,0.0,0.0,0.0,2.0,-0.03,-0.2,-0.01,0.0,0.0,775000.0,0.9509202453987731,81500000,3.38415365338191,2758085.2275062567,2.4332334079831366,1983085.2275062562,STD,UFA
8475718,Justin Holl,D,2020,55,0.27,0.4,2.0,18.0,6.83,3.15,-0.14,0.1,0.21,2000000.0,2.4539877300613497,81500000,4.752235400811779,3873071.8516616,2.2982476707504294,1873071.8516616,STD,UFA
8476331,Dylan DeMelo,D,2020,52,0.34,0.54,0.0,11.0,-1.33,1.94,-0.01,-0.01,-1.03,900000.0,1.1042944785276074,81500000,3.3994146955701883,2770522.9768897034,2.295120217042581,1870522.9768897034,STD,UFA
8480113,Alex Iafallo,LW,2020,55,0.17,0.25,17.0,42.0,-4.01,1.3,0.24,-0.16,0.88,2425000.0,2.9754601226993866,81500000,5.241991663432566,4272223.205697542,2.2665315407331796,1847223.2056975414,STD,RFA
8476393,Nick Cousins,C,2020,52,0.01,0.02,10.0,25.0,-1.63,-0.15,-0.56,0.0,0.81,1000000.0,1.2269938650306749,81500000,3.4744361468455978,2831665.459679162,2.247442281814923,1831665.4596791621,STD,UFA
8475825,Jani Hakanpaa,D,2020,57,0.1,0.14,0.0,0.0,-6.61,2.75,-0.03,0.11,-1.68,750000.0,0.9202453987730062,81500000,3.1473139988810175,2565060.9090880295,2.2270686001080113,1815060.9090880293,STD,UFA
8478401,Pavel Zacha,C,2020,50,0.17,0.28,8.0,32.0,6.0,-3.3,-0.4,0.08,0.5,2250000.0,2.7607361963190185,81500000,4.982383935937756,4060642.9077892713,2.2216477396187377,1810642.907789271,STD,RFA
8477955,Jared McCann,C,2020,43,0.07,0.13,14.0,35.0,6.5,1.58,0.92,0.0,1.47,1250000.0,1.5337423312883436,81500000,3.6915913837686904,3008646.977771483,2.157849052480347,1758646.977771483,STD,RFA
8474628,Michael Stone,D,2020,21,0.06,0.23,2.0,7.0,1.78,0.62,-0.11,-0.03,0.06,700000.0,0.8588957055214724,81500000,2.9779648922660904,2427041.3871968635,2.119069186744618,1727041.3871968638,STD,UFA
8476458,Ryan Strome,C,2020,56,0.12,0.18,18.0,59.0,6.31,1.15,1.09,0.05,-0.32,3100000.0,3.8036809815950923,81500000,5.91050274690418,4817059.7387269065,2.106821765309088,1717059.7387269067,STD,RFA
8478851,Alexandre Carrier,D,2020,19,0.05,0.22,0.0,0.0,-2.0,0.89,-0.12,-0.03,0.24,733333.0,0.8997950920245399,81500000,2.8970917331132053,2361129.7624872625,1.9972966410886654,1627796.7624872623,STD,RFA
8476470,Nathan Beaulieu,D,2020,25,0.03,0.1,1.0,8.0,-0.85,-0.88,-0.03,0.0,-0.6,1000000.0,1.2269938650306749,81500000,3.201685219764059,2609373.4541077083,1.974691354733384,1609373.4541077078,STD,UFA
8476422,Mike Reilly,D,2020,55,0.07,0.1,1.0,17.0,1.65,0.23,-0.16,-0.03,-0.99,1500000.0,1.8404907975460123,81500000,3.796496824378501,3094144.911868478,1.9560060268324886,1594144.9118684784,STD,RFA
8477426,Nick Paul,LW,2020,56,0.04,0.06,9.0,20.0,-10.65,3.09,0.62,0.06,0.51,750000.0,0.9202453987730062,81500000,2.8732824337660663,2341725.1835193443,1.9530370349930601,1591725.1835193438,STD,RFA
8475163,Alex Chiasson,RW,2020,45,0.4,0.73,11.0,24.0,-7.29,1.1,0.39,-0.0,-0.41,2150000.0,2.638036809815951,81500000,4.572687287857134,3726740.139603564,1.934650478041183,1576740.139603564,STD,UFA
8476474,Stefan Noesen,RW,2020,6,0.01,0.14,7.0,9.0,-0.65,0.14,-0.0,-0.0,0.18,700000.0,0.8588957055214724,81500000,2.7935317733481817,2276728.395278768,1.9346360678267094,1576728.3952787681,STD,UFA
8475810,Bryan Rust,RW,2020,56,0.0,0.0,27.0,55.0,5.44,0.14,-0.05,0.0,0.37,3500000.0,4.294478527607362,81500000,6.219853822204895,5069180.865096989,1.9253752945975329,1569180.8650969893,STD,RFA
8480145,Neal Pionk,D,2020,54,0.38,0.58,6.0,45.0,-0.09,-2.91,1.38,-0.07,0.9,3000000.0,3.6809815950920246,81500000,5.592273380268333,4557702.8049186915,1.9112917851763083,1557702.8049186913,STD,RFA
8475869,Brandon Davidson,D,2020,6,0.02,0.27,0.0,0.0,-0.77,-0.08,-0.0,0.01,-0.15,700000.0,0.8588957055214724,81500000,2.7413010091274455,2234160.322438868,1.8824053036059731,1534160.3224388682,STD,UFA
8481559,Jack Hughes,C,2020,56,-0.13,-0.19,7.0,21.0,2.44,-0.15,-0.71,0.0,2.92,925000.0,1.1349693251533743,81500000,3.016586148170177,2458517.710758694,1.8816168230168024,1533517.710758694,ELC,
8477435,Ryan Graves,D,2020,54,0.24,0.36,9.0,26.0,-1.37,3.52,-0.04,0.0,-2.02,735000.0,0.9018404907975459,81500000,2.7609551215192294,2250178.424038172,1.8591146307216835,1515178.424038172,STD,RFA
8477942,Kevin Fiala,C,2020,50,0.17,0.28,23.0,52.0,8.63,-0.2,-0.08,-0.0,0.33,3000000.0,3.6809815950920246,81500000,5.513353216401194,4493382.871366973,1.8323716213091696,1493382.8713669733,STD,RFA
8476870,Stefan Matteau,C,2020,18,0.01,0.05,2.0,3.0,-2.03,0.05,-0.04,0.0,-0.13,725000.0,0.8895705521472393,81500000,2.710479093656099,2209040.461329721,1.8209085415088597,1484040.461329721,STD,UFA
8477508,Curtis Lazar,C,2020,50,-0.01,-0.02,5.0,10.0,-0.19,0.0,-0.05,-0.15,0.63,700000.0,0.8588957055214724,81500000,2.668355445904105,2174709.6884118454,1.8094597403826325,1474709.6884118454,STD,UFA
8477353,Tyler Motte,C,2020,24,0.14,0.48,4.0,8.0,1.31,-0.73,-0.09,0.07,-0.44,975000.0,1.196319018404908,81500000,2.995204004068471,2441091.263315804,1.7988849856635631,1466091.263315804,STD,RFA
8477018,Ben Hutton,D,2020,38,0.32,0.69,4.0,16.0,-4.11,-0.38,-0.03,0.03,-0.04,1500000.0,1.8404907975460123,81500000,3.6301215964008957,2958549.1010667295,1.7896307988548834,1458549.10106673,STD,UFA
8477359,Tucker Poolman,D,2020,39,0.12,0.25,4.0,16.0,-3.88,-1.0,-0.03,0.01,0.98,775000.0,0.9509202453987731,81500000,2.7224534521999537,2218799.563542962,1.7715332068011806,1443799.563542962,STD,RFA
8478463,Anthony Beauvillier,C,2020,47,0.11,0.19,18.0,38.0,1.03,0.82,-0.06,0.0,0.65,2100000.0,2.5766871165644174,81500000,4.345311047129229,3541428.5034103217,1.7686239305648117,1441428.5034103217,STD,RFA
8474579,Luca Sbisa,D,2020,1,0.0,0.0,2.0,10.0,-0.14,0.0,-0.0,-0.0,0.0,750000.0,0.9202453987730062,81500000,2.6624002113710414,2169856.172267399,1.7421548125980353,1419856.1722673988,STD,UFA
8474034,Patrick Maroon,LW,2020,55,-0.1,-0.15,9.0,22.0,-1.58,2.04,-0.71,0.0,-0.56,900000.0,1.1042944785276074,81500000,2.8284615181231416,2305196.1372703607,1.7241670395955342,1405196.1372703605,STD,UFA
8480027,Jason Robertson,LW,2020,51,0.05,0.08,0.0,1.0,7.51,2.07,-0.17,0.0,-0.01,795000.0,0.9754601226993864,81500000,2.662037201850609,2169560.319508246,1.6865770791512225,1374560.3195082464,ELC,
8477429,Andrew Copp,C,2020,55,0.33,0.49,11.0,26.0,-1.98,-1.03,2.08,-0.03,0.69,2280000.0,2.7975460122699385,81500000,4.410861510779137,3594852.131284997,1.6133154985091984,1314852.1312849966,STD,RFA
8476467,Jamie Oleksiak,D,2020,56,0.18,0.26,3.0,10.0,-1.21,5.94,-0.11,-0.14,-0.47,2137500.0,2.6226993865030677,81500000,4.22484820281303,3443251.2852926194,1.6021488163099624,1305751.2852926194,STD,RFA
8471804,Nathan Gerbe,C,2020,9,0.02,0.18,4.0,10.0,-0.61,-0.08,-0.0,0.0,0.02,750000.0,0.9202453987730062,81500000,2.5196482828018443,2053513.350483503,1.5994028840288381,1303513.350483503,STD,UFA
8481523,Kirby Dach,C,2020,18,-0.02,-0.09,8.0,24.0,-1.55,-0.36,-0.58,-0.01,0.74,925000.0,1.1349693251533743,81500000,2.6948593403809866,2196310.3624105044,1.5598900152276123,1271310.362410504,ELC,
8477851,Jordan Oesterle,D,2020,43,0.07,0.13,3.0,13.0,-3.04,0.33,-0.28,-0.01,-0.54,1400000.0,1.7177914110429449,81500000,3.271867320063194,2666571.865851503,1.5540759090202492,1266571.865851503,STD,UFA
8478020,Michael Amadio,C,2020,25,0.0,0.0,6.0,17.0,-1.95,-0.93,-0.47,0.0,0.06,700000.0,0.8588957055214724,81500000,2.3843287957026433,1943227.9684976544,1.525433090181171,1243227.9684976544,STD,RFA
8476927,Teddy Blueger,C,2020,43,0.16,0.31,9.0,21.0,-4.75,3.02,-0.05,0.11,0.63,750000.0,0.9202453987730062,81500000,2.4441113635545832,1991950.7612969852,1.523865964781577,1241950.7612969854,STD,RFA
8477416,Oliver Bjorkstrand,RW,2020,56,0.22,0.32,21.0,37.0,1.78,-0.42,0.27,0.0,0.01,2500000.0,3.067484662576687,81500000,4.585443306228706,3737136.294576396,1.517958643652019,1237136.2945763955,STD,RFA
8477450,Jason Dickinson,C,2020,51,0.2,0.32,9.0,21.0,-3.09,3.44,-0.14,-0.08,1.0,1500000.0,1.8404907975460123,81500000,3.3491284492485285,2729539.6861375505,1.5086376517025162,1229539.6861375507,STD,RFA
8477402,Pavel Buchnevich,C,2020,54,0.31,0.47,17.0,46.0,5.95,2.11,0.59,0.11,0.53,3250000.0,3.9877300613496933,81500000,5.487581211040071,4472378.686997658,1.499851149690378,1222378.686997658,STD,RFA
8478507,John Marino,D,2020,52,0.25,0.39,6.0,25.0,-0.16,-0.45,-0.12,0.04,0.37,925000.0,1.1349693251533743,81500000,2.628639337846682,2142341.0603450458,1.4936700126933076,1217341.0603450458,ELC,
8475868,Anthony Bitetto,D,2020,14,0.01,0.06,0.0,7.0,-0.44,-0.95,-0.08,-0.0,-0.47,700000.0,0.8588957055214724,81500000,2.3016554089716053,1875849.1583118583,1.442759703450133,1175849.1583118583,STD,UFA
8479675,Trevor Moore,C,2020,56,0.14,0.2,6.0,10.0,-3.58,-1.57,0.06,0.07,-0.19,775000.0,0.9509202453987731,81500000,2.373265069690637,1934211.0317978694,1.4223448242918642,1159211.0317978694,STD,RFA
8477043,Christian Djoos,D,2020,36,-0.09,-0.2,1.0,3.0,-0.59,0.75,-0.39,-0.0,-0.75,1000000.0,1.2269938650306749,81500000,2.6460801207817006,2156555.298437086,1.4190862557510258,1156555.298437086,STD,RFA
8477936,Michael Dal Colle,LW,2020,26,0.02,0.06,4.0,10.0,-1.01,0.82,-0.07,0.0,0.06,700000.0,0.8588957055214724,81500000,2.247738286657391,1831906.7036257738,1.3888425811359189,1131906.703625774,STD,RFA
8480944,Par Lindholm,C,2020,1,0.0,0.0,3.0,6.0,-0.38,0.15,-0.0,-0.0,0.0,850000.0,1.0429447852760736,81500000,2.4121600478202776,1965910.4389735262,1.369215262544204,1115910.4389735262,STD,UFA
8479933,Gerald Mayhew,RW,2020,4,0.0,0.0,2.0,2.0,0.12,0.09,-0.07,0.0,0.35,700000.0,0.8588957055214724,81500000,2.22147875535849,1810505.1856171694,1.3625830498370175,1110505.1856171694,STD,
8477365,Connor Clifton,D,2020,44,0.19,0.35,2.0,2.0,-4.94,2.06,-0.05,0.03,-1.04,1000000.0,1.2269938650306749,81500000,2.5570508878135545,2083996.473568047,1.3300570227828796,1083996.473568047,STD,RFA
8477451,Ryan Hartman,RW,2020,51,0.09,0.14,9.0,20.0,-2.59,-0.05,-0.43,-0.04,-0.71,1900000.0,2.331288343558282,81500000,3.6593908596930547,2982403.5506498395,1.3281025161347726,1082403.5506498397,STD,UFA
8481433,Taro Hirose,LW,2020,6,-0.02,-0.27,2.0,7.0,-0.67,0.15,-0.29,0.0,0.36,925000.0,1.1349693251533743,81500000,2.455046010466427,2000862.498530138,1.3200766853130528,1075862.498530138,ELC,
8479983,Mario Ferraro,D,2020,56,0.34,0.5,2.0,11.0,1.32,-2.17,-0.19,0.1,-0.79,925000.0,1.1349693251533743,81500000,2.4397291193418926,1988379.2322636424,1.3047597941885183,1063379.2322636424,ELC,
8474567,Zach Bogosian,D,2020,45,0.1,0.18,1.0,7.0,3.15,-1.17,-0.04,0.08,-1.58,1300000.0,1.5950920245398774,81500000,2.8992304110902847,2362872.785038582,1.3041383865504073,1062872.785038582,STD,UFA
8466139,Patrick Marleau,LW,2020,56,0.05,0.07,11.0,22.0,-2.53,-0.15,-0.34,-0.06,-0.37,700000.0,0.8588957055214724,81500000,2.1359699335504327,1740815.4958436028,1.2770742280289604,1040815.4958436027,STD,UFA
8476952,Dominic Toninato,C,2020,2,0.0,0.0,4.0,10.0,0.07,-0.31,-0.0,-0.0,0.17,775000.0,0.9509202453987731,81500000,2.22515048758771,1813497.6473839835,1.2742302421889369,1038497.6473839836,STD,RFA
8478468,Jeremy Lauzon,D,2020,40,0.26,0.53,1.0,2.0,-0.47,0.22,-0.02,0.04,-0.37,850000.0,1.0429447852760736,81500000,2.284667287196209,1862003.83906491,1.2417225019201352,1012003.8390649103,STD,RFA
8476941,Connor Carrick,D,2020,11,0.02,0.15,1.0,5.0,-0.98,-0.24,-0.11,0.0,0.21,1500000.0,1.8404907975460123,81500000,3.0640320000815215,2497186.08006644,1.2235412025355092,997186.08006644,STD,RFA
8476966,Gemel Smith,C,2020,5,0.0,0.0,1.0,1.0,0.04,-0.35,-0.01,0.0,-0.33,700000.0,0.8588957055214724,81500000,2.0819078834831473,1696754.925038765,1.223012177961675,996754.9250387651,STD,UFA
8477511,Anthony Mantha,RW,2020,56,-0.06,-0.09,16.0,38.0,3.59,-0.11,-1.16,0.0,0.02,3300000.0,4.049079754601228,81500000,5.257893437009125,4285183.151162437,1.2088136824078974,985183.1511624365,STD,RFA
8478029,Chase De Leo,LW,2020,1,0.0,0.0,0.0,0.0,-0.07,-0.01,-0.0,0.0,0.0,750000.0,0.9202453987730062,81500000,2.107739703055856,1717807.8579905224,1.1874943042828496,967807.8579905225,STD,RFA
8480336,Sean Walker,D,2020,47,0.19,0.33,6.0,24.0,-3.45,-2.91,-0.8,0.05,-1.2,745000.0,0.9141104294478527,81500000,2.0945629321638055,1707068.7897135017,1.1804525027159527,962068.7897135015,ELC,
8477380,Jonny Brodzinski,C,2020,5,0.0,0.0,0.0,1.0,-0.89,-0.51,-0.03,0.0,-0.33,700000.0,0.8588957055214724,81500000,2.0161048373331774,1643125.4424265395,1.157209131811705,943125.4424265395,STD,RFA
8477369,Carson Soucy,D,2020,50,0.15,0.25,7.0,15.0,0.72,1.36,-0.06,0.01,-2.07,750000.0,0.9202453987730062,81500000,2.0716614199317736,1688404.0572443956,1.1514160211587674,938404.0572443954,STD,RFA
8480727,Zach Whitecloud,D,2020,51,0.36,0.58,0.0,1.0,-2.55,4.05,-0.04,-0.06,-0.68,725000.0,0.8895705521472393,81500000,2.0115880541226634,1639444.2641099708,1.122017501975424,914444.2641099704,STD,RFA
8480144,David Kampf,C,2020,56,-0.08,-0.12,8.0,16.0,-4.8,-1.23,-0.04,0.01,0.66,1000000.0,1.2269938650306749,81500000,2.347227650319315,1912990.5350102417,1.1202337852886401,912990.5350102418,STD,UFA
8476344,Tyler Graovac,C,2020,14,0.01,0.06,2.0,2.0,1.33,-0.68,0.14,0.0,0.2,700000.0,0.8588957055214724,81500000,1.9678070883795815,1603762.777029359,1.1089113828581092,903762.777029359,STD,RFA
8477931,Tomas Nosek,LW,2020,37,-0.01,-0.02,8.0,15.0,4.99,-0.33,0.37,0.0,-0.25,1000000.0,1.2269938650306749,81500000,2.3333375738557685,1901670.122692451,1.1063437088250936,901670.1226924513,STD,UFA
8480821,Filip Zadina,RW,2020,49,0.21,0.35,8.0,15.0,-6.1,-0.3,0.26,-0.0,2.02,894167.0,1.0971374233128834,81500000,2.1836673805085827,1779688.9151144947,1.0865299571956992,885521.9151144949,ELC,
8477366,Luke Johnson,C,2020,14,0.01,0.06,0.0,0.0,-2.11,-0.31,-0.01,0.0,0.37,700000.0,0.8588957055214724,81500000,1.9286091816994961,1571816.4830850896,1.0697134761780238,871816.4830850895,STD,UFA
8475461,Andrew Agozzino,LW,2020,3,0.0,0.0,1.0,4.0,0.29,0.12,-0.0,0.0,0.01,700000.0,0.8588957055214724,81500000,1.9211418938128144,1565730.643457444,1.062246188291342,865730.6434574438,STD,UFA
8466138,Joe Thornton,C,2020,44,0.03,0.06,7.0,31.0,4.65,0.8,-0.1,0.0,-0.23,2000000.0,2.4539877300613497,81500000,3.5107039173201695,2861223.6926159384,1.0567161872588198,861223.6926159381,STD,UFA
8479580,Dylan Gambrell,C,2020,49,0.15,0.25,5.0,12.0,-4.06,0.05,-0.11,-0.01,0.65,700000.0,0.8588957055214724,81500000,1.8991680460734113,1547821.9575498304,1.040272340551939,847821.9575498303,STD,RFA
8477573,Nathan Walker,LW,2020,8,0.0,0.0,1.0,2.0,-1.24,-0.04,-0.0,0.0,0.02,700000.0,0.8588957055214724,81500000,1.8979912198534734,1546862.844180581,1.039095514332001,846862.8441805809,STD,RFA
8477454,Adam Erne,LW,2020,45,-0.02,-0.04,2.0,5.0,0.85,-0.34,0.45,-0.0,-0.9,1050000.0,1.2883435582822087,81500000,2.323662412462536,1893784.866156967,1.035318854180327,843784.8661569667,STD,RFA
8475186,John Moore,D,2020,5,0.01,0.16,2.0,3.0,-0.45,-0.01,0.31,0.01,-0.15,2750000.0,3.374233128834356,81500000,4.409072492268541,3593394.0811988604,1.0348393634341848,843394.0811988605,STD,UFA
8474604,Aaron Ness,D,2020,1,0.0,0.0,0.0,1.0,0.62,-0.03,-0.0,0.0,0.0,725000.0,0.8895705521472393,81500000,1.911553883720721,1557916.4152323876,1.0219833315734816,832916.4152323875,STD,UFA
8476858,Phillip Di Giuseppe,LW,2020,31,0.02,0.05,1.0,6.0,-4.37,0.96,-0.05,0.0,-0.28,700000.0,0.8588957055214724,81500000,1.878292010921136,1530807.988900726,1.0193963053996637,830807.988900726,STD,UFA
8476368,Fredrik Claesson,D,2020,6,0.01,0.14,1.0,2.0,-0.3,0.22,-0.0,-0.0,-0.16,700000.0,0.8588957055214724,81500000,1.8741794358224464,1527456.2401952937,1.015283730300974,827456.2401952938,STD,UFA
8476779,Brad Hunt,D,2020,11,-0.01,-0.07,8.0,19.0,-1.13,0.43,-0.31,0.0,-0.31,700000.0,0.8588957055214724,81500000,1.8598902269911104,1515810.534997755,1.000994521469638,815810.5349977551,STD,UFA
8470755,Brad Richardson,RW,2020,17,0.01,0.05,6.0,11.0,-0.43,0.95,-0.02,0.01,-0.13,1250000.0,1.5337423312883436,81500000,2.53211183016146,2063671.14158159,0.9983694988731164,813671.1415815899,STD,UFA
8478512,Austin Czarnik,C,2020,4,0.0,0.0,2.0,3.0,-0.41,0.14,-0.11,0.0,0.01,1250000.0,1.5337423312883436,81500000,2.5164995363523186,2050947.1221271397,0.982757205063975,800947.1221271397,STD,UFA
8475413,Justin Dowling,C,2020,27,0.0,0.0,3.0,6.0,-2.8,0.97,-0.11,0.0,0.05,750000.0,0.9202453987730062,81500000,1.8982698224205787,1547089.9052727718,0.9780244236475726,797089.9052727717,STD,UFA
8477464,Nic Petan,C,2020,7,0.0,0.0,0.0,3.0,-0.07,-0.05,-0.09,0.0,-0.16,775000.0,0.9509202453987731,81500000,1.927738743240937,1571107.0757413635,0.9768184978421639,796107.0757413637,STD,RFA
8476399,Blake Coleman,LW,2020,55,-0.05,-0.07,22.0,33.0,5.67,2.73,-0.06,0.18,0.5,1800000.0,2.208588957055215,81500000,3.185370710223408,2596077.128832077,0.976781753168193,796077.1288320774,STD,RFA
8477541,Dakota Mermis,D,2020,3,0.0,0.0,1.0,4.0,0.84,0.26,-0.01,0.0,0.01,700000.0,0.8588957055214724,81500000,1.8302940391179945,1491689.6418811656,0.9713983335965221,791689.6418811654,STD,RFA
8476329,Travis Boyd,C,2020,39,0.04,0.08,3.0,10.0,-0.54,-1.09,-0.18,-0.0,1.27,800000.0,0.98159509202454,81500000,1.936604173889787,1578332.4017201765,0.955009081865247,778332.4017201762,STD,RFA
8475808,Michael Chaput,C,2020,13,0.01,0.06,0.0,0.0,-1.98,0.36,-0.01,-0.0,-0.83,700000.0,0.8588957055214724,81500000,1.8058479277187143,1471766.0610907522,0.9469522221972418,771766.0610907521,STD,UFA
8475735,Greg McKegg,C,2020,5,0.0,0.0,5.0,9.0,-0.55,-0.28,-0.0,0.0,0.01,750000.0,0.9202453987730062,81500000,1.8631995709880158,1518507.6503552326,0.9429541722150097,768507.6503552329,STD,UFA
8475958,Michael Sgarbossa,C,2020,5,0.0,0.0,0.0,0.0,-0.29,-0.32,-0.12,0.0,0.01,700000.0,0.8588957055214724,81500000,1.770295160902613,1442790.5561356295,0.9113994553811405,742790.5561356295,STD,RFA
8475834,Marcus Sorensen,C,2020,29,0.07,0.2,7.0,18.0,-0.36,-1.46,-0.05,0.01,0.23,1500000.0,1.8404907975460123,81500000,2.7413769989594208,2234222.254151928,0.9008862014134085,734222.2541519279,STD,UFA
8476429,Scott Mayfield,D,2020,56,0.06,0.09,5.0,14.0,-4.15,5.61,-0.06,-0.0,-1.5,1450000.0,1.7791411042944787,81500000,2.675942372560037,2180893.0336364303,0.8968012682655584,730893.03363643,STD,RFA
8476356,Tobias Rieder,C,2020,44,0.13,0.24,4.0,10.0,-5.94,-1.26,-0.02,0.1,0.95,700000.0,0.8588957055214724,81500000,1.7502946832271125,1426490.1668300966,0.89139897770564,726490.1668300966,STD,UFA
8476374,Sean Kuraly,C,2020,47,0.12,0.21,6.0,22.0,-5.74,-0.08,-0.03,0.0,-0.05,1275000.0,1.5644171779141105,81500000,2.4255463108849327,1976820.24337122,0.8611291329708222,701820.24337122,STD,RFA
8478882,Vladislav Gavrikov,D,2020,55,0.15,0.22,5.0,19.0,-1.3,-0.49,-0.03,-0.09,-0.82,925000.0,1.1349693251533743,81500000,1.968538025473137,1604358.4907606067,0.8335687003197627,679358.4907606066,ELC,
8477320,Anton Blidh,LW,2020,10,0.02,0.16,0.0,0.0,-1.19,0.07,-0.0,0.0,-0.49,700000.0,0.8588957055214724,81500000,1.6767965589631668,1366589.195554981,0.8179008534416944,666589.195554981,STD,RFA
8476624,Barclay Goodrow,C,2020,55,-0.06,-0.09,8.0,26.0,-1.84,1.26,-0.04,0.24,-1.55,925000.0,1.1349693251533743,81500000,1.9437981829549926,1584195.519108319,0.8088288578016183,659195.5191083188,STD,RFA
8477240,Carter Rowney,RW,2020,19,0.11,0.47,8.0,18.0,-2.19,0.53,-0.01,0.03,0.22,1133333.0,1.3905926380368099,81500000,2.1895632225887525,1784494.0264098332,0.7989705845519426,651161.0264098331,STD,UFA
8474189,Lars Eller,C,2020,43,0.26,0.5,16.0,39.0,-1.27,1.32,-0.49,0.12,0.64,3500000.0,4.294478527607362,81500000,5.0841675957725965,4143596.5905546662,0.7896890681652344,643596.590554666,STD,UFA
8477046,Joakim Ryan,D,2020,4,0.0,0.0,1.0,5.0,-0.13,-0.06,-0.0,0.0,0.18,725000.0,0.8895705521472393,81500000,1.6783812636533355,1367880.7298774684,0.7888107115060962,642880.7298774683,STD,UFA
8477496,Elias Lindholm,C,2020,56,0.27,0.4,29.0,53.0,2.26,0.98,0.39,0.17,0.38,4850000.0,5.950920245398773,81500000,6.712147605509292,5470400.2984900735,0.7612273601105191,620400.2984900731,STD,RFA
8477482,Zach Sanford,LW,2020,52,0.1,0.16,15.0,29.0,-2.48,2.38,0.22,0.01,0.14,1500000.0,1.8404907975460123,81500000,2.5994693214632214,2118567.4969925256,0.7589785239172091,618567.4969925254,STD,RFA
8477938,Haydn Fleury,D,2020,47,0.19,0.33,4.0,14.0,-1.45,1.25,-0.04,0.0,-0.04,850000.0,1.0429447852760736,81500000,1.7991136840793072,1466277.6525246354,0.7561688988032336,616277.6525246354,STD,RFA
8476430,Tomas Jurco,LW,2020,8,0.0,0.0,0.0,2.0,0.13,-0.26,-0.0,0.0,0.01,750000.0,0.9202453987730062,81500000,1.67532342789249,1365388.5937323794,0.7550780291194839,615388.5937323793,STD,UFA
8477901,Daniel Carr,LW,2020,6,0.0,0.0,1.0,1.0,-0.38,-0.14,-0.0,0.0,0.18,700000.0,0.8588957055214724,81500000,1.6077262770148995,1310296.915767143,0.748830571493427,610296.915767143,STD,UFA
8478106,Dylan Sikura,LW,2020,6,0.0,0.0,1.0,3.0,0.29,0.25,-0.0,0.0,0.35,750000.0,0.9202453987730062,81500000,1.6638498754692552,1356037.648507443,0.7436044766962491,606037.648507443,STD,RFA
8479371,Dante Fabbro,D,2020,40,0.13,0.27,5.0,12.0,-0.21,1.07,-0.0,-0.03,-0.71,925000.0,1.1349693251533743,81500000,1.8748093144812987,1527969.5913022587,0.7398399893279244,602969.5913022584,ELC,
8475766,Austin Watson,LW,2020,34,0.04,0.1,6.0,14.0,-2.27,-0.29,0.02,-0.02,0.25,1500000.0,1.8404907975460123,81500000,2.5768060575942027,2100096.936939275,0.7363152600481904,600096.9369392751,STD,UFA
8470595,Eric Staal,C,2020,53,0.2,0.31,19.0,47.0,-3.73,-2.73,0.12,0.0,-0.2,3250000.0,3.9877300613496933,81500000,4.715591555928624,3843207.1180818286,0.7278614945789306,593207.1180818283,STD,UFA
8480797,Joel Farabee,LW,2020,55,-0.09,-0.13,8.0,21.0,9.2,0.39,-0.3,0.01,0.16,925000.0,1.1349693251533743,81500000,1.854961531029355,1511793.6477889244,0.7199922058759807,586793.6477889243,ELC,
8477937,Jake Virtanen,RW,2020,38,0.04,0.09,18.0,35.0,-1.66,-0.62,-0.08,0.0,-0.42,1250000.0,1.5337423312883436,81500000,2.239022672551794,1824803.4781297122,0.7052803412634505,574803.4781297122,STD,RFA
8476479,Phillip Danault,C,2020,53,-0.14,-0.22,13.0,47.0,2.63,4.23,-0.21,-0.11,-0.52,3083333.0,3.783230674846626,81500000,4.475721363435616,3647712.911200027,0.6924906885889901,564379.911200027,STD,RFA
8478211,Dryden Hunt,LW,2020,26,0.03,0.09,0.0,4.0,-1.9,0.71,-0.06,0.0,0.57,715000.0,0.8773006134969326,81500000,1.545646690254154,1259702.0525571355,0.6683460767572214,544702.0525571355,STD,RFA
8476404,Andy Andreoff,C,2020,6,0.0,0.0,0.0,1.0,-1.32,-0.34,-0.0,0.0,-0.33,750000.0,0.9202453987730062,81500000,1.5840195018470915,1290975.8940053794,0.6637741030740854,540975.8940053795,STD,UFA
8477073,Kurtis MacDermid,LW,2020,28,0.1,0.29,3.0,7.0,-1.36,-2.55,-0.02,0.0,-0.95,875000.0,1.0736196319018405,81500000,1.7299325660832512,1409895.0413578497,0.6563129341814107,534895.0413578497,STD,RFA
8475324,Nick Jensen,D,2020,53,0.59,0.91,0.0,8.0,-1.76,3.57,-0.03,0.11,-0.17,2500000.0,3.067484662576687,81500000,3.6891744086787472,3006677.143073179,0.6216897461020601,506677.143073179,STD,UFA
8478462,Nicolas Roy,C,2020,50,0.11,0.18,5.0,10.0,4.62,0.89,-0.29,0.01,0.97,750000.0,0.9202453987730062,81500000,1.5373317267174755,1252925.3572747426,0.6170863279444694,502925.3572747425,STD,RFA
8474568,Luke Schenn,D,2020,38,0.02,0.04,1.0,3.0,0.77,1.7,-0.0,-0.02,-1.29,700000.0,0.8588957055214724,81500000,1.4667283701195313,1195383.621647418,0.6078326645980588,495383.62164741795,STD,UFA
8478569,Noel Acciari,C,2020,41,0.14,0.28,19.0,25.0,-1.11,0.47,0.67,-0.13,1.14,1666667.0,2.04499018404908,81500000,2.647867488581948,2158012.003194288,0.6028773045328681,491345.00319428754,STD,UFA
8476326,Josh Archibald,RW,2020,52,-0.05,-0.08,12.0,21.0,-6.61,1.33,-0.05,0.15,-0.38,1500000.0,1.8404907975460123,81500000,2.4368341022097226,1986019.793300924,0.5963433046637103,486019.79330092395,STD,UFA
8476924,Martin Frk,RW,2020,1,0.0,0.0,6.0,8.0,-0.25,-0.02,-0.01,0.0,0.0,725000.0,0.8895705521472393,81500000,1.4625153531909465,1191950.0128506212,0.5729448010437072,466950.0128506213,STD,RFA
8477126,Jayson Megna,C,2020,7,0.0,0.0,0.0,0.0,-0.34,0.48,-0.02,0.0,0.52,700000.0,0.8588957055214724,81500000,1.4240292077831462,1160583.804343264,0.5651335022616738,460583.80434326414,STD,UFA
8476872,Scott Laughton,C,2020,53,0.2,0.31,12.0,27.0,-0.8,2.44,-0.1,-0.01,-0.53,2300000.0,2.8220858895705523,81500000,3.376389696341924,2751757.6025186684,0.5543038067713719,451757.6025186681,STD,RFA
8475807,Joakim Nordstrom,C,2020,44,0.15,0.28,4.0,7.0,-3.43,1.01,-0.02,0.02,0.94,1000000.0,1.2269938650306749,81500000,1.7757089965734814,1447202.8322073875,0.5487151315428065,447202.83220738726,STD,UFA
8478027,Lucas Wallmark,C,2020,20,0.04,0.16,12.0,25.0,-1.89,0.33,0.32,0.01,-0.13,675000.0,0.8282208588957056,81500000,1.3720884697915743,1118252.102880133,0.5438676108958687,443252.10288013297,STD,RFA
8477944,Jakub Vrana,LW,2020,50,0.29,0.48,25.0,52.0,8.6,-0.1,0.07,-0.0,-0.03,3350000.0,4.110429447852761,81500000,4.648503930778189,3788530.703584224,0.5380744829254276,438530.7035842235,STD,RFA
8474098,Colton Sceviour,C,2020,46,0.13,0.23,6.0,16.0,-1.82,1.62,-0.03,0.03,0.42,1200000.0,1.4723926380368098,81500000,1.992413902400374,1623817.3304563048,0.5200212643635642,423817.33045630483,STD,UFA
8477474,Madison Bowey,D,2020,2,0.0,0.0,3.0,17.0,-0.35,0.19,-0.0,-0.0,0.17,1000000.0,1.2269938650306749,81500000,1.7429676021606042,1420518.5957608924,0.5159737371299293,420518.59576089244,STD,RFA
8477444,Andre Burakovsky,LW,2020,53,0.06,0.09,19.0,45.0,11.18,1.18,0.05,0.0,0.49,3250000.0,3.9877300613496933,81500000,4.503628454167442,3670457.1901464653,0.515898392817749,420457.1901464654,STD,RFA
8476439,Brett Ritchie,RW,2020,32,0.01,0.03,2.0,6.0,-1.74,0.47,-0.06,0.0,-0.78,1000000.0,1.2269938650306749,81500000,1.739588153146629,1417764.3448145026,0.5125942881159542,417764.34481450263,STD,UFA
8480965,Antti Suomela,C,2020,4,0.0,0.0,1.0,6.0,-0.37,0.41,-0.0,0.0,0.01,700000.0,0.8588957055214724,81500000,1.3499593417293738,1100216.8635094396,0.4910636362079014,400216.86350943963,STD,RFA
8474736,Zac Rinaldo,C,2020,4,0.0,0.0,3.0,5.0,-0.2,0.15,-0.0,0.0,0.0,700000.0,0.8588957055214724,81500000,1.3325319823129238,1086013.565585033,0.47363627679145137,386013.5655850329,STD,UFA
8478542,Evan Rodrigues,C,2020,34,0.03,0.07,6.0,10.0,1.02,-0.32,-0.02,-0.01,0.6,2000000.0,2.4539877300613497,81500000,2.9196332929697313,2379501.1337703313,0.46564556290838155,379501.133770331,STD,RFA
8476469,Joel Armia,RW,2020,41,0.01,0.02,16.0,30.0,3.57,0.8,-0.19,0.02,0.79,2600000.0,3.190184049079755,81500000,3.64945337730744,2974304.5025055637,0.45926932822768496,374304.50250556326,STD,RFA
8477488,Brett Pesce,D,2020,55,0.71,1.06,4.0,18.0,13.87,0.4,0.78,0.06,1.42,4025000.0,4.938650306748467,81500000,5.386938592422522,4390354.952824356,0.44828828567405576,365354.95282435545,STD,RFA
8475188,Brayden McNabb,D,2020,41,-0.01,-0.02,2.0,9.0,2.39,-0.8,-0.01,-0.05,-0.19,2500000.0,3.067484662576687,81500000,3.4964045650986346,2849569.7205553874,0.42891990252194745,349569.7205553872,STD,UFA
8475728,Johan Larsson,C,2020,52,-0.13,-0.2,6.0,19.0,-3.58,0.86,-0.04,-0.14,1.15,1550000.0,1.9018404907975461,81500000,2.3196604656805544,1890523.2795296519,0.41781997488300826,340523.27952965174,STD,RFA
8470601,Braydon Coburn,D,2020,19,-0.01,-0.04,1.0,4.0,-0.65,-0.92,-0.02,-0.04,-0.96,1700000.0,2.085889570552147,81500000,2.503678330606304,2040497.8394441376,0.41778876005415677,340497.83944413776,STD,UFA
8478115,Pierre Engvall,LW,2020,42,0.06,0.12,8.0,15.0,3.72,0.4,-0.06,0.02,-0.76,1250000.0,1.5337423312883436,81500000,1.9368942782934422,1578568.8368091553,0.4031519470050986,328568.83680915536,STD,RFA
8481638,Joakim Nygard,LW,2020,9,0.0,0.0,3.0,9.0,-0.38,-0.11,-0.02,0.0,0.36,875000.0,1.0736196319018405,81500000,1.4763302609116895,1203209.162643027,0.402710629009849,328209.16264302697,STD,UFA
8477887,Patrick Brown,C,2020,4,0.0,0.0,1.0,1.0,-0.57,0.33,-0.0,-0.0,-0.16,700000.0,0.8588957055214724,81500000,1.2603913003221976,1027218.909762591,0.40149559480072516,327218.909762591,STD,UFA
8476428,Rocco Grimaldi,LW,2020,40,0.07,0.14,10.0,31.0,1.27,-0.49,-0.14,0.0,0.94,2000000.0,2.4539877300613497,81500000,2.848749327671827,2321730.702052539,0.39476159761047747,321730.70205253916,STD,UFA
8476807,Matt Tennyson,D,2020,21,0.05,0.2,0.0,3.0,-0.56,-1.22,-0.01,0.01,0.06,700000.0,0.8588957055214724,81500000,1.2421880996446717,1012383.3012104074,0.38329239412319926,312383.3012104074,STD,UFA
8476285,Matthew Peca,C,2020,5,0.0,0.0,0.0,2.0,0.14,-0.28,-0.0,0.0,0.01,1300000.0,1.5950920245398774,81500000,1.9728821437626678,1607898.9471665742,0.3777901192227904,307898.9471665742,STD,RFA
8477244,Chad Ruhwedel,D,2020,17,0.06,0.29,2.0,6.0,-0.49,1.44,-0.01,-0.02,-1.14,700000.0,0.8588957055214724,81500000,1.2238334133358357,997424.2318687062,0.3649377078143633,297424.2318687061,STD,UFA
8477846,Ryan Carpenter,C,2020,40,-0.12,-0.25,3.0,15.0,-3.29,0.22,-0.44,-0.03,-0.59,1000000.0,1.2269938650306749,81500000,1.5826517220714074,1289861.153488197,0.3556578570407325,289861.153488197,STD,UFA
8478056,Clark Bishop,C,2020,13,0.01,0.06,0.0,1.0,0.26,0.19,-0.01,0.0,0.19,700000.0,0.8588957055214724,81500000,1.208486741458442,984916.6942886302,0.3495910359369695,284916.69428863015,STD,RFA
8475235,Nicolas Deslauriers,LW,2020,49,0.02,0.03,7.0,13.0,-11.09,0.11,-0.03,-0.0,-0.92,1000000.0,1.2269938650306749,81500000,1.5751613607486572,1283756.5090101557,0.34816749571798233,283756.5090101556,STD,UFA
8477447,Shea Theodore,D,2020,53,0.13,0.2,13.0,46.0,13.64,0.79,0.48,-0.0,0.05,5200000.0,6.38036809815951,81500000,6.701836454257476,5461996.710219843,0.32146835609796653,261996.71021984273,STD,RFA
8478474,Lawson Crouse,LW,2020,51,-0.01,-0.02,15.0,24.0,-5.45,0.29,0.18,-0.16,0.47,1533333.0,1.8813901840490797,81500000,2.197278048095775,1790781.6091980569,0.31588786404669555,257448.60919805686,STD,RFA
8478846,Christian Wolanin,D,2020,18,0.0,0.0,0.0,0.0,0.33,-0.75,-0.34,0.0,-0.47,900000.0,1.1042944785276074,81500000,1.4168925174874438,1154767.4017522668,0.3125980389598364,254767.40175226665,STD,RFA
8474145,Robert Bortuzzo,D,2020,39,0.0,0.0,2.0,6.0,-1.96,2.28,-0.02,-0.12,-1.26,1375000.0,1.687116564417178,81500000,1.9705921888131215,1606032.6338826942,0.28347562439594354,231032.63388269398,STD,UFA
8477810,Joel Hanley,D,2020,35,0.11,0.26,0.0,2.0,-0.1,2.41,-0.01,0.0,0.25,700000.0,0.8588957055214724,81500000,1.1353063622077162,925274.6851992888,0.27641065668624376,225274.68519928868,STD,UFA
8474125,Carl Gunnarsson,D,2020,12,0.07,0.48,2.0,6.0,-1.73,0.37,-0.0,0.01,-0.31,1750000.0,2.147239263803681,81500000,2.4192879462515258,1971719.6761949935,0.27204868244784475,221719.6761949935,STD,UFA
8478996,Adam Brooks,C,2020,11,0.01,0.07,0.0,3.0,0.22,0.65,0.26,0.0,0.19,725000.0,0.8895705521472393,81500000,1.1479381003426106,935569.5517792276,0.2583675481953712,210569.55177922756,STD,RFA
8481813,Gaetan Haas,C,2020,34,0.09,0.22,5.0,10.0,-4.46,1.23,-0.12,0.0,-0.1,915000.0,1.1226993865030674,81500000,1.3683438513972153,1115200.2388887303,0.24564446489414782,200200.23888873047,STD,UFA
8480014,Gabriel Vilardi,C,2020,54,-0.01,-0.02,3.0,7.0,-1.79,-0.38,-0.61,0.0,2.53,894167.0,1.0971374233128834,81500000,1.3328558917474158,1086277.551774144,0.23571846843453237,192110.55177414385,ELC,
8475780,Chris Wagner,RW,2020,41,0.09,0.18,6.0,10.0,-8.43,0.32,-0.02,0.03,-0.42,1350000.0,1.6564417177914113,81500000,1.8889855660008479,1539523.236290691,0.23254384820943663,189523.23629069084,STD,UFA
8478888,Cameron Hughes,C,2020,1,0.0,0.0,0.0,0.0,0.04,0.11,-0.0,0.0,0.0,792500.0,0.9723926380368099,81500000,1.2003449304795257,978281.1183408136,0.22795229244271586,185781.1183408134,ELC,
8478146,Matthew Highmore,C,2020,42,0.08,0.16,2.0,6.0,-2.63,-0.24,-0.02,0.0,1.11,725000.0,0.8895705521472393,81500000,1.1071209468100882,902303.571650222,0.21755039466284887,177303.57165022183,STD,RFA
8479291,Kevin Rooney,C,2020,54,0.1,0.15,4.0,8.0,-2.12,1.27,-0.07,0.05,0.29,700000.0,0.8588957055214724,81500000,1.0653733281431865,868279.262436697,0.2064776226217141,168279.26243669697,STD,RFA
8479324,Ryan Lindgren,D,2020,51,0.12,0.19,1.0,13.0,2.63,3.48,-0.08,0.01,-0.32,925000.0,1.1349693251533743,81500000,1.320967732233468,1076588.7017702765,0.18599840708009374,151588.7017702764,ELC,
8476967,Brett Kulak,D,2020,46,0.14,0.25,0.0,6.0,2.36,2.36,-0.02,-0.0,-0.88,1850000.0,2.2699386503067487,81500000,2.4506276521261157,1997261.5364827842,0.18068900181936698,147261.53648278408,STD,RFA
8474573,Josh Bailey,RW,2020,54,0.2,0.3,14.0,41.0,1.62,1.35,0.06,0.04,-0.17,5000000.0,6.134969325153374,81500000,6.306923884644197,5140142.965985021,0.17195455949082294,140142.9659850207,STD,UFA
8477948,Travis Sanheim,D,2020,55,0.24,0.36,8.0,25.0,-0.37,1.73,-0.41,-0.12,0.22,3250000.0,3.9877300613496933,81500000,4.128121919422272,3364419.3643291513,0.14039185807257848,114419.36432915146,STD,RFA
8477512,Frederik Gauthier,C,2020,2,0.0,0.0,7.0,12.0,-0.35,-0.02,-0.0,-0.0,-0.17,675000.0,0.8282208588957056,81500000,0.95279500709551,776527.9307828406,0.12457414819980439,101527.93078284059,STD,RFA
8477473,Justin Bailey,RW,2020,3,0.0,0.0,0.0,0.0,0.65,0.03,-0.0,0.0,-0.17,750000.0,0.9202453987730062,81500000,1.0437166960478041,850629.1072789604,0.123471297274798,100629.10727896038,STD,UFA
8479998,Mikey Anderson,D,2020,54,0.16,0.24,1.0,1.0,-5.4,1.82,-0.07,-0.15,-1.32,925000.0,1.1349693251533743,81500000,1.255792363237891,1023470.776038881,0.12082303808451655,98470.776038881,ELC,
8477498,Darnell Nurse,D,2020,56,-0.07,-0.1,5.0,33.0,23.22,-2.91,0.46,-0.04,-0.93,5600000.0,6.871165644171779,81500000,6.971761777294686,5681985.84849517,0.10059613312290683,81985.84849516908,STD,RFA
8471284,Andrej Sekera,D,2020,46,0.11,0.2,2.0,7.0,-3.34,3.68,-0.02,0.0,-0.04,1500000.0,1.8404907975460123,81500000,1.9355846502115526,1577501.4899224152,0.09509385266554027,77501.48992241532,STD,UFA
8479345,Jakob Chychrun,D,2020,56,0.17,0.25,12.0,26.0,10.03,-0.17,0.41,0.03,-1.8,4600000.0,5.644171779141105,81500000,5.71611996762355,4658637.773613193,0.07194818848244555,58637.77361319313,STD,RFA
8473415,Alex Biega,D,2020,13,-0.01,-0.06,0.0,2.0,-0.76,-0.13,-0.0,-0.01,0.03,875000.0,1.0736196319018405,81500000,1.134983458478649,925011.5186600989,0.06136382657680839,50011.51866009884,STD,UFA
8479325,Charlie McAvoy,D,2020,51,0.25,0.4,5.0,32.0,11.37,4.24,-0.46,0.25,-1.3,4900000.0,6.012269938650307,81500000,6.068673680154342,4945969.049325788,0.05640374150403549,45969.04932578892,STD,RFA
8478436,David Kase,C,2020,1,0.0,0.0,1.0,1.0,-0.3,-0.01,-0.03,0.0,0.0,768333.0,0.9427398773006135,81500000,0.9753392520831845,794901.4904477953,0.03259937478257102,26568.490447795382,ELC,
8480865,Noah Dobson,D,2020,46,0.1,0.18,1.0,7.0,-0.4,2.24,-0.09,0.0,0.48,894167.0,1.0971374233128834,81500000,1.1276065261384343,918999.318802824,0.03046910282555082,24832.318802823916,ELC,
8480762,Eric Robinson,LW,2020,56,0.07,0.1,7.0,12.0,-3.73,1.17,-0.02,0.01,0.47,975000.0,1.196319018404908,81500000,1.225258127379771,998585.3738145132,0.02893910897486296,23585.373814513314,STD,RFA
8477979,Nicolas Aube Kubel,RW,2020,50,0.04,0.07,7.0,15.0,-5.61,1.68,-0.13,0.0,-0.92,700000.0,0.8588957055214724,81500000,0.8600024932405415,700902.0319910413,0.0011067877190690245,902.031991041255,STD,RFA
8478859,Niko Mikkola,D,2020,30,0.11,0.3,0.0,1.0,-3.41,0.15,-0.01,0.0,0.59,787500.0,0.9662576687116564,81500000,0.9603955293823283,782722.3564465975,-0.005862139329328109,-4777.6435534024085,STD,RFA
8476881,Tomas Hertl,C,2020,50,0.45,0.74,16.0,36.0,6.65,-1.03,0.73,0.02,0.18,5625000.0,6.901840490797547,81500000,6.884813805114694,5611123.2511684755,-0.01702668568285226,-13876.748831524592,STD,RFA
8480849,Barrett Hayton,C,2020,14,-0.01,-0.06,1.0,4.0,-0.11,-0.52,-0.53,-0.0,0.54,894167.0,1.0971374233128834,81500000,1.0786573489043327,879105.7393570312,-0.018480074408550706,-15061.260642968826,ELC,
8471699,Andrew Cogliano,C,2020,54,0.27,0.41,3.0,14.0,-7.94,4.9,-0.1,0.25,0.82,3250000.0,3.9877300613496933,81500000,3.9686133471398524,3234419.8779189796,-0.019116714209840957,-15580.12208102038,STD,UFA
8475184,Chris Kreider,LW,2020,50,0.55,0.9,24.0,44.0,0.56,2.43,1.91,0.01,-0.86,6500000.0,7.975460122699387,81500000,7.948172692943709,6477760.744749122,-0.02728742975567755,-22239.255250877202,STD,UFA
8477974,Ryan MacInnis,C,2020,16,0.02,0.1,0.0,1.0,-2.29,-0.1,-0.0,0.0,0.2,874125.0,1.0725460122699386,81500000,1.0169453104498647,828810.4280166398,-0.05560070182007393,-45314.57198336025,STD,RFA
8480031,Max Comtois,LW,2020,55,0.03,0.04,5.0,11.0,5.32,0.69,-0.15,0.0,-1.03,820000.0,1.0061349693251533,81500000,0.9493082421556558,773686.2173568595,-0.05682672716949755,-46313.7826431405,ELC,
8476907,Mackenzie MacEachern,LW,2020,21,0.02,0.08,7.0,10.0,-1.57,0.35,-0.0,0.0,-0.64,900000.0,1.1042944785276074,81500000,1.0446264502060387,851370.5569179215,-0.0596680283215687,-48629.4430820785,STD,RFA
8477425,Miles Wood,LW,2020,55,-0.04,-0.06,11.0,24.0,4.17,-0.51,-0.63,0.0,0.32,2750000.0,3.374233128834356,81500000,3.312569475942839,2699744.1228934135,-0.061663652891517096,-50255.87710658643,STD,RFA
8476934,Brock McGinn,LW,2020,37,0.2,0.44,7.0,16.0,2.09,1.54,-0.03,0.02,1.29,2100000.0,2.5766871165644174,81500000,2.5078109239925936,2043865.903053964,-0.06887619257182376,-56134.09694603636,STD,RFA
8476410,Josh Leivo,LW,2020,38,0.04,0.09,6.0,19.0,0.7,1.48,-0.26,0.0,0.08,1500000.0,1.8404907975460123,81500000,1.7644993297483538,1438066.9537449083,-0.07599146779765853,-61933.04625509171,STD,RFA
8477903,Garnet Hathaway,RW,2020,56,0.2,0.29,9.0,17.0,0.52,2.02,-0.03,0.1,-0.38,1500000.0,1.8404907975460123,81500000,1.7531696646144397,1428833.2766607683,-0.08732113293157262,-71166.72333923168,STD,UFA
8475820,Joonas Donskoi,RW,2020,51,0.18,0.29,16.0,33.0,6.87,1.87,0.55,-0.04,0.31,3900000.0,4.785276073619632,81500000,4.688745688088565,3821327.7357921805,-0.09653038553106708,-78672.26420781967,STD,UFA
8478104,Sammy Blais,LW,2020,36,0.03,0.07,6.0,12.0,0.09,-0.73,-0.02,0.0,0.08,1500000.0,1.8404907975460123,81500000,1.732600850876974,1412069.6934647337,-0.1078899466690384,-87930.3065352663,STD,RFA
8471260,Blake Comeau,LW,2020,51,-0.06,-0.1,8.0,17.0,-10.4,2.61,-0.06,-0.1,-0.19,2400000.0,2.9447852760736195,81500000,2.834596306218245,2310195.9895678693,-0.11018896985537463,-89804.01043213032,STD,UFA
8477404,Jake Guentzel,LW,2020,56,0.61,0.89,20.0,45.0,6.11,0.72,2.46,0.0,1.23,6000000.0,7.361963190184049,81500000,7.2454309744425185,5905026.244170653,-0.11653221574153072,-94973.75582934754,STD,RFA
8476449,Scott Harrington,D,2020,12,0.01,0.07,1.0,8.0,-1.94,0.19,-0.0,0.0,-0.3,1633333.0,2.0040895705521473,81500000,1.8833867359732537,1534960.1898182016,-0.12070283457889364,-98372.81018179831,STD,RFA
8477987,Ryan Donato,C,2020,50,0.24,0.39,14.0,23.0,-4.19,0.13,0.68,0.0,2.16,1900000.0,2.331288343558282,81500000,2.1996355570924173,1792702.9790303202,-0.13165278646586476,-107297.02096967977,STD,RFA
8480326,Sheldon Dries,C,2020,3,0.0,0.0,0.0,0.0,-0.23,-0.14,-0.0,0.0,-0.17,735000.0,0.9018404907975459,81500000,0.7677115436010791,625684.9080348795,-0.13412894719646684,-109315.09196512047,STD,RFA
8478452,Caleb Jones,D,2020,33,0.06,0.15,4.0,9.0,1.32,0.22,-0.03,-0.0,0.42,850000.0,1.0429447852760736,81500000,0.9076211433787869,739711.2318537113,-0.13532364189728674,-110288.76814628868,STD,RFA
8477502,Samuel Morin,D,2020,20,0.02,0.08,0.0,0.0,-2.23,0.39,-0.0,0.0,-0.98,700000.0,0.8588957055214724,81500000,0.7231686856343504,589382.4787919956,-0.135727019887122,-110617.52120800441,STD,RFA
8474685,Matt Calvert,LW,2020,18,0.0,0.0,12.0,25.0,-0.43,1.35,-0.04,-0.01,0.39,2850000.0,3.496932515337423,81500000,3.3486381951238293,2729140.1290259208,-0.1482943202135938,-120859.87097407893,STD,UFA
8475176,Ryan Ellis,D,2020,35,0.28,0.66,8.0,37.0,6.05,0.43,0.24,0.15,0.66,6250000.0,7.668711656441718,81500000,7.517810056683851,6127015.196197339,-0.15090159975786666,-122984.80380266134,STD,UFA
8480871,Adam Boqvist,D,2020,34,-0.11,-0.27,4.0,13.0,-1.78,-0.09,-0.94,0.0,0.62,894167.0,1.0971374233128834,81500000,0.9416349904144887,767432.5171878083,-0.15550243289839472,-126734.4828121917,ELC,
8478131,Ondrej Kase,RW,2020,3,0.0,0.0,7.0,24.0,0.41,0.1,-0.02,0.0,0.0,2600000.0,3.190184049079755,81500000,3.025427266078694,2465723.2218541354,-0.164756783001061,-134276.77814586472,STD,RFA
8476442,Matt Nieto,LW,2020,28,0.08,0.23,8.0,21.0,-0.99,-0.59,-0.05,-0.02,-0.1,1975000.0,2.4233128834355826,81500000,2.2517735820240254,1835195.4693495808,-0.17153930141155715,-139804.53065041907,STD,RFA
8474176,Carl Hagelin,LW,2020,56,0.29,0.42,8.0,25.0,-3.91,0.68,-0.04,0.11,0.15,2750000.0,3.374233128834356,81500000,3.1959453133557787,2604695.4303849596,-0.1782878154785772,-145304.5696150404,STD,UFA
8481477,Nico Sturm,C,2020,50,0.13,0.21,0.0,2.0,4.77,0.61,-0.04,0.0,0.95,874125.0,1.0725460122699386,81500000,0.8927296444998536,727574.6602673806,-0.17981636777008503,-146550.3397326193,STD,RFA
8476915,Jujhar Khaira,LW,2020,39,0.04,0.08,6.0,11.0,-5.78,0.78,-0.05,0.07,-0.42,1200000.0,1.4723926380368098,81500000,1.279345582895207,1042666.6500595936,-0.1930470551416028,-157333.3499404063,STD,RFA
8477455,Jacob De La Rose,C,2020,12,-0.02,-0.14,2.0,9.0,-0.93,0.34,-0.01,-0.01,0.02,900000.0,1.1042944785276074,81500000,0.9069170555094903,739137.4002402347,-0.19737742301811712,-160862.59975976546,STD,RFA
8480035,Henri Jokiharju,D,2020,46,0.07,0.12,4.0,16.0,0.28,-1.43,-0.07,-0.04,0.16,925000.0,1.1349693251533743,81500000,0.9373924164591596,763974.819414215,-0.19757690869421474,-161025.180585785,ELC,
8481641,Joel Kiviranta,LW,2020,26,0.02,0.06,1.0,1.0,-0.09,0.83,-0.09,0.0,-0.11,925000.0,1.1349693251533743,81500000,0.929894748675661,757864.2201706638,-0.20507457647771332,-167135.77982933636,ELC,
8480001,Urho Vaakanainen,D,2020,9,0.03,0.27,0.0,0.0,-1.49,0.17,-0.01,0.0,0.03,894167.0,1.0971374233128834,81500000,0.8702517764414974,709255.1977998203,-0.22688564687138602,-184911.8022001796,ELC,
8474062,Riley Nash,C,2020,37,0.08,0.18,5.0,14.0,-5.19,2.23,-0.06,-0.04,0.26,2750000.0,3.374233128834356,81500000,3.1466705084185502,2564536.4643611186,-0.22756262041580566,-185463.5356388816,STD,UFA
8478460,Zach Werenski,D,2020,35,0.22,0.52,20.0,41.0,-0.25,-0.59,0.42,0.02,0.33,5000000.0,6.134969325153374,81500000,5.897960348168242,4806837.683757117,-0.23700897698513224,-193162.31624288275,STD,RFA
8470794,Joe Pavelski,C,2020,56,0.72,1.05,14.0,31.0,8.56,6.61,2.54,0.03,0.88,7000000.0,8.588957055214724,81500000,8.324293604113839,6784299.287352779,-0.2646634511008852,-215700.7126472214,STD,UFA
8477462,Robert Hagg,D,2020,34,-0.01,-0.02,3.0,13.0,2.33,0.95,-0.02,-0.07,-0.92,1150000.0,1.4110429447852761,81500000,1.1271591980602782,918634.7464191267,-0.28388374672499794,-231365.25358087334,STD,RFA
8478010,Brayden Point,C,2020,56,0.49,0.72,23.0,62.0,11.15,-0.24,0.63,-0.0,3.08,6750000.0,8.282208588957054,81500000,7.981604401388024,6505007.58713124,-0.3006041875690304,-244992.4128687598,STD,RFA
8477963,Jayce Hawryluk,RW,2020,30,0.03,0.08,3.0,10.0,-1.08,-0.37,-0.0,0.0,0.05,874125.0,1.0725460122699386,81500000,0.7515386112229567,612503.9681467097,-0.3210074010469819,-261621.03185329025,STD,RFA
8476288,Ryan Dzingel,C,2020,40,0.06,0.12,8.0,28.0,-0.63,1.78,0.04,0.0,-0.76,3375000.0,4.141104294478527,81500000,3.818232980766318,3111859.8793245493,-0.32287131371220923,-263140.1206754505,STD,UFA
8474586,Jordan Eberle,RW,2020,55,0.2,0.3,16.0,40.0,8.43,2.09,-1.1,0.0,0.68,5500000.0,6.748466257668712,81500000,6.395210865670274,5212096.855521274,-0.35325539199843803,-287903.144478727,STD,UFA
8477935,Sam Bennett,C,2020,48,-0.06,-0.1,8.0,12.0,2.08,0.59,-0.59,0.01,0.13,2550000.0,3.128834355828221,81500000,2.7604720027660914,2249784.6822543647,-0.3683623530621296,-300215.31774563564,STD,RFA
8481812,Nikolai Knyzhov,D,2020,56,0.17,0.25,0.0,0.0,-1.04,0.17,-0.05,0.0,-2.04,796667.0,0.9775055214723926,81500000,0.6016075198547686,490310.12868163636,-0.375898001617624,-306356.8713183635,ELC,
8476960,Andreas Athanasiou,C,2020,47,0.01,0.02,11.0,27.0,2.27,-2.4,-1.41,-0.0,1.15,3000000.0,3.6809815950920246,81500000,3.300606176081157,2689994.033506143,-0.3803754190108677,-310005.96649385715,STD,RFA
8480789,Oliver Wahlstrom,RW,2020,44,0.18,0.34,0.0,0.0,-0.88,2.17,1.48,0.0,0.27,894167.0,1.0971374233128834,81500000,0.7023876487696707,572445.9337472817,-0.3947497745432127,-321721.06625271833,ELC,
8476441,Joel Edmundson,D,2020,55,0.14,0.21,7.0,20.0,0.69,1.45,-0.07,0.11,-0.31,3100000.0,3.8036809815950923,81500000,3.3994345734169844,2770539.1773348423,-0.40424640817810786,-329460.8226651579,STD,RFA
8477210,Buddy Robinson,RW,2020,9,0.0,0.0,1.0,1.0,-0.59,0.31,-0.0,0.0,0.18,700000.0,0.8588957055214724,81500000,0.4242480512900908,345762.161801424,-0.43464765423138163,-354237.83819857606,STD,RFA
8476392,Adam Lowry,C,2020,52,0.22,0.35,3.0,9.0,-2.92,0.5,0.18,0.1,1.0,2916666.0,3.5787312883435582,81500000,3.1403048415765973,2559348.4458849267,-0.43842644676696096,-357317.5541150732,STD,RFA
8474688,Greg Pateryn,D,2020,13,0.03,0.19,0.0,3.0,-0.54,0.47,-0.01,-0.01,-0.48,2250000.0,2.7607361963190185,81500000,2.312634651195328,1884797.2407241925,-0.4481015451236905,-365202.75927580777,STD,UFA
8477964,Ivan Barbashev,C,2020,38,-0.03,-0.06,11.0,26.0,-2.34,-0.41,0.15,0.02,0.26,1475000.0,1.8098159509202454,81500000,1.3554963643932538,1104729.5369805018,-0.45431958652699156,-370270.4630194981,STD,RFA
8476432,Boone Jenner,C,2020,41,0.06,0.12,11.0,24.0,-1.53,-0.82,-0.47,-0.07,0.65,3750000.0,4.601226993865031,81500000,4.107885234470928,3347926.4660938056,-0.4933417593941032,-402073.5339061941,STD,RFA
8478444,Brock Boeser,RW,2020,56,0.17,0.25,16.0,45.0,4.79,-2.44,0.7,0.0,0.03,5875000.0,7.208588957055214,81500000,6.714771211641077,5472538.537487478,-0.4938177454141375,-402461.46251252206,STD,RFA
8481554,Kaapo Kakko,RW,2020,48,0.05,0.09,10.0,22.0,-2.4,2.18,-0.32,-0.0,0.81,925000.0,1.1349693251533743,81500000,0.6275188861928402,511427.89224716474,-0.5074504389605341,-413572.10775283526,ELC,
8478366,Frank Vatrano,C,2020,56,0.0,0.0,16.0,34.0,1.69,1.68,-1.06,0.0,-0.7,2533333.0,3.1083840490797545,81500000,2.5949623354802167,2114894.303416377,-0.5134217135995378,-418438.6965836233,STD,RFA
8477845,Trevor van Riemsdyk,D,2020,19,0.09,0.39,1.0,8.0,0.56,1.22,-0.07,-0.02,0.06,2300000.0,2.8220858895705523,81500000,2.2995655746906802,1874145.9433729046,-0.522520314879872,-425854.0566270957,STD,RFA
8474618,Marco Scandella,D,2020,49,-0.15,-0.25,5.0,13.0,-2.82,1.07,-0.04,-0.07,-1.18,3275000.0,4.01840490797546,81500000,3.4836813383628993,2839200.290765763,-0.5347235696125603,-435799.7092342366,STD,UFA
8477463,Steven Santini,D,2020,3,0.01,0.27,0.0,0.0,-0.63,-0.21,-0.0,0.0,0.01,1416667.0,1.7382417177914111,81500000,1.1998946497335243,977914.1395328224,-0.5383470680578868,-438752.86046717776,STD,RFA
8475279,Ben Chiarot,D,2020,41,-0.2,-0.4,9.0,21.0,-4.36,0.64,0.03,-0.03,-1.71,3500000.0,4.294478527607362,81500000,3.754822821181113,3060180.5992626073,-0.5396557064262488,-439819.4007373928,STD,UFA
8477527,Ross Johnston,LW,2020,11,0.0,0.0,3.0,4.0,-1.28,0.54,-0.0,0.0,-0.83,1000000.0,1.2269938650306749,81500000,0.679581559850714,553858.9712783319,-0.5474123051799609,-446141.0287216681,STD,RFA
8477520,Jean Sebastien Dea,C,2020,1,0.0,0.0,0.0,0.0,0.06,-0.02,-0.0,0.0,-0.17,700000.0,0.8588957055214724,81500000,0.30617051773686654,249528.97195554624,-0.5527251877846059,-450471.0280444538,STD,RFA
8473463,Leo Komarov,C,2020,33,0.05,0.12,4.0,14.0,-1.95,1.9,-0.05,0.01,-0.6,3000000.0,3.6809815950920246,81500000,3.1238185172524187,2545912.0915607214,-0.557163077839606,-454087.90843927884,STD,UFA
8471677,Jack Johnson,D,2020,13,-0.05,-0.32,3.0,11.0,-1.2,0.44,-0.01,-0.04,-0.47,3250000.0,3.9877300613496933,81500000,3.414924767859718,2783163.68580567,-0.5728052934899752,-466836.3141943298,STD,UFA
8477962,Brendan Lemieux,LW,2020,49,0.03,0.05,6.0,18.0,-4.21,0.33,-0.38,0.0,0.6,925000.0,1.1349693251533743,81500000,0.5594903424355362,455984.62908496195,-0.5754789827178382,-469015.37091503805,STD,RFA
8477949,Alex Tuch,RW,2020,55,0.15,0.22,8.0,17.0,5.36,0.23,-0.21,-0.02,0.51,4750000.0,5.828220858895705,81500000,5.248131549984871,4277227.21323767,-0.5800893089108339,-472772.7867623296,STD,RFA
8474581,Jake Gardiner,D,2020,26,0.11,0.35,4.0,23.0,-0.91,0.64,0.16,0.0,-0.43,4050000.0,4.969325153374233,81500000,4.370730758309678,3562145.5680223876,-0.5985943950645547,-487854.4319776121,STD,UFA
8470047,Valtteri Filppula,C,2020,38,-0.2,-0.43,6.0,20.0,-1.55,-1.15,-0.82,0.01,-0.06,3000000.0,3.6809815950920246,81500000,3.071549042994894,2503312.4700408387,-0.6094325520971307,-496687.5299591615,STD,UFA
8474715,Cam Atkinson,RW,2020,56,0.21,0.31,12.0,26.0,-0.39,0.04,0.44,0.09,0.87,5875000.0,7.208588957055214,81500000,6.5985823388929585,5377844.606197761,-0.6100066181622559,-497155.3938022385,STD,UFA
8479398,Samuel Girard,D,2020,48,0.35,0.6,4.0,34.0,7.7,3.06,0.7,0.01,1.23,5000000.0,6.134969325153374,81500000,5.521675010534475,4500165.133585597,-0.6132943146188996,-499834.86641440314,STD,RFA
8476873,Mark Jankowski,C,2020,45,0.11,0.2,5.0,7.0,-5.25,1.29,-0.12,0.09,-0.08,1675000.0,2.0552147239263805,81500000,1.4331324020231566,1168002.9076488726,-0.6220823219032239,-506997.0923511275,STD,RFA
8475170,Brayden Schenn,C,2020,56,0.33,0.48,25.0,59.0,-3.8,0.59,0.71,-0.01,-0.48,6500000.0,7.975460122699387,81500000,7.351937098200404,5991828.735033329,-0.6235230244989829,-508171.26496667106,STD,UFA
8477478,William Carrier,LW,2020,52,0.06,0.09,7.0,19.0,2.43,0.14,-0.04,0.0,1.8,1400000.0,1.7177914110429449,81500000,1.0744845129623748,875704.8780643356,-0.6433068980805701,-524295.1219356646,STD,RFA
8480205,Emil Bemstrom,C,2020,20,0.03,0.12,10.0,20.0,-1.29,1.13,-0.07,0.0,0.22,925000.0,1.1349693251533743,81500000,0.4862857676227854,396322.9006125701,-0.6486835575305889,-528677.09938743,ELC,
8481572,Ville Heinola,D,2020,5,0.02,0.33,1.0,5.0,-0.66,0.1,-0.05,0.0,-0.16,863334.0,1.0593055214723928,81500000,0.4019955120659642,327626.3423337608,-0.6573100094064286,-535707.6576662393,ELC,
8481481,Blake Lizotte,C,2020,41,0.1,0.2,6.0,22.0,-2.2,-0.35,-0.16,0.04,0.61,925000.0,1.1349693251533743,81500000,0.4646432419419746,378684.24218270933,-0.6703260832113997,-546315.7578172908,ELC,
8475149,Marcus Johansson,C,2020,36,-0.04,-0.09,9.0,29.0,-2.02,0.22,0.79,-0.04,0.62,4500000.0,5.521472392638037,81500000,4.8373980690891205,3942479.426307633,-0.6840743235489164,-557520.5736923668,STD,UFA
8478567,Dean Kukan,D,2020,35,0.09,0.21,1.0,5.0,-2.3,-0.14,-0.0,0.0,-0.08,1650000.0,2.024539877300614,81500000,1.336892879517018,1089567.6968063696,-0.6876469977835957,-560432.3031936305,STD,RFA
8476897,Oskar Sundqvist,C,2020,28,0.03,0.09,12.0,23.0,-4.01,0.96,0.43,0.01,-0.26,2750000.0,3.374233128834356,81500000,2.6804967871490817,2184604.8815265014,-0.6937363416852742,-565395.1184734985,STD,RFA
8480074,Alexandre Texier,LW,2020,49,-0.02,-0.03,6.0,13.0,-2.57,-0.44,-0.72,0.02,-0.03,897500.0,1.1012269938650308,81500000,0.39340118274216884,320621.96393486764,-0.7078258111228619,-576878.0360651325,ELC,
8477953,Kasperi Kapanen,C,2020,40,-0.1,-0.2,13.0,36.0,2.62,-0.91,-0.8,-0.0,0.62,3200000.0,3.92638036809816,81500000,3.215256613624982,2620434.14010436,-0.7111237544731779,-579565.8598956399,STD,RFA
8480873,Rasmus Sandin,D,2020,9,0.02,0.18,1.0,8.0,0.98,0.18,-0.21,0.0,0.19,894167.0,1.0971374233128834,81500000,0.3603346132192087,293672.70977365505,-0.7368028100936748,-600494.290226345,ELC,
8471817,Ryan Reaves,RW,2020,37,0.01,0.02,8.0,15.0,-0.58,-0.25,-0.02,0.0,-0.27,1750000.0,2.147239263803681,81500000,1.408113530709592,1147612.5275283174,-0.739125733094089,-602387.4724716826,STD,UFA
8480806,Isac Lundestrom,C,2020,41,0.06,0.12,0.0,4.0,-3.05,0.22,0.05,-0.09,-0.91,925000.0,1.1349693251533743,81500000,0.3609673686332897,294188.4054361311,-0.7740019565200846,-630811.594563869,ELC,
8477507,Nikita Zadorov,D,2020,55,0.08,0.12,3.0,13.0,-7.84,0.57,-0.1,-0.02,-1.0,3200000.0,3.92638036809816,81500000,3.14842581031391,2565967.035405836,-0.7779545577842502,-634032.9645941639,STD,RFA
8478397,Rasmus Andersson,D,2020,56,0.01,0.01,5.0,22.0,0.37,-1.11,-1.14,0.07,-0.12,4550000.0,5.58282208588957,81500000,4.804703011627167,3915832.954476141,-0.7781190742624036,-634167.0455238589,STD,RFA
8474207,Nick Holden,D,2020,17,0.03,0.14,6.0,14.0,1.61,-0.19,-0.0,-0.01,0.05,1700000.0,2.085889570552147,81500000,1.2836711486708339,1046191.9861667296,-0.8022184218813133,-653808.0138332703,STD,UFA
8476882,Teuvo Teravainen,C,2020,21,0.08,0.31,15.0,61.0,4.82,0.42,-0.12,0.05,-0.11,5400000.0,6.625766871165645,81500000,5.816042115245862,4740074.323925378,-0.8097247559197829,-659925.676074623,STD,RFA
8477290,Michael Raffl,LW,2020,44,0.06,0.11,9.0,19.0,-3.1,0.14,-0.04,-0.01,-0.23,1600000.0,1.96319018404908,81500000,1.1422593528403215,930941.372564862,-0.8209308312087584,-669058.6274351381,STD,UFA
8479369,Andrew Peeke,D,2020,11,0.04,0.3,1.0,3.0,-0.85,-0.29,-0.01,-0.0,-0.14,916666.0,1.1247435582822085,81500000,0.2985155263578143,243290.15398161864,-0.8262280319243942,-673375.8460183813,ELC,
8480769,Joel L'Esperance,C,2020,12,0.0,0.0,1.0,1.0,-0.72,0.41,-0.14,0.0,0.02,722500.0,0.8865030674846626,81500000,0.05837195052974309,47573.13968174061,-0.8281311169549195,-674926.8603182595,ELC,
8476539,Jonathan Marchessault,LW,2020,55,0.06,0.09,22.0,47.0,7.12,0.21,-0.85,0.0,-0.16,5000000.0,6.134969325153374,81500000,5.290904900085094,4312087.493569352,-0.8440644250682805,-687912.5064306486,STD,UFA
8475178,Zack Kassian,RW,2020,25,-0.01,-0.03,15.0,34.0,-1.73,-0.01,-0.07,-0.0,-0.79,3200000.0,3.92638036809816,81500000,3.064802463401186,2497814.0076719667,-0.8615779046969738,-702185.9923280337,STD,UFA
8480829,Jesperi Kotkaniemi,C,2020,56,-0.08,-0.12,6.0,8.0,-4.47,0.64,-1.2,0.0,0.49,925000.0,1.1349693251533743,81500000,0.2645255846945993,215588.3515260984,-0.870443740458775,-709411.6484739017,ELC,
8475747,Patrik Nemeth,D,2020,52,-0.19,-0.3,1.0,9.0,1.67,4.52,-0.03,-0.17,-1.19,3000000.0,3.6809815950920246,81500000,2.805896430399706,2286805.5907757604,-0.8750851646923188,-713194.4092242398,STD,UFA
8477355,Will Butcher,D,2020,23,0.02,0.07,4.0,22.0,-2.04,0.48,-0.08,-0.0,0.25,3733333.0,4.580776687116565,81500000,3.675515040086726,2995544.7576706815,-0.9052616470298389,-737788.2423293188,STD,RFA
8476918,Jimmy Vesey,LW,2020,50,0.06,0.1,9.0,20.0,-3.46,0.06,-0.27,-0.04,0.63,2275000.0,2.791411042944785,81500000,1.8501047886280197,1507835.402731836,-0.9413062543167654,-767164.5972681638,STD,RFA
8475792,Brett Connolly,RW,2020,31,-0.03,-0.08,19.0,32.0,-2.21,1.06,0.01,0.0,0.24,3500000.0,4.294478527607362,81500000,3.338441316243424,2720829.6727383905,-0.9560372113639382,-779170.3272616096,STD,UFA
8477476,Artturi Lehkonen,LW,2020,47,-0.07,-0.12,13.0,27.0,-2.8,1.49,-0.08,-0.0,0.97,2400000.0,2.9447852760736195,81500000,1.9867012175031231,1619161.4922650454,-0.9580840585704964,-780838.5077349546,STD,RFA
8477989,Christian Dvorak,C,2020,56,0.11,0.16,18.0,38.0,1.77,0.61,0.41,-0.07,1.04,4450000.0,5.460122699386503,81500000,4.501470713930141,3668698.631853065,-0.9586519854563615,-781301.3681469347,STD,RFA
8481105,Otto Leskinen,D,2020,1,0.0,0.0,0.0,0.0,0.13,0.05,-0.0,0.0,0.0,925000.0,1.1349693251533743,81500000,0.16994722889963398,138506.99155320172,-0.9650220962537404,-786493.0084467983,ELC,
8474150,Mikael Backlund,C,2020,54,0.03,0.05,16.0,43.0,-0.25,1.45,-0.52,0.03,-0.68,5350000.0,6.56441717791411,81500000,5.589127686979536,4555139.064888322,-0.975289490934574,-794860.9351116777,STD,UFA
8476419,Jean Gabriel Pageau,C,2020,54,0.21,0.32,26.0,42.0,-0.4,2.85,0.45,0.08,0.85,5000000.0,6.134969325153374,81500000,5.158215748425166,4203945.83496651,-0.9767535767282087,-796054.1650334902,STD,UFA
8474038,Paul Byron,LW,2020,46,-0.01,-0.02,4.0,10.0,-5.23,1.86,-0.04,0.06,-0.57,3400000.0,4.171779141104294,81500000,3.183693865239066,2594710.500169839,-0.9880852758652283,-805289.499830161,STD,UFA
8479365,Trent Frederic,C,2020,42,0.04,0.08,0.0,0.0,-4.59,1.25,-0.17,0.0,1.11,925000.0,1.1349693251533743,81500000,0.1433787380201803,116853.67148644695,-0.991590587133194,-808146.3285135531,ELC,
8475169,Evander Kane,LW,2020,56,0.6,0.88,26.0,46.0,0.69,-0.6,0.6,0.24,-0.3,7000000.0,8.588957055214724,81500000,7.591017045033274,6186678.891702118,-0.9979400101814502,-813321.1082978819,STD,UFA
8477986,Brandon Montour,D,2020,50,-0.07,-0.11,5.0,18.0,6.07,-0.17,-0.01,-0.06,-1.34,3387500.0,4.156441717791411,81500000,3.1561812922981822,2572287.7532230187,-1.000260425493229,-815212.2467769816,STD,RFA
8476981,Josh Anderson,D,2020,52,-0.12,-0.19,1.0,4.0,2.88,-0.45,-1.09,0.0,-0.35,765000.0,0.9386503067484663,81500000,-0.07011354136822234,-57142.53621510121,-1.0087638481166885,-822142.5362151011,ELC,
8478906,Markus Nutivaara,D,2020,30,0.06,0.16,3.0,9.0,0.61,1.03,-0.24,0.0,-0.59,2700000.0,3.3128834355828225,81500000,2.285788676193473,1862917.7710976803,-1.0270947593893496,-837082.2289023199,STD,RFA
8476931,Jake McCabe,D,2020,13,0.04,0.25,3.0,13.0,0.51,1.27,-0.02,-0.0,0.22,2850000.0,3.496932515337423,81500000,2.441773442487918,1990045.355627653,-1.0551590728495053,-859954.6443723467,STD,RFA
8479335,Rasmus Asplund,C,2020,28,0.04,0.12,1.0,3.0,0.84,-0.17,-0.01,-0.0,0.41,845000.0,1.0368098159509203,81500000,-0.018573030518210132,-15137.019872341258,-1.0553828464691304,-860137.0198723413,ELC,
8475754,Brock Nelson,C,2020,56,0.26,0.38,26.0,53.0,2.27,3.07,1.35,-0.01,0.35,6000000.0,7.361963190184049,81500000,6.258549976074379,5100718.230500619,-1.1034132141096702,-899281.7694993812,STD,UFA
8479671,Mathieu Olivier,RW,2020,30,0.01,0.03,0.0,1.0,-2.49,0.62,0.34,0.0,-1.81,730000.0,0.8957055214723927,81500000,-0.2099293139384546,-171092.3908598405,-1.1056348354108474,-901092.3908598407,ELC,
8476958,Jaccob Slavin,D,2020,52,0.56,0.88,6.0,35.0,9.87,0.74,-0.1,0.12,0.56,5300000.0,6.5030674846625764,81500000,5.392372431289166,4394783.53150067,-1.1106950533734103,-905216.4684993294,STD,RFA
8480384,Alexander True,C,2020,7,0.0,0.0,0.0,4.0,-0.28,0.14,-0.0,0.0,-0.16,763333.0,0.9366049079754601,81500000,-0.1828671726892086,-149036.745741705,-1.1194720806646687,-912369.745741705,ELC,
8479442,Troy Stecher,D,2020,44,0.11,0.2,5.0,18.0,-5.59,0.46,-0.18,0.0,-0.2,2325000.0,2.852760736196319,81500000,1.7273708312567315,1407807.2274742362,-1.1253899049395875,-917192.7725257637,STD,RFA
8480853,Liam Foudy,C,2020,24,0.03,0.1,0.0,1.0,-3.3,-0.19,-0.01,0.0,0.4,894167.0,1.0971374233128834,81500000,-0.03522587973183455,-28709.09198144516,-1.132363303044718,-922876.0919814451,ELC,
8474037,James van Riemsdyk,LW,2020,56,0.62,0.91,18.0,39.0,1.5,0.84,1.39,0.0,-0.17,7000000.0,8.588957055214724,81500000,7.452293231338631,6073618.983540984,-1.136663823876093,-926381.0164590159,STD,UFA
8481600,Tobias Bjornfot,D,2020,33,0.07,0.17,0.0,0.0,-3.3,0.08,-0.07,-0.01,-0.92,894167.0,1.0971374233128834,81500000,-0.04864227289418288,-39643.45240875905,-1.1457796962070663,-933810.452408759,ELC,
8477341,Andreas Johnsson,LW,2020,50,0.05,0.08,9.0,22.0,-0.73,-0.11,-0.63,0.01,0.47,3400000.0,4.171779141104294,81500000,3.0195569053665707,2460938.877873755,-1.1522222357377236,-939061.1221262447,STD,RFA
8476856,Matt Dumba,D,2020,51,0.1,0.16,6.0,24.0,7.29,-1.48,-0.45,-0.1,-0.64,6000000.0,7.361963190184049,81500000,6.204633866522473,5056776.601215815,-1.1573293236615765,-943223.3987841848,STD,RFA
8476480,Vladislav Namestnikov,C,2020,53,-0.07,-0.11,17.0,30.0,-8.55,0.76,-0.64,0.2,-0.35,4000000.0,4.9079754601226995,81500000,3.7377019150777127,3046227.0607883357,-1.1702735450449868,-953772.9392116644,STD,RFA
8479388,Riley Stillman,D,2020,21,0.04,0.16,0.0,5.0,1.25,-0.08,-0.01,-0.0,-0.11,773333.0,0.9488748466257668,81500000,-0.2643654274010565,-215457.82333186106,-1.2132402740268233,-988790.823331861,ELC,
8475790,Erik Gudbranson,D,2020,45,0.07,0.13,3.0,9.0,-1.06,-2.56,-0.06,-0.13,-0.87,4000000.0,4.9079754601226995,81500000,3.686765632127411,3004713.99018384,-1.2212098279952883,-995286.00981616,STD,UFA
8476921,Jordan Martinook,C,2020,44,0.02,0.04,2.0,14.0,-4.13,-0.46,-0.05,-0.01,-0.24,2000000.0,2.4539877300613497,81500000,1.2125278629479084,988210.2083025452,-1.2414598671134414,-1011789.7916974548,STD,RFA
8481186,Logan O'Connor,RW,2020,21,0.04,0.16,2.0,2.0,0.64,2.17,0.02,-0.01,0.38,925000.0,1.1349693251533743,81500000,-0.11053023591264477,-90082.14226880547,-1.2454995610660191,-1015082.1422688055,ELC,
8479337,Alex DeBrincat,RW,2020,52,0.49,0.77,18.0,43.0,6.28,1.11,1.2,-0.0,1.73,6400000.0,7.85276073619632,81500000,6.598808746880463,5378029.1287075775,-1.2539519893158566,-1021970.8712924232,STD,RFA
8480160,Radim Simek,D,2020,40,0.14,0.29,2.0,9.0,0.85,0.51,-0.05,0.0,0.27,2250000.0,2.7607361963190185,81500000,1.4946370597304384,1218129.2036803074,-1.26609913658858,-1031870.7963196927,STD,UFA
8477038,Nikita Gusev,LW,2020,27,0.07,0.21,13.0,44.0,1.11,-0.37,-0.53,0.0,0.24,4500000.0,5.521472392638037,81500000,4.238299157376204,3454213.8132616063,-1.2831732352618328,-1045786.1867383939,STD,RFA
8477946,Dylan Larkin,C,2020,44,0.0,0.0,19.0,51.0,-3.25,0.81,-0.6,-0.0,0.51,6100000.0,7.484662576687116,81500000,6.199706357193923,5052760.6811130475,-1.2849562194931927,-1047239.318886952,STD,RFA
8474574,Tyler Myers,D,2020,55,0.11,0.16,6.0,21.0,3.79,-5.0,-0.26,-0.04,-2.16,6000000.0,7.361963190184049,81500000,6.067890457349781,4945330.722740072,-1.2940727328342678,-1054669.2772599284,STD,UFA
8474590,John Carlson,D,2020,52,0.41,0.65,15.0,74.0,6.53,-1.51,0.24,-0.01,-0.11,8000000.0,9.815950920245399,81500000,8.51386049386405,6938796.3024992,-1.3020904263813495,-1061203.6975007998,STD,UFA
8476919,Chris Tierney,C,2020,55,-0.05,-0.07,11.0,37.0,-4.51,-1.67,-0.11,-0.0,0.32,2937500.0,3.604294478527607,81500000,2.2955485344876756,1870872.0556074558,-1.3087459440399316,-1066627.9443925442,STD,RFA
8478046,Danton Heinen,LW,2020,43,0.05,0.1,10.0,26.0,-4.3,0.2,-0.16,0.01,1.14,2800000.0,3.4355828220858897,81500000,2.1263396368022143,1732966.8039938048,-1.3092431852836754,-1067033.1960061954,STD,RFA
8476880,Tom Wilson,RW,2020,46,0.24,0.43,21.0,44.0,3.35,-1.07,1.3,0.02,-0.2,5166667.0,6.339468711656441,81500000,5.0169261844467865,4088794.840324131,-1.322542527209655,-1077872.1596758687,STD,RFA
8475209,Richard Panik,RW,2020,48,0.04,0.07,8.0,21.0,-2.92,1.8,-0.08,-0.0,-0.06,2750000.0,3.374233128834356,81500000,2.0421386270906865,1664342.9810789095,-1.3320945017436694,-1085657.0189210905,STD,UFA
8476925,Colton Sissons,C,2020,54,0.02,0.03,9.0,15.0,-3.35,2.11,-0.12,-0.15,-0.54,2857143.0,3.5056969325153378,81500000,2.1734679549240745,1771376.383263121,-1.3322289775912632,-1085766.6167368796,STD,RFA
8479393,Noah Gregor,LW,2020,30,0.03,0.08,3.0,5.0,-0.76,-1.36,-0.2,0.0,0.23,768333.0,0.9427398773006135,81500000,-0.437289752763661,-356391.14850238373,-1.3800296300642745,-1124724.1485023838,ELC,
8476448,William Karlsson,C,2020,56,0.36,0.53,15.0,46.0,4.33,2.47,0.02,0.16,1.21,5900000.0,7.2392638036809815,81500000,5.845695018481164,4764241.440062149,-1.3935687851998173,-1135758.5599378513,STD,RFA
8476525,Colin Miller,D,2020,48,0.07,0.12,1.0,11.0,-3.55,-0.08,-0.4,0.04,-0.01,3875000.0,4.754601226993866,81500000,3.3440307668989426,2725385.0750226383,-1.410570460094923,-1149614.9249773622,STD,RFA
8475745,Charlie Coyle,C,2020,51,0.2,0.32,16.0,37.0,-5.27,0.4,-0.64,0.02,0.49,5250000.0,6.441717791411043,81500000,4.9445076984529575,4029773.77423916,-1.4972100929580856,-1220226.2257608396,STD,UFA
8474230,Micheal Haley,C,2020,4,0.0,0.0,1.0,1.0,-0.51,0.18,-0.0,0.0,0.0,700000.0,0.8588957055214724,81500000,-0.6509684028471341,-530539.2483204142,-1.5098641083686064,-1230539.2483204142,STD,UFA
8474157,Max Pacioretty,LW,2020,48,0.07,0.12,32.0,66.0,9.5,0.86,0.42,0.0,0.33,7000000.0,8.588957055214724,81500000,7.057384955834122,5751768.739004809,-1.5315720993806021,-1248231.2609951908,STD,UFA
8475764,Cam Fowler,D,2020,56,-0.05,-0.07,9.0,29.0,-0.59,1.85,-1.47,-0.02,-0.63,6500000.0,7.975460122699387,81500000,6.433215937490454,5243070.98905472,-1.5422441852089328,-1256929.0109452803,STD,UFA
8478443,Brandon Carlo,D,2020,27,0.05,0.15,4.0,18.0,0.63,1.9,-0.01,0.04,-0.42,2850000.0,3.496932515337423,81500000,1.9375061667566769,1579067.5259066916,-1.5594263485807462,-1270932.4740933082,STD,RFA
8477149,Scott Sabourin,RW,2020,1,0.0,0.0,2.0,6.0,-0.11,0.03,-0.0,0.0,0.0,700000.0,0.8588957055214724,81500000,-0.7146607327611818,-582448.4972003632,-1.5735564382826541,-1282448.497200363,STD,UFA
8475177,Calvin de Haan,D,2020,44,0.06,0.11,1.0,6.0,-4.15,4.94,0.24,-0.0,-0.02,4550000.0,5.58282208588957,81500000,4.005407686644952,3264407.2646156363,-1.577414399244618,-1285592.7353843634,STD,UFA
8474818,Jordie Benn,D,2020,39,0.08,0.17,1.0,7.0,0.78,-1.1,-0.0,-0.03,-0.23,2000000.0,2.4539877300613497,81500000,0.8388596758310474,683670.6358023036,-1.6151280542303024,-1316329.3641976963,STD,UFA
8476975,Cedric Paquette,C,2020,47,0.07,0.12,7.0,18.0,-0.65,0.22,-0.01,0.02,-0.09,1650000.0,2.024539877300614,81500000,0.3998456420483425,325874.1982693991,-1.6246942352522713,-1324125.8017306011,STD,RFA
8477951,Nick Schmaltz,C,2020,52,0.16,0.25,11.0,45.0,1.96,0.38,0.2,0.0,2.03,5850000.0,7.177914110429448,81500000,5.5489919276413975,4522428.421027739,-1.6289221827880507,-1327571.5789722614,STD,RFA
8477021,Alexander Kerfoot,C,2020,56,0.09,0.13,9.0,28.0,-1.21,-0.75,-0.47,0.08,0.83,3500000.0,4.294478527607362,81500000,2.6652074288503584,2172144.054513042,-1.6292710987570036,-1327855.945486958,STD,RFA
8481640,Lean Bergmann,C,2020,1,0.0,0.0,0.0,1.0,-0.21,-0.22,-0.0,0.0,-0.34,836667.0,1.0265852760736196,81500000,-0.6100774233670858,-497213.100044175,-1.6366626994407054,-1333880.100044175,ELC,
8479523,Lucas Carlsson,D,2020,12,0.03,0.2,0.0,1.0,-0.37,0.11,-0.0,0.0,-0.14,792500.0,0.9723926380368099,81500000,-0.6902600103048488,-562561.9083984517,-1.6626526483416586,-1355061.9083984517,ELC,
8476875,Michael Matheson,D,2020,44,0.07,0.13,8.0,20.0,1.29,0.62,-0.65,0.0,-1.55,4875000.0,5.98159509202454,81500000,4.298694465787966,3503435.989617192,-1.6829006262365747,-1371564.0103828085,STD,RFA
8479587,Rhett Gardner,C,2020,28,0.02,0.06,0.0,0.0,-3.43,0.74,-0.02,0.0,0.22,925000.0,1.1349693251533743,81500000,-0.5588424010905477,-455456.5568887964,-1.693811726243922,-1380456.5568887966,ELC,
8474162,Jake Muzzin,D,2020,53,0.37,0.57,6.0,23.0,8.92,1.05,-0.11,0.04,-1.15,5625000.0,6.901840490797547,81500000,5.197142484256519,4235671.124669063,-1.7046980065410278,-1389328.8753309376,STD,UFA
8474013,Ian Cole,D,2020,54,0.02,0.03,4.0,25.0,1.96,1.46,-0.06,0.02,-2.22,4250000.0,5.214723926380368,81500000,3.509696441611519,2860402.5999133876,-1.7050274847688494,-1389597.4000866122,STD,UFA
8476826,Yanni Gourde,C,2020,56,0.35,0.51,10.0,29.0,3.78,1.96,0.64,0.05,0.35,5166667.0,6.339468711656441,81500000,4.598042529515313,3747404.66155498,-1.7414261821411285,-1419262.33844502,STD,UFA
8480185,Eetu Luostarinen,C,2020,44,0.02,0.04,0.0,1.0,-4.18,0.37,-0.02,-0.05,1.3,897500.0,1.1012269938650308,81500000,-0.6437625510074874,-524666.4790711022,-1.7449895448725181,-1422166.4790711023,ELC,
8480184,Gustav Lindstrom,D,2020,13,0.01,0.06,0.0,1.0,-1.85,0.17,-0.0,0.0,0.21,775833.0,0.9519423312883435,81500000,-0.7948036724408922,-647764.9930393271,-1.7467460037292357,-1423597.9930393272,ELC,
8477504,Josh Morrissey,D,2020,56,-0.14,-0.2,5.0,30.0,-2.43,-3.4,-0.65,-0.02,-1.12,6250000.0,7.668711656441718,81500000,5.88523185969702,4796463.965653071,-1.7834797967446976,-1453536.0343469286,STD,RFA
8479293,Brandon Tanev,LW,2020,32,0.15,0.38,11.0,25.0,1.7,0.86,-0.07,0.03,0.42,3500000.0,4.294478527607362,81500000,2.485932169979188,2026034.7185330384,-1.808546357628174,-1473965.2814669618,STD,UFA
8479314,Matthew Tkachuk,LW,2020,56,0.71,1.04,23.0,62.0,3.09,1.15,2.0,-0.0,0.02,7000000.0,8.588957055214724,81500000,6.711605560952302,5469958.532176127,-1.877351494262422,-1530041.467823874,STD,RFA
8476850,Ryan Murray,D,2020,48,0.18,0.31,2.0,9.0,-3.04,0.55,-0.05,0.01,-0.35,4600000.0,5.644171779141105,81500000,3.7214061967805563,3032946.0503761536,-1.9227655823605483,-1567053.9496238467,STD,RFA
8479358,Carsen Twarynski,LW,2020,7,0.0,0.0,1.0,1.0,-1.68,-0.4,-0.0,0.0,-0.16,775833.0,0.9519423312883435,81500000,-0.9717746189925869,-791996.3144789584,-1.9237169502809304,-1567829.3144789583,ELC,
8471669,Paul Stastny,C,2020,56,-0.05,-0.07,17.0,38.0,2.99,-0.47,-0.99,-0.0,-1.18,6500000.0,7.975460122699387,81500000,6.034645081931567,4918235.741774227,-1.94081504076782,-1581764.2582257732,STD,UFA
8476913,Devin Shore,C,2020,38,0.0,0.0,5.0,11.0,-4.25,0.05,-0.02,-0.02,-0.26,2300000.0,2.8220858895705523,81500000,0.8733451312579206,711776.2819752053,-1.9487407583126317,-1588223.7180247947,STD,RFA
8480822,Martin Kaut,RW,2020,5,0.0,0.0,2.0,3.0,-0.9,-0.12,-0.0,0.0,-0.33,863334.0,1.0593055214723928,81500000,-0.9607313123099086,-782996.0195325755,-2.020036833782301,-1646330.0195325755,ELC,
8479987,Morgan Geekie,C,2020,36,0.02,0.05,3.0,4.0,-0.53,0.54,0.1,-0.0,0.23,763333.0,0.9366049079754601,81500000,-1.0910084021111608,-889171.847720596,-2.027613310086621,-1652504.847720596,ELC,
8474716,Jared Spurgeon,D,2020,54,-0.02,-0.03,12.0,32.0,3.77,4.28,-1.46,-0.07,0.39,7575000.0,9.294478527607362,81500000,7.241951666984081,5902190.608592026,-2.0525268606232814,-1672809.3914079743,STD,UFA
8480003,Jesper Boqvist,C,2020,24,0.02,0.07,4.0,4.0,-1.82,-0.28,-0.14,0.0,0.73,925000.0,1.1349693251533743,81500000,-0.9342800070066559,-761438.2057104246,-2.0692493321600303,-1686438.2057104246,ELC,
8476902,Esa Lindell,D,2020,56,0.1,0.15,3.0,23.0,-0.38,5.97,-0.92,-0.08,-0.27,5800000.0,7.116564417177915,81500000,5.036785879473724,4104980.491771085,-2.0797785377041906,-1695019.5082289155,STD,RFA
8476869,Brady Skjei,D,2020,52,0.22,0.35,8.0,23.0,2.77,-0.7,-0.05,0.12,-1.33,5250000.0,6.441717791411043,81500000,4.337083751128356,3534723.25716961,-2.1046340402826873,-1715276.74283039,STD,RFA
8475753,Justin Faulk,D,2020,56,0.12,0.18,5.0,15.0,-3.01,-0.03,-0.47,-0.02,-1.45,6500000.0,7.975460122699387,81500000,5.861429152154562,4777064.7590059675,-2.1140309705448246,-1722935.240994032,STD,UFA
8476879,Cody Ceci,D,2020,53,0.44,0.68,1.0,7.0,-2.41,2.79,-0.03,-0.05,0.01,4500000.0,5.521472392638037,81500000,3.404597221273324,2774746.7353377594,-2.116875171364713,-1725253.264662241,STD,RFA
8471218,Blake Wheeler,RW,2020,50,0.36,0.59,22.0,64.0,3.16,-2.77,0.92,-0.0,-1.36,8250000.0,10.122699386503067,81500000,7.9756158510262285,6500126.918586376,-2.1470835354768383,-1749873.0814136232,STD,UFA
8479982,Conor Timmins,D,2020,31,0.07,0.19,0.0,0.0,1.11,1.3,-0.1,0.0,-0.26,925000.0,1.1349693251533743,81500000,-1.0175155407458387,-829275.1657078585,-2.152484865899213,-1754275.1657078587,ELC,
8474641,Adam Henrique,C,2020,45,0.13,0.24,26.0,42.0,-0.96,-0.16,-0.81,0.05,0.47,5825000.0,7.147239263803681,81500000,4.965314529094476,4046731.341211998,-2.181924734709205,-1778268.658788002,STD,UFA
8478396,Noah Hanifin,D,2020,46,0.06,0.11,5.0,22.0,2.36,3.63,-0.17,0.01,-0.34,4950000.0,6.073619631901841,81500000,3.8847583577368763,3166078.061555554,-2.1888612741649647,-1783921.938444446,STD,RFA
8476312,Josh Manson,D,2020,22,0.05,0.19,1.0,9.0,-2.1,-1.17,-0.01,0.02,-1.12,4100000.0,5.030674846625767,81500000,2.8207570967020015,2298917.0338121313,-2.2099177499237657,-1801082.966187869,STD,RFA
8478398,Kyle Connor,LW,2020,56,0.3,0.44,38.0,73.0,4.92,-4.42,0.12,-0.0,0.7,7142857.0,8.764241717791412,81500000,6.517581509767028,5311828.930460128,-2.246660208024384,-1831028.0695398727,STD,RFA
8478420,Mikko Rantanen,C,2020,52,0.62,0.98,19.0,42.0,16.79,3.62,2.75,0.0,0.36,9250000.0,11.349693251533742,81500000,9.084042727175797,7403494.822648274,-2.2656505243579446,-1846505.1773517248,STD,RFA
8475314,Anders Lee,LW,2020,27,0.14,0.43,20.0,42.0,5.14,1.14,0.44,0.0,0.09,7000000.0,8.588957055214724,81500000,6.250878286660912,5094465.803628643,-2.338078768553812,-1905534.1963713567,STD,UFA
8477930,Pierre Edouard Bellemare,C,2020,52,0.17,0.27,9.0,23.0,-0.43,4.42,-0.07,-0.08,-0.57,1800000.0,2.208588957055215,81500000,-0.15502753383876566,-126347.44007859402,-2.3636164908939805,-1926347.4400785943,STD,UFA
8477940,Nikolaj Ehlers,LW,2020,47,0.19,0.33,25.0,58.0,9.0,-1.59,0.82,0.0,2.7,6000000.0,7.361963190184049,81500000,4.997805221089221,4073211.2551877154,-2.364157969094828,-1926788.7448122848,STD,RFA
8478400,Colin White,C,2020,45,0.09,0.16,7.0,23.0,-1.99,0.24,0.36,0.0,-0.05,4750000.0,5.828220858895705,81500000,3.376257934409219,2751650.216543514,-2.4519629244864856,-1998349.7834564857,STD,RFA
8475164,Jakob Silfverberg,RW,2020,47,-0.09,-0.16,21.0,39.0,-6.61,-0.11,-0.59,0.06,-0.87,5250000.0,6.441717791411043,81500000,3.977540238905453,3241695.2947079446,-2.46417755250559,-2008304.7052920558,STD,UFA
8471873,Anton Stralman,D,2020,38,0.04,0.09,5.0,19.0,4.58,-1.44,-0.42,0.05,0.13,5500000.0,6.748466257668712,81500000,4.230911521704174,3448192.8901889017,-2.517554735964538,-2051807.1098110983,STD,UFA
8478500,Ivan Provorov,D,2020,56,0.09,0.13,12.0,37.0,0.29,0.36,0.4,-0.23,-1.1,6750000.0,8.282208588957054,81500000,5.756962079178065,4691924.094530123,-2.52524650977899,-2058075.9054698767,STD,RFA
8474053,Logan Couture,C,2020,53,0.17,0.26,16.0,39.0,7.3,1.34,-0.62,0.08,-0.15,8000000.0,9.815950920245399,81500000,7.265509987046444,5921390.639442852,-2.5504409331989546,-2078609.360557148,STD,UFA
8475692,Mats Zuccarello,RW,2020,42,0.06,0.12,15.0,37.0,5.4,1.12,0.37,-0.0,0.64,6000000.0,7.361963190184049,81500000,4.800175477911045,3912143.014497502,-2.561787712273004,-2087856.9855024982,STD,UFA
8474849,Antoine Roussel,LW,2020,35,-0.02,-0.05,7.0,12.0,-1.04,-1.18,-0.02,-0.01,-1.12,3000000.0,3.6809815950920246,81500000,1.0277023040358255,837577.3777891977,-2.653279291056199,-2162422.622210802,STD,UFA
8474151,Ryan McDonagh,D,2020,50,0.09,0.15,1.0,12.0,2.9,2.18,-0.16,0.06,-0.48,6750000.0,8.282208588957054,81500000,5.5602062299909125,4531568.077442594,-2.722002358966142,-2218431.9225574057,STD,UFA
8471303,Alexander Edler,D,2020,52,0.23,0.36,5.0,33.0,0.69,0.41,-0.23,-0.07,-2.01,6000000.0,7.361963190184049,81500000,4.559029915031251,3715609.38075047,-2.8029332751527978,-2284390.61924953,STD,UFA
8477969,Marcus Pettersson,D,2020,47,0.1,0.17,2.0,22.0,0.42,1.25,-0.13,0.02,-1.39,4025175.0,4.9388650306748465,81500000,2.12426609504106,1731276.8674584636,-2.8145989356337866,-2293898.132541536,STD,RFA
8478439,Travis Konecny,RW,2020,50,0.22,0.36,24.0,60.0,-1.19,1.38,1.2,0.0,0.15,5500000.0,6.748466257668712,81500000,3.894853183447349,3174305.3445095895,-2.8536130742213626,-2325694.6554904105,STD,RFA
8475722,Jason Zucker,LW,2020,38,0.12,0.26,20.0,41.0,-0.74,-1.08,0.41,0.0,-0.23,5500000.0,6.748466257668712,81500000,3.871555440484004,3155317.6839944627,-2.876910817184708,-2344682.316005537,STD,RFA
8474190,Wayne Simmonds,RW,2020,38,0.05,0.11,8.0,25.0,0.4,1.13,-0.34,0.0,-0.26,5000000.0,6.134969325153374,81500000,3.25222768948818,2650565.5669328663,-2.8827416356651945,-2349434.4330671337,STD,UFA
8474291,Jay Beagle,C,2020,30,0.05,0.14,2.0,8.0,0.02,-0.76,-0.01,-0.07,0.58,3000000.0,3.6809815950920246,81500000,0.7750392510445447,631656.9896013039,-2.90594234404748,-2368343.010398696,STD,UFA
8475098,Tyler Bozak,C,2020,31,0.15,0.4,13.0,29.0,-4.53,0.48,0.64,0.11,-0.25,5000000.0,6.134969325153374,81500000,3.219824036865573,2624156.590045442,-2.9151452882878015,-2375843.409954558,STD,UFA
8477220,Nate Schmidt,D,2020,54,0.12,0.18,7.0,31.0,3.38,-1.9,-0.81,0.03,0.03,5950000.0,7.300613496932515,81500000,4.344165693283184,3540495.040025795,-2.956447803649331,-2409504.9599742047,STD,UFA
8478414,Timo Meier,RW,2020,54,0.17,0.26,22.0,49.0,2.55,-1.88,0.06,0.0,1.01,6000000.0,7.361963190184049,81500000,4.359146880849464,3552704.7078923127,-3.0028163093345857,-2447295.2921076873,STD,RFA
8478585,Derek Ryan,C,2020,43,-0.02,-0.04,10.0,29.0,0.46,3.15,-0.09,0.0,1.11,3125000.0,3.834355828220859,81500000,0.8155404071728114,664665.4318458413,-3.0188154210480476,-2460334.5681541585,STD,UFA
8481019,David Gustafsson,C,2020,4,0.0,0.0,1.0,1.0,-0.54,0.1,-0.0,0.0,0.0,817500.0,1.0030674846625767,81500000,-2.0176371534426973,-1644374.2800557984,-3.020704638105274,-2461874.280055798,ELC,
8475763,Kevin Hayes,C,2020,55,0.04,0.06,23.0,41.0,1.79,-1.19,-0.3,0.02,0.18,7142857.0,8.764241717791412,81500000,5.718262549192863,4660383.977592183,-3.0459791685985493,-2482473.0224078177,STD,UFA
8475913,Mark Stone,RW,2020,55,0.74,1.1,21.0,63.0,12.41,2.62,1.97,0.14,0.19,9500000.0,11.65644171779141,81500000,8.562529545879334,6978461.579891657,-3.0939121719120752,-2521538.420108341,STD,UFA
8478469,Thomas Chabot,D,2020,49,-0.37,-0.62,6.0,39.0,-0.93,-3.01,-2.08,0.01,-1.12,8000000.0,9.815950920245399,81500000,6.650209364220254,5419920.631839507,-3.1657415560251447,-2580079.368160493,STD,RFA
8471707,James Neal,LW,2020,29,0.06,0.17,19.0,31.0,-1.72,0.2,-0.07,0.0,-0.28,5750000.0,7.05521472392638,81500000,3.8793082514309685,3161636.2249162393,-3.175906472495411,-2588363.7750837603,STD,UFA
8478402,Connor McDavid,C,2020,56,1.39,2.04,34.0,97.0,26.03,-2.1,4.0,0.01,3.29,12500000.0,15.337423312883436,81500000,12.13731284856331,9891909.971579097,-3.200110464320126,-2608090.028420903,STD,RFA
8474600,Roman Josi,D,2020,48,0.22,0.38,16.0,66.0,-3.04,3.92,0.04,-0.01,0.21,9059000.0,11.115337423312884,81500000,7.892425998640919,6432327.188892349,-3.222911424671965,-2626672.8111076513,STD,UFA
8478502,Dennis Gilbert,D,2020,2,0.0,0.0,1.0,3.0,0.1,0.15,-0.0,0.0,0.0,925000.0,1.1349693251533743,81500000,-2.1648854047869737,-1764381.6049013836,-3.299854729940348,-2689381.6049013836,ELC,
8471769,Niklas Hjalmarsson,D,2020,41,-0.02,-0.04,1.0,5.0,-3.28,2.52,-0.04,0.12,-0.89,5000000.0,6.134969325153374,81500000,2.8162943669124907,2295279.90903368,-3.3186749582408837,-2704720.09096632,STD,UFA
8477939,William Nylander,C,2020,51,0.27,0.43,30.0,59.0,7.29,-1.35,0.71,0.0,0.5,7514935.0,9.220779141104295,81500000,5.858056978613911,4774316.437570337,-3.3627221624903836,-2740618.562429663,STD,RFA
8474068,Kyle Turris,C,2020,27,-0.01,-0.03,9.0,31.0,-2.55,-1.3,-0.22,0.01,-0.45,6000000.0,7.361963190184049,81500000,3.766399382421838,3069615.496673798,-3.595563807762211,-2930384.5033262023,STD,UFA
8475794,Tyler Seguin,C,2020,3,0.03,0.82,17.0,49.0,0.03,0.28,-0.06,-0.0,0.01,9850000.0,12.085889570552148,81500000,8.48423716921526,6914653.292910438,-3.601652401336887,-2935346.707089563,STD,UFA
8473563,Nicklas Backstrom,C,2020,55,-0.06,-0.09,12.0,55.0,2.93,4.18,0.04,-0.02,0.36,9200000.0,11.28834355828221,81500000,7.599788851509645,6193827.913980361,-3.688554706772564,-3006172.08601964,STD,UFA
8479343,Clayton Keller,RW,2020,56,0.09,0.13,17.0,44.0,4.56,-0.7,-0.21,0.0,1.87,7150000.0,8.773006134969325,81500000,5.012236866255817,4084973.045998491,-3.760769268713508,-3065026.954001509,STD,RFA
8479339,Patrik Laine,LW,2020,46,0.01,0.02,28.0,62.0,-0.39,-0.72,-0.09,-0.0,0.83,6750000.0,8.282208588957054,81500000,4.511036069311546,3676494.3964889096,-3.771172519645509,-3073505.60351109,STD,RFA
8475171,Oliver Ekman Larsson,D,2020,46,0.08,0.14,9.0,30.0,-6.18,-2.06,1.15,-0.06,-1.18,8250000.0,10.122699386503067,81500000,6.268535879498026,5108856.741790891,-3.8541635070050404,-3141143.2582091074,STD,UFA
8478427,Sebastian Aho,C,2020,56,0.57,0.83,38.0,64.0,8.66,-1.65,1.98,0.17,-0.31,8459000.0,10.37914110429448,81500000,6.154253334066807,5015716.467264447,-4.224887770227673,-3443283.532735553,STD,RFA
8480002,Nico Hischier,C,2020,21,0.12,0.47,14.0,36.0,-0.29,-0.83,-0.21,0.01,0.24,7250000.0,8.895705521472392,81500000,4.6427872747572945,3783871.628927195,-4.252918246715097,-3466128.3710728046,STD,RFA
8475168,Matt Duchene,C,2020,34,0.13,0.31,13.0,42.0,1.15,-0.66,-0.63,-0.0,1.46,8000000.0,9.815950920245399,81500000,5.552690631683268,4525442.864821863,-4.263260288562131,-3474557.1351781366,STD,UFA
8478483,Mitchell Marner,RW,2020,55,0.88,1.31,17.0,67.0,16.09,-0.42,0.85,0.2,0.74,10901333.0,13.375868711656441,81500000,9.082846377196711,7402519.79741532,-4.29302233445973,-3498813.2025846797,STD,RFA
8475166,John Tavares,C,2020,56,0.75,1.1,26.0,59.0,5.41,-1.64,0.98,0.0,1.21,11000000.0,13.496932515337424,81500000,9.035424145854124,7363870.678871112,-4.461508369483299,-3636129.321128889,STD,UFA
8474563,Drew Doughty,D,2020,56,-0.23,-0.34,7.0,36.0,-2.44,0.61,0.0,-0.18,-0.58,11000000.0,13.496932515337424,81500000,8.520369675076351,6944101.285187226,-4.976562840261073,-4055898.714812774,STD,UFA
8471709,Marc Edouard Vlasic,D,2020,51,0.22,0.35,5.0,15.0,-4.16,1.89,-0.12,0.11,-0.18,7000000.0,8.588957055214724,81500000,3.4141500243249805,2782532.269824859,-5.174807030889744,-4217467.730175141,STD,UFA
8476885,Jacob Trouba,D,2020,37,-0.16,-0.35,7.0,27.0,-2.79,0.79,-0.43,-0.05,-0.53,8000000.0,9.815950920245399,81500000,4.35554343678964,3549767.9009835566,-5.460407483455759,-4450232.099016444,STD,RFA
8478403,Jack Eichel,C,2020,21,0.07,0.27,36.0,79.0,-0.98,1.36,-0.32,0.0,0.42,10000000.0,12.269938650306749,81500000,6.761805553262251,5510871.525908735,-5.508133097044498,-4489128.474091265,STD,RFA
8479318,Auston Matthews,C,2020,52,0.52,0.82,47.0,80.0,30.73,4.55,0.29,0.01,1.74,11639000.0,14.280981595092024,81500000,8.635254287581224,7037732.244378698,-5.6457273075108,-4601267.755621302,STD,RFA
8474578,Erik Karlsson,D,2020,52,0.07,0.11,6.0,41.0,7.31,-3.4,-1.26,0.05,0.23,11500000.0,14.11042944785276,81500000,7.996639941905146,6517261.552652693,-6.113789505947613,-4982738.447347305,STD,UFA
8478550,Artemi Panarin,LW,2020,42,0.39,0.76,32.0,95.0,4.14,1.38,1.84,0.0,1.17,11642857.0,14.28571411042945,81500000,8.003227468828372,6522630.3870951235,-6.282486641601077,-5120226.612904877,STD,UFA
8475784,Jeff Skinner,C,2020,53,0.06,0.09,14.0,23.0,-1.83,-0.85,-0.69,0.0,2.18,9000000.0,11.042944785276074,81500000,4.614052371751656,3760452.6829776,-6.428892413524418,-5239547.3170224,STD,UFA
8480069,Cale Makar,D,2021,77,0.84,0.89,8.0,44.0,22.27,1.41,1.87,0.07,0.7,880833.0,1.0807766871165645,81500000,8.677843678965287,7072442.598356709,7.597066991848722,6191609.598356709,ELC,
8479323,Adam Fox,D,2021,78,0.73,0.77,5.0,47.0,7.97,7.9,3.41,0.06,1.19,925000.0,1.1349693251533743,81500000,6.629370972810834,5402937.34284083,5.49440164765746,4477937.34284083,ELC,
8478427,Sebastian Aho,D,2021,79,1.4,1.45,24.0,57.0,17.88,-2.55,4.02,0.29,1.47,725000.0,0.8895705521472393,81500000,6.378834471073342,5198750.093924773,5.4892639189261025,4473750.093924774,STD,RFA
8480800,Quinn Hughes,D,2021,76,0.47,0.51,3.0,41.0,0.39,-7.09,0.93,0.06,-0.5,916666.0,1.1247435582822085,81500000,6.2466037274173924,5090982.037845175,5.121860169135184,4174316.037845175,ELC,
8480064,Josh Norris,C,2021,66,0.54,0.67,17.0,35.0,13.08,-1.68,1.69,-0.01,1.93,925000.0,1.1349693251533743,81500000,5.732055488653961,4671625.223252978,4.597086163500586,3746625.2232529777,ELC,
8480839,Rasmus Dahlin,D,2021,80,0.11,0.11,5.0,23.0,11.54,-5.73,0.55,0.0,-1.69,925000.0,1.1349693251533743,81500000,5.64541390777743,4601012.334838605,4.510444582624055,3676012.334838605,ELC,
8478493,Joel Eriksson Ek,C,2021,77,0.02,0.02,19.0,30.0,5.18,5.18,0.39,-0.25,2.47,1487500.0,1.8251533742331287,81500000,6.228495867972155,5076224.132397306,4.403342493739027,3588724.132397307,STD,RFA
8478864,Kirill Kaprizov,LW,2021,81,0.53,0.54,27.0,51.0,12.53,0.56,1.17,0.0,4.53,925000.0,1.1349693251533743,81500000,5.529502050606942,4506544.171244658,4.394532725453567,3581544.1712446576,ELC,
8479420,Tage Thompson,C,2021,78,0.12,0.13,8.0,14.0,24.25,-1.57,0.65,0.02,0.6,1400000.0,1.7177914110429449,81500000,5.730866060203818,4670655.8390661115,4.013074649160873,3270655.8390661115,STD,RFA
8476879,Cody Ceci,D,2021,78,0.42,0.44,4.0,17.0,7.99,0.44,-0.04,-0.07,-0.55,1250000.0,1.5337423312883436,81500000,5.314678823822545,4331463.241415375,3.7809364925342015,3081463.2414153744,STD,UFA
8478055,Gustav Forsling,D,2021,71,0.05,0.06,5.0,17.0,23.29,3.25,-0.21,-0.28,0.45,700000.0,0.8588957055214724,81500000,4.5646730112019664,3720208.504129603,3.705777305680494,3020208.5041296026,STD,RFA
8478449,Roope Hintz,C,2021,80,1.07,1.1,15.0,43.0,23.0,2.87,2.09,0.12,0.95,3150000.0,3.8650306748466257,81500000,7.4968616826544,6109942.271363337,3.631831007807774,2959942.2713633357,STD,RFA
8474584,Michael Del Zotto,D,2021,26,-0.02,-0.06,4.0,13.0,2.41,-0.19,-0.35,-0.01,-0.25,700000.0,0.8588957055214724,81500000,4.474877116913111,3647024.8502841857,3.615981411391639,2947024.8502841857,STD,UFA
8480801,Brady Tkachuk,LW,2021,79,0.58,0.6,17.0,36.0,5.7,-6.09,2.08,0.0,-0.41,925000.0,1.1349693251533743,81500000,4.6803708477248644,3814502.2408957644,3.54540152257149,2889502.2408957644,ELC,
8476329,Travis Boyd,C,2021,74,-0.04,-0.04,5.0,10.0,-2.13,-2.87,-0.42,-0.08,-0.8,700000.0,0.8588957055214724,81500000,4.2611935240466146,3472872.7220979906,3.4022978185251422,2772872.7220979906,STD,UFA
8476474,Stefan Noesen,RW,2021,2,0.0,0.0,0.0,0.0,0.88,-0.02,-0.02,-0.0,0.01,925000.0,1.1349693251533743,81500000,4.532578849738295,3694051.76253671,3.3976095245849205,2769051.76253671,STD,UFA
8470621,Corey Perry,RW,2021,82,0.23,0.23,9.0,21.0,-4.35,4.19,0.76,0.0,1.05,750000.0,0.9202453987730062,81500000,4.291114301593231,3497258.155798483,3.3708689028202246,2747258.155798483,STD,UFA
8477409,Carter Verhaeghe,C,2021,78,0.05,0.05,18.0,36.0,26.36,-0.06,-0.53,-0.0,-1.3,1000000.0,1.2269938650306749,81500000,4.5660312993746555,3721315.508990344,3.3390374343439806,2721315.508990344,STD,UFA
8482222,Alexander Barabanov,RW,2021,70,-0.05,-0.06,3.0,8.0,1.63,-3.24,-0.66,0.0,1.24,1000000.0,1.2269938650306749,81500000,4.537993458649,3698464.668798935,3.310999593618325,2698464.668798935,STD,UFA
8481559,Jack Hughes,C,2021,49,0.3,0.5,11.0,31.0,16.99,-1.86,2.51,0.0,2.9,925000.0,1.1349693251533743,81500000,4.434065528266315,3613763.4055370465,3.2990962031129403,2688763.4055370465,ELC,
8478873,Troy Terry,C,2021,75,0.05,0.05,7.0,20.0,14.83,0.45,0.14,-0.0,3.31,1450000.0,1.7791411042944787,81500000,5.0630520468868365,4126387.418212772,3.2839109425923576,2676387.418212772,STD,RFA
8477960,Adrian Kempe,C,2021,78,0.18,0.19,14.0,29.0,6.06,-4.6,-0.11,0.08,0.95,2000000.0,2.4539877300613497,81500000,5.736850459166762,4675533.1242209105,3.282862729105412,2675533.124220911,STD,RFA
8478047,Michael Bunting,LW,2021,79,0.24,0.25,10.0,13.0,18.51,-0.12,0.01,0.0,2.27,737500.0,0.9049079754601227,81500000,4.119680140251418,3357539.3143049055,3.2147721647912957,2620039.314304906,STD,RFA
8477429,Andrew Copp,C,2021,72,0.46,0.52,15.0,39.0,6.45,-4.56,0.91,-0.04,0.08,2280000.0,2.7975460122699385,81500000,5.99326691847301,4884512.538555503,3.1957209062030714,2604512.5385555034,STD,RFA
8475798,Mikael Granlund,C,2021,80,0.22,0.23,13.0,27.0,2.17,-0.52,1.74,-0.2,2.17,3750000.0,4.601226993865031,81500000,7.789235011910376,6348226.534706957,3.1880080180453456,2598226.5347069567,STD,UFA
8477407,Anthony Duclair,C,2021,74,0.32,0.35,10.0,32.0,25.18,-4.26,1.89,0.01,1.9,1700000.0,2.085889570552147,81500000,5.23020299796128,4262615.4433384435,3.144313427409133,2562615.4433384435,STD,UFA
8478542,Evan Rodrigues,C,2021,82,0.1,0.1,7.0,14.0,2.81,1.06,-0.53,-0.02,1.77,700000.0,0.8588957055214724,81500000,3.9816657559888426,3245057.5911309067,3.1227700504673703,2545057.5911309067,STD,UFA
8474102,David Perron,LW,2021,67,0.48,0.59,19.0,58.0,6.01,0.94,1.92,0.0,-0.3,4000000.0,4.9079754601226995,81500000,7.992607239561421,6513974.900242558,3.0846317794387215,2513974.9002425577,STD,UFA
8480865,Noah Dobson,D,2021,80,0.42,0.43,3.0,14.0,0.69,-7.06,0.61,0.0,2.19,894167.0,1.0971374233128834,81500000,4.168285300772423,3397152.5201295246,3.0711478774595395,2502985.5201295246,ELC,
8477505,Alexander Wennberg,C,2021,80,-0.02,-0.02,17.0,29.0,0.1,-6.31,-0.89,-0.07,-0.08,2250000.0,2.7607361963190185,81500000,5.792887487467292,4721203.302285843,3.0321512911482733,2471203.3022858426,STD,UFA
8479999,Casey Mittelstadt,C,2021,40,-0.08,-0.16,10.0,22.0,0.37,-2.58,-0.08,0.0,0.29,874125.0,1.0725460122699386,81500000,4.05731973539363,3306715.5843458087,2.9847737231236913,2432590.5843458087,STD,RFA
8478462,Nicolas Roy,C,2021,78,0.27,0.28,6.0,15.0,9.15,-3.84,-0.44,0.02,-1.47,750000.0,0.9202453987730062,81500000,3.8953481305719233,3174708.7264161175,2.975102731798917,2424708.7264161175,STD,RFA
8477501,Valeri Nichushkin,RW,2021,62,-0.09,-0.12,10.0,21.0,11.07,-0.91,-0.63,0.11,1.24,2500000.0,3.067484662576687,81500000,6.0028860960126895,4892352.168250342,2.9354014334360023,2392352.168250342,STD,RFA
8476924,Martin Frk,RW,2021,6,0.01,0.14,0.0,0.0,0.29,0.17,0.08,0.0,0.02,725000.0,0.8895705521472393,81500000,3.81835715422228,3111961.0806911583,2.9287866020750406,2386961.0806911583,STD,RFA
8479344,Jesse Puljujarvi,RW,2021,65,0.3,0.38,15.0,25.0,8.69,1.15,0.78,0.0,0.02,1175000.0,1.441717791411043,81500000,4.3191052471065525,3520070.7763918405,2.8773874556955095,2345070.77639184,STD,RFA
8476454,Ryan Nugent Hopkins,C,2021,63,0.5,0.65,16.0,35.0,-2.64,-0.36,1.25,-0.09,0.39,5125000.0,6.288343558282208,81500000,9.162844920996553,7467718.610612191,2.874501362714345,2342718.6106121913,STD,UFA
8475796,Mark Pysyk,D,2021,68,0.16,0.19,3.0,4.0,-3.96,1.65,-0.04,-0.1,-0.63,750000.0,0.9202453987730062,81500000,3.7846771573524887,3084511.8832422784,2.8644317585794825,2334511.8832422784,STD,UFA
8477451,Ryan Hartman,RW,2021,82,-0.16,-0.16,7.0,22.0,13.11,0.77,-0.91,-0.05,-0.75,1700000.0,2.085889570552147,81500000,4.945306833056987,4030425.0689414446,2.85941726250484,2330425.0689414446,STD,RFA
8475810,Bryan Rust,RW,2021,59,0.53,0.74,22.0,42.0,4.74,-3.32,2.39,0.0,0.72,3500000.0,4.294478527607362,81500000,7.146233069178036,5824179.951380099,2.851754541570674,2324179.9513800996,STD,RFA
8478851,Alexandre Carrier,D,2021,77,0.18,0.19,1.0,3.0,-6.77,1.79,0.33,-0.2,-0.89,733333.0,0.8997950920245399,81500000,3.7160936254096573,3028616.304708871,2.816298533385117,2295283.3047088706,STD,RFA
8474040,Sam Gagner,C,2021,81,0.14,0.14,7.0,15.0,-2.93,-2.63,-0.72,-0.07,-1.67,850000.0,1.0429447852760736,81500000,3.797921769328486,3095306.242002716,2.754976984052412,2245306.242002716,STD,UFA
8474589,Tyler Ennis,RW,2021,57,0.12,0.17,3.0,9.0,-0.05,0.07,-0.59,0.0,0.81,1000000.0,1.2269938650306749,81500000,3.9623459133945005,3229311.919416518,2.7353520483638256,2229311.919416518,STD,UFA
8474628,Michael Stone,D,2021,11,0.04,0.3,2.0,4.0,0.74,-0.78,0.56,-0.01,-0.3,700000.0,0.8588957055214724,81500000,3.5584438929686204,2900131.772769426,2.699548187447148,2200131.7727694255,STD,UFA
8476905,Chandler Stephenson,C,2021,79,-0.14,-0.15,14.0,35.0,16.72,-1.41,-0.1,0.06,0.45,2750000.0,3.374233128834356,81500000,6.070027210388391,4947072.176466539,2.695794081554035,2197072.1764665386,STD,RFA
8478136,Jacob Middleton,D,2021,66,0.27,0.34,0.0,0.0,2.51,-1.61,-0.2,0.07,-1.64,725000.0,0.8895705521472393,81500000,3.568806861771405,2908577.592343695,2.6792363096241654,2183577.5923436945,STD,RFA
8475762,Derek Forbort,D,2021,76,0.12,0.13,2.0,12.0,1.32,-1.11,-0.03,0.03,-0.26,1000000.0,1.2269938650306749,81500000,3.8780734020687824,3160629.8226860575,2.6510795370381075,2160629.8226860575,STD,UFA
8478399,Jonas Siegenthaler,D,2021,70,0.46,0.54,0.0,0.0,1.93,-1.77,-0.03,0.01,-0.25,800000.0,0.98159509202454,81500000,3.6116256663976163,2943474.9181140573,2.6300305743730763,2143474.9181140573,STD,RFA
8477346,MacKenzie Weegar,D,2021,80,0.42,0.43,6.0,36.0,22.67,2.76,-0.31,0.27,-2.21,3250000.0,3.9877300613496933,81500000,6.612935176021816,5389542.16845778,2.6252051146721227,2139542.16845778,STD,RFA
8480830,Andrei Svechnikov,RW,2021,78,0.23,0.24,15.0,42.0,9.77,-1.42,1.05,-0.0,-1.62,925000.0,1.1349693251533743,81500000,3.7536313528689362,3059209.5525881834,2.618662027715562,2134209.552588183,ELC,
8477947,Sonny Milano,LW,2021,66,0.24,0.3,0.0,0.0,2.92,1.54,1.26,-0.0,0.36,1700000.0,2.085889570552147,81500000,4.7045052591128975,3834171.7861770117,2.6186156885607503,2134171.7861770117,STD,RFA
8477936,Michael Dal Colle,LW,2021,1,0.0,0.0,1.0,4.0,-0.26,0.09,-0.01,0.0,0.0,700000.0,0.8588957055214724,81500000,3.471221994316343,2829045.9253678196,2.6123262887948706,2129045.9253678196,STD,RFA
8475343,Nic Dowd,C,2021,64,0.2,0.26,11.0,15.0,-0.51,3.85,-0.05,0.06,-1.19,750000.0,0.9202453987730062,81500000,3.5275134558108725,2874923.466485861,2.6072680570378663,2124923.4664858608,STD,UFA
8477479,Tyler Bertuzzi,LW,2021,68,0.52,0.63,5.0,7.0,12.73,-2.73,0.75,0.0,2.29,3500000.0,4.294478527607362,81500000,6.856549208210383,5588087.604691462,2.5620706806030213,2088087.6046914626,STD,RFA
8476851,Alex Galchenyuk,C,2021,60,0.0,0.0,5.0,13.0,-1.87,-7.83,-0.75,0.0,-1.89,1050000.0,1.2883435582822087,81500000,3.8379405978410137,3127921.587240426,2.549597039558805,2077921.587240426,STD,UFA
8477402,Pavel Buchnevich,C,2021,73,0.58,0.65,20.0,48.0,19.11,1.24,1.46,0.1,0.93,3250000.0,3.9877300613496933,81500000,6.463193089533524,5267502.367969822,2.475463028183831,2017502.3679698221,STD,RFA
8475179,Dmitry Kulikov,D,2021,80,-0.19,-0.19,0.0,4.0,3.32,2.52,-0.18,-0.5,-0.07,1150000.0,1.4110429447852761,81500000,3.8849118824954303,3166203.1842337754,2.4738689377101544,2016203.1842337756,STD,UFA
8473544,Derick Brassard,C,2021,46,-0.06,-0.11,8.0,19.0,-0.83,0.3,-0.28,0.0,-0.4,1000000.0,1.2269938650306749,81500000,3.6897349227654566,3007133.962053847,2.4627410577347817,2007133.962053847,STD,UFA
8477919,Frederick Gaudreau,C,2021,76,-0.08,-0.09,2.0,10.0,5.35,4.81,-1.16,-0.06,1.25,700000.0,0.8588957055214724,81500000,3.2904090405232953,2681683.3680264857,2.431513335001823,1981683.3680264857,STD,UFA
8479407,Jesper Bratt,LW,2021,76,0.34,0.37,7.0,30.0,27.05,0.33,1.55,-0.0,1.94,2750000.0,3.374233128834356,81500000,5.802879258647694,4729346.595797871,2.4286461298133384,1979346.5957978708,STD,RFA
8478474,Lawson Crouse,LW,2021,65,-0.18,-0.23,4.0,13.0,1.98,-0.59,-0.45,-0.17,-0.98,1533333.0,1.8813901840490797,81500000,4.300968898083909,3505289.651938386,2.419578714034829,1971956.6519383858,STD,RFA
8476960,Andreas Athanasiou,C,2021,28,-0.02,-0.06,10.0,23.0,4.78,-1.13,-0.62,-0.0,1.78,1200000.0,1.4723926380368098,81500000,3.8881055887766713,3168806.054852987,2.4157129507398616,1968806.0548529872,STD,UFA
8475718,Justin Holl,D,2021,69,0.38,0.45,2.0,20.0,14.59,-2.13,-0.06,0.12,-1.61,2000000.0,2.4539877300613497,81500000,4.805175095199337,3916217.7025874592,2.351187365137987,1916217.7025874592,STD,UFA
8478430,Oliver Kylington,D,2021,73,0.2,0.22,0.0,1.0,8.54,3.61,-0.46,0.0,0.41,787500.0,0.9662576687116564,81500000,3.311484123884462,2698859.560965836,2.3452264551728055,1911359.5609658365,STD,RFA
8476479,Phillip Danault,C,2021,79,-0.24,-0.25,5.0,24.0,17.87,2.9,-1.24,-0.12,-0.25,3083333.0,3.783230674846626,81500000,6.116183251410574,4984689.349899618,2.332952576563948,1901356.3498996175,STD,RFA
8476873,Mark Jankowski,C,2021,19,-0.02,-0.09,4.0,11.0,-0.95,0.31,-0.02,0.04,0.56,700000.0,0.8588957055214724,81500000,3.190567805535327,2600312.7615112914,2.3316721000138547,1900312.7615112916,STD,UFA
8480803,Evan Bouchard,D,2021,81,0.26,0.26,2.0,5.0,14.46,-4.93,-0.74,0.08,-0.38,863334.0,1.0593055214723928,81500000,3.3890411964925367,2762068.5751414173,2.329735675020144,1898734.5751414173,ELC,
8474568,Luke Schenn,D,2021,66,-0.07,-0.09,2.0,4.0,-1.34,0.76,-0.05,-0.24,-2.0,800000.0,0.98159509202454,81500000,3.2442477796794016,2644061.9404387125,2.2626526876548616,1844061.9404387122,STD,UFA
8475287,Erik Haula,LW,2021,78,0.03,0.03,9.0,21.0,8.14,1.65,-0.39,0.0,-0.63,1750000.0,2.147239263803681,81500000,4.392523862813926,3579906.94819335,2.245284599010245,1829906.9481933494,STD,UFA
8477964,Ivan Barbashev,C,2021,81,0.39,0.39,5.0,12.0,9.71,-4.79,0.96,0.02,-0.09,1475000.0,1.8098159509202454,81500000,4.002704757767827,3262204.377580779,2.1928888068475816,1787204.377580779,STD,RFA
8476994,Vinnie Hinostroza,RW,2021,62,0.17,0.22,4.0,12.0,0.8,-0.78,0.1,0.03,0.67,1000000.0,1.2269938650306749,81500000,3.39747984414808,2768946.072980685,2.170485979117405,1768946.0729806852,STD,UFA
8478447,Nicholas Merkley,RW,2021,9,0.01,0.09,2.0,10.0,0.34,-0.03,-0.18,0.0,0.19,874125.0,1.0725460122699386,81500000,3.1998378744249614,2607867.8676563436,2.1272918621550225,1733742.8676563434,STD,RFA
8476927,Teddy Blueger,C,2021,64,0.33,0.42,7.0,22.0,-0.07,1.3,-0.08,0.17,0.86,750000.0,0.9202453987730062,81500000,3.02922898995266,2468821.626811418,2.108983591179654,1718821.626811418,STD,RFA
8477496,Elias Lindholm,C,2021,82,0.43,0.43,19.0,47.0,29.32,1.27,1.07,0.23,0.98,4850000.0,5.950920245398773,81500000,8.054075513344243,6564071.543375558,2.1031552679454695,1714071.5433755578,STD,RFA
8475728,Johan Larsson,C,2021,43,0.01,0.02,8.0,14.0,-1.01,1.73,0.38,-0.1,-0.55,1400000.0,1.7177914110429449,81500000,3.783571350217642,3083610.6504273782,2.065779939174697,1683610.6504273782,STD,UFA
8474567,Zach Bogosian,D,2021,48,0.09,0.15,0.0,4.0,4.27,-3.42,-0.01,0.02,-1.9,1000000.0,1.2269938650306749,81500000,3.2765196551290057,2670363.51893014,2.049525790098331,1670363.5189301397,STD,UFA
8478870,Rudolfs Balcers,LW,2021,61,0.16,0.22,8.0,17.0,5.85,0.58,-0.23,0.01,-0.17,735000.0,0.9018404907975459,81500000,2.9492261345017443,2403619.2996189217,2.0473856437041986,1668619.2996189217,STD,RFA
8479983,Mario Ferraro,D,2021,62,0.35,0.46,1.0,17.0,6.74,-0.99,-0.53,0.11,0.44,925000.0,1.1349693251533743,81500000,3.1535003536733086,2570102.788243747,2.0185310285199343,1645102.7882437464,ELC,
8474034,Patrick Maroon,LW,2021,81,-0.12,-0.12,4.0,19.0,7.36,0.83,-0.3,0.0,-1.35,900000.0,1.1042944785276074,81500000,3.12253787490031,2544868.3680437524,2.0182433963727027,1644868.3680437529,STD,UFA
8478452,Caleb Jones,D,2021,66,0.11,0.14,0.0,4.0,-0.88,2.27,-0.37,-0.01,0.06,850000.0,1.0429447852760736,81500000,3.0184198210685107,2460012.1541708363,1.975475035792437,1610012.1541708363,STD,RFA
8478407,Vince Dunn,D,2021,73,0.09,0.1,6.0,20.0,-7.1,-1.2,-1.13,0.01,-1.76,1875000.0,2.3006134969325154,81500000,4.267316464940826,3477862.9189267736,1.966702968008311,1602862.9189267736,STD,RFA
8478915,Sami Niku,D,2021,13,0.02,0.13,0.0,0.0,0.74,0.08,-0.05,0.0,0.04,725000.0,0.8895705521472393,81500000,2.8477575076570005,2320922.3687404552,1.958186955509761,1595922.3687404555,STD,RFA
8476278,Colin Blackwell,C,2021,58,0.12,0.17,12.0,22.0,-1.14,0.51,-0.28,0.03,1.15,725000.0,0.8895705521472393,81500000,2.8423333017120544,2316501.6408953243,1.952762749564815,1591501.6408953243,STD,UFA
8478440,Dylan Strome,C,2021,69,0.09,0.11,9.0,17.0,6.72,0.58,-0.28,0.0,-0.12,3000000.0,3.6809815950920246,81500000,5.5824534378059685,4549699.551811865,1.9014718427139439,1549699.5518118641,STD,RFA
8474031,Kevin Shattenkirk,D,2021,82,0.13,0.13,2.0,15.0,-5.92,0.22,-0.87,-0.13,-1.89,3900000.0,4.785276073619632,81500000,6.685840385834945,5448959.914455481,1.9005643122153133,1548959.9144554804,STD,UFA
8477426,Nick Paul,LW,2021,80,0.16,0.16,5.0,20.0,-3.95,-0.12,0.19,0.08,0.92,1350000.0,1.6564417177914113,81500000,3.5525236327530667,2895306.760693749,1.8960819149616555,1545306.7606937492,STD,RFA
8471677,Jack Johnson,D,2021,82,-0.3,-0.3,1.0,1.0,-0.25,0.7,-0.05,-0.28,-0.09,1150000.0,1.4110429447852761,81500000,3.2793307441817863,2672654.5565081555,1.8682877993965101,1522654.5565081558,STD,UFA
8475324,Nick Jensen,D,2021,76,0.69,0.74,2.0,14.0,3.61,6.92,-0.05,0.15,2.31,2500000.0,3.067484662576687,81500000,4.920265221486387,4010016.1555114053,1.8527805589097,1510016.1555114053,STD,UFA
8479325,Charlie McAvoy,D,2021,78,0.15,0.16,5.0,30.0,24.51,7.13,-0.91,0.34,-0.67,4900000.0,6.012269938650307,81500000,7.862092534359716,6407605.4155031685,1.8498225957094094,1507605.4155031687,STD,RFA
8475750,Jon Merrill,D,2021,69,-0.15,-0.18,0.0,5.0,3.48,0.44,-0.05,0.04,-1.14,925000.0,1.1349693251533743,81500000,2.9706404052389086,2421071.9302697103,1.8356710800855343,1496071.9302697105,STD,UFA
8479968,Vinni Lettieri,C,2021,31,0.01,0.03,0.0,0.0,0.72,-0.47,0.08,0.0,-0.1,750000.0,0.9202453987730062,81500000,2.747178296188997,2238950.311394032,1.8269328974159906,1488950.3113940323,STD,UFA
8481533,Trevor Zegras,C,2021,75,-0.06,-0.07,3.0,13.0,10.81,-0.12,1.04,-0.0,1.27,925000.0,1.1349693251533743,81500000,2.957867978976388,2410662.4028657563,1.8228986538230139,1485662.4028657565,ELC,
8480727,Zach Whitecloud,D,2021,59,0.32,0.44,2.0,12.0,1.74,3.56,-0.07,-0.06,-0.65,725000.0,0.8895705521472393,81500000,2.7082532414355054,2207226.391769937,1.818682689288266,1482226.3917699368,STD,RFA
8478463,Anthony Beauvillier,C,2021,75,0.12,0.13,15.0,28.0,1.4,-1.27,0.78,0.0,0.91,2100000.0,2.5766871165644174,81500000,4.392081944190229,3579546.7845150367,1.8153948276258118,1479546.7845150365,STD,RFA
8475197,Tyson Barrie,D,2021,73,0.26,0.29,8.0,48.0,1.27,-3.19,0.23,0.0,-0.43,3750000.0,4.601226993865031,81500000,6.412100663805761,5225862.041001695,1.8108736699407304,1475862.0410016952,STD,UFA
8476374,Sean Kuraly,C,2021,77,0.08,0.09,4.0,9.0,-2.46,-3.06,-0.21,0.0,-1.48,1275000.0,1.5644171779141105,81500000,3.37347976464841,2749386.008188454,1.8090625867342995,1474386.0081884542,STD,RFA
8478401,Pavel Zacha,C,2021,69,0.03,0.04,17.0,35.0,1.64,-4.08,-1.32,0.03,-0.12,2250000.0,2.7607361963190185,81500000,4.562214708769284,3718204.9876469667,1.8014785124502657,1468204.9876469665,STD,RFA
8481540,Cole Caufield,LW,2021,67,0.03,0.04,4.0,5.0,12.03,-4.0,0.56,0.0,2.25,880833.0,1.0807766871165645,81500000,2.8632429908110186,2333543.03751098,1.7824663036944541,1452710.0375109802,ELC,
8477512,Frederik Gauthier,C,2021,8,0.02,0.2,0.0,0.0,-0.27,0.05,-0.0,-0.0,0.02,700000.0,0.8588957055214724,81500000,2.639072433825607,2150844.0335678696,1.7801767283041348,1450844.0335678698,STD,UFA
8469455,Jason Spezza,C,2021,71,0.18,0.21,10.0,30.0,5.21,-1.43,1.48,-0.01,-1.05,750000.0,0.9202453987730062,81500000,2.6836587727061403,2187181.8997555044,1.7634133739331341,1437181.8997555044,STD,UFA
8478460,Zach Werenski,D,2021,67,0.28,0.34,7.0,20.0,3.84,-4.78,0.08,0.04,-0.19,5000000.0,6.134969325153374,81500000,7.888001996369633,6428721.6270412505,1.7530326712162587,1428721.627041251,STD,RFA
8478133,Jake Evans,C,2021,72,-0.39,-0.44,3.0,13.0,0.4,1.08,-0.31,-0.19,1.06,750000.0,0.9202453987730062,81500000,2.638184126739592,2150120.0632927674,1.7179387279665859,1400120.0632927674,STD,RFA
8477942,Kevin Fiala,C,2021,82,0.15,0.15,20.0,40.0,11.88,0.88,-0.56,-0.01,2.31,3000000.0,3.6809815950920246,81500000,5.368437166903943,4375276.291026713,1.6874555718119186,1375276.2910267136,STD,RFA
8476429,Scott Mayfield,D,2021,61,0.24,0.32,2.0,15.0,-0.78,1.11,-0.06,-0.01,-1.48,1450000.0,1.7791411042944787,81500000,3.4593230460002307,2819348.2824901883,1.680181941705752,1369348.2824901878,STD,RFA
8478975,Mason Marchment,LW,2021,54,0.05,0.08,2.0,10.0,13.93,2.53,0.05,0.0,0.65,800000.0,0.98159509202454,81500000,2.6551409869012073,2163939.904324484,1.6735458948766673,1363939.9043244836,STD,RFA
8479542,Brandon Hagel,LW,2021,77,0.21,0.22,9.0,24.0,7.9,-2.32,-0.08,0.13,1.93,880833.0,1.0807766871165645,81500000,2.7497014229202605,2241006.659680012,1.668924735803696,1360173.6596800124,ELC,
8475772,Riley Sheahan,C,2021,69,-0.1,-0.12,4.0,13.0,-3.82,-0.41,-0.03,-0.02,1.85,700000.0,0.8588957055214724,81500000,2.5153052493183203,2049973.7781944312,1.656409543796848,1349973.7781944312,STD,UFA
8476285,Matthew Peca,C,2021,5,0.0,0.0,0.0,1.0,-0.65,0.27,-0.0,0.0,0.35,700000.0,0.8588957055214724,81500000,2.509741961887725,2045439.698938496,1.6508462563662527,1345439.698938496,STD,UFA
8480459,Pius Suter,C,2021,82,0.09,0.09,14.0,27.0,1.21,-1.67,-0.46,-0.03,-0.08,925000.0,1.1349693251533743,81500000,2.784637732072863,2269479.7516393834,1.6496684069194885,1344479.751639383,ELC,
8478891,Mason Appleton,C,2021,68,0.06,0.07,12.0,25.0,-5.21,0.64,-0.54,0.02,0.36,900000.0,1.1042944785276074,81500000,2.749664084898523,2240976.229192296,1.6453696063709156,1340976.2291922963,STD,RFA
8480144,David Kampf,C,2021,81,0.3,0.3,1.0,12.0,-2.51,0.89,-0.1,0.01,0.74,1000000.0,1.2269938650306749,81500000,2.863130325997533,2333451.2156879893,1.636136460966858,1333451.2156879893,STD,UFA
8474612,Travis Hamonic,D,2021,43,0.05,0.1,3.0,10.0,0.68,0.1,-0.03,0.04,-0.19,1250000.0,1.5337423312883436,81500000,3.1634589052537176,2578219.00778178,1.629716573965374,1328219.0077817799,STD,UFA
8478038,Devon Toews,D,2021,66,0.16,0.2,9.0,31.0,18.34,7.66,-0.8,-0.05,-0.54,4100000.0,5.030674846625767,81500000,6.649207762428935,5419104.326379582,1.6185329158031676,1319104.3263795816,STD,RFA
8476918,Jimmy Vesey,LW,2021,68,0.32,0.39,5.0,10.0,-6.43,-0.41,-0.3,-0.09,0.18,900000.0,1.1042944785276074,81500000,2.7016157610641205,2201816.845267258,1.597321282536513,1301816.8452672581,STD,UFA
8476396,Steven Fogarty,C,2021,2,0.0,0.0,1.0,3.0,-0.3,-0.03,-0.0,0.0,-0.17,700000.0,0.8588957055214724,81500000,2.4479940606103536,1995115.1593974384,1.5890983550888813,1295115.1593974384,STD,UFA
8478415,Jakub Zboril,D,2021,10,0.02,0.16,0.0,9.0,1.95,0.66,-0.01,0.0,-0.14,725000.0,0.8895705521472393,81500000,2.466934641355067,2010551.7327043796,1.5773640892078276,1285551.7327043794,STD,RFA
8480797,Joel Farabee,LW,2021,63,-0.14,-0.18,20.0,38.0,11.44,-2.87,-1.45,0.01,1.73,925000.0,1.1349693251533743,81500000,2.6998781604438236,2200400.7007617163,1.5649088352904492,1275400.700761716,ELC,
8476432,Boone Jenner,C,2021,59,0.04,0.06,8.0,16.0,6.14,-7.63,-0.01,-0.07,0.56,3750000.0,4.601226993865031,81500000,6.148207504706745,5010789.116335997,1.5469805108417143,1260789.1163359971,STD,RFA
8476442,Matt Nieto,LW,2021,70,0.27,0.32,5.0,7.0,-6.36,1.32,-0.08,-0.03,1.38,850000.0,1.0429447852760736,81500000,2.5803567065555786,2102990.7158427965,1.537411921279505,1252990.7158427965,STD,UFA
8477839,Conor Sheary,LW,2021,71,0.28,0.32,14.0,22.0,3.03,-1.67,0.79,0.02,1.39,1500000.0,1.8404907975460123,81500000,3.3773433562524335,2752534.8353457334,1.5368525587064212,1252534.8353457332,STD,UFA
8480145,Neal Pionk,D,2021,77,0.06,0.06,3.0,32.0,5.24,0.52,-0.73,-0.13,-0.21,3000000.0,3.6809815950920246,81500000,5.17987384383464,4221597.182725231,1.4988922487426155,1221597.1827252316,STD,RFA
8477933,Sam Reinhart,C,2021,78,0.82,0.86,25.0,40.0,20.36,-0.58,4.83,0.03,1.44,5200000.0,6.38036809815951,81500000,7.848791230298021,6396764.852692886,1.4684231321385113,1196764.8526928867,STD,RFA
8478233,Andrew Mangiapane,C,2021,82,0.55,0.55,18.0,32.0,20.13,4.56,1.44,0.11,1.09,2425000.0,2.9754601226993866,81500000,4.376018222657043,3566454.85146549,1.4005580999576566,1141454.8514654902,STD,RFA
8478472,Mathieu Joseph,RW,2021,69,0.35,0.42,12.0,19.0,2.61,-3.16,-0.18,0.06,1.37,737500.0,0.9049079754601227,81500000,2.299083248021075,1873752.8471371764,1.3941752725609526,1136252.8471371764,STD,RFA
8474027,Justin Braun,D,2021,69,0.06,0.07,1.0,6.0,-0.62,-0.34,-0.06,-0.25,-1.62,1800000.0,2.208588957055215,81500000,3.5895682381532303,2925498.1140948827,1.3809792810980155,1125498.1140948825,STD,UFA
8476480,Vladislav Namestnikov,C,2021,75,0.11,0.12,8.0,17.0,-0.95,0.95,-0.07,0.24,0.03,2000000.0,2.4539877300613497,81500000,3.8276487947606306,3119533.767729914,1.3736610646992808,1119533.7677299138,STD,UFA
8477955,Jared McCann,C,2021,74,0.29,0.32,14.0,32.0,11.99,0.22,0.93,0.03,2.26,2940000.0,3.6073619631901837,81500000,4.976788795802017,4056082.868578644,1.3694268326118335,1116082.8685786442,STD,RFA
8476467,Jamie Oleksiak,D,2021,72,0.35,0.4,6.0,14.0,-6.71,3.54,-0.09,-0.2,-1.27,2137500.0,2.6226993865030677,81500000,3.9791025353069482,3242968.566275163,1.3564031488038806,1105468.5662751626,STD,RFA
8477952,Robby Fabbri,C,2021,56,-0.24,-0.35,10.0,18.0,6.55,-0.67,-0.14,0.0,0.18,2950000.0,3.6196319018404908,81500000,4.9668557191491995,4047987.4111065976,1.3472238173087088,1097987.4111065976,STD,RFA
8477018,Ben Hutton,D,2021,58,0.2,0.28,1.0,5.0,0.16,0.64,-0.03,0.01,-0.17,950000.0,1.165644171779141,81500000,2.509143537658373,2044951.9831915738,1.3434993658792318,1094951.983191574,STD,UFA
8479465,Drake Caggiula,LW,2021,18,0.03,0.14,3.0,10.0,-2.12,-0.36,0.39,-0.0,0.22,700000.0,0.8588957055214724,81500000,2.1941900789295623,1788264.9143275933,1.33529437340809,1088264.9143275933,STD,UFA
8474884,Mike Hoffman,LW,2021,67,0.63,0.77,17.0,36.0,-5.77,0.39,0.84,0.0,-1.15,4000000.0,4.9079754601226995,81500000,6.231612675142694,5078764.3302412955,1.3236372150199944,1078764.3302412955,STD,UFA
8481624,Ilya Mikheyev,RW,2021,53,0.23,0.36,7.0,17.0,9.14,1.27,0.17,0.04,0.66,1645000.0,2.01840490797546,81500000,3.329722764732404,2713724.0532569094,1.311317856756944,1068724.0532569094,STD,RFA
8476988,Matt Benning,D,2021,65,0.21,0.26,1.0,4.0,-3.57,0.34,-0.04,-0.09,-0.48,1000000.0,1.2269938650306749,81500000,2.533230340567128,2064582.7275622091,1.306236475536453,1064582.7275622094,STD,UFA
8479514,Rem Pitlick,C,2021,65,-0.14,-0.18,0.0,2.0,3.78,-3.1,-1.39,0.0,-0.84,874125.0,1.0725460122699386,81500000,2.317984155049391,1889157.0863652537,1.2454381427794525,1015032.0863652539,STD,RFA
8482142,Jamie Drysdale,D,2021,81,0.19,0.19,3.0,8.0,-2.21,-6.7,-0.1,0.0,1.32,925000.0,1.1349693251533743,81500000,2.3760582099167387,1936487.4410821418,1.2410888847633643,1011487.441082142,ELC,
8476393,Nick Cousins,C,2021,68,0.02,0.02,5.0,18.0,-1.08,0.32,-0.44,0.0,2.37,1500000.0,1.8404907975460123,81500000,3.064209240500041,2497330.5310075334,1.2237184429540289,997330.5310075335,STD,UFA
8478466,Daniel Sprong,RW,2021,63,-0.04,-0.05,13.0,20.0,5.68,-2.17,-0.39,-0.0,0.66,725000.0,0.8895705521472393,81500000,2.101926679672875,1713070.2439333932,1.2123561275256356,988070.243933393,STD,RFA
8481433,Taro Hirose,LW,2021,15,0.05,0.27,0.0,2.0,-2.19,-0.08,0.39,0.0,0.03,825000.0,1.012269938650307,81500000,2.2203332545138483,1809571.6024287862,1.2080633158635414,984571.6024287862,STD,RFA
8475855,Jesper Fast,RW,2021,82,0.53,0.53,6.0,18.0,7.42,3.45,0.22,0.1,0.73,2000000.0,2.4539877300613497,81500000,3.6602744528339155,2983123.6790596414,1.2062867227725658,983123.6790596411,STD,UFA
8474683,Derek Grant,C,2021,71,0.24,0.28,6.0,15.0,-0.93,-1.33,0.22,-0.14,-0.32,1500000.0,1.8404907975460123,81500000,3.0460367735130944,2482519.970413172,1.2055459759670821,982519.970413172,STD,UFA
8477359,Tucker Poolman,D,2021,40,0.04,0.08,0.0,1.0,-4.49,1.7,-0.06,0.01,0.64,775000.0,0.9509202453987731,81500000,2.1417422230285172,1745519.9117682416,1.1908219776297442,970519.9117682416,STD,RFA
8466138,Joe Thornton,C,2021,34,0.01,0.02,5.0,20.0,4.23,-1.52,0.09,0.0,-0.61,700000.0,0.8588957055214724,81500000,2.0417032553276595,1663988.1530920425,1.1828075498061872,963988.1530920425,STD,UFA
8479371,Dante Fabbro,D,2021,66,0.12,0.15,2.0,12.0,5.29,0.34,-0.06,-0.03,0.06,925000.0,1.1349693251533743,81500000,2.3118873538697837,1884188.1934038738,1.1769180287164094,959188.1934038736,ELC,
8480817,K'Andre Miller,D,2021,82,0.2,0.2,5.0,12.0,-0.3,2.82,-0.16,0.11,-0.54,925000.0,1.1349693251533743,81500000,2.2967936942051033,1871886.8607771592,1.161824369051729,946886.8607771591,ELC,
8479974,Nolan Patrick,C,2021,23,-0.03,-0.11,4.0,9.0,0.01,-0.31,-0.22,0.0,0.56,874125.0,1.0725460122699386,81500000,2.2313547210565563,1818554.0976610936,1.1588087087866177,944429.0976610933,STD,RFA
8477845,Trevor van Riemsdyk,D,2021,72,0.64,0.73,1.0,3.0,-4.52,4.29,-0.16,-0.1,1.08,950000.0,1.165644171779141,81500000,2.3112598796171326,1883676.801887963,1.1456157078379916,933676.8018879631,STD,UFA
8476410,Josh Leivo,LW,2021,7,0.01,0.12,6.0,9.0,1.34,0.19,-0.0,0.0,-0.16,875000.0,1.0736196319018405,81500000,2.2104567470676244,1801522.2488601138,1.136837115165784,926522.2488601139,STD,UFA
8478882,Vladislav Gavrikov,D,2021,80,-0.04,-0.04,2.0,12.0,6.26,-5.68,-0.14,-0.2,-3.24,2800000.0,3.4355828220858897,81500000,4.5689302510648755,3723678.1546178735,1.1333474289789858,923678.1546178735,STD,RFA
8478468,Jeremy Lauzon,D,2021,65,0.13,0.16,1.0,8.0,-2.02,-2.66,-0.03,0.04,-1.32,850000.0,1.0429447852760736,81500000,2.168018567713778,1766935.132686729,1.1250737824377046,916935.1326867292,STD,RFA
8477935,Sam Bennett,C,2021,71,-0.25,-0.29,10.0,27.0,20.31,-6.0,0.01,0.02,-1.14,2550000.0,3.128834355828221,81500000,4.246089557153944,3460562.9890804645,1.1172552013257229,910562.9890804642,STD,RFA
8479525,Ross Colton,C,2021,79,0.0,0.0,9.0,12.0,10.25,1.47,-0.83,0.0,2.23,700000.0,0.8588957055214724,81500000,1.971179361883534,1606511.1799350802,1.1122836563620617,906511.1799350803,STD,RFA
8476404,Andy Andreoff,C,2021,6,0.0,0.0,0.0,0.0,-1.08,-0.15,-0.0,0.0,0.01,750000.0,0.9202453987730062,81500000,1.9922930298434718,1623718.8193224294,1.0720476310704656,873718.8193224295,STD,UFA
8478859,Niko Mikkola,D,2021,54,0.31,0.47,1.0,3.0,0.45,-4.12,-0.05,0.0,-2.72,787500.0,0.9662576687116564,81500000,2.0360725558955703,1659399.13305489,1.069814887183914,871899.13305489,STD,RFA
8478454,Noah Juulsen,D,2021,8,0.03,0.31,0.0,0.0,-1.35,-0.3,-0.0,-0.01,0.19,700000.0,0.8588957055214724,81500000,1.9212436645204498,1565813.5865841664,1.0623479589989775,865813.5865841667,STD,RFA
8478495,Denis Gurianov,RW,2021,73,0.43,0.48,12.0,30.0,-3.58,-1.09,0.3,0.0,0.02,2550000.0,3.128834355828221,81500000,4.189357355604043,3414326.244817295,1.0605229997758223,864326.2448172952,STD,RFA
8478476,Kyle Capobianco,D,2021,45,0.1,0.18,0.0,0.0,-1.53,-3.81,0.23,0.0,-1.91,775000.0,0.9509202453987731,81500000,2.0058833335252277,1634794.9168230607,1.0549630881264547,859794.9168230605,STD,RFA
8475279,Ben Chiarot,D,2021,74,-0.76,-0.84,1.0,7.0,8.42,-7.0,-0.7,-0.06,-2.75,3500000.0,4.294478527607362,81500000,5.347401201602198,4358131.979305791,1.0529226739948356,858131.9793057911,STD,UFA
8476399,Blake Coleman,LW,2021,81,0.16,0.16,14.0,31.0,5.96,0.14,-0.36,0.18,-0.8,1800000.0,2.208588957055215,81500000,3.2609975368604616,2657712.9925412764,1.0524085798052467,857712.992541276,STD,RFA
8478458,Jack Roslovic,C,2021,81,-0.19,-0.19,12.0,34.0,14.2,-2.71,-0.54,-0.01,0.21,1934657.0,2.3738122699386506,81500000,3.4146445717348843,2782935.3259639307,1.0408323017962338,848278.3259639305,STD,RFA
8476967,Brett Kulak,D,2021,74,0.21,0.23,2.0,8.0,5.51,1.67,-0.09,-0.03,-1.12,1850000.0,2.2699386503067487,81500000,3.304685620743003,2693318.7809055476,1.0347469704362542,843318.7809055472,STD,RFA
8475184,Chris Kreider,LW,2021,81,1.19,1.2,20.0,30.0,11.16,-0.47,5.3,0.07,-0.57,6500000.0,7.975460122699387,81500000,9.010086838689938,7343220.7735323,1.0346267159905516,843220.7735322994,STD,UFA
8478104,Sammy Blais,LW,2021,14,0.0,0.0,8.0,15.0,-0.59,-0.62,-0.27,0.0,-0.14,1500000.0,1.8404907975460123,81500000,2.871339308427615,2340141.536368506,1.0308485108816026,840141.536368506,STD,RFA
8481546,Cam York,D,2021,30,0.11,0.3,0.0,0.0,2.39,-0.9,0.38,0.0,0.11,880833.0,1.0807766871165645,81500000,2.1108179761142623,1720316.6505331236,1.0300412889976978,839483.6505331236,ELC,
8476415,Kyle Rau,C,2021,5,0.0,0.0,0.0,2.0,-0.65,-0.18,-0.0,0.0,0.01,700000.0,0.8588957055214724,81500000,1.8879531467220598,1538681.8145784787,1.0290574412005875,838681.8145784789,STD,UFA
8478020,Michael Amadio,C,2021,56,0.09,0.13,0.0,3.0,8.33,2.16,-0.05,0.0,0.98,700000.0,0.8588957055214724,81500000,1.8848482784241423,1536151.3469156758,1.02595257290267,836151.3469156759,STD,RFA
8478508,Yakov Trenin,C,2021,80,0.08,0.08,5.0,11.0,0.53,1.91,-0.24,0.07,0.05,725000.0,0.8895705521472393,81500000,1.9144022278278268,1560237.815679679,1.0248316756805873,835237.8156796787,STD,RFA
8475209,Richard Panik,RW,2021,4,0.0,0.0,4.0,13.0,-0.2,0.03,0.19,-0.0,0.01,2750000.0,3.374233128834356,81500000,4.398227524228792,3584555.4322464657,1.0239943953944364,834555.4322464657,STD,UFA
8477380,Jonny Brodzinski,C,2021,22,0.02,0.07,1.0,1.0,-2.59,-0.07,-0.01,0.0,-0.64,750000.0,0.9202453987730062,81500000,1.940170549692212,1581238.9979991529,1.0199251509192058,831238.9979991528,STD,UFA
8477365,Connor Clifton,D,2021,60,0.2,0.27,1.0,7.0,1.03,3.72,-0.04,0.04,-0.16,1000000.0,1.2269938650306749,81500000,2.245829081004672,1830350.7010188077,1.018835215973997,830350.7010188076,STD,RFA
8475188,Brayden McNabb,D,2021,69,-0.07,-0.08,2.0,8.0,1.51,1.09,-0.02,-0.09,-0.94,2500000.0,3.067484662576687,81500000,4.08168005006929,3326569.240806471,1.0141953874926024,826569.240806471,STD,UFA
8478467,Nicolas Meloche,D,2021,50,0.17,0.28,0.0,1.0,-1.36,-1.81,-0.12,0.0,-1.54,750000.0,0.9202453987730062,81500000,1.928992680768948,1572129.0348266927,1.0087472819959418,822129.0348266925,STD,RFA
8476872,Scott Laughton,C,2021,67,0.25,0.31,9.0,20.0,1.95,0.01,-0.17,-0.01,1.22,3000000.0,3.6809815950920246,81500000,4.689262040252741,3821748.5628059837,1.0082804451607164,821748.5628059838,STD,UFA
8482245,Artem Zub,D,2021,81,0.35,0.35,3.0,14.0,7.18,-0.97,-0.33,0.12,-3.6,2500000.0,3.067484662576687,81500000,4.042558790811405,3294685.4145112955,0.9750741282347182,794685.4145112954,STD,RFA
8477320,Anton Blidh,LW,2021,32,0.05,0.13,1.0,1.0,-4.02,0.14,-0.01,0.0,0.06,750000.0,0.9202453987730062,81500000,1.889317874305517,1539794.0675589964,0.9690724755325109,789794.0675589964,STD,UFA
8475958,Michael Sgarbossa,C,2021,10,0.0,0.0,0.0,2.0,1.47,0.05,-0.13,0.0,0.36,750000.0,0.9202453987730062,81500000,1.8747651803802903,1527933.6220099367,0.9545197816072841,777933.6220099366,STD,UFA
8477343,Tyler Lewington,D,2021,2,0.0,0.0,0.0,1.0,-0.14,-0.02,-0.0,0.0,0.0,700000.0,0.8588957055214724,81500000,1.8132274437922593,1477780.3666906913,0.9543317382707869,777780.3666906912,STD,UFA
8478491,Jacob Larsson,D,2021,6,0.01,0.14,1.0,7.0,0.33,-0.03,-0.0,-0.0,-0.15,1200000.0,1.4723926380368098,81500000,2.411099882863658,1965046.404533881,0.9387072448268481,765046.4045338812,STD,RFA
8476886,Slater Koekkoek,D,2021,19,0.03,0.13,1.0,1.0,-0.34,-0.89,-0.0,-0.0,-1.15,850000.0,1.0429447852760736,81500000,1.9791946837975374,1613043.667294993,0.9362498985214638,763043.667294993,STD,UFA
8477447,Shea Theodore,D,2021,78,0.25,0.26,8.0,42.0,11.05,1.88,-0.23,-0.01,-0.18,5200000.0,6.38036809815951,81500000,7.315901228160969,5962459.50095119,0.9355331300014598,762459.5009511898,STD,RFA
8477353,Tyler Motte,C,2021,58,0.2,0.28,6.0,9.0,-6.48,2.45,-0.1,0.11,0.49,1225000.0,1.5030674846625767,81500000,2.4320067644484666,1982085.5130255003,0.92893927978589,757085.5130255002,STD,RFA
8478846,Christian Wolanin,D,2021,9,0.01,0.09,0.0,3.0,0.83,0.1,-0.13,0.0,0.02,900000.0,1.1042944785276074,81500000,2.0229192453986347,1648679.1849998871,0.9186247668710272,748679.1849998872,STD,RFA
8477950,Tony DeAngelo,D,2021,64,0.21,0.27,0.0,1.0,18.04,-5.04,0.86,0.04,-0.28,4800000.0,5.889570552147239,81500000,6.782967044126609,5528118.1409631865,0.8933964919793702,728118.1409631867,STD,RFA
8476323,Max McCormick,LW,2021,10,0.0,0.0,2.0,3.0,-0.83,0.58,-0.0,0.0,-0.67,700000.0,0.8588957055214724,81500000,1.7370794753938004,1415719.7724459474,0.8781837698723279,715719.7724459473,STD,UFA
8479369,Andrew Peeke,D,2021,82,-0.02,-0.02,0.0,3.0,-4.99,-3.87,-0.11,-0.35,-1.72,916666.0,1.1247435582822085,81500000,1.997557976650656,1628009.7509702847,0.8728144183684474,711343.7509702847,ELC,
8478115,Pierre Engvall,LW,2021,78,0.17,0.18,7.0,12.0,1.03,0.41,0.36,0.06,0.53,1250000.0,1.5337423312883436,81500000,2.4007434691881393,1956605.9273883335,0.8670011378997957,706605.9273883335,STD,RFA
8480326,Sheldon Dries,C,2021,11,0.01,0.07,0.0,0.0,1.45,0.24,0.08,0.0,0.19,771750.0,0.9469325153374233,81500000,1.8082388287474611,1473714.645429181,0.8613063134100378,701964.6454291809,STD,RFA
8475766,Austin Watson,LW,2021,67,0.16,0.2,3.0,10.0,-3.48,-2.03,-0.05,-0.02,-1.38,1500000.0,1.8404907975460123,81500000,2.699191455342625,2199841.036104239,0.8587006577966125,699841.0361042393,STD,UFA
8473453,Trevor Lewis,C,2021,80,0.22,0.23,5.0,10.0,-15.21,3.99,-0.12,0.09,1.21,750000.0,0.9202453987730062,81500000,1.7752954845081756,1446865.819874163,0.8550500857351695,696865.8198741633,STD,UFA
8471729,Kris Russell,D,2021,31,0.1,0.26,0.0,9.0,0.82,1.74,-0.02,0.04,-0.08,1250000.0,1.5337423312883436,81500000,2.3880160928136043,1946233.1156430873,0.8542737615252607,696233.1156430875,STD,UFA
8475735,Greg McKegg,C,2021,43,0.05,0.1,1.0,1.0,-4.95,-1.34,-0.04,0.0,0.09,700000.0,0.8588957055214724,81500000,1.7091285535286804,1392939.7711258747,0.850232848007208,692939.7711258745,STD,UFA
8477887,Patrick Brown,C,2021,43,0.04,0.08,0.0,0.0,-4.27,-1.47,-0.04,-0.07,0.44,700000.0,0.8588957055214724,81500000,1.7028812781545,1387848.2416959174,0.8439855726330275,687848.2416959174,STD,UFA
8475780,Chris Wagner,RW,2021,1,0.0,0.0,2.0,5.0,0.21,-0.03,-0.0,0.0,0.17,1350000.0,1.6564417177914113,81500000,2.4958117552652848,2034086.5805412072,0.8393700374738735,684086.5805412069,STD,UFA
8477482,Zach Sanford,LW,2021,80,0.17,0.17,10.0,16.0,-5.43,-0.7,-0.25,0.0,0.04,1500000.0,1.8404907975460123,81500000,2.67735426487571,2182043.7258737036,0.8368634673296977,682043.7258737036,STD,RFA
8480196,Jacob Bryson,D,2021,73,0.34,0.38,1.0,9.0,-1.76,-0.36,1.61,-0.03,1.1,889166.0,1.091001226993865,81500000,1.9026693400158852,1550675.5121129465,0.8116681130220202,661509.5121129466,ELC,
8477454,Adam Erne,LW,2021,79,-0.05,-0.05,11.0,20.0,-4.63,-1.8,-1.13,-0.0,0.19,997500.0,1.2239263803680982,81500000,2.034362712828269,1658005.6109550393,0.8104363324601709,660505.6109550393,STD,RFA
8477446,Michael McCarron,RW,2021,51,0.0,0.0,0.0,0.0,0.49,0.51,0.35,0.02,-0.92,700000.0,0.8588957055214724,81500000,1.665292699721407,1357213.5502729467,0.8063969941999346,657213.5502729467,STD,RFA
8476871,Tanner Pearson,LW,2021,68,0.09,0.11,10.0,18.0,3.1,-1.48,-0.41,-0.01,0.88,3250000.0,3.9877300613496933,81500000,4.789048093245684,3903074.1959952326,0.8013180318959909,653074.1959952326,STD,UFA
8479291,Kevin Rooney,C,2021,61,0.13,0.17,8.0,14.0,-6.83,0.09,-0.06,0.07,1.86,750000.0,0.9202453987730062,81500000,1.7008874316129905,1386223.2567645872,0.7806420328399843,636223.2567645872,STD,UFA
8476881,Tomas Hertl,C,2021,82,0.69,0.69,19.0,43.0,7.95,-3.77,0.29,0.03,0.47,5625000.0,6.901840490797547,81500000,7.67170214035041,6252437.244385584,0.7698616495528636,627437.2443855839,STD,RFA
8474189,Lars Eller,C,2021,72,0.31,0.35,8.0,23.0,-3.43,2.71,-0.76,0.16,-0.3,3500000.0,4.294478527607362,81500000,5.055832950986579,4120503.855054062,0.7613544233792169,620503.8550540617,STD,UFA
8474066,Thomas Hickey,D,2021,2,0.0,0.0,0.0,2.0,-0.45,-0.15,-0.0,0.0,0.18,2500000.0,3.067484662576687,81500000,3.8238225646267967,3116415.3901708396,0.7563379020501095,616415.3901708393,STD,UFA
8477573,Nathan Walker,LW,2021,30,0.03,0.08,1.0,1.0,3.15,0.09,-0.0,0.0,0.57,700000.0,0.8588957055214724,81500000,1.5949191824881517,1299859.1337278434,0.7360234769666792,599859.1337278435,STD,RFA
8477508,Curtis Lazar,C,2021,70,-0.01,-0.01,7.0,13.0,0.08,3.84,-0.01,-0.17,0.66,800000.0,0.98159509202454,81500000,1.7122034337587646,1395445.7985133932,0.7306083417342246,595445.798513393,STD,RFA
8480776,Sheldon Rempal,RW,2021,1,0.0,0.0,0.0,0.0,-0.13,-0.13,-0.0,0.0,0.0,700000.0,0.8588957055214724,81500000,1.587072008445821,1293463.686883344,0.7281763029243485,593463.6868833441,STD,UFA
8477941,Nick Ritchie,LW,2021,57,-0.05,-0.07,15.0,26.0,0.63,-2.19,-0.44,0.0,-2.42,1545950.0,1.8968711656441717,81500000,2.612307728659534,2129030.7988575203,0.7154365630153623,583080.7988575203,STD,RFA
8477404,Jake Guentzel,LW,2021,76,0.77,0.83,23.0,57.0,20.39,-8.46,0.39,0.0,1.64,6000000.0,7.361963190184049,81500000,8.075649450946509,6581654.302521405,0.7136862607624597,581654.3025214046,STD,RFA
8478970,Jalen Chatfield,D,2021,16,0.04,0.2,0.0,1.0,1.94,0.38,-0.0,0.0,-0.64,700000.0,0.8588957055214724,81500000,1.5712919906540392,1280602.972383042,0.7123962851325668,580602.972383042,STD,RFA
8475220,Marcus Foligno,LW,2021,73,-0.27,-0.3,11.0,26.0,7.88,5.49,0.04,0.01,-1.65,3100000.0,3.8036809815950923,81500000,4.484114741793336,3654553.514561569,0.6804337601982438,554553.5145615686,STD,UFA
8477015,Connor Brown,RW,2021,64,-0.11,-0.14,21.0,35.0,0.97,-2.62,-0.66,0.04,2.62,3600000.0,4.41717791411043,81500000,5.095070212103375,4152482.22286425,0.6778922979929449,552482.2228642501,STD,RFA
8481523,Kirby Dach,C,2021,70,-0.15,-0.18,2.0,10.0,-7.46,0.41,-1.21,-0.03,-1.13,925000.0,1.1349693251533743,81500000,1.7993850897450923,1466498.84814225,0.6644157645917179,541498.8481422501,ELC,
8477392,Hudson Fasching,RW,2021,11,0.01,0.07,0.0,0.0,-1.89,0.24,-0.0,0.0,0.02,737500.0,0.9049079754601227,81500000,1.5672418041266472,1277302.0703632173,0.6623338286665245,539802.0703632175,STD,RFA
8476390,Joseph Cramarossa,C,2021,1,0.0,0.0,0.0,1.0,0.32,0.03,-0.0,0.0,-0.17,700000.0,0.8588957055214724,81500000,1.5154554552627477,1235096.1960391393,0.6565597497412753,535096.1960391393,STD,UFA
8476915,Jujhar Khaira,LW,2021,27,0.02,0.06,3.0,11.0,-3.63,0.92,-0.02,0.04,0.07,1200000.0,1.4723926380368098,81500000,2.1235593154450516,1730700.842087717,0.6511666774082419,530700.8420877171,STD,RFA
8476458,Ryan Strome,C,2021,74,0.12,0.13,14.0,49.0,6.46,-2.42,0.21,0.04,-1.96,4500000.0,5.521472392638037,81500000,6.169685503580434,5028293.6854180535,0.6482131109423968,528293.6854180534,STD,RFA
8479066,Ryan Lomberg,LW,2021,55,0.05,0.07,2.0,4.0,8.0,0.35,-0.01,-0.0,0.97,725000.0,0.8895705521472393,81500000,1.531515475667753,1248185.1126692186,0.6419449235205136,523185.11266921856,STD,UFA
8481186,Logan O'Connor,RW,2021,81,0.16,0.16,3.0,5.0,-2.77,2.49,-0.04,-0.05,1.57,725000.0,0.8895705521472393,81500000,1.5273562089131225,1244795.3102641948,0.6377856567658832,519795.3102641948,STD,RFA
8480844,Grigori Denisenko,LW,2021,1,0.0,0.0,0.0,4.0,0.06,0.04,-0.0,0.0,-0.17,925000.0,1.1349693251533743,81500000,1.7685526662903772,1441370.4230266574,0.6335833411370029,516370.4230266574,ELC,
8475163,Alex Chiasson,RW,2021,67,0.41,0.5,9.0,16.0,-4.43,-0.32,1.31,-0.0,0.65,2150000.0,2.638036809815951,81500000,3.2693956533423414,2664557.457474008,0.6313588435263906,514557.4574740083,STD,UFA
8478043,Sam Lafferty,C,2021,56,-0.03,-0.04,0.0,6.0,-2.86,0.51,-0.04,0.02,0.65,750000.0,0.9202453987730062,81500000,1.5431472294298914,1257664.9919853613,0.6229018306568852,507664.99198536144,STD,RFA
8477903,Garnet Hathaway,RW,2021,76,0.3,0.32,6.0,18.0,1.5,0.7,-0.13,0.12,0.53,1500000.0,1.8404907975460123,81500000,2.462985925908013,2007333.5296150309,0.6224951283620008,507333.5296150306,STD,UFA
8478512,Austin Czarnik,C,2021,17,0.01,0.05,0.0,0.0,-1.39,0.62,-0.15,0.0,0.2,725000.0,0.8895705521472393,81500000,1.5098607330319354,1230536.4974210274,0.620290180884696,505536.4974210273,STD,UFA
8478146,Matthew Highmore,C,2021,46,0.08,0.14,3.0,7.0,-2.88,1.07,0.26,0.0,0.28,725000.0,0.8895705521472393,81500000,1.4925663407465528,1216441.5677084406,0.6029957885993135,491441.5677084405,STD,RFA
8480467,Austin Strand,D,2021,8,0.02,0.2,0.0,1.0,0.33,0.16,-0.0,0.0,0.19,735000.0,0.9018404907975459,81500000,1.4975166493968395,1220476.0692584242,0.5956761585992936,485476.0692584243,STD,RFA
8477369,Carson Soucy,D,2021,64,0.15,0.19,1.0,17.0,7.03,2.62,0.1,0.03,-2.51,2750000.0,3.374233128834356,81500000,3.969219310087899,3234913.737721638,0.5949861812535433,484913.73772163776,STD,UFA
8477938,Haydn Fleury,D,2021,43,0.15,0.29,3.0,4.0,-4.42,0.55,-0.11,0.0,-0.04,1300000.0,1.5950920245398774,81500000,2.1880540141056812,1783264.0214961302,0.5929619895658038,483264.0214961301,STD,RFA
8476331,Dylan DeMelo,D,2021,76,0.16,0.17,0.0,9.0,9.59,4.08,-0.03,-0.01,-0.93,3000000.0,3.6809815950920246,81500000,4.270418628141682,3480391.1819354706,0.5894370330496574,480391.1819354708,STD,UFA
8477474,Madison Bowey,D,2021,2,-0.01,-0.41,0.0,1.0,-0.14,-0.24,-0.0,-0.0,0.01,725000.0,0.8895705521472393,81500000,1.4757444335865593,1202731.7133730457,0.5861738814393199,477731.7133730458,STD,UFA
8480762,Eric Robinson,LW,2021,66,-0.06,-0.07,8.0,18.0,-2.12,-2.23,-0.04,0.04,0.0,975000.0,1.196319018404908,81500000,1.7722436284916938,1444378.5572207305,0.5759246100867859,469378.55722073046,STD,RFA
8476882,Teuvo Teravainen,C,2021,77,0.86,0.92,5.0,14.0,14.19,-0.9,3.31,0.28,-0.09,5400000.0,6.625766871165645,81500000,7.197986726610855,5866359.182187847,0.5722198554452103,466359.1821878464,STD,RFA
8480748,Kiefer Sherwood,C,2021,11,0.0,0.0,0.0,3.0,0.06,0.23,-0.11,0.0,0.19,750000.0,0.9202453987730062,81500000,1.4888802284748213,1213437.3862069794,0.5686348297018151,463437.38620697934,STD,UFA
8480172,Jan Rutta,D,2021,76,0.13,0.14,0.0,8.0,6.03,1.58,-0.03,-0.01,-1.47,1300000.0,1.5950920245398774,81500000,2.163643533392902,1763369.479715215,0.5685515088530244,463369.4797152149,STD,UFA
8478056,Clark Bishop,C,2021,9,0.0,0.0,0.0,3.0,-0.31,-0.22,-0.0,0.0,0.18,800000.0,0.98159509202454,81500000,1.5495384450573262,1262873.832721721,0.5679433530327862,462873.83272172074,STD,UFA
8477244,Chad Ruhwedel,D,2021,78,0.41,0.43,0.0,2.0,6.78,3.48,-0.01,-0.09,0.73,750000.0,0.9202453987730062,81500000,1.4873812996467866,1212215.759212131,0.5671359008737804,462215.75921213103,STD,UFA
8478434,Keegan Kolesar,RW,2021,77,0.05,0.05,3.0,12.0,0.2,-4.67,-0.21,0.0,0.01,725000.0,0.8895705521472393,81500000,1.4566819084875178,1187195.755417327,0.5671113563402784,462195.75541732693,STD,RFA
8476966,Gemel Smith,C,2021,2,0.0,0.0,0.0,3.0,-0.42,0.02,-0.0,0.0,0.0,700000.0,0.8588957055214724,81500000,1.419858427986437,1157184.618808946,0.5609627224649646,457184.61880894616,STD,RFA
8478211,Dryden Hunt,LW,2021,76,0.08,0.09,3.0,8.0,-10.89,-0.61,-0.24,0.0,0.51,750000.0,0.9202453987730062,81500000,1.4640398538367645,1193192.4808769631,0.5437944550637583,443192.48087696306,STD,UFA
8478109,Victor Olofsson,LW,2021,72,0.03,0.03,13.0,32.0,3.1,-3.62,0.45,0.0,0.37,3050000.0,3.742331288343558,81500000,4.280233604415386,3488390.38759854,0.5379023160718281,438390.38759853994,STD,RFA
8470775,Nate Thompson,C,2021,33,-0.05,-0.12,2.0,5.0,-4.12,-1.13,-0.05,0.02,-0.27,750000.0,0.9202453987730062,81500000,1.4402767657346356,1173825.5640737282,0.5200313669616294,423825.564073728,STD,UFA
8477541,Dakota Mermis,D,2021,2,0.0,0.0,0.0,0.0,0.08,0.0,-0.0,0.0,0.01,700000.0,0.8588957055214724,81500000,1.3738355129228736,1119675.943032142,0.5149398074014012,419675.943032142,STD,UFA
8475246,Kevin Connauton,D,2021,39,0.05,0.11,0.0,1.0,1.55,-1.5,-0.02,0.01,-0.08,825000.0,1.012269938650307,81500000,1.519897587660905,1238716.5339436377,0.5076276490105982,413716.53394363757,STD,UFA
8475462,Radko Gudas,D,2021,77,0.27,0.29,2.0,11.0,14.89,3.14,-0.04,0.01,-2.46,2500000.0,3.067484662576687,81500000,3.566622563217983,2906797.3890226563,0.49913790064129593,406797.3890226562,STD,UFA
8477335,Kyle Burroughs,D,2021,41,0.08,0.16,0.0,1.0,-4.9,1.03,0.0,-0.02,-0.92,700000.0,0.8588957055214724,81500000,1.3573160718010566,1106212.5985178612,0.4984203662795842,406212.5985178611,STD,RFA
8480849,Barrett Hayton,C,2021,60,-0.11,-0.15,2.0,3.0,-4.89,-1.6,-0.49,-0.05,1.71,894167.0,1.0971374233128834,81500000,1.594256243069351,1299318.838101521,0.49711881975646754,405151.838101521,ELC,
8479414,Nathan Bastian,RW,2021,72,-0.01,-0.01,3.0,10.0,-4.27,2.17,-0.63,-0.01,-0.69,825000.0,1.012269938650307,81500000,1.4988312275849687,1221547.4504817496,0.4865612889346618,396547.4504817494,STD,RFA
8480873,Rasmus Sandin,D,2021,51,0.08,0.13,0.0,4.0,14.28,0.71,-0.71,0.0,0.67,894167.0,1.0971374233128834,81500000,1.5717845590936736,1281004.415661344,0.4746471357807902,386837.415661344,ELC,
8480883,Ty Smith,D,2021,66,0.06,0.07,2.0,23.0,4.66,-4.71,-0.59,0.0,-0.13,863334.0,1.0593055214723928,81500000,1.5282710837482707,1245540.9332548406,0.46896556227587793,382206.93325484055,ELC,
8481528,Dylan Cozens,C,2021,79,-0.1,-0.1,4.0,13.0,-6.66,-0.85,0.31,-0.0,0.4,925000.0,1.1349693251533743,81500000,1.60104217736769,1304849.3745546674,0.4660728522143156,379849.3745546672,ELC,
8479376,Victor Mete,D,2021,37,0.1,0.22,1.0,5.0,-0.6,-1.22,-0.25,0.05,0.44,735000.0,0.9018404907975459,81500000,1.3676618757715584,1114644.4287538202,0.4658213849740125,379644.4287538202,STD,RFA
8479370,Tyson Jost,C,2021,80,-0.09,-0.09,7.0,17.0,-5.75,1.65,-0.62,-0.12,2.23,874125.0,1.0725460122699386,81500000,1.5346092965363312,1250706.57667711,0.46206328426639254,376581.5766771099,STD,RFA
8476368,Fredrik Claesson,D,2021,9,0.02,0.18,0.0,0.0,-0.29,-0.04,-0.0,-0.0,0.02,700000.0,0.8588957055214724,81500000,1.3145781085656356,1071381.158480993,0.4556824030441632,371381.158480993,STD,UFA
8475764,Cam Fowler,D,2021,76,0.29,0.31,5.0,23.0,0.38,0.25,2.66,-0.04,-0.17,6500000.0,7.975460122699387,81500000,8.429363466167521,6869931.224926529,0.4539033434681343,369931.2249265295,STD,UFA
8478408,Travis Dermott,D,2021,60,0.24,0.33,2.0,6.0,6.02,3.05,-0.03,0.02,0.17,874125.0,1.0725460122699386,81500000,1.5241213156005315,1242158.8722144333,0.4515753033305929,368033.8722144332,STD,RFA
8480945,Juuso Riikola,D,2021,5,0.01,0.16,0.0,0.0,1.38,-0.07,-0.09,0.0,-0.16,1150000.0,1.4110429447852761,81500000,1.8579569186904585,1514234.8887327237,0.4469139739051824,364234.8887327236,STD,RFA
8477944,Jakub Vrana,LW,2021,26,0.05,0.16,19.0,36.0,8.44,-1.71,0.25,-0.0,-0.1,3350000.0,4.110429447852761,81500000,4.5231498588615775,3686367.134972186,0.4127204110088165,336367.1349721854,STD,RFA
8476439,Brett Ritchie,RW,2021,40,0.01,0.02,4.0,8.0,0.69,0.99,-0.04,0.0,-0.78,700000.0,0.8588957055214724,81500000,1.2693332555065542,1034506.6032378416,0.41043754998508175,334506.6032378416,STD,UFA
8478911,Matt Roy,D,2021,67,0.24,0.29,2.0,10.0,3.36,1.91,0.04,-0.07,-0.76,3150000.0,3.8650306748466257,81500000,4.274603879559988,3483802.1618413907,0.40957320471336267,333802.16184139054,STD,RFA
8478017,Mark Friedman,D,2021,26,0.08,0.25,2.0,3.0,3.24,0.36,-0.02,0.0,0.57,725000.0,0.8895705521472393,81500000,1.2919725124728778,1052957.5976653954,0.40240196032563846,327957.5976653953,STD,RFA
8478013,Jake Walman,D,2021,51,0.09,0.14,1.0,2.0,-0.76,-2.3,-0.29,-0.01,-0.38,725000.0,0.8895705521472393,81500000,1.2783291463853708,1041838.2543040771,0.3887585942381314,316838.2543040771,STD,RFA
8478866,Dominik Simon,C,2021,72,0.08,0.09,0.0,0.0,-2.51,1.53,-0.01,0.0,0.48,700000.0,0.8588957055214724,81500000,1.2464349955638916,1015844.5213845717,0.38753929004241916,315844.5213845716,STD,UFA
8480950,Ilya Lyubushkin,D,2021,77,0.1,0.11,1.0,2.0,-7.26,5.67,-0.05,-0.19,-2.13,1350000.0,1.6564417177914113,81500000,2.043876009152928,1665758.9474596365,0.38743429136151697,315758.9474596364,STD,UFA
8478431,Evgeny Svechnikov,RW,2021,72,0.04,0.05,3.0,8.0,2.41,-1.8,-0.03,0.0,-1.22,874125.0,1.0725460122699386,81500000,1.4530739639253358,1184255.2805991487,0.3805279516553972,310130.28059914877,STD,RFA
8471260,Blake Comeau,LW,2021,6,0.0,0.0,4.0,14.0,-0.91,0.55,-0.0,-0.01,-0.33,1000000.0,1.2269938650306749,81500000,1.5957151027106988,1300507.8087092196,0.36872123768002396,300507.8087092195,STD,UFA
8477987,Ryan Donato,C,2021,74,0.24,0.27,6.0,20.0,-0.96,-1.59,-1.06,0.0,1.04,1900000.0,2.331288343558282,81500000,2.6998491228511785,2200377.0351237105,0.36856077929289643,300377.0351237106,STD,RFA
8474068,Kyle Turris,C,2021,23,-0.01,-0.04,2.0,5.0,-2.28,-0.92,-0.15,0.0,0.04,1650000.0,2.024539877300614,81500000,2.3910458812308395,1948702.3932031344,0.3665060039302257,298702.39320313395,STD,UFA
8475160,Kyle Clifford,LW,2021,25,0.02,0.07,4.0,7.0,-2.57,0.16,-0.01,0.0,0.04,1000000.0,1.2269938650306749,81500000,1.5888111911535532,1294881.1207901458,0.3618173261228783,294881.1207901458,STD,UFA
8478397,Rasmus Andersson,D,2021,82,0.41,0.41,5.0,21.0,4.97,1.1,-0.81,0.23,0.51,4550000.0,5.58282208588957,81500000,5.93280267692977,4835234.181697762,0.3499805910401994,285234.1816977625,STD,RFA
8477406,Mattias Janmark,C,2021,67,0.13,0.16,11.0,23.0,4.07,-0.37,-0.45,0.07,0.52,2250000.0,2.7607361963190185,81500000,3.1063591539180244,2531682.71044319,0.34562295759900596,281682.7104431899,STD,UFA
8477498,Darnell Nurse,D,2021,71,0.01,0.01,16.0,36.0,23.12,-0.39,0.18,-0.05,-2.73,5600000.0,6.871165644171779,81500000,7.2053256121855735,5872340.373931242,0.3341599680137941,272340.3739312422,STD,RFA
8481554,Kaapo Kakko,RW,2021,43,0.11,0.21,9.0,17.0,-1.11,0.61,0.12,-0.0,-0.22,925000.0,1.1349693251533743,81500000,1.4591399412953105,1189199.0521556782,0.3241706161419362,264199.05215567804,ELC,
8478040,Austin Poganski,RW,2021,16,0.01,0.05,0.0,0.0,-1.25,-0.25,-0.01,0.0,-0.14,700000.0,0.8588957055214724,81500000,1.1823431108929299,963609.6353777378,0.32344740537145744,263609.6353777378,STD,RFA
8475149,Marcus Johansson,C,2021,69,0.39,0.46,6.0,14.0,-5.24,-0.77,0.64,-0.0,1.56,4500000.0,5.521472392638037,81500000,5.838335528702574,4758243.455892598,0.3168631360645371,258243.45589259773,STD,UFA
8477974,Ryan MacInnis,C,2021,1,0.0,0.0,0.0,0.0,-0.2,0.02,-0.0,0.0,0.0,700000.0,0.8588957055214724,81500000,1.1697484984252036,953345.0262165408,0.31085279290373113,253345.02621654086,STD,RFA
8478528,Tanner Kero,C,2021,22,0.02,0.07,3.0,10.0,-2.04,0.34,-0.02,-0.0,0.38,750000.0,0.9202453987730062,81500000,1.230875476076168,1003163.5130020769,0.31063007730316183,253163.5130020769,STD,UFA
8477401,John Hayden,C,2021,55,-0.01,-0.01,2.0,5.0,-7.79,-0.23,-0.04,-0.01,0.11,750000.0,0.9202453987730062,81500000,1.2190962312536904,993563.4284717577,0.2988508324806842,243563.42847175765,STD,UFA
8478446,Glenn Gawdin,C,2021,2,0.0,0.0,0.0,1.0,-0.14,0.16,-0.0,0.0,-0.17,700000.0,0.8588957055214724,81500000,1.1516161023775666,938567.1234377167,0.2927203968560942,238567.12343771674,STD,RFA
8481068,Yegor Sharangovich,C,2021,76,-0.01,-0.01,15.0,28.0,9.11,-2.66,-0.33,-0.01,1.08,775833.0,0.9519423312883435,81500000,1.2421376766431784,1012342.2064641904,0.29019534535483493,236509.20646419044,ELC,
8479945,Gavin Bayreuther,D,2021,43,0.08,0.15,1.0,1.0,-0.68,-0.98,-0.03,0.0,-0.24,710000.0,0.8711656441717791,81500000,1.1596274641689028,945096.3832976558,0.2884618199971237,235096.38329765585,STD,UFA
8478506,Gabriel Carlsson,D,2021,38,0.04,0.09,1.0,4.0,1.9,-1.27,-0.02,0.0,0.09,725000.0,0.8895705521472393,81500000,1.1730212918572178,956012.3528636326,0.28345073970997847,231012.35286363246,STD,RFA
8478967,Lane Pederson,C,2021,29,0.02,0.06,1.0,3.0,-3.38,-1.52,-0.27,0.0,-0.28,735000.0,0.9018404907975459,81500000,1.1722080020723684,955349.5216889803,0.2703675112748225,220349.5216889803,STD,RFA
8481014,Alexander Romanov,D,2021,79,0.04,0.04,1.0,6.0,-3.76,-4.96,-0.13,-0.11,-0.89,894167.0,1.0971374233128834,81500000,1.3591794208046952,1107731.2279558266,0.2620419974918118,213564.2279558266,ELC,
8478485,Zach Senyshyn,RW,2021,2,0.0,0.0,0.0,0.0,-0.34,0.09,-0.0,0.0,-0.17,700000.0,0.8588957055214724,81500000,1.1090750307632486,903896.1500720477,0.2501793252417762,203896.1500720476,STD,RFA
8470755,Brad Richardson,RW,2021,44,0.05,0.09,1.0,4.0,-2.09,0.4,-0.03,0.01,-0.43,1000000.0,1.2269938650306749,81500000,1.470957513201295,1198830.3732590557,0.24396364817062022,198830.37325905546,STD,UFA
8479365,Trent Frederic,C,2021,60,0.04,0.05,4.0,5.0,-2.48,2.49,-0.07,0.0,-1.57,1050000.0,1.2883435582822087,81500000,1.5134274251247195,1233443.3514766463,0.2250838668425108,183443.3514766463,STD,RFA
8479252,Dan Renouf,D,2021,4,0.0,0.0,0.0,3.0,-0.27,-0.19,-0.0,0.0,0.01,700000.0,0.8588957055214724,81500000,1.0826414491230647,882352.7810352978,0.22374574360159227,182352.7810352977,STD,RFA
8480901,Karson Kuhlman,C,2021,44,0.06,0.11,2.0,2.0,-3.68,0.1,-0.02,-0.02,0.27,725000.0,0.8895705521472393,81500000,1.1109273848876846,905405.818683463,0.22135683274044526,180405.8186834629,STD,RFA
8474207,Nick Holden,D,2021,76,-0.2,-0.22,0.0,2.0,3.27,-0.1,-0.08,-0.19,-0.06,1700000.0,2.085889570552147,81500000,2.30542684653099,1878922.879922757,0.21953727597884276,178922.87992275684,STD,UFA
8481481,Blake Lizotte,C,2021,70,0.22,0.26,3.0,10.0,-0.11,1.39,-0.13,0.05,0.5,800000.0,0.98159509202454,81500000,1.2002037572793203,978166.0621826459,0.2186086652547803,178166.06218264595,STD,RFA
8477450,Jason Dickinson,C,2021,62,0.0,0.0,7.0,15.0,-8.08,-1.77,-0.1,-0.08,-0.02,1500000.0,1.8404907975460123,81500000,2.054440716364889,1674369.1838373842,0.21394991881887648,174369.18383738433,STD,RFA
8478841,Colton White,D,2021,27,0.06,0.18,0.0,0.0,0.52,-0.13,-0.01,0.0,-0.44,700000.0,0.8588957055214724,81500000,1.067398984684953,869930.1725182367,0.20850327916348055,169930.17251823665,STD,RFA
8481477,Nico Sturm,C,2021,74,0.21,0.23,11.0,17.0,1.11,0.25,0.3,0.0,0.67,725000.0,0.8895705521472393,81500000,1.0756344375324005,876642.0665889065,0.18606388538516117,151642.06658890634,STD,RFA
8477425,Miles Wood,LW,2021,3,-0.0,-0.0,17.0,25.0,-0.53,-0.34,-0.06,0.0,-0.16,2750000.0,3.374233128834356,81500000,3.558854120695189,2900466.1083665793,0.18462099186083325,150466.1083665791,STD,RFA
8476958,Jaccob Slavin,D,2021,79,1.14,1.18,3.0,15.0,17.3,3.63,-1.03,0.23,0.68,5300000.0,6.5030674846625764,81500000,6.6855657698866775,5448736.102457642,0.18249828522410105,148736.10245764235,STD,RFA
8481524,Bowen Byram,D,2021,30,0.05,0.14,0.0,2.0,4.27,0.26,-0.42,-0.0,-0.75,894167.0,1.0971374233128834,81500000,1.2764817096512697,1040332.5933657847,0.17934428633838628,146165.59336578482,ELC,
8480336,Sean Walker,D,2021,6,0.01,0.14,5.0,17.0,-0.06,-0.13,-0.1,0.0,-0.32,2650000.0,3.2515337423312882,81500000,3.4267690483661557,2792816.774418417,0.17523530603486748,142816.774418417,STD,RFA
8480821,Filip Zadina,RW,2021,74,0.22,0.24,6.0,19.0,-0.68,-1.67,0.02,-0.0,1.89,894167.0,1.0971374233128834,81500000,1.2688721886218435,1034130.8337268025,0.17173476530896004,139963.83372680243,ELC,
8479439,Jacob MacDonald,D,2021,8,0.01,0.1,1.0,9.0,1.0,0.3,-0.06,0.0,0.18,725000.0,0.8895705521472393,81500000,1.057027513462673,861477.4234720785,0.16745696131543364,136477.42347207843,STD,UFA
8476469,Joel Armia,RW,2021,60,0.1,0.14,7.0,14.0,-3.33,0.13,-0.25,0.03,1.34,2600000.0,3.190184049079755,81500000,3.349870106389698,2730144.1367076044,0.15968605730994323,130144.13670760374,STD,RFA
8479998,Mikey Anderson,D,2021,57,0.05,0.07,1.0,11.0,5.15,1.35,-0.11,-0.14,1.23,925000.0,1.1349693251533743,81500000,1.2882867049223723,1049953.6645117335,0.15331737976899795,124953.66451173332,ELC,
8476934,Brock McGinn,LW,2021,64,0.32,0.41,8.0,13.0,-0.31,0.95,-0.02,0.04,0.69,2100000.0,2.5766871165644174,81500000,2.726765476227273,2222313.8631252274,0.15007835966285565,122313.86312522736,STD,RFA
8477476,Artturi Lehkonen,LW,2021,74,-0.26,-0.29,7.0,13.0,4.36,0.41,-0.49,-0.0,0.21,2400000.0,2.9447852760736195,81500000,3.0798759484241387,2510098.8979656734,0.1350906723505192,110098.89796567315,STD,RFA
8478567,Dean Kukan,D,2021,41,0.08,0.16,1.0,5.0,2.23,-3.33,-0.27,0.0,-0.22,1650000.0,2.024539877300614,81500000,2.156431385804428,1757491.5794306088,0.13189150850381415,107491.57943060853,STD,RFA
8478874,Adam Gaudette,C,2021,58,-0.03,-0.04,5.0,11.0,-6.41,-3.45,-0.38,-0.0,0.12,950000.0,1.165644171779141,81500000,1.2904622015214553,1051726.6942399861,0.12481802974231426,101726.69423998611,STD,RFA
8477996,Juho Lammikko,C,2021,75,0.02,0.02,4.0,5.0,-4.46,-1.59,-0.14,-0.08,0.68,725000.0,0.8895705521472393,81500000,1.0043663457559422,818558.5717910929,0.11479579360870285,93558.57179109282,STD,RFA
8478904,Steven Lorentz,C,2021,67,0.1,0.12,2.0,8.0,1.99,2.4,-0.03,0.01,0.64,725000.0,0.8895705521472393,81500000,0.991752568015329,808278.3429324931,0.10218201586808962,83278.34293249305,STD,RFA
8477931,Tomas Nosek,LW,2021,75,-0.04,-0.04,8.0,16.0,-4.8,1.25,-0.06,0.01,-0.84,1250000.0,1.5337423312883436,81500000,1.6307766771164367,1329082.9918498958,0.09703434582809312,79082.99184989589,STD,UFA
8475461,Andrew Agozzino,LW,2021,1,0.0,0.0,0.0,1.0,-0.13,0.06,-0.0,0.0,0.0,700000.0,0.8588957055214724,81500000,0.9556727845485309,778873.3194070527,0.09677707902705845,78873.31940705264,STD,UFA
8477435,Ryan Graves,D,2021,75,0.16,0.17,2.0,15.0,5.74,1.3,-0.08,0.0,0.97,3166667.0,3.885480981595092,81500000,3.9788585958946694,3242769.7556541557,0.09337761429957725,76102.75565415547,STD,RFA
8477473,Justin Bailey,RW,2021,14,0.01,0.06,0.0,0.0,-1.37,-0.39,-0.0,0.0,0.19,750000.0,0.9202453987730062,81500000,1.0066591539538834,820427.210472415,0.08641375518087724,70427.21047241494,STD,RFA
8478432,Christian Fischer,RW,2021,53,0.06,0.09,3.0,11.0,-6.22,-2.81,-0.47,-0.03,0.98,1000000.0,1.2269938650306749,81500000,1.3058563439122555,1064272.9202884883,0.0788624788815806,64272.92028848819,STD,RFA
8476807,Matt Tennyson,D,2021,8,0.02,0.2,1.0,3.0,0.04,-0.22,-0.0,0.0,-0.32,700000.0,0.8588957055214724,81500000,0.9350082806787814,762031.7487532069,0.07611257515730896,62031.7487532068,STD,UFA
8476870,Stefan Matteau,C,2021,1,0.0,0.0,1.0,1.0,-0.08,-0.01,-0.0,0.0,0.0,725000.0,0.8895705521472393,81500000,0.9610308741189879,783240.162406975,0.07146032197174856,58240.162406975076,STD,UFA
8479516,Garrett Pilon,C,2021,2,0.0,0.0,0.0,0.0,-0.28,0.18,-0.0,0.0,0.0,750000.0,0.9202453987730062,81500000,0.9808036913540743,799355.0084535705,0.06055829258106815,49355.00845357054,STD,RFA
8477384,Josh Brown,D,2021,51,0.16,0.26,0.0,1.0,1.56,-1.91,-0.02,-0.04,-0.2,1200000.0,1.4723926380368098,81500000,1.527559160884083,1244960.7161205276,0.0551665228472733,44960.716120527744,STD,RFA
8476931,Jake McCabe,D,2021,75,0.35,0.38,1.0,3.0,-7.27,0.67,-0.06,-0.03,-0.4,2850000.0,3.496932515337423,81500000,3.5510875580093764,2894136.3597776415,0.05415504267195326,44136.359777641905,STD,RFA
8475235,Nicolas Deslauriers,LW,2021,80,0.07,0.07,5.0,10.0,-10.36,1.73,-0.04,-0.01,-0.68,1000000.0,1.2269938650306749,81500000,1.273947086998506,1038266.8759037823,0.04695322196783103,38266.87590378229,STD,UFA
8477488,Brett Pesce,D,2021,70,1.05,1.23,4.0,25.0,13.52,2.39,0.56,0.07,-0.23,4025000.0,4.938650306748467,81500000,4.985026600246412,4062796.679200826,0.046376293497945476,37796.679200825565,STD,RFA
8477070,Liam O'Brien,LW,2021,39,0.02,0.04,0.0,3.0,-5.11,-0.5,-0.06,0.0,-0.44,700000.0,0.8588957055214724,81500000,0.9025205170325012,735554.2213814885,0.043624811511028816,35554.22138148848,STD,UFA
8477149,Scott Sabourin,RW,2021,7,0.0,0.0,0.0,0.0,0.15,-0.71,-0.0,0.0,-0.5,700000.0,0.8588957055214724,81500000,0.9002968169198198,733741.9057896531,0.041401111398347346,33741.90578965309,STD,UFA
8474176,Carl Hagelin,LW,2021,53,0.16,0.25,6.0,16.0,-2.61,-0.22,-0.03,0.08,-0.37,2750000.0,3.374233128834356,81500000,3.409340815703434,2778612.764798299,0.03510768686907806,28612.764798298616,STD,UFA
8475752,Tyler Pitlick,C,2021,39,0.03,0.06,6.0,11.0,-0.94,0.4,-0.03,0.0,0.59,1750000.0,2.147239263803681,81500000,2.1779650432999613,1775041.5102894686,0.030725779496280303,25041.510289468446,STD,UFA
8476880,Tom Wilson,RW,2021,78,0.27,0.28,13.0,32.0,3.24,-3.34,-0.15,0.03,0.27,5166667.0,6.339468711656441,81500000,6.365923936864457,5188228.008544532,0.026455225208015243,21561.008544532422,STD,RFA
8475726,Tyler Toffoli,RW,2021,74,0.26,0.29,28.0,44.0,-5.56,-2.94,0.59,0.06,1.07,4250000.0,5.214723926380368,81500000,5.232736903924016,4264680.576698073,0.0180129775436475,14680.576698072715,STD,UFA
8478451,Ethan Bear,D,2021,58,0.06,0.08,2.0,8.0,13.62,-1.32,-0.09,-0.04,-0.85,2000000.0,2.4539877300613497,81500000,2.4672758070321805,2010829.7827312273,0.013288076970830787,10829.782731227091,STD,RFA
8477126,Jayson Megna,C,2021,20,0.01,0.04,0.0,2.0,-1.41,0.34,-0.03,0.0,0.04,750000.0,0.9202453987730062,81500000,0.9330463403918223,760432.7674193351,0.012800941618816175,10432.767419335183,STD,UFA
8481596,Shane Pinto,C,2021,4,0.0,0.0,1.0,7.0,0.26,-0.27,0.32,0.0,-0.16,925000.0,1.1349693251533743,81500000,1.1438509572903168,932238.5301916082,0.008881632136942486,7238.530191608126,ELC,
8478477,Mitchell Stephens,C,2021,27,-0.01,-0.03,0.0,1.0,-2.22,-1.43,-0.0,0.0,-0.45,737500.0,0.9049079754601227,81500000,0.905015240839024,737587.4212838045,0.00010726537890126675,87.4212838045324,STD,RFA
8480113,Alex Iafallo,LW,2021,79,-0.22,-0.23,14.0,30.0,-3.35,-1.31,-1.37,-0.19,1.12,4000000.0,4.9079754601226995,81500000,4.904132245928464,3996867.780431698,-0.0038432141942355003,-3132.219568301933,STD,UFA
8481522,Peyton Krebs,C,2021,57,0.07,0.1,0.0,1.0,-3.79,-3.83,0.54,-0.0,0.15,863334.0,1.0593055214723928,81500000,1.0513500623294334,856850.3007984883,-0.007955459142959365,-6483.699201511882,ELC,
8476907,Mackenzie MacEachern,LW,2021,14,0.01,0.06,1.0,2.0,0.02,-0.32,-0.0,0.0,-0.32,900000.0,1.1042944785276074,81500000,1.0959590792990337,893206.6496287124,-0.008335399228573737,-6793.350371287595,STD,RFA
8475225,Craig Smith,C,2021,74,0.11,0.12,13.0,32.0,10.76,3.09,-0.34,0.0,0.2,3100000.0,3.8036809815950923,81500000,3.792070181008233,3090537.19752171,-0.011610800586859149,-9462.802478290207,STD,UFA
8476428,Rocco Grimaldi,LW,2021,7,0.02,0.23,10.0,13.0,0.58,-0.11,-0.01,0.0,0.18,2000000.0,2.4539877300613497,81500000,2.4408724498388867,1989311.0466186928,-0.013115280222463,-10688.953381307343,STD,UFA
8477949,Alex Tuch,RW,2021,50,0.0,0.0,18.0,33.0,2.54,-0.95,-0.69,-0.03,0.51,4750000.0,5.828220858895705,81500000,5.813789479159238,4738238.425514779,-0.014431379736466354,-11761.574485220079,STD,RFA
8478021,William Lagesson,D,2021,33,0.06,0.15,0.0,2.0,0.02,0.58,-0.01,0.0,-0.6,725000.0,0.8895705521472393,81500000,0.869888764932762,708959.343420201,-0.01968178721447733,-16040.656579799026,STD,RFA
8480853,Liam Foudy,C,2021,1,0.0,0.0,0.0,4.0,-0.23,-0.16,-0.0,0.0,0.34,894167.0,1.0971374233128834,81500000,1.0545528338649408,859460.5595999267,-0.04258458944794263,-34706.44040007325,ELC,
8479442,Troy Stecher,D,2021,29,0.09,0.25,3.0,11.0,1.32,-1.75,-0.06,0.0,-0.59,1700000.0,2.085889570552147,81500000,2.0335178129401275,1657317.0175462037,-0.05237175761201973,-42682.982453796074,STD,UFA
8478413,Jordan Greenway,C,2021,62,0.1,0.13,6.0,32.0,1.39,1.37,-0.37,0.01,-1.87,2100000.0,2.5766871165644174,81500000,2.5229727873996417,2056222.821730708,-0.0537143291647757,-43777.17826929219,STD,RFA
8479644,Matt Luff,RW,2021,23,0.02,0.07,1.0,1.0,-0.55,0.32,-0.03,0.0,0.21,700000.0,0.8588957055214724,81500000,0.8042245647342501,655443.0202584139,-0.05467114078722235,-44556.97974158621,STD,RFA
8476925,Colton Sissons,C,2021,79,0.16,0.17,8.0,15.0,-3.52,0.43,0.81,-0.27,-1.13,2857143.0,3.5056969325153378,81500000,3.444131959958966,2806967.547366557,-0.06156497255637161,-50175.45263344287,STD,RFA
8478569,Noel Acciari,C,2021,20,0.04,0.16,4.0,11.0,2.68,0.25,-0.05,-0.03,-0.13,1666667.0,2.04499018404908,81500000,1.9726188750159928,1607684.383138034,-0.07237130903308708,-58982.616861965966,STD,UFA
8479419,Brett Murray,LW,2021,19,0.03,0.13,0.0,0.0,-1.44,-0.62,0.23,0.0,0.22,775000.0,0.9509202453987731,81500000,0.8534145651201612,695532.8705729314,-0.09750568027861184,-79467.12942706865,ELC,
8474145,Robert Bortuzzo,D,2021,73,0.13,0.15,1.0,5.0,-0.4,1.9,-0.01,-0.29,-0.84,1375000.0,1.687116564417178,81500000,1.5788671341234046,1286776.7143105746,-0.10824943029377332,-88223.28568942525,STD,UFA
8477846,Ryan Carpenter,C,2021,67,0.0,0.0,4.0,5.0,-11.68,-0.13,0.03,-0.05,0.33,1000000.0,1.2269938650306749,81500000,1.11667705802415,910091.8022896822,-0.1103168070065248,-89908.1977103177,STD,UFA
8476470,Nathan Beaulieu,D,2021,24,-0.03,-0.1,0.0,1.0,-1.79,-1.34,-0.02,0.0,-0.46,1250000.0,1.5337423312883436,81500000,1.3985527475428299,1139820.4892474064,-0.1351895837455137,-110179.51075259366,STD,UFA
8482072,Jack Ahcan,D,2021,6,0.02,0.27,0.0,0.0,1.47,0.33,0.17,0.0,0.36,925000.0,1.1349693251533743,81500000,0.9798739754105963,798597.2899596359,-0.15509534974277805,-126402.71004036411,ELC,
8478010,Brayden Point,C,2021,66,0.27,0.34,23.0,48.0,13.82,-2.92,1.03,-0.0,0.92,6750000.0,8.282208588957054,81500000,8.11334385148175,6612375.238957626,-0.16886473747530495,-137624.76104237355,STD,RFA
8479315,Joey Anderson,RW,2021,5,0.0,0.0,0.0,0.0,0.59,-0.06,-0.0,0.0,0.18,750000.0,0.9202453987730062,81500000,0.7430765181112875,605607.3622606994,-0.17716888066171865,-144392.6377393007,STD,RFA
8477240,Carter Rowney,RW,2021,26,0.03,0.09,0.0,6.0,-1.96,0.49,-0.01,0.01,0.39,1133333.0,1.3905926380368099,81500000,1.2079928419918424,984514.1662233516,-0.18259979604496746,-148818.83377664848,STD,UFA
8475186,John Moore,D,2021,7,-0.01,-0.12,0.0,2.0,-1.2,-0.23,-0.03,0.02,-0.15,2750000.0,3.374233128834356,81500000,3.1802578882557615,2591910.1789284456,-0.1939752405785944,-158089.8210715544,STD,UFA
8477478,William Carrier,LW,2021,63,0.08,0.1,6.0,15.0,1.53,-0.54,-0.04,0.0,-0.21,1400000.0,1.7177914110429449,81500000,1.507610953915128,1228702.927440829,-0.21018045712781697,-171297.07255917083,STD,RFA
8477210,Buddy Robinson,RW,2021,32,0.04,0.1,0.0,0.0,-1.6,0.01,-0.01,0.0,-0.12,700000.0,0.8588957055214724,81500000,0.6420976734619934,523309.6038715247,-0.216798032059479,-176690.3961284754,STD,UFA
8478868,Christian Jaros,D,2021,11,0.02,0.15,0.0,1.0,0.35,0.36,-0.01,0.0,-0.15,750000.0,0.9202453987730062,81500000,0.6962363724579959,567432.6435532667,-0.2240090263150103,-182567.35644673338,STD,RFA
8479400,Pierre Luc Dubois,C,2021,81,0.07,0.07,9.0,21.0,0.85,-5.7,1.58,-0.0,1.13,5000000.0,6.134969325153374,81500000,5.90945420022352,4816205.173182169,-0.2255151249298546,-183794.8268178315,STD,RFA
8478996,Adam Brooks,C,2021,25,0.02,0.07,4.0,5.0,-0.85,0.1,-0.1,0.0,0.04,725000.0,0.8895705521472393,81500000,0.6472309171082813,527493.1974432493,-0.24233963503895806,-197506.80255675083,STD,RFA
8478074,Anthony Angello,RW,2021,4,0.0,0.0,2.0,4.0,-0.7,0.22,-0.0,0.0,-0.17,725000.0,0.8895705521472393,81500000,0.6386670989598162,520513.6856522502,-0.25090345318742313,-204486.31434774984,STD,RFA
8474715,Cam Atkinson,RW,2021,73,0.06,0.07,15.0,34.0,4.08,-4.62,-1.91,0.11,0.42,5875000.0,7.208588957055214,81500000,6.942476868056664,5658118.647466182,-0.26611208899855043,-216881.3525338186,STD,UFA
8475170,Brayden Schenn,C,2021,62,0.71,0.94,16.0,36.0,8.19,-5.19,3.88,-0.01,0.03,6500000.0,7.975460122699387,81500000,7.7092772977262864,6283060.997646923,-0.2661828249731002,-216939.00235307668,STD,UFA
8479388,Riley Stillman,D,2021,51,0.04,0.06,1.0,1.0,-1.26,-0.61,-0.02,-0.01,-0.03,1350000.0,1.6564417177914113,81500000,1.371522343320537,1117790.7098062376,-0.28491937447087423,-232209.2901937625,STD,RFA
8474586,Jordan Eberle,RW,2021,79,0.1,0.1,16.0,33.0,-1.44,-0.64,-0.27,0.0,0.09,5500000.0,6.748466257668712,81500000,6.454800684717112,5260662.558044446,-0.2936655729515998,-239337.44195555383,STD,UFA
8480871,Adam Boqvist,D,2021,52,-0.05,-0.08,2.0,15.0,9.9,-3.26,-0.41,0.0,0.33,894167.0,1.0971374233128834,81500000,0.7829236849242154,638082.8032132356,-0.31421373838866806,-256084.19678676449,ELC,
8476449,Scott Harrington,D,2021,7,0.0,0.0,1.0,3.0,-1.08,-0.14,-0.0,0.0,-0.32,1633333.0,2.0040895705521473,81500000,1.680374419442142,1369505.1518453457,-0.3237151511100054,-263827.8481546544,STD,RFA
8474688,Greg Pateryn,D,2021,10,0.01,0.08,0.0,3.0,0.78,0.28,-0.01,-0.01,-0.82,2250000.0,2.7607361963190185,81500000,2.4345320882893198,1984143.6519557955,-0.3262041080296987,-265856.3480442044,STD,UFA
8479410,Mikhail Sergachev,D,2021,78,0.19,0.2,4.0,29.0,10.64,0.54,-0.8,-0.11,-1.55,4800000.0,5.889570552147239,81500000,5.559819187527532,4531252.637834939,-0.3297513646197068,-268747.362165061,STD,RFA
8478498,Jake DeBrusk,LW,2021,77,0.3,0.32,5.0,14.0,13.76,1.77,0.05,0.03,2.08,3675000.0,4.50920245398773,81500000,4.179262524611849,3406098.9575586566,-0.32993992937588157,-268901.0424413435,STD,RFA
8475754,Brock Nelson,C,2021,72,0.29,0.33,18.0,33.0,16.73,-0.03,0.64,-0.01,1.08,6000000.0,7.361963190184049,81500000,7.020288144260499,5721534.837572306,-0.3416750459235498,-278465.1624276931,STD,UFA
8474062,Riley Nash,C,2021,49,0.04,0.07,2.0,7.0,-4.13,-0.81,-0.34,-0.07,0.44,2750000.0,3.374233128834356,81500000,3.0247860535222646,2465200.6336206454,-0.3494470753120913,-284799.3663793544,STD,UFA
8481618,Alex Newhook,C,2021,71,0.05,0.06,0.0,3.0,4.07,0.39,0.22,0.0,1.2,908333.0,1.1145190184049079,81500000,0.754566386020926,614971.6046070547,-0.3599526323839819,-293361.39539294527,ELC,
8479587,Rhett Gardner,C,2021,4,0.0,0.0,1.0,2.0,-0.09,-0.02,-0.0,0.0,0.01,750000.0,0.9202453987730062,81500000,0.5600629753317996,456451.3248954167,-0.36018242344120655,-293548.6751045833,STD,RFA
8476326,Josh Archibald,RW,2021,8,-0.01,-0.1,7.0,13.0,-0.78,-0.17,-0.01,0.02,0.18,1500000.0,1.8404907975460123,81500000,1.480033623686218,1206227.4033042677,-0.36045717385979437,-293772.5966957324,STD,UFA
8476419,Jean Gabriel Pageau,C,2021,77,0.24,0.26,14.0,28.0,1.06,4.37,-0.8,0.16,0.76,5000000.0,6.134969325153374,81500000,5.760632953136691,4694915.856806403,-0.3743363720166837,-305084.1431935972,STD,UFA
8479316,Luke Kunin,C,2021,82,-0.08,-0.08,10.0,19.0,-1.94,-1.48,-0.44,-0.09,-1.83,2300000.0,2.8220858895705523,81500000,2.4429305167892217,1990988.3711832156,-0.3791553727813306,-309011.6288167845,STD,RFA
8480913,Jordan Gross,D,2021,1,0.0,0.0,0.0,3.0,0.02,0.07,-0.0,0.0,-0.34,750000.0,0.9202453987730062,81500000,0.5401437821976192,440217.1824910596,-0.380101616575387,-309782.8175089404,STD,RFA
8477810,Joel Hanley,D,2021,44,0.14,0.26,0.0,8.0,0.65,0.86,-0.0,0.0,0.1,750000.0,0.9202453987730062,81500000,0.538874736123379,439182.9099405538,-0.38137066264962716,-310817.0900594461,STD,UFA
8476545,Kurtis Gabriel,RW,2021,2,0.0,0.0,0.0,0.0,-0.34,0.05,-0.0,0.0,0.0,700000.0,0.8588957055214724,81500000,0.4655406585325199,379415.63670400373,-0.3933550469889525,-320584.36329599627,STD,UFA
8476392,Adam Lowry,C,2021,79,0.16,0.17,10.0,24.0,-8.94,-0.78,-0.55,0.15,1.42,3250000.0,3.9877300613496933,81500000,3.583362179173026,2920440.1760260165,-0.4043678821766674,-329559.82397398393,STD,UFA
8479337,Alex DeBrincat,RW,2021,82,0.95,0.95,32.0,56.0,8.23,4.91,2.49,-0.0,3.03,6400000.0,7.85276073619632,81500000,7.438067232131237,6062024.794186958,-0.41469350406508276,-337975.2058130424,STD,RFA
8476891,Matt Grzelcyk,D,2021,73,-0.01,-0.01,5.0,20.0,11.73,4.82,-0.36,0.01,-1.11,3687500.0,4.524539877300613,81500000,4.1044140960849695,3345097.48830925,-0.4201257812156438,-342402.5116907497,STD,RFA
8479336,Carl Grundstrom,LW,2021,54,0.03,0.05,6.0,11.0,-2.54,-0.03,-0.21,-0.0,-0.91,725000.0,0.8895705521472393,81500000,0.4533437066516388,369475.12092108565,-0.43622684549560053,-355524.8790789144,STD,RFA
8477504,Josh Morrissey,D,2021,79,-0.11,-0.11,4.0,21.0,21.2,0.62,0.3,-0.02,-1.02,6250000.0,7.668711656441718,81500000,7.221551153196225,5885564.189854924,-0.4471605032454926,-364435.8101450765,STD,RFA
8479705,Jeffrey Viel,LW,2021,34,0.02,0.05,0.0,0.0,-0.05,-0.45,-0.01,0.0,-0.96,750000.0,0.9202453987730062,81500000,0.47067398039608577,383599.2940228099,-0.4495714183769204,-366400.70597719005,STD,RFA
8478949,Kole Sherwood,RW,2021,1,0.0,0.0,0.0,1.0,-0.12,-0.07,-0.0,0.0,0.0,735000.0,0.9018404907975459,81500000,0.44437898858447156,362168.8756963443,-0.45746150221307436,-372831.1243036556,STD,RFA
8474190,Wayne Simmonds,RW,2021,72,0.04,0.05,7.0,9.0,-4.23,0.51,0.14,0.0,0.46,900000.0,1.1042944785276074,81500000,0.6466398481733506,527011.4762612807,-0.4576546303542568,-372988.5237387193,STD,UFA
8476979,Erik Gustafsson,D,2021,59,-0.08,-0.11,1.0,12.0,-2.54,0.78,-1.4,0.0,-0.67,3000000.0,3.6809815950920246,81500000,3.2222370114796632,2626123.1643559253,-0.45874458361236137,-373876.83564407454,STD,UFA
8478398,Kyle Connor,LW,2021,79,0.41,0.43,26.0,49.0,20.26,-8.49,3.26,-0.01,1.0,7142857.0,8.764241717791412,81500000,8.303391446168744,6767264.028627526,-0.4608502716226681,-375592.9713724745,STD,RFA
8478444,Brock Boeser,RW,2021,71,0.27,0.31,23.0,49.0,3.61,-2.71,1.36,0.0,0.41,5875000.0,7.208588957055214,81500000,6.7432671786070575,5495762.750564751,-0.4653217784481569,-379237.2494352479,STD,RFA
8478831,Kevin Stenlund,C,2021,3,0.0,0.0,5.0,10.0,-0.23,-0.11,-0.0,-0.0,0.0,1050000.0,1.2883435582822087,81500000,0.8158122902875622,664887.0165843632,-0.4725312679946465,-385112.98341563693,STD,RFA
8465009,Zdeno Chara,D,2021,72,0.3,0.34,2.0,10.0,-0.82,-3.08,-0.07,-0.08,-2.13,795000.0,0.9754601226993864,81500000,0.48352858423087675,394075.79614816455,-0.4919315384685097,-400924.2038518354,STD,UFA
8477527,Ross Johnston,LW,2021,32,0.01,0.03,0.0,1.0,-4.33,0.18,-0.02,0.0,-0.28,1000000.0,1.2269938650306749,81500000,0.7336175885667178,597898.334681875,-0.4933762764639571,-402101.66531812504,STD,RFA
8471284,Andrej Sekera,D,2021,32,0.08,0.2,3.0,5.0,-2.26,0.7,-0.01,0.0,-0.77,1500000.0,1.8404907975460123,81500000,1.3429475199123129,1094502.2287285351,-0.49754327763369943,-405497.771271465,STD,UFA
8477946,Dylan Larkin,C,2021,71,0.13,0.15,9.0,23.0,18.58,-4.84,0.57,-0.01,0.94,6100000.0,7.484662576687116,81500000,6.984079069691846,5692024.441798855,-0.5005835069952695,-407975.5582011447,STD,RFA
8477506,Ryan Pulock,D,2021,56,0.19,0.28,2.0,17.0,4.03,-1.98,-0.29,-0.0,0.9,5000000.0,6.134969325153374,81500000,5.633971406122614,4591686.69598993,-0.5009979190307607,-408313.30401007005,STD,RFA
8474573,Josh Bailey,RW,2021,74,0.14,0.16,8.0,35.0,0.38,2.02,0.97,0.06,0.06,5000000.0,6.134969325153374,81500000,5.632399967315456,4590405.973362097,-0.5025693578379187,-409594.0266379037,STD,UFA
8480806,Isac Lundestrom,C,2021,79,0.14,0.15,6.0,9.0,-3.38,-1.4,-0.53,-0.21,2.27,925000.0,1.1349693251533743,81500000,0.6284359357495255,512175.2876358633,-0.5065333894038488,-412824.71236413677,ELC,
8474709,Matt Martin,LW,2021,71,0.07,0.08,6.0,11.0,-13.47,4.54,-0.1,0.0,-0.87,1500000.0,1.8404907975460123,81500000,1.3316454355796417,1085291.029997408,-0.5088453619663706,-414708.9700025921,STD,UFA
8478075,Anders Bjork,C,2021,58,0.08,0.11,5.0,11.0,-7.82,0.41,-0.04,0.01,0.81,1600000.0,1.96319018404908,81500000,1.4519983639629128,1183378.6666297738,-0.5111918200861671,-416621.3333702262,STD,RFA
8478131,Ondrej Kase,RW,2021,50,0.23,0.38,0.0,0.0,1.27,-0.13,1.47,0.03,0.13,2600000.0,3.190184049079755,81500000,2.6778886899400973,2182479.282301179,-0.5122953591396575,-417520.71769882087,STD,RFA
8479580,Dylan Gambrell,C,2021,63,-0.01,-0.01,5.0,12.0,-10.77,-1.07,0.09,-0.01,0.14,700000.0,0.8588957055214724,81500000,0.339299653424348,276529.2175408436,-0.5195960520971245,-423470.7824591565,STD,RFA
8476463,Jonas Brodin,D,2021,73,-0.14,-0.16,9.0,23.0,0.8,4.59,-0.38,-0.21,-0.37,6000000.0,7.361963190184049,81500000,6.835991443714159,5571333.026627039,-0.5259717464698905,-428666.97337296075,STD,UFA
8476288,Ryan Dzingel,C,2021,32,0.0,0.0,8.0,13.0,-1.96,0.09,-0.33,0.0,-0.43,3375000.0,4.141104294478527,81500000,3.603080375926085,2936510.5063797594,-0.538023918552442,-438489.4936202403,STD,UFA
8476875,Michael Matheson,D,2021,74,0.2,0.22,5.0,16.0,20.49,-2.12,0.03,0.01,0.77,4875000.0,5.98159509202454,81500000,5.44046477067125,4433978.788097069,-0.5411303213532905,-441021.21190293174,STD,RFA
8474038,Paul Byron,LW,2021,26,-0.04,-0.13,5.0,16.0,-1.32,-0.75,-0.13,0.03,0.4,3400000.0,4.171779141104294,81500000,3.6169011346183346,2947774.4247139427,-0.5548780064859598,-452225.5752860572,STD,UFA
8474618,Marco Scandella,D,2021,70,0.08,0.09,3.0,9.0,6.0,-0.04,-0.02,-0.1,-0.96,3275000.0,4.01840490797546,81500000,3.449887600018375,2811658.3940149755,-0.5685173079570847,-463341.60598502395,STD,UFA
8475176,Ryan Ellis,D,2021,4,0.03,0.62,5.0,18.0,-0.77,0.31,-0.11,0.02,0.02,6250000.0,7.668711656441718,81500000,7.07617410787538,5767081.897918435,-0.5925375485663382,-482918.10208156565,STD,UFA
8477444,Andre Burakovsky,LW,2021,80,0.22,0.23,19.0,44.0,18.33,-4.55,0.44,0.0,1.09,4900000.0,6.012269938650307,81500000,5.419548602146259,4416932.110749201,-0.5927213365040478,-483067.8892507989,STD,RFA
8479345,Jakob Chychrun,D,2021,47,0.15,0.26,18.0,41.0,-3.98,0.81,-0.78,0.05,-1.33,4600000.0,5.644171779141105,81500000,5.051403805486197,4116894.101471251,-0.5927679736549072,-483105.89852874936,STD,RFA
8477462,Robert Hagg,D,2021,64,0.03,0.04,2.0,5.0,-1.53,-1.43,-0.04,-0.15,-1.17,1600000.0,1.96319018404908,81500000,1.3669734406642835,1114083.354141391,-0.5962167433847965,-485916.6458586091,STD,RFA
8474673,TJ Brodie,D,2021,82,0.51,0.51,1.0,14.0,20.87,10.59,0.18,-0.13,-1.04,5000000.0,6.134969325153374,81500000,5.538662381719947,4514009.841101757,-0.5963069434334276,-485990.15889824345,STD,UFA
8480807,Mattias Samuelsson,D,2021,42,-0.05,-0.1,0.0,2.0,-0.75,-1.73,-0.04,-0.12,0.49,925000.0,1.1349693251533743,81500000,0.5234619906952886,426621.5224166602,-0.6115073344580857,-498378.47758333985,ELC,
8475236,Cody Eakin,C,2021,69,0.13,0.15,3.0,7.0,-9.08,-0.6,0.11,-0.08,-0.17,2250000.0,2.7607361963190185,81500000,2.1419812370148286,1745714.7081670854,-0.6187549593041899,-504285.29183291475,STD,UFA
8476913,Devin Shore,C,2021,49,0.01,0.02,5.0,9.0,-0.91,-0.56,0.01,-0.03,-0.25,850000.0,1.0429447852760736,81500000,0.41813121652488583,340776.94146778196,-0.6248135687511878,-509223.058532218,STD,RFA
8476952,Dominic Toninato,C,2021,77,-0.07,-0.07,0.0,1.0,-3.6,0.68,0.02,-0.04,-0.9,700000.0,0.8588957055214724,81500000,0.22980810737640844,187293.60751177286,-0.629087598145064,-512706.39248822717,STD,UFA
8481626,Arttu Ruotsalainen,C,2021,18,-0.01,-0.05,5.0,6.0,-1.24,-0.23,-0.24,0.0,-0.3,925000.0,1.1349693251533743,81500000,0.48920728174807593,398703.9346246819,-0.6457620434052984,-526296.0653753183,ELC,
8480789,Oliver Wahlstrom,RW,2021,73,0.28,0.31,12.0,21.0,-1.83,1.21,0.05,0.0,-0.86,894167.0,1.0971374233128834,81500000,0.446646217948496,364016.66762802424,-0.6504912053643874,-530150.3323719758,ELC,
8478443,Brandon Carlo,D,2021,79,0.34,0.35,3.0,4.0,-2.74,1.82,0.32,0.12,-0.39,2850000.0,3.496932515337423,81500000,2.8445802671381664,2318332.917717606,-0.6523522481992567,-531667.0822823943,STD,RFA
8475625,Matt Irwin,D,2021,16,0.04,0.2,0.0,2.0,0.47,1.06,-0.0,0.0,0.04,700000.0,0.8588957055214724,81500000,0.19812732741666572,161473.77184458257,-0.6607683781048067,-538526.2281554175,STD,UFA
8477341,Andreas Johnsson,LW,2021,71,0.02,0.02,5.0,11.0,10.16,-0.27,-0.87,0.0,0.7,3400000.0,4.171779141104294,81500000,3.506318799106017,2857649.821271404,-0.6654603419982772,-542350.178728596,STD,RFA
8479546,Oskar Steen,C,2021,20,0.02,0.08,0.0,0.0,0.3,0.7,-0.08,0.0,0.21,809167.0,0.9928429447852761,81500000,0.31052479474409367,253077.70771643633,-0.6823181500411825,-556089.2922835636,ELC,
8481599,Victor Soderstrom,D,2021,16,0.03,0.15,1.0,2.0,-1.93,-0.06,-0.23,0.0,-0.12,863334.0,1.0593055214723928,81500000,0.37499158607700167,305618.14265275636,-0.6843139353953911,-557715.8573472438,ELC,
8481077,John Leonard,LW,2021,14,0.01,0.06,3.0,13.0,-0.98,-0.27,0.22,0.0,0.37,925000.0,1.1349693251533743,81500000,0.44255042355179697,360678.59519471455,-0.6924189016015774,-564321.4048052855,ELC,
8480831,Alec Regula,D,2021,15,0.03,0.16,0.0,0.0,-0.66,0.53,-0.19,0.0,-0.12,866667.0,1.0633950920245399,81500000,0.3408951317394866,277829.53236768156,-0.7224999602850533,-588837.4676323184,ELC,
8481740,Tyce Thompson,RW,2021,2,0.0,0.0,0.0,1.0,-0.36,-0.13,-0.0,0.0,0.18,912500.0,1.1196319018404908,81500000,0.392517526848275,319901.78438134416,-0.7271143749922158,-592598.2156186558,ELC,
8477330,Dominik Kubalik,LW,2021,78,0.18,0.19,17.0,38.0,-4.93,4.06,0.21,0.0,1.06,3700000.0,4.539877300613497,81500000,3.7951538471431316,3093050.3854216523,-0.7447234534703657,-606949.614578348,STD,RFA
8476889,Radek Faksa,C,2021,77,0.29,0.31,6.0,14.0,-17.87,1.12,0.21,0.07,-0.63,3250000.0,3.9877300613496933,81500000,3.23946451668691,2640163.581099832,-0.7482655446627833,-609836.4189001684,STD,RFA
8477416,Oliver Bjorkstrand,RW,2021,80,0.29,0.3,18.0,44.0,8.93,-3.71,0.19,0.0,2.64,5400000.0,6.625766871165645,81500000,5.860455435099437,4776271.179606042,-0.7653114360662077,-623728.8203939593,STD,RFA
8480037,Aleksi Heponiemi,C,2021,6,0.0,0.0,1.0,2.0,0.56,-0.35,-0.01,0.0,-0.15,925000.0,1.1349693251533743,81500000,0.36882175125463235,300589.7272725254,-0.766147573898742,-624410.2727274747,ELC,
8471887,Patric Hornqvist,RW,2021,65,0.31,0.39,14.0,32.0,5.16,0.26,0.11,0.0,1.17,5300000.0,6.5030674846625764,81500000,5.727993240083903,4668314.490668381,-0.7750742445786738,-631685.5093316191,STD,UFA
8477962,Brendan Lemieux,LW,2021,49,0.05,0.08,4.0,11.0,3.71,1.29,-0.07,0.0,-0.58,1550000.0,1.9018404907975461,81500000,1.120555746787753,913252.9336320186,-0.7812847440097932,-636747.0663679814,STD,RFA
8471817,Ryan Reaves,RW,2021,68,0.02,0.02,1.0,5.0,-10.1,0.0,-0.1,0.0,-1.39,1750000.0,2.147239263803681,81500000,1.357020761272242,1105971.9204368773,-0.790218502531439,-644028.0795631228,STD,UFA
8478396,Noah Hanifin,D,2021,81,0.24,0.24,4.0,15.0,11.92,-3.27,-0.06,0.07,0.32,4950000.0,6.073619631901841,81500000,5.275653990062059,4299658.001900578,-0.7979656418397818,-650341.9980994222,STD,RFA
8475745,Charlie Coyle,C,2021,82,0.14,0.14,6.0,16.0,5.13,-1.17,-0.39,0.02,0.43,5250000.0,6.441717791411043,81500000,5.628209339705807,4586990.611860232,-0.8135084517052364,-663009.3881397678,STD,UFA
8481600,Tobias Bjornfot,D,2021,70,0.05,0.06,1.0,6.0,-2.36,-1.38,-0.08,-0.01,1.24,894167.0,1.0971374233128834,81500000,0.275302313698468,224371.38566425146,-0.8218351096144154,-669795.6143357485,ELC,
8474602,Justin Schultz,D,2021,74,0.17,0.19,3.0,27.0,-0.51,1.55,-0.18,0.0,-0.79,4000000.0,4.9079754601226995,81500000,4.083981932213554,3328445.2747540465,-0.8239935279091455,-671554.7252459535,STD,UFA
8479324,Ryan Lindgren,D,2021,78,0.18,0.19,1.0,16.0,-3.43,2.54,-0.08,0.02,-1.24,3000000.0,3.6809815950920246,81500000,2.8499891355542157,2322741.145476686,-0.8309924595378089,-677258.8545233143,STD,RFA
8478414,Timo Meier,RW,2021,77,0.28,0.3,12.0,31.0,12.31,-1.12,0.43,0.0,0.44,6000000.0,7.361963190184049,81500000,6.530671550465945,5322497.313629745,-0.8312916397181045,-677502.6863702552,STD,RFA
8480813,Joe Veleno,C,2021,66,0.07,0.09,1.0,1.0,-5.34,-1.27,-0.34,0.0,-0.35,894167.0,1.0971374233128834,81500000,0.264555305554655,215612.57402704383,-0.8325821177582284,-678554.4259729562,ELC,
8477953,Kasperi Kapanen,C,2021,79,-0.13,-0.13,11.0,30.0,7.9,1.2,-0.93,-0.0,0.38,3200000.0,3.92638036809816,81500000,3.092247330433583,2520181.57430337,-0.8341330376645768,-679818.42569663,STD,RFA
8476539,Jonathan Marchessault,LW,2021,76,0.2,0.22,18.0,44.0,7.89,-1.12,1.76,0.0,-0.6,5000000.0,6.134969325153374,81500000,5.292348682810042,4313264.176490184,-0.8426206423433324,-686735.823509816,STD,UFA
8476897,Oskar Sundqvist,C,2021,58,0.16,0.23,4.0,9.0,-6.01,-2.55,-0.5,0.02,0.66,2750000.0,3.374233128834356,81500000,2.5245660839822737,2057521.3584455529,-0.8496670448520822,-692478.641554447,STD,RFA
8482055,Drew O'Connor,LW,2021,22,0.0,0.0,0.0,1.0,1.86,0.56,-0.29,0.0,0.04,925000.0,1.1349693251533743,81500000,0.2832363434660845,230837.61992485888,-0.8517329816872898,-694162.3800751412,ELC,
8479314,Matthew Tkachuk,LW,2021,82,1.29,1.29,16.0,43.0,23.98,2.79,4.2,-0.0,0.27,7000000.0,8.588957055214724,81500000,7.728776396738967,6298952.763342258,-0.8601806584757572,-701047.2366577422,STD,RFA
8479367,William Lockwood,RW,2021,13,0.01,0.06,0.0,0.0,-0.61,0.04,-0.03,0.0,-0.14,842500.0,1.0337423312883436,81500000,0.17082881040959386,139225.480483819,-0.8629135208787497,-703274.5195161811,ELC,
8480879,Jacob Bernard Docker,D,2021,8,0.02,0.2,0.0,0.0,-0.01,0.16,-0.0,0.0,-0.32,925000.0,1.1349693251533743,81500000,0.26036011849203256,212193.49657100654,-0.8746092066613418,-712806.5034289936,ELC,
8474697,Mark Borowiecki,D,2021,56,0.16,0.23,0.0,0.0,-2.61,0.22,-0.01,-0.05,-0.88,2000000.0,2.4539877300613497,81500000,1.5793531804477894,1287172.8420649483,-0.8746345496135604,-712827.1579350517,STD,UFA
8475177,Calvin de Haan,D,2021,69,0.21,0.25,1.0,10.0,-8.08,-0.17,-0.1,-0.0,-0.61,4550000.0,5.58282208588957,81500000,4.695992914995562,3827234.225721383,-0.8868291708940079,-722765.7742786164,STD,UFA
8475820,Joonas Donskoi,RW,2021,75,0.05,0.05,17.0,31.0,-6.64,1.15,-0.27,-0.1,1.05,3900000.0,4.785276073619632,81500000,3.898031716624983,3176895.849049361,-0.8872443569946489,-723104.1509506388,STD,UFA
8474641,Adam Henrique,C,2021,58,0.3,0.42,12.0,21.0,7.52,-0.08,1.89,0.01,0.02,5825000.0,7.147239263803681,81500000,6.254428353719151,5097359.108281108,-0.8928109100845303,-727640.8917188921,STD,UFA
8475692,Mats Zuccarello,RW,2021,70,0.48,0.56,11.0,35.0,16.84,2.94,2.68,-0.0,1.26,6000000.0,7.361963190184049,81500000,6.4657201214269,5269561.898962923,-0.8962430687571494,-730438.1010370768,STD,UFA
8470794,Joe Pavelski,C,2021,82,0.83,0.83,25.0,51.0,3.13,6.72,1.84,0.03,2.15,7000000.0,8.588957055214724,81500000,7.6720405016852435,6252713.008873474,-0.9169165535294805,-747286.9911265266,STD,UFA
8477951,Nick Schmaltz,C,2021,63,0.05,0.07,10.0,32.0,9.44,-3.86,-0.83,0.01,0.55,5850000.0,7.177914110429448,81500000,6.254399653625326,5097335.717704641,-0.9235144568041225,-752664.2822953598,STD,RFA
8480884,Calen Addison,D,2021,15,0.02,0.11,0.0,0.0,1.82,0.36,-0.37,0.0,0.55,795000.0,0.9754601226993864,81500000,0.04571965999733152,37261.52289782518,-0.9297404627020549,-757738.4771021748,ELC,
8478420,Mikko Rantanen,C,2021,75,1.21,1.32,30.0,66.0,19.33,2.71,4.7,0.0,1.14,9250000.0,11.349693251533742,81500000,10.402275663669679,8477854.665890789,-0.9474175878640629,-772145.3341092112,STD,RFA
8478416,Erik Cernak,D,2021,55,0.01,0.01,5.0,18.0,7.39,-0.58,-0.08,-0.04,-0.32,2950000.0,3.6196319018404908,81500000,2.666226988960547,2172974.996002846,-0.9534049128799436,-777025.003997154,STD,RFA
8474150,Mikael Backlund,C,2021,82,0.15,0.15,9.0,32.0,6.95,0.1,-0.45,0.05,-0.25,5350000.0,6.56441717791411,81500000,5.606597014554724,4569376.5668621,-0.9578201633593855,-780623.4331378991,STD,UFA
8481058,Jesse Ylonen,RW,2021,14,0.0,0.0,0.0,0.0,0.85,0.03,-0.28,0.0,-0.14,880833.0,1.0807766871165645,81500000,0.1221554996366887,99556.7322039013,-0.9586211874798758,-781276.2677960988,ELC,
8481178,Egor Zamula,D,2021,10,0.02,0.16,0.0,0.0,1.46,0.27,-0.0,0.0,-0.31,756667.0,0.9284257668711656,81500000,-0.054832507060112334,-44688.49325399155,-0.983258273931278,-801355.4932539915,ELC,
8476869,Brady Skjei,D,2021,82,0.65,0.65,3.0,10.0,20.0,-3.36,-0.11,0.18,-2.4,5250000.0,6.441717791411043,81500000,5.438654231115917,4432503.198359473,-1.0030635602951259,-817496.8016405277,STD,RFA
8479398,Samuel Girard,D,2021,67,0.29,0.35,5.0,32.0,6.0,-2.78,-0.04,0.01,0.27,5000000.0,6.134969325153374,81500000,5.119121314382076,4172083.871221392,-1.0158480107712986,-827916.1287786083,STD,RFA
8480822,Martin Kaut,RW,2021,6,0.0,0.0,0.0,0.0,-0.36,0.08,-0.16,0.0,0.01,863334.0,1.0593055214723928,81500000,0.03928885837800422,32020.419578073437,-1.0200166630943885,-831313.5804219267,ELC,
8477021,Alexander Kerfoot,C,2021,82,0.38,0.38,8.0,23.0,6.23,-0.86,-0.15,0.12,2.27,3500000.0,4.294478527607362,81500000,3.2718593931409004,2666565.405409834,-1.0226191344664617,-833434.5945901662,STD,RFA
8481572,Ville Heinola,D,2021,12,0.02,0.14,0.0,0.0,0.07,-0.87,-0.09,0.0,-0.65,863334.0,1.0593055214723928,81500000,0.029370909713938076,23937.29141685953,-1.0299346117584547,-839396.7085831406,ELC,
8476441,Joel Edmundson,D,2021,24,-0.02,-0.07,3.0,13.0,0.19,-1.53,-0.03,0.05,-0.76,3500000.0,4.294478527607362,81500000,3.2602141490723895,2657074.531493997,-1.0342643785349726,-842925.4685060026,STD,UFA
8474013,Ian Cole,D,2021,75,0.41,0.45,1.0,8.0,10.1,1.93,-0.03,0.05,-4.01,4250000.0,5.214723926380368,81500000,4.171793660117068,3400011.8329954105,-1.0429302662633004,-849988.1670045898,STD,UFA
8475747,Patrik Nemeth,D,2021,63,-0.13,-0.17,3.0,10.0,-2.97,1.37,-0.07,-0.14,-1.51,3000000.0,3.6809815950920246,81500000,2.628213616230621,2141994.0972279557,-1.0527679788614037,-858005.902772044,STD,UFA
8482641,Matt Kiersted,D,2021,10,0.02,0.16,0.0,0.0,0.63,-0.69,-0.0,0.0,0.03,858750.0,1.053680981595092,81500000,-0.0033795538935983416,-2754.3364232826484,-1.0570605354886904,-861504.3364232826,ELC,
8475792,Brett Connolly,RW,2021,8,-0.0,-0.0,3.0,6.0,-0.88,-0.41,-0.1,0.0,-0.16,3500000.0,4.294478527607362,81500000,3.223819594547237,2627412.969555998,-1.070658933060125,-872587.0304440019,STD,UFA
8477998,Warren Foegele,LW,2021,82,0.18,0.18,10.0,20.0,0.05,1.38,0.68,-0.01,-0.32,2150000.0,2.638036809815951,81500000,1.5659517258084215,1276250.6565338636,-1.0720850840075293,-873749.3434661364,STD,RFA
8480814,Nicolas Beaudin,D,2021,1,0.0,0.0,2.0,6.0,-0.18,-0.1,-0.0,0.0,0.0,863334.0,1.0593055214723928,81500000,-0.015951023640266015,-13000.084266816804,-1.0752565451126588,-876334.084266817,ELC,
8476975,Cedric Paquette,C,2021,23,0.05,0.18,4.0,8.0,-1.57,-0.32,-0.03,0.02,-0.81,1650000.0,2.024539877300614,81500000,0.9392901310669242,765521.4568195433,-1.0852497462336896,-884478.5431804571,STD,RFA
8475178,Zack Kassian,RW,2021,58,-0.01,-0.01,2.0,5.0,-0.86,-1.08,0.22,-0.0,-1.4,3200000.0,3.92638036809816,81500000,2.840382586298176,2314911.8078330136,-1.0859977817999837,-885088.1921669868,STD,UFA
8479772,Zack MacEwen,C,2021,75,0.03,0.03,1.0,2.0,-9.4,-3.19,-0.17,0.0,-1.23,825000.0,1.012269938650307,81500000,-0.07493751918086211,-61074.07813240262,-1.087207457831169,-886074.0781324029,STD,RFA
8480056,Jack Rathbone,D,2021,9,0.02,0.18,1.0,3.0,-0.39,-0.32,-0.08,0.0,0.36,925000.0,1.1349693251533743,81500000,0.043859155158436636,35745.211454125856,-1.0911101699949377,-889254.7885458743,ELC,
8474157,Max Pacioretty,LW,2021,39,0.27,0.57,24.0,51.0,10.57,-0.26,1.55,0.0,-0.56,7000000.0,8.588957055214724,81500000,7.490888624564901,6105074.229020394,-1.098068430649823,-894925.7709796056,STD,UFA
8476525,Colin Miller,D,2021,38,0.0,0.0,4.0,12.0,-3.68,-0.7,-0.04,0.04,-0.38,3875000.0,4.754601226993866,81500000,3.655316832667568,2979083.2186240675,-1.0992843943262978,-895916.7813759326,STD,RFA
8477940,Nikolaj Ehlers,LW,2021,62,0.34,0.45,21.0,47.0,15.9,-3.12,-0.31,0.0,2.25,6000000.0,7.361963190184049,81500000,6.256987877408919,5099445.120088269,-1.1049753127751298,-900554.8799117308,STD,RFA
8477507,Nikita Zadorov,D,2021,74,0.06,0.07,1.0,8.0,2.61,5.37,-0.22,-0.01,-3.34,3200000.0,3.92638036809816,81500000,2.7944054973407706,2277440.480332728,-1.1319748707573893,-922559.5196672722,STD,RFA
8476856,Matt Dumba,D,2021,57,0.02,0.03,5.0,20.0,3.99,3.08,0.31,-0.12,-1.63,6000000.0,7.361963190184049,81500000,6.220668318816154,5069844.679835166,-1.1412948713678954,-930155.3201648347,STD,RFA
8479550,Tanner Laczynski,C,2021,1,0.0,0.0,0.0,0.0,-0.14,-0.1,-0.0,0.0,0.0,925000.0,1.1349693251533743,81500000,-0.023511546443243603,-19161.910351243536,-1.158480871596618,-944161.9103512436,ELC,
8478057,Dakota Joshua,LW,2021,30,0.02,0.05,1.0,1.0,2.37,0.54,-0.02,0.0,0.22,792500.0,0.9723926380368099,81500000,-0.1872428130565389,-152602.8926410792,-1.1596354510933486,-945102.8926410791,ELC,
8477986,Brandon Montour,D,2021,81,-0.09,-0.09,7.0,18.0,20.71,-2.32,-0.25,-0.03,-1.6,3850000.0,4.7239263803680975,81500000,3.556266420613781,2898357.132800231,-1.1676599597543165,-951642.867199768,STD,RFA
8478424,Jansen Harkins,C,2021,76,0.08,0.09,1.0,2.0,-7.75,-0.26,-0.07,0.0,0.81,725000.0,0.8895705521472393,81500000,-0.2897039078431263,-236108.68489214792,-1.1792744599903657,-961108.684892148,STD,RFA
8481560,Arthur Kaliyev,RW,2021,80,0.11,0.11,1.0,1.0,2.57,1.31,0.56,0.0,-0.83,894167.0,1.0971374233128834,81500000,-0.09046920293701,-73732.40039366315,-1.1876066262498934,-967899.4003936632,ELC,
8481708,Zac Jones,D,2021,12,0.02,0.14,0.0,4.0,-0.24,-0.03,-0.18,0.0,0.2,925000.0,1.1349693251533743,81500000,-0.05474072564578769,-44613.69140131697,-1.189710050799162,-969613.691401317,ELC,
8479322,Wade Allison,RW,2021,1,0.0,0.0,4.0,7.0,-0.09,0.04,-0.02,0.0,0.0,925000.0,1.1349693251533743,81500000,-0.06125175796050897,-49920.18273781481,-1.1962210831138833,-974920.1827378148,ELC,
8472382,Andy Greene,D,2021,69,0.43,0.51,1.0,5.0,-5.71,-0.86,-0.03,0.17,-0.12,700000.0,0.8588957055214724,81500000,-0.3393077947076506,-276535.8526867353,-1.198203500229123,-976535.8526867352,STD,UFA
8481518,Nolan Foote,LW,2021,7,0.0,0.0,1.0,2.0,0.72,0.05,-0.06,0.0,0.01,863334.0,1.0593055214723928,81500000,-0.1578234839074817,-128626.13938459758,-1.2171290053798745,-991960.1393845977,ELC,
8473463,Leo Komarov,C,2021,1,0.0,0.0,1.0,8.0,-0.14,0.04,-0.0,0.0,-0.17,3000000.0,3.6809815950920246,81500000,2.462544888902004,2006974.0844551332,-1.2184367061900208,-993025.9155448668,STD,UFA
8474600,Roman Josi,D,2021,80,0.7,0.72,8.0,33.0,7.87,-0.36,2.7,-0.03,-0.64,9059000.0,11.115337423312884,81500000,9.884672643669619,8056008.20459074,-1.2306647796432646,-1002991.7954092607,STD,UFA
8480293,Wyatt Kalynuk,D,2021,5,0.01,0.16,4.0,9.0,-0.57,-0.14,-0.0,0.0,-0.16,925000.0,1.1349693251533743,81500000,-0.10116504331779197,-82449.51030400046,-1.2361343684711663,-1007449.5103040005,ELC,
8477979,Nicolas Aube Kubel,RW,2021,74,0.03,0.03,3.0,12.0,-0.22,1.22,-0.04,0.0,-2.08,1075000.0,1.3190184049079754,81500000,0.056684105462235124,46197.54595172163,-1.2623342994457403,-1028802.4540482783,STD,RFA
8476826,Yanni Gourde,C,2021,74,0.19,0.21,17.0,36.0,1.82,1.18,-1.63,0.06,0.76,5166667.0,6.339468711656441,81500000,5.075952904197644,4136901.61692108,-1.2635158074587975,-1029765.38307892,STD,UFA
8474574,Tyler Myers,D,2021,82,-0.13,-0.13,6.0,20.0,-2.46,-1.44,-0.45,-0.04,-2.05,6000000.0,7.361963190184049,81500000,6.091014765017315,4964177.033489112,-1.2709484251667345,-1035822.9665108887,STD,UFA
8476312,Josh Manson,D,2021,67,0.16,0.2,1.0,7.0,5.2,-0.09,-0.04,0.05,-2.49,4100000.0,5.030674846625767,81500000,3.7578508765541745,3062648.464391652,-1.2728239700715926,-1037351.5356083481,STD,RFA
8482124,Quinton Byfield,C,2021,40,0.01,0.02,0.0,1.0,-1.36,-0.13,-0.31,0.0,-0.59,894167.0,1.0971374233128834,81500000,-0.19598325660562743,-159726.35413358634,-1.2931206799185109,-1053893.3541335864,ELC,
8478507,John Marino,D,2021,81,0.52,0.53,3.0,13.0,-5.91,0.77,-0.71,0.07,1.5,4400000.0,5.398773006134969,81500000,4.081333598393746,3326286.882690903,-1.3174394077412233,-1073713.117309097,STD,RFA
8482654,Jackson Cates,C,2021,11,0.0,0.0,0.0,1.0,-0.54,-0.39,-0.01,0.0,0.02,925000.0,1.1349693251533743,81500000,-0.2128484815430003,-173471.51245754524,-1.3478178066963746,-1098471.5124575454,ELC,
8480205,Emil Bemstrom,C,2021,41,0.0,0.0,3.0,5.0,0.21,0.24,-0.64,0.0,0.25,925000.0,1.1349693251533743,81500000,-0.22534988963211156,-183660.1600501709,-1.360319214785486,-1108660.160050171,ELC,
8478366,Frank Vatrano,C,2021,71,-0.03,-0.03,18.0,26.0,7.41,4.71,-0.6,0.0,-0.17,2533333.0,3.1083840490797545,81500000,1.7329289128394993,1412337.063964192,-1.3754551362402552,-1120995.936035808,STD,RFA
8482635,Mike Hardman,C,2021,21,0.02,0.08,1.0,3.0,-1.19,0.38,-0.07,0.0,-0.47,912500.0,1.1196319018404908,81500000,-0.2654061643874659,-216306.02397578472,-1.3850380662279567,-1128806.0239757847,ELC,
8481122,Simon Benoit,D,2021,53,0.1,0.15,0.0,0.0,-0.39,-0.73,-0.01,-0.05,-0.71,809166.0,0.9928417177914111,81500000,-0.443305232389271,-361293.7643972559,-1.436146950180682,-1170459.7643972558,ELC,
8474818,Jordie Benn,D,2021,39,0.08,0.17,1.0,10.0,0.93,0.01,0.21,-0.02,-0.74,2000000.0,2.4539877300613497,81500000,1.0162662311380135,828256.978377481,-1.4377214989233362,-1171743.021622519,STD,UFA
8478067,Oskar Lindblom,LW,2021,79,0.14,0.15,8.0,14.0,2.24,-4.26,-0.04,-0.04,0.37,3000000.0,3.6809815950920246,81500000,2.2281864182934026,1815971.9309091233,-1.452795176798622,-1184028.069090877,STD,RFA
8479573,Mikhail Maltsev,C,2021,18,0.01,0.05,6.0,9.0,-0.11,-0.08,-0.13,0.0,0.2,809167.0,0.9928429447852761,81500000,-0.466758511756014,-380408.18708115147,-1.4596014565412903,-1189575.1870811516,ELC,
8480384,Alexander True,C,2021,8,0.0,0.0,0.0,1.0,-1.02,0.32,-0.0,0.0,-0.16,763333.0,0.9366049079754601,81500000,-0.526396384702041,-429013.0535321634,-1.4630012926775011,-1192346.0535321634,ELC,
8480845,Rasmus Kupari,C,2021,57,0.02,0.03,1.0,1.0,-2.16,-0.86,-0.23,-0.01,-0.39,863334.0,1.0593055214723928,81500000,-0.41026540767459174,-334366.3072547923,-1.4695709291469845,-1197700.3072547924,ELC,
8481535,Nils Hoglander,LW,2021,60,0.05,0.07,13.0,27.0,1.07,0.76,0.02,-0.0,-0.03,891667.0,1.0940699386503068,81500000,-0.3813320599890453,-310785.62889107194,-1.475401998639352,-1202452.628891072,ELC,
8478906,Markus Nutivaara,D,2021,1,0.0,0.0,0.0,10.0,0.26,0.07,-0.0,0.0,0.0,2700000.0,3.3128834355828225,81500000,1.832617787222988,1493583.4965867354,-1.4802656483598344,-1206416.503413265,STD,RFA
8475169,Evander Kane,LW,2021,43,0.13,0.25,22.0,49.0,8.34,-1.21,-0.28,0.04,-1.89,7000000.0,8.588957055214724,81500000,7.103556578250947,5789398.611274522,-1.4854004769637772,-1210601.3887254784,STD,UFA
8478519,Anthony Cirelli,C,2021,76,0.0,0.0,9.0,22.0,3.95,2.42,-0.6,-0.07,2.98,4800000.0,5.889570552147239,81500000,4.400490111776504,3586399.441097851,-1.489080440370735,-1213600.5589021489,STD,RFA
8480003,Jesper Boqvist,C,2021,56,0.05,0.07,4.0,7.0,1.9,0.07,-0.02,0.01,-0.2,925000.0,1.1349693251533743,81500000,-0.35465528562470006,-289044.05778413056,-1.4896246107780744,-1214044.0577841306,ELC,
8474037,James van Riemsdyk,LW,2021,82,0.53,0.53,17.0,43.0,4.68,-5.43,-0.22,0.0,-0.27,7000000.0,8.588957055214724,81500000,7.084052426460586,5773502.727565377,-1.5049046287541383,-1226497.2724346227,STD,UFA
8477989,Christian Dvorak,C,2021,55,-0.11,-0.16,17.0,31.0,0.88,-3.24,-1.08,-0.06,0.52,4450000.0,5.460122699386503,81500000,3.9464413815695796,3216349.725979207,-1.513681317816923,-1233650.2740207922,STD,RFA
8475753,Justin Faulk,D,2021,76,-0.01,-0.01,7.0,25.0,10.7,-0.01,-1.23,-0.02,-0.87,6500000.0,7.975460122699387,81500000,6.4393299697835165,5248053.925373566,-1.5361301529158702,-1251946.0746264341,STD,UFA
8479293,Brandon Tanev,LW,2021,30,0.14,0.38,7.0,16.0,0.92,0.98,0.48,0.01,0.25,3500000.0,4.294478527607362,81500000,2.75573170622288,2245921.340571647,-1.538746821384482,-1254078.6594283527,STD,UFA
8478046,Danton Heinen,LW,2021,76,0.08,0.09,7.0,14.0,8.21,2.76,-0.51,0.0,0.18,2800000.0,3.4355828220858897,81500000,1.8933811588762133,1543105.6444841137,-1.5422016632096764,-1256894.3555158863,STD,RFA
8480289,Morgan Barron,C,2021,27,0.02,0.06,1.0,1.0,-1.38,-0.43,-0.01,0.0,-0.12,925000.0,1.1349693251533743,81500000,-0.42289627900705185,-344660.4673907473,-1.5578656041604262,-1269660.4673907473,ELC,
8480160,Radim Simek,D,2021,36,0.1,0.23,2.0,6.0,-2.42,0.13,-0.07,0.0,0.43,2250000.0,2.7607361963190185,81500000,1.2001771323068269,978144.3628300638,-1.5605590640121916,-1271855.6371699362,STD,UFA
8474590,John Carlson,D,2021,78,-0.08,-0.08,10.0,44.0,2.44,-1.22,-0.5,-0.01,0.51,8000000.0,9.815950920245399,81500000,8.25376610088101,6726819.372218023,-1.5621848193643881,-1273180.6277819762,STD,UFA
8480798,Philipp Kurashev,C,2021,67,0.05,0.06,8.0,16.0,-6.55,0.68,0.36,-0.0,1.69,842500.0,1.0337423312883436,81500000,-0.530248967056627,-432152.90815115103,-1.5639912983449706,-1274652.9081511511,ELC,
8475455,Brenden Dillon,D,2021,79,0.19,0.2,2.0,19.0,12.76,-7.56,-0.05,0.12,-2.28,3900000.0,4.785276073619632,81500000,3.206487370447203,2613287.2069144705,-1.578788703172429,-1286712.7930855297,STD,UFA
8471873,Anton Stralman,D,2021,74,-0.07,-0.08,3.0,9.0,2.73,-5.19,-0.17,0.18,-0.05,5500000.0,6.748466257668712,81500000,5.15317522275395,4199837.806544469,-1.5952910349147622,-1300162.193455531,STD,UFA
8480008,Adam Ruzicka,C,2021,28,0.02,0.06,0.0,1.0,0.29,0.58,-0.11,0.0,-0.12,801666.0,0.983639263803681,81500000,-0.6216903185209901,-506677.60959460697,-1.6053295823246712,-1308343.609594607,ELC,
8477939,William Nylander,C,2021,81,0.7,0.71,17.0,42.0,20.11,0.53,3.54,0.04,0.61,7514935.0,9.220779141104295,81500000,7.606963153598739,6199674.970182972,-1.6138159875055553,-1315260.0298170277,STD,RFA
8480185,Eetu Luostarinen,C,2021,78,0.1,0.11,3.0,8.0,8.23,-4.45,0.28,-0.07,1.55,897500.0,1.1012269938650308,81500000,-0.5595034455087031,-455995.308089593,-1.6607304393737339,-1353495.308089593,ELC,
8478439,Travis Konecny,RW,2021,79,0.54,0.56,10.0,33.0,-4.48,-3.09,0.05,0.01,1.62,5500000.0,6.748466257668712,81500000,5.080226287068053,4140384.423960463,-1.6682399706006592,-1359615.576039537,STD,RFA
8480890,Jan Jenik,C,2021,13,0.0,0.0,2.0,2.0,0.62,-0.72,-0.09,0.0,-0.31,795000.0,0.9754601226993864,81500000,-0.6979337780131303,-568816.0290807012,-1.6733939007125167,-1363816.0290807013,ELC,
8480848,Ty Dellandrea,C,2021,1,0.0,0.0,3.0,5.0,-0.17,0.01,-0.0,0.0,0.0,863334.0,1.0593055214723928,81500000,-0.6174258620840636,-503202.0775985118,-1.6767313835564563,-1366536.077598512,ELC,
8478400,Colin White,C,2021,24,0.13,0.44,10.0,18.0,-3.01,-0.1,1.45,0.0,0.07,4750000.0,5.828220858895705,81500000,4.144750719686188,3377971.8365442436,-1.6834701392095166,-1372028.163455756,STD,RFA
8477355,Will Butcher,D,2021,36,0.09,0.2,1.0,11.0,-3.44,1.25,0.05,-0.0,0.28,3733333.0,4.580776687116565,81500000,2.8761170332593498,2344035.38210637,-1.704659653857215,-1389297.6178936302,STD,RFA
8475168,Matt Duchene,C,2021,78,0.81,0.85,6.0,13.0,21.06,-5.85,4.48,-0.0,0.61,8000000.0,9.815950920245399,81500000,8.08084382715557,6585887.71913179,-1.7351070930898285,-1414112.2808682101,STD,UFA
8477073,Kurtis MacDermid,LW,2021,57,0.04,0.06,2.0,4.0,0.05,-1.31,-0.0,0.0,-1.62,875000.0,1.0736196319018405,81500000,-0.6959008748764592,-567159.2130243143,-1.7695205067782998,-1442159.2130243143,STD,RFA
8481147,Reese Johnson,C,2021,31,0.05,0.13,0.0,0.0,-4.14,0.25,-0.01,0.0,0.74,880833.0,1.0807766871165645,81500000,-0.6900975819277964,-562429.529271154,-1.7708742690443608,-1443262.529271154,ELC,
8476448,William Karlsson,C,2021,67,0.16,0.2,14.0,39.0,3.85,4.18,-1.3,0.17,1.25,5900000.0,7.2392638036809815,81500000,5.46343781004712,4452701.815188402,-1.7758259936338616,-1447298.1848115972,STD,RFA
8480829,Jesperi Kotkaniemi,C,2021,66,-0.05,-0.06,5.0,20.0,3.9,0.14,-0.35,0.0,0.49,925000.0,1.1349693251533743,81500000,-0.6594262232072232,-537432.3719138869,-1.7943955483605976,-1462432.371913887,ELC,
8480860,Kevin Bahl,D,2021,17,0.04,0.19,0.0,2.0,0.86,-0.91,-0.01,0.0,-0.8,795000.0,0.9754601226993864,81500000,-0.8300200028152016,-676466.3022943893,-1.805480125514588,-1471466.302294389,ELC,
8479026,Philippe Myers,D,2021,27,0.07,0.21,1.0,11.0,-1.11,-1.25,-0.01,-0.0,-0.61,2550000.0,3.128834355828221,81500000,1.3209853808297556,1076603.0853762508,-1.8078489749984654,-1473396.9146237492,STD,RFA
8474149,Evgenii Dadonov,RW,2021,78,-0.21,-0.22,13.0,20.0,8.08,-0.9,-1.31,0.0,0.74,5000000.0,6.134969325153374,81500000,4.324386799403021,3524375.2415134623,-1.8105825257503536,-1475624.7584865382,STD,UFA
8471669,Paul Stastny,C,2021,71,-0.17,-0.2,13.0,29.0,13.79,-0.28,0.21,-0.11,0.23,6500000.0,7.975460122699387,81500000,6.158129669140001,5018875.6803491,-1.8173304535593857,-1481124.3196508994,STD,UFA
8478465,Guillaume Brisebois,D,2021,1,0.0,0.0,0.0,0.0,-0.12,0.03,-0.0,0.0,0.0,700000.0,0.8588957055214724,81500000,-0.9942771346595087,-810335.8647474996,-1.853172840180981,-1510335.8647474996,STD,RFA
8477930,Pierre Edouard Bellemare,C,2021,80,0.21,0.22,9.0,11.0,0.4,2.51,-0.04,-0.15,0.37,1800000.0,2.208588957055215,81500000,0.35064300258443915,285774.0471063179,-1.8579459544707757,-1514225.9528936823,STD,UFA
8474151,Ryan McDonagh,D,2021,71,0.05,0.06,4.0,12.0,5.53,3.82,-0.02,0.09,0.12,6750000.0,8.282208588957054,81500000,6.420285220578895,5232532.4547718,-1.861923368378159,-1517467.5452281996,STD,UFA
8475690,Christopher Tanev,D,2021,82,0.37,0.37,2.0,11.0,7.32,14.09,-0.28,-0.35,0.14,4500000.0,5.521472392638037,81500000,3.633356454780454,2961185.5106460704,-1.8881159378575827,-1538814.48935393,STD,UFA
8471218,Blake Wheeler,RW,2021,65,0.07,0.09,15.0,46.0,5.84,-10.4,0.38,-0.0,-0.96,8250000.0,10.122699386503067,81500000,8.220142497664982,6699416.135596961,-1.9025568888380846,-1550583.864403039,STD,UFA
8479343,Clayton Keller,RW,2021,67,0.13,0.16,14.0,35.0,11.75,-4.32,-0.25,0.03,1.95,7150000.0,8.773006134969325,81500000,6.859055310443592,5590130.078011528,-1.9139508245257328,-1559869.921988472,STD,RFA
8480802,Ryan McLeod,C,2021,71,0.19,0.22,0.0,1.0,-1.05,-0.41,0.51,-0.0,0.68,834167.0,1.023517791411043,81500000,-0.8924961021445394,-727384.3232477996,-1.9160138935555824,-1561551.3232477996,ELC,
8480070,Ian Mitchell,D,2021,8,0.02,0.2,3.0,7.0,-0.38,0.07,0.36,0.0,0.02,925000.0,1.1349693251533743,81500000,-0.8455209426299621,-689099.568243419,-1.9804902677833365,-1614099.5682434193,ELC,
8480466,Joey Keane,D,2021,1,0.0,0.0,0.0,0.0,-0.23,0.08,-0.0,0.0,-0.17,809166.0,0.9928417177914111,81500000,-0.9973456167130088,-812836.6776211022,-1.9901873345044199,-1622002.6776211022,ELC,
8474162,Jake Muzzin,D,2021,47,0.34,0.59,4.0,27.0,5.8,0.39,-0.18,0.03,-0.33,5625000.0,6.901840490797547,81500000,4.88784876965641,3983596.7472699736,-2.013991721141137,-1641403.2527300264,STD,UFA
8476792,Torey Krug,D,2021,64,0.1,0.13,2.0,32.0,16.51,-4.3,-0.86,0.0,-2.82,6500000.0,7.975460122699387,81500000,5.939741145760218,4840889.033794577,-2.035718976939169,-1659110.9662054225,STD,UFA
8481582,Nicholas Robertson,LW,2021,10,0.0,0.0,0.0,1.0,0.48,-0.2,-0.06,0.0,-0.32,796667.0,0.9775055214723926,81500000,-1.0594694589044487,-863467.6090071257,-2.0369749803768413,-1660134.6090071257,ELC,
8476902,Esa Lindell,D,2021,76,0.42,0.45,5.0,16.0,2.46,5.92,0.44,-0.1,0.99,5800000.0,7.116564417177915,81500000,5.03787934955337,4105871.6698859963,-2.078685067624545,-1694128.3301140042,STD,RFA
8477220,Nate Schmidt,D,2021,77,0.32,0.34,5.0,15.0,3.64,-1.81,0.28,0.02,1.14,5950000.0,7.300613496932515,81500000,5.1572793967109245,4203182.708319403,-2.1433341002215904,-1746817.291680596,STD,UFA
8478500,Ivan Provorov,D,2021,79,-0.02,-0.02,7.0,26.0,0.24,-1.37,-1.4,-0.31,-0.66,6750000.0,8.282208588957054,81500000,6.103381413107,4974255.851682205,-2.1788271758500546,-1775744.1483177943,STD,RFA
8478402,Connor McDavid,C,2021,80,1.98,2.03,33.0,105.0,32.09,-4.45,5.49,0.05,6.27,12500000.0,15.337423312883436,81500000,13.151745483156708,10718672.568772716,-2.1856778297267283,-1781327.4312272836,STD,RFA
8478445,Mathew Barzal,C,2021,73,0.15,0.17,17.0,45.0,12.47,-0.16,1.05,0.0,2.62,7000000.0,8.588957055214724,81500000,6.397383746369568,5213867.753291198,-2.1915733088451557,-1786132.246708802,STD,RFA
8474716,Jared Spurgeon,D,2021,65,-0.12,-0.15,7.0,25.0,9.48,2.99,-0.15,-0.08,-0.09,7575000.0,9.294478527607362,81500000,7.071470954176613,5763248.82765394,-2.223007573430749,-1811751.1723460606,STD,UFA
8481580,Connor McMichael,C,2021,68,0.06,0.07,0.0,0.0,0.77,0.98,-0.1,0.0,0.13,863334.0,1.0593055214723928,81500000,-1.2303521661357504,-1002737.0154006365,-2.289657687608143,-1866071.0154006365,ELC,
8475164,Jakob Silfverberg,RW,2021,53,-0.1,-0.15,8.0,16.0,-9.96,-1.2,-0.77,0.08,-1.02,5250000.0,6.441717791411043,81500000,4.111171342586045,3350604.644207627,-2.3305464488249976,-1899395.3557923732,STD,UFA
8480005,Kristian Vesalainen,C,2021,53,0.05,0.08,0.0,1.0,-1.86,-0.01,-0.05,0.0,0.42,894167.0,1.0971374233128834,81500000,-1.2500798243783908,-1018815.0568683886,-2.3472172476912743,-1912982.0568683883,ELC,
8480025,MacKenzie Entwistle,RW,2021,53,0.05,0.08,1.0,2.0,-4.76,0.28,-0.05,-0.01,1.63,811667.0,0.9959104294478528,81500000,-1.3811223076145733,-1125614.6807058773,-2.377032737062426,-1937281.6807058773,ELC,
8479339,Patrik Laine,LW,2021,56,0.04,0.06,12.0,24.0,9.35,-8.01,0.23,-0.0,-0.66,6750000.0,8.282208588957054,81500000,5.891161836797069,4801296.896989612,-2.391046752159985,-1948703.1030103879,STD,RFA
8476919,Chris Tierney,C,2021,70,-0.04,-0.05,6.0,19.0,-3.01,-2.99,-0.62,-0.0,-0.52,3500000.0,4.294478527607362,81500000,1.9014897179154158,1549714.1201010637,-2.3929888096919463,-1950285.8798989363,STD,RFA
8474053,Logan Couture,C,2021,77,0.41,0.44,17.0,31.0,5.58,-4.39,0.86,0.11,1.8,8000000.0,9.815950920245399,81500000,7.399283932143716,6030416.404697129,-2.4166669881016833,-1969583.595302872,STD,UFA
8478469,Thomas Chabot,D,2021,59,-0.26,-0.36,6.0,31.0,2.46,-2.21,-1.17,0.01,1.13,8000000.0,9.815950920245399,81500000,7.3971789126595215,6028700.81381751,-2.4187720075858774,-1971299.18618249,STD,RFA
8473507,Jeff Petry,D,2021,68,-0.18,-0.22,12.0,42.0,5.66,-5.55,-1.4,0.25,-1.08,6250000.0,7.668711656441718,81500000,5.166941906904055,4211057.654126805,-2.5017697495376625,-2038942.3458731947,STD,UFA
8475314,Anders Lee,LW,2021,76,0.23,0.25,12.0,19.0,8.5,-2.72,1.37,0.0,-0.79,7000000.0,8.588957055214724,81500000,6.064214440319342,4942334.768860264,-2.5247426148953824,-2057665.2311397367,STD,UFA
8474565,Alex Pietrangelo,D,2021,80,0.31,0.32,7.0,23.0,12.25,1.61,0.11,-0.11,-0.83,8800000.0,10.797546012269938,81500000,8.268567910813248,6738882.847312797,-2.5289781014566906,-2061117.1526872027,STD,UFA
8478099,Kevin Labanc,RW,2021,20,-0.01,-0.04,12.0,28.0,-1.32,0.36,-0.03,0.0,0.05,4725000.0,5.7975460122699385,81500000,3.26768132407409,2663160.2791203833,-2.5298646881958486,-2061839.7208796167,STD,RFA
8474291,Jay Beagle,C,2021,33,-0.01,-0.02,1.0,5.0,-4.62,-1.25,-0.07,-0.05,-0.94,3000000.0,3.6809815950920246,81500000,1.0655428449389852,868417.4186252729,-2.6154387501530394,-2131582.581374727,STD,UFA
8474849,Antoine Roussel,LW,2021,53,0.05,0.08,1.0,4.0,-4.1,-0.94,-0.04,-0.02,0.12,3000000.0,3.6809815950920246,81500000,1.0135622336999575,826053.2204654653,-2.667419361392067,-2173946.7795345346,STD,UFA
8477969,Marcus Pettersson,D,2021,72,0.13,0.15,2.0,9.0,6.34,3.94,-0.33,0.01,-1.15,4025175.0,4.9388650306748465,81500000,2.1885480992177175,1783666.7008624398,-2.750316931457129,-2241508.29913756,STD,RFA
8475722,Jason Zucker,LW,2021,41,0.2,0.4,9.0,18.0,-1.29,-0.51,-0.23,0.0,0.45,5500000.0,6.748466257668712,81500000,3.9615116930317757,3228632.029820897,-2.786954564636936,-2271367.970179103,STD,RFA
8471707,James Neal,LW,2021,19,0.04,0.17,5.0,10.0,-1.25,0.62,-0.16,0.0,0.38,5750000.0,7.05521472392638,81500000,4.236679707200125,3452893.9613681016,-2.818535016726255,-2297106.038631898,STD,UFA
8476850,Ryan Murray,D,2021,35,0.08,0.19,0.0,14.0,0.89,0.83,-0.02,0.0,0.44,4600000.0,5.644171779141105,81500000,2.8112012800823614,2291129.043267125,-2.832970499058743,-2308870.9567328757,STD,RFA
8477511,Anthony Mantha,RW,2021,37,-0.02,-0.04,15.0,29.0,-0.03,-0.07,-0.45,0.0,-0.41,5700000.0,6.993865030674846,81500000,3.9326180331039797,3205083.6969797434,-3.0612469975708665,-2494916.303020256,STD,RFA
8475763,Kevin Hayes,C,2021,48,-0.13,-0.22,12.0,31.0,2.58,-1.8,-1.16,0.01,0.84,7142857.0,8.764241717791412,81500000,5.692059315885222,4639028.342446456,-3.07218240190619,-2503828.6575535447,STD,UFA
8477503,Max Domi,C,2021,72,-0.08,-0.09,9.0,24.0,7.79,-3.78,-0.39,0.0,-1.36,5300000.0,6.5030674846625764,81500000,3.3617686032467518,2739841.4116461026,-3.1412988814158247,-2560158.588353897,STD,RFA
8475848,Brendan Gallagher,RW,2021,56,0.04,0.06,14.0,23.0,-3.71,-0.2,0.0,-0.0,0.83,6500000.0,7.975460122699387,81500000,4.811736194334712,3921564.9983827905,-3.163723928364675,-2578435.00161721,STD,UFA
8475171,Oliver Ekman Larsson,D,2021,79,-0.14,-0.15,3.0,24.0,0.28,-6.32,0.61,-0.13,-0.36,8250000.0,10.122699386503067,81500000,6.95558061382067,5668798.200263847,-3.1671187726823966,-2581201.7997361533,STD,UFA
8476981,Josh Anderson,RW,2021,69,-0.23,-0.27,17.0,24.0,-0.65,-2.21,-1.21,0.0,0.22,5500000.0,6.748466257668712,81500000,3.5467154586961094,2890573.098837329,-3.2017507989726024,-2609426.901162671,STD,RFA
8478585,Derek Ryan,C,2021,75,0.0,0.0,2.0,13.0,2.22,3.01,-0.09,0.0,0.5,3125000.0,3.834355828220859,81500000,0.5329092673913429,434321.0529239445,-3.301446560829516,-2690678.947076055,STD,UFA
8480002,Nico Hischier,C,2021,70,0.29,0.34,6.0,11.0,6.14,-1.58,-0.73,0.02,1.61,7250000.0,8.895705521472392,81500000,5.5789396791376635,4546835.838497195,-3.3167658423347284,-2703164.1615028037,STD,RFA
8481019,David Gustafsson,C,2021,2,0.0,0.0,0.0,0.0,-0.01,0.05,-0.0,0.0,0.0,817500.0,1.0030674846625767,81500000,-2.4773124068241597,-2019009.6115616902,-3.480379891486736,-2836509.61156169,ELC,
8475791,Taylor Hall,LW,2021,81,0.11,0.11,10.0,33.0,7.76,1.62,0.43,0.0,-0.44,8000000.0,9.815950920245399,81500000,5.978755398576061,4872685.64983949,-3.8371955216693383,-3127314.3501605107,STD,UFA
8473563,Nicklas Backstrom,C,2021,47,0.01,0.02,15.0,53.0,-5.57,3.12,0.12,-0.01,-0.53,9200000.0,11.28834355828221,81500000,7.275995039611422,5929935.957283309,-4.0123485186707875,-3270064.0427166917,STD,UFA
8476885,Jacob Trouba,D,2021,81,-0.09,-0.09,2.0,12.0,2.62,0.46,-1.19,-0.11,-1.37,8000000.0,9.815950920245399,81500000,5.731688263841582,4671325.935030889,-4.084262656403817,-3328674.064969111,STD,RFA
8475166,John Tavares,C,2021,79,0.72,0.75,19.0,50.0,10.5,-1.44,2.71,0.0,0.6,11000000.0,13.496932515337424,81500000,9.339269241928717,7611504.4321719045,-4.157663273408707,-3388495.5678280955,STD,UFA
8475794,Tyler Seguin,C,2021,81,0.51,0.52,2.0,2.0,3.34,-2.45,0.35,-0.01,0.1,9850000.0,12.085889570552148,81500000,7.825533860817428,6377810.096566204,-4.2603557097347196,-3472189.903433796,STD,UFA
8478483,Mitchell Marner,RW,2021,72,0.95,1.08,20.0,67.0,38.04,2.39,2.06,0.27,1.3,10901333.0,13.375868711656441,81500000,9.064462926255535,7387537.284898262,-4.311405785400906,-3513795.715101738,STD,RFA
8479318,Auston Matthews,C,2021,73,0.93,1.04,41.0,66.0,53.33,3.09,3.92,0.0,0.96,11639000.0,14.280981595092024,81500000,9.787714912558696,7976987.653735338,-4.493266682533328,-3662012.346264662,STD,RFA
8475913,Mark Stone,RW,2021,37,0.17,0.38,21.0,61.0,3.68,0.71,0.24,0.05,0.8,9500000.0,11.65644171779141,81500000,7.052813948424708,5748043.367966137,-4.603627769366701,-3751956.6320338617,STD,UFA
8475784,Jeff Skinner,C,2021,80,0.13,0.13,7.0,14.0,13.82,-1.52,-0.07,0.0,1.78,9000000.0,11.042944785276074,81500000,6.411707401524703,5225541.532242633,-4.631237383751371,-3774458.467757367,STD,UFA
8475098,Tyler Bozak,C,2021,50,0.09,0.15,5.0,17.0,-4.99,-0.16,-0.25,0.12,-0.4,5000000.0,6.134969325153374,81500000,1.433236002834688,1168087.3423102708,-4.701733322318686,-3831912.6576897297,STD,UFA
8474563,Drew Doughty,D,2021,39,-0.2,-0.42,8.0,33.0,6.64,1.01,0.42,-0.12,-1.86,11000000.0,13.496932515337424,81500000,8.268877975641027,6739135.5501474375,-5.228054539696396,-4260864.4498525625,STD,UFA
8471709,Marc Edouard Vlasic,D,2021,75,0.33,0.36,1.0,6.0,-4.45,0.63,-0.05,0.06,-0.3,7000000.0,8.588957055214724,81500000,2.958407061767401,2411101.7553404323,-5.630549993447323,-4588898.244659568,STD,UFA
8474578,Erik Karlsson,D,2021,50,0.26,0.43,8.0,22.0,12.21,-5.2,0.26,0.05,0.9,11500000.0,14.11042944785276,81500000,8.239280931799557,6715013.959416639,-5.871148516053202,-4784986.04058336,STD,UFA
8478403,Jack Eichel,C,2021,34,0.14,0.34,2.0,18.0,4.22,0.48,0.29,0.0,0.8,10000000.0,12.269938650306749,81500000,6.30277311713264,5136760.090463102,-5.967165533174109,-4863239.909536899,STD,RFA
8478550,Artemi Panarin,LW,2021,75,0.88,0.96,17.0,58.0,3.97,-2.7,3.43,0.0,1.63,11642857.0,14.28571411042945,81500000,7.967341340907032,6493383.192839231,-6.318372769522417,-5149473.8071607705,STD,UFA
8477950,Tony DeAngelo,D,2022,70,-0.08,-0.09,10.0,51.0,11.25,-7.42,0.21,0.28,0.11,1000000.0,1.2121212121212122,82500000,7.40194329828565,6106603.221085661,6.189822086164438,5106603.221085661,STD,RFA
8478427,Sebastian Aho,D,2022,75,1.26,1.38,37.0,81.0,20.1,1.07,0.59,0.25,1.8,725000.0,0.8787878787878787,82500000,6.760065487315201,5577054.027035041,5.881277608527322,4852054.027035041,STD,RFA
8479420,Tage Thompson,C,2022,78,0.39,0.41,38.0,68.0,29.8,-11.95,2.89,0.02,1.46,1400000.0,1.6969696969696972,82500000,7.143995545900756,5893796.325368123,5.447025848931059,4493796.325368123,STD,RFA
8481557,Matt Boldy,LW,2022,81,0.55,0.56,15.0,39.0,13.84,1.4,1.91,-0.0,-0.06,880833.0,1.0676763636363635,82500000,5.699039393093043,4701707.499301761,4.63136302945668,3820874.4993017614,ELC,
8475163,Alex Chiasson,RW,2022,20,0.39,1.6,13.0,22.0,-1.59,0.51,1.27,-0.0,-0.3,750000.0,0.9090909090909091,82500000,5.496072699839749,4534259.977367792,4.5869817907488395,3784259.9773677927,STD,UFA
8478873,Troy Terry,C,2022,70,0.34,0.4,37.0,67.0,2.72,-5.56,0.43,-0.0,3.65,1450000.0,1.7575757575757573,82500000,6.297947011086025,5195806.284145971,4.540371253510267,3745806.284145971,STD,RFA
8477501,Valeri Nichushkin,RW,2022,53,0.26,0.4,25.0,52.0,0.19,0.15,0.76,0.1,1.9,2500000.0,3.0303030303030303,82500000,7.380113405605945,6088593.559624905,4.349810375302915,3588593.5596249048,STD,RFA
8476454,Ryan Nugent Hopkins,C,2022,82,0.59,0.59,11.0,50.0,17.83,3.34,5.27,-0.1,-0.38,5125000.0,6.212121212121212,82500000,10.484248558245747,8649505.06055274,4.2721273461245355,3524505.0605527414,STD,UFA
8476979,Erik Gustafsson,D,2022,70,-0.07,-0.08,3.0,18.0,13.77,-0.02,0.29,0.0,0.25,800000.0,0.9696969696969697,82500000,5.192394842081006,4283725.74471683,4.222697872384036,3483725.7447168296,STD,UFA
8475149,Marcus Johansson,C,2022,80,-0.03,-0.03,9.0,29.0,12.49,0.04,-0.64,-0.05,2.28,1500000.0,1.8181818181818181,82500000,6.010527994964695,4958685.5958458735,4.192346176782877,3458685.5958458735,STD,UFA
8478047,Michael Bunting,LW,2022,82,0.21,0.21,23.0,63.0,16.85,-4.75,0.31,0.0,0.75,950000.0,1.1515151515151514,82500000,5.269518809212231,4347353.017600091,4.11800365769708,3397353.017600091,STD,UFA
8478131,Ondrej Kase,RW,2022,1,0.0,0.0,14.0,27.0,0.47,0.06,-0.02,0.0,0.0,1250000.0,1.5151515151515151,82500000,5.507300072159262,4543522.559531392,3.9921485570077473,3293522.559531391,STD,UFA
8475760,Nick Bjugstad,C,2022,78,-0.05,-0.05,7.0,13.0,7.39,-0.49,-0.22,-0.05,0.06,900000.0,1.090909090909091,82500000,5.032690735632096,4151969.8568964796,3.9417816447230054,3251969.856896479,STD,UFA
8470610,Zach Parise,LW,2022,82,0.35,0.35,15.0,35.0,3.55,-1.81,-0.42,0.21,0.07,750000.0,0.9090909090909091,82500000,4.841221942147291,3994008.1022715154,3.9321310330563817,3244008.102271515,STD,UFA
8479542,Brandon Hagel,LW,2022,81,0.09,0.09,25.0,44.0,14.42,-4.9,-0.8,0.19,1.47,1500000.0,1.8181818181818181,82500000,5.713707959676045,4713809.066732737,3.8955261414942264,3213809.066732737,STD,RFA
8478542,Evan Rodrigues,C,2022,69,0.24,0.29,19.0,43.0,2.69,-0.63,1.24,-0.02,0.74,1000000.0,1.2121212121212122,82500000,5.102659574658441,4209694.1490932135,3.890538362537229,3209694.149093214,STD,UFA
8477960,Adrian Kempe,C,2022,82,0.17,0.17,35.0,54.0,16.93,-3.05,1.43,0.08,-0.74,2000000.0,2.4242424242424243,82500000,6.270504815196345,5173166.472536985,3.8462623909539206,3173166.472536985,STD,RFA
8482671,Owen Power,D,2022,79,0.24,0.25,2.0,3.0,9.83,-6.92,0.39,0.04,0.01,916667.0,1.111111515151515,82500000,4.670605099810155,3853249.207343378,3.55949358465864,2936582.207343378,ELC,
8477986,Brandon Montour,D,2022,80,0.04,0.04,11.0,37.0,19.3,-4.7,2.03,-0.05,-1.34,3500000.0,4.242424242424243,82500000,7.713322956458947,6363491.439078631,3.4708987140347043,2863491.439078631,STD,UFA
8476988,Matt Benning,D,2022,77,0.0,0.0,0.0,11.0,3.04,-5.81,-0.65,-0.14,1.47,1000000.0,1.2121212121212122,82500000,4.68025164410218,3861207.6063842983,3.468130431980968,2861207.6063842983,STD,UFA
8475786,Zach Hyman,C,2022,79,1.3,1.35,27.0,54.0,11.23,-3.52,4.58,0.05,1.31,5500000.0,6.666666666666667,82500000,10.095924298569718,8329137.546320017,3.4292576319030514,2829137.5463200174,STD,UFA
8477476,Artturi Lehkonen,LW,2022,64,-0.24,-0.31,19.0,38.0,9.43,-1.29,-0.65,-0.0,-0.61,2300000.0,2.7878787878787876,82500000,6.20775183900812,5121395.267181699,3.4198730511293323,2821395.267181699,STD,RFA
8479407,Jesper Bratt,LW,2022,82,0.6,0.6,26.0,73.0,27.09,-0.77,0.87,-0.0,1.28,2750000.0,3.3333333333333335,82500000,6.712634561560586,5537923.513287484,3.3793012282272525,2787923.5132874832,STD,RFA
8476905,Chandler Stephenson,C,2022,81,0.21,0.21,21.0,64.0,8.95,-2.41,-0.12,0.06,1.47,2750000.0,3.3333333333333335,82500000,6.704310273875246,5531055.975947077,3.370976940541912,2781055.9759470774,STD,RFA
8475169,Evander Kane,LW,2022,41,0.08,0.16,22.0,39.0,5.94,-1.31,-0.27,0.08,-1.39,2108696.0,2.5559951515151518,82500000,5.915326684649932,4880144.514836194,3.35933153313478,2771448.5148361935,STD,UFA
8474040,Sam Gagner,C,2022,48,-0.01,-0.02,13.0,31.0,1.53,-0.62,-0.31,-0.0,-0.06,850000.0,1.0303030303030303,82500000,4.371790278044989,3606726.9793871157,3.3414872477419584,2756726.9793871157,STD,UFA
8477034,Jaycob Megna,D,2022,54,0.36,0.55,2.0,8.0,6.96,0.96,-0.04,0.05,-0.32,762500.0,0.9242424242424243,82500000,4.219488234424464,3481077.793400183,3.2952458101820397,2718577.793400183,STD,UFA
8471677,Jack Johnson,D,2022,83,-0.13,-0.13,2.0,14.0,-6.67,-3.32,-0.07,-0.29,-0.39,750000.0,0.9090909090909091,82500000,4.172099242860822,3441981.8753601783,3.263008333769913,2691981.8753601783,STD,UFA
8480023,Robert Thomas,C,2022,73,0.36,0.4,20.0,77.0,8.5,-7.22,1.98,-0.01,0.77,2800000.0,3.3939393939393945,82500000,6.6558283837287195,5491058.416576194,3.261888989789325,2691058.416576193,STD,RFA
8481542,Moritz Seider,D,2022,82,-0.63,-0.63,7.0,50.0,1.59,2.81,-1.66,-0.29,0.35,863334.0,1.0464654545454544,82500000,4.29768843702743,3545592.96054763,3.251222982481976,2682258.96054763,ELC,
8475772,Riley Sheahan,C,2022,2,0.0,0.0,4.0,17.0,-0.24,0.08,-0.0,-0.0,-0.34,850000.0,1.0303030303030303,82500000,4.242553655072468,3500106.765434786,3.212250624769438,2650106.765434786,STD,UFA
8478449,Roope Hintz,C,2022,73,0.59,0.66,37.0,72.0,22.69,-1.27,1.12,0.08,0.41,3150000.0,3.8181818181818183,82500000,7.007823026374686,5781453.996759117,3.1896412081928673,2631453.9967591153,STD,RFA
8478055,Gustav Forsling,D,2022,82,-0.24,-0.24,10.0,37.0,27.31,-1.99,-0.58,-0.39,-1.86,2666667.0,3.232323636363636,82500000,6.3479273919158405,5237040.0983305685,3.1156037555522045,2570373.098330569,STD,RFA
8476474,Stefan Noesen,RW,2022,77,0.01,0.01,0.0,0.0,2.92,2.51,0.66,-0.0,0.18,750000.0,0.9090909090909091,82500000,4.017463654676783,3314407.515108346,3.108372745585874,2564407.515108346,STD,UFA
8479390,Taylor Raddysh,RW,2022,78,-0.15,-0.16,11.0,22.0,2.36,-1.91,0.18,0.0,0.41,758333.0,0.9191915151515151,82500000,3.990354710599984,3292042.6362449867,3.0711631954484693,2533709.636244987,STD,RFA
8478136,Jacob Middleton,D,2022,79,0.3,0.31,4.0,14.0,4.65,1.84,-0.16,0.1,-0.91,725000.0,0.8787878787878787,82500000,3.9404722933088046,3250889.6419797637,3.0616844145209257,2525889.6419797637,STD,RFA
8474102,David Perron,LW,2022,82,0.16,0.16,27.0,57.0,4.8,0.15,-0.23,0.0,0.6,4000000.0,4.848484848484849,82500000,7.841424337556296,6469175.078483945,2.992939489071447,2469175.078483944,STD,UFA
8475324,Nick Jensen,D,2022,76,0.56,0.6,5.0,21.0,11.31,2.92,-0.03,0.15,1.65,2500000.0,3.0303030303030303,82500000,6.019081366838725,4965742.127641948,2.9887783365356944,2465742.127641948,STD,UFA
8473544,Derick Brassard,C,2022,62,0.03,0.04,8.0,19.0,4.03,0.14,1.3,0.01,-1.05,825000.0,1.0,82500000,3.8950723673029213,3213434.7030249103,2.8950723673029213,2388434.7030249103,STD,UFA
8476884,Derrick Pouliot,D,2022,8,0.01,0.1,0.0,4.0,0.95,-0.1,-0.16,0.0,-0.32,750000.0,0.9090909090909091,82500000,3.771646556486239,3111608.409101147,2.8625556473953297,2361608.409101147,STD,UFA
8479385,Jordan Kyrou,C,2022,79,0.66,0.69,27.0,75.0,16.8,-4.74,3.32,-0.0,0.09,2800000.0,3.3939393939393945,82500000,6.207519233901271,5121203.367968549,2.8135798399618768,2321203.3679685486,STD,RFA
8478013,Jake Walman,D,2022,63,0.03,0.04,3.0,10.0,4.25,1.54,-0.05,-0.03,-0.45,725000.0,0.8787878787878787,82500000,3.6192161601246777,2985853.332102859,2.740428281336799,2260853.332102859,STD,RFA
8476429,Scott Mayfield,D,2022,82,0.47,0.47,3.0,18.0,4.82,-3.19,-0.05,-0.01,-1.55,1450000.0,1.7575757575757573,82500000,4.475693530418484,3692447.1625952492,2.7181177728427266,2242447.1625952497,STD,RFA
8475718,Justin Holl,D,2022,80,0.43,0.44,3.0,23.0,13.42,-0.08,-0.07,0.17,-0.72,2000000.0,2.4242424242424243,82500000,5.116252322927595,4220908.166415266,2.692009898685171,2220908.1664152658,STD,UFA
8481533,Trevor Zegras,C,2022,81,-0.05,-0.05,23.0,61.0,12.05,-11.24,-0.44,-0.0,-0.06,925000.0,1.121212121212121,82500000,3.7864360144588876,3123809.7119285823,2.6652238932467665,2198809.7119285823,ELC,
8475790,Erik Gudbranson,D,2022,70,0.37,0.43,6.0,17.0,-7.9,-6.5,-0.08,-0.2,-1.77,1950000.0,2.3636363636363638,82500000,5.020830814014216,4142185.421561728,2.6571944503778524,2192185.421561728,STD,UFA
8477845,Trevor van Riemsdyk,D,2022,75,0.47,0.51,1.0,17.0,16.21,0.57,0.07,-0.1,0.77,950000.0,1.1515151515151514,82500000,3.792204919870903,3128569.058893495,2.6406897683557515,2178569.058893495,STD,UFA
8480913,Jordan Gross,D,2022,15,0.04,0.22,0.0,0.0,2.34,-1.48,-0.18,0.0,0.56,750000.0,0.9090909090909091,82500000,3.548341480262101,2927381.7212162334,2.6392505711711918,2177381.7212162334,STD,RFA
8478399,Jonas Siegenthaler,D,2022,80,0.29,0.3,1.0,14.0,16.21,0.95,0.13,0.02,-1.06,1125000.0,1.3636363636363635,82500000,3.9415434485536274,3251773.345056743,2.577907084917264,2126773.345056743,STD,RFA
8478474,Lawson Crouse,LW,2022,77,-0.73,-0.78,20.0,34.0,6.25,-1.19,-0.26,-0.27,-0.94,1533333.0,1.8585854545454545,82500000,4.422232489287721,3648341.80366237,2.5636470347422664,2115008.80366237,STD,RFA
8470621,Corey Perry,RW,2022,81,0.38,0.38,19.0,40.0,1.81,1.27,1.16,0.0,0.34,1000000.0,1.2121212121212122,82500000,3.757780777758054,3100169.1416503945,2.545659565636842,2100169.1416503945,STD,UFA
8476432,Boone Jenner,C,2022,68,0.2,0.24,23.0,44.0,3.05,-3.64,-0.05,-0.03,0.93,3750000.0,4.545454545454546,82500000,7.067514245129905,5830699.252232172,2.522059699675359,2080699.2522321711,STD,UFA
8475825,Jani Hakanpaa,D,2022,82,0.47,0.47,4.0,12.0,3.57,0.87,-0.07,0.25,-1.58,1500000.0,1.8181818181818181,82500000,4.337567731671431,3578493.3786289305,2.5193859134896126,2078493.3786289303,STD,UFA
8477426,Nick Paul,LW,2022,80,-0.04,-0.04,16.0,32.0,-1.31,-0.28,-0.46,0.06,0.92,1350000.0,1.6363636363636365,82500000,4.086622146367953,3371463.270753561,2.450258510004316,2021463.2707535606,STD,RFA
8475461,Andrew Agozzino,LW,2022,4,0.0,0.0,0.0,0.0,0.29,-0.47,-0.12,0.0,0.01,800000.0,0.9696969696969697,82500000,3.366535225801087,2777391.561285897,2.3968382561041173,1977391.5612858967,STD,UFA
8478397,Rasmus Andersson,D,2022,79,0.73,0.76,4.0,50.0,23.42,-0.1,0.65,0.27,0.52,4550000.0,5.515151515151516,82500000,7.890107784180421,6509338.921948847,2.374956269028905,1959338.9219488467,STD,RFA
8476329,Travis Boyd,C,2022,82,-0.27,-0.27,17.0,35.0,-2.12,-6.6,-0.69,-0.14,0.59,1750000.0,2.1212121212121215,82500000,4.484647160120135,3699833.907099111,2.363435038908013,1949833.9070991108,STD,UFA
8478851,Alexandre Carrier,D,2022,43,0.16,0.31,3.0,30.0,7.79,-0.31,-0.37,-0.08,-0.37,733333.0,0.8888884848484848,82500000,3.252232574053153,2683091.873593851,2.363344089204668,1949758.8735938512,STD,RFA
8482222,Alexander Barabanov,RW,2022,68,0.09,0.11,10.0,39.0,4.89,-0.14,0.29,0.0,0.06,2500000.0,3.0303030303030303,82500000,5.370154321733336,4430377.315430002,2.339851291430306,1930377.3154300025,STD,UFA
8477451,Ryan Hartman,RW,2022,59,0.14,0.19,34.0,65.0,6.19,-1.4,0.21,-0.03,-0.5,1700000.0,2.0606060606060606,82500000,4.374460300181477,3608929.7476497185,2.3138542395754165,1908929.7476497185,STD,RFA
8481540,Cole Caufield,LW,2022,46,-0.08,-0.14,23.0,43.0,10.02,-4.64,-0.61,0.0,1.68,880833.0,1.0676763636363635,82500000,3.3573834905446063,2769841.3796993,2.289707126908243,1889008.3796993003,ELC,
8477365,Connor Clifton,D,2022,78,0.5,0.53,2.0,10.0,3.06,-0.36,-0.12,0.06,-0.59,1000000.0,1.2121212121212122,82500000,3.4798788386858206,2870900.0419158023,2.2677576265646087,1870900.041915802,STD,RFA
8481624,Ilya Mikheyev,RW,2022,46,0.19,0.34,21.0,32.0,3.71,-1.83,-0.22,0.03,1.84,1645000.0,1.9939393939393941,82500000,4.2543391753483295,3509829.819662372,2.2603997814089354,1864829.8196623717,STD,RFA
8480043,Timothy Liljegren,D,2022,67,0.32,0.39,5.0,23.0,19.71,0.72,-0.52,0.04,-0.97,1400000.0,1.6969696969696972,82500000,3.9458117430114434,3255294.6879844405,2.248842046041746,1855294.6879844407,STD,RFA
8475797,Jarred Tinordi,D,2022,44,0.08,0.15,1.0,1.0,-4.25,-1.3,-0.03,0.0,-0.21,900000.0,1.090909090909091,82500000,3.3348955532203206,2751288.831406764,2.24398646231123,1851288.8314067647,STD,UFA
8479996,Cody Glass,C,2022,72,-0.11,-0.13,0.0,1.0,2.84,-0.81,-0.41,-0.0,0.03,874125.0,1.0595454545454546,82500000,3.2972946711721374,2720268.1037170133,2.237749216626683,1846143.1037170135,STD,RFA
8476872,Scott Laughton,C,2022,78,0.14,0.15,11.0,30.0,1.1,-3.95,0.27,-0.01,-0.25,3000000.0,3.6363636363636362,82500000,5.873709190510722,4845810.082171345,2.2373455541470855,1845810.0821713456,STD,UFA
8482667,William Eklund,LW,2022,8,-0.01,-0.1,0.0,4.0,1.13,-0.96,-0.44,0.0,0.03,863333.0,1.0464642424242423,82500000,3.254416415513262,2684893.5427984414,2.2079521730890197,1821560.5427984411,ELC,
8481528,Dylan Cozens,C,2022,81,-0.08,-0.08,13.0,38.0,14.54,-4.6,-0.74,-0.01,0.93,925000.0,1.121212121212121,82500000,3.3089658540486795,2729896.8295901604,2.1877537328365584,1804896.8295901606,ELC,
8475287,Erik Haula,LW,2022,80,0.07,0.07,18.0,44.0,6.21,2.69,-0.24,0.01,-1.63,2375000.0,2.878787878787879,82500000,5.063654186077818,4177514.7035141997,2.184866307289939,1802514.7035141995,STD,UFA
8478881,Brett Seney,LW,2022,7,0.0,0.0,0.0,0.0,0.62,-0.09,-0.07,0.0,0.02,750000.0,0.9090909090909091,82500000,3.0867840586708972,2546596.84840349,2.177693149579988,1796596.8484034901,STD,UFA
8479977,Kailer Yamamoto,RW,2022,58,0.18,0.25,20.0,41.0,-0.19,-0.78,-0.44,0.08,0.86,1175000.0,1.4242424242424243,82500000,3.587163988676977,2959410.290658506,2.1629215644345527,1784410.290658506,STD,RFA
8478891,Mason Appleton,C,2022,41,0.05,0.1,8.0,21.0,5.74,-0.48,0.13,0.03,1.31,900000.0,1.090909090909091,82500000,3.225451495040666,2660997.4834085493,2.134542404131575,1760997.4834085496,STD,RFA
8477949,Alex Tuch,RW,2022,74,0.35,0.39,12.0,38.0,26.63,-5.21,1.83,-0.05,0.77,4750000.0,5.757575757575758,82500000,7.876587679837455,6498184.8358659,2.1190119222616968,1748184.8358658997,STD,RFA
8477018,Ben Hutton,D,2022,31,0.04,0.11,3.0,13.0,0.32,0.68,-0.4,0.0,0.26,850000.0,1.0303030303030303,82500000,3.1480647370498076,2597153.4080660916,2.1177617067467773,1747153.4080660914,STD,UFA
8475184,Chris Kreider,LW,2022,79,1.62,1.68,52.0,77.0,3.1,-0.82,2.4,0.08,-0.07,6500000.0,7.878787878787878,82500000,9.967460044686552,8223154.536866405,2.088672165898674,1723154.5368664062,STD,UFA
8479976,Juuso Valimaki,D,2022,78,0.05,0.05,0.0,2.0,2.81,0.33,-0.36,-0.02,-1.78,1550000.0,1.8787878787878787,82500000,3.960809630682977,3267667.945313456,2.0820217518950983,1717667.945313456,STD,RFA
8480817,K'Andre Miller,D,2022,79,0.31,0.32,7.0,20.0,2.04,1.57,-0.28,0.14,-1.89,925000.0,1.121212121212121,82500000,3.1964628179556485,2637081.8248134097,2.0752506967435274,1712081.8248134102,ELC,
8479369,Andrew Peeke,D,2022,80,-0.49,-0.5,2.0,15.0,-3.37,-4.16,-0.05,-0.33,0.82,787500.0,0.9545454545454546,82500000,3.027465563247638,2497659.0896793013,2.0729201087021836,1710159.0896793015,STD,RFA
8474090,Brendan Smith,D,2022,60,0.22,0.3,4.0,8.0,6.59,0.81,-0.03,0.02,-1.7,800000.0,0.9696969696969697,82500000,3.0303355897885442,2500026.861575549,2.0606386200915745,1700026.861575549,STD,UFA
8478407,Vince Dunn,D,2022,81,0.05,0.05,7.0,35.0,19.49,-0.35,-0.89,0.02,-0.33,4000000.0,4.848484848484849,82500000,6.894009946161892,5687558.205583561,2.045525097677044,1687558.205583561,STD,RFA
8474567,Zach Bogosian,D,2022,46,0.07,0.12,3.0,8.0,4.88,-2.0,-0.02,0.03,-1.06,850000.0,1.0303030303030303,82500000,3.045199464861769,2512289.558510959,2.0148964345587386,1662289.5585109594,STD,UFA
8476867,Brendan Gaunce,C,2022,5,0.0,0.0,5.0,7.0,-0.41,-0.34,-0.02,-0.0,-0.16,762500.0,0.9242424242424243,82500000,2.9304158868816117,2417593.1066773296,2.0061734626391874,1655093.1066773296,STD,UFA
8474568,Luke Schenn,D,2022,70,-0.15,-0.18,5.0,17.0,5.09,-1.91,-0.06,-0.21,-3.53,850000.0,1.0303030303030303,82500000,3.0191123444248102,2490767.6841504686,1.98880931412178,1640767.6841504686,STD,UFA
8476994,Vinnie Hinostroza,RW,2022,26,0.06,0.19,13.0,25.0,-0.19,-2.41,-0.02,0.01,0.57,1050000.0,1.2727272727272727,82500000,3.2554742057521775,2685766.2197455466,1.9827469330249048,1635766.2197455463,STD,UFA
8480009,Eeli Tolvanen,RW,2022,61,-0.1,-0.13,11.0,23.0,5.39,0.41,-0.51,-0.0,-0.18,1450000.0,1.7575757575757573,82500000,3.6815350754229854,3037266.437223963,1.923959317847228,1587266.4372239632,STD,RFA
8479675,Trevor Moore,C,2022,59,0.18,0.25,17.0,48.0,-1.7,1.53,-0.05,0.07,1.2,1875000.0,2.272727272727273,82500000,4.193790931632538,3459877.518596844,1.9210636589052652,1584877.5185968438,STD,RFA
8475343,Nic Dowd,C,2022,64,0.23,0.29,10.0,24.0,6.39,0.41,-0.03,0.07,1.52,1300000.0,1.575757575757576,82500000,3.496178101002057,2884346.933326697,1.920420525244481,1584346.9333266967,STD,UFA
8478038,Devon Toews,D,2022,80,-0.33,-0.34,13.0,57.0,19.55,2.7,-1.82,-0.07,0.71,4100000.0,4.96969696969697,82500000,6.8703830221419455,5668065.993267105,1.9006860524449758,1568065.993267105,STD,RFA
8482665,Matty Beniers,C,2022,80,0.43,0.44,3.0,9.0,7.72,0.14,-0.24,0.0,4.16,897500.0,1.087878787878788,82500000,2.9680360717250096,2448629.759173133,1.8801572838462217,1551129.759173133,ELC,
8476873,Mark Jankowski,C,2022,50,-0.07,-0.11,2.0,5.0,-2.76,-0.45,-0.06,0.11,-0.4,750000.0,0.9090909090909091,82500000,2.7767827828305442,2290845.7958351993,1.867691873739635,1540845.7958351988,STD,UFA
8480216,Jacob Peterson,C,2022,12,-0.01,-0.07,12.0,17.0,2.12,-1.68,0.05,0.0,0.38,842500.0,1.0212121212121212,82500000,2.8817872139637686,2377474.451520109,1.8605750927516473,1534974.451520109,ELC,
8482078,Lucas Raymond,LW,2022,74,-0.24,-0.27,23.0,57.0,-2.68,-0.96,-0.85,0.0,2.11,925000.0,1.121212121212121,82500000,2.9817287285272798,2459926.2010350055,1.8605166073151587,1534926.201035006,ELC,
8481477,Nico Sturm,C,2022,74,0.2,0.22,9.0,20.0,5.14,-5.41,-0.76,0.0,0.2,725000.0,0.8787878787878787,82500000,2.7143391261584853,2239329.7790807504,1.8355512473706066,1514329.7790807504,STD,RFA
8479304,Kyle Criscuolo,C,2022,1,0.0,0.0,0.0,2.0,0.16,-0.19,-0.01,0.0,0.17,750000.0,0.9090909090909091,82500000,2.739918717206047,2260432.941694989,1.8308278081151377,1510432.9416949886,STD,UFA
8478440,Dylan Strome,C,2022,81,-0.06,-0.06,22.0,48.0,17.21,-0.15,0.89,0.0,-0.77,3000000.0,3.6363636363636362,82500000,5.4668317451216755,4510136.189725382,1.8304681087580392,1510136.1897253823,STD,RFA
8475197,Tyson Barrie,D,2022,85,0.36,0.35,7.0,41.0,12.2,-3.55,1.78,0.0,-0.71,4500000.0,5.454545454545454,82500000,7.2742565746392085,6001261.674077347,1.8197111200937544,1501261.6740773474,STD,UFA
8476278,Colin Blackwell,C,2022,53,0.15,0.23,10.0,20.0,-5.82,-2.0,-0.02,0.04,2.5,725000.0,0.8787878787878787,82500000,2.683807605396801,2214141.274452361,1.8050197266089223,1489141.274452361,STD,UFA
8477464,Nic Petan,C,2022,10,0.0,0.0,0.0,2.0,-0.38,-0.11,-0.05,0.0,0.19,750000.0,0.9090909090909091,82500000,2.703484825729678,2230374.9812269844,1.7943939166387688,1480374.9812269842,STD,UFA
8479351,Sam Steel,C,2022,65,-0.05,-0.06,6.0,20.0,1.31,-2.26,-0.43,-0.06,-0.67,874125.0,1.0595454545454546,82500000,2.853341650795139,2354006.8619059897,1.7937961962496844,1479881.8619059897,STD,RFA
8479314,Matthew Tkachuk,LW,2022,79,1.66,1.72,42.0,104.0,26.42,-0.41,3.73,-0.0,1.15,7000000.0,8.484848484848486,82500000,10.260785037498588,8465147.655936334,1.7759365526501014,1465147.6559363338,STD,RFA
8476396,Steven Fogarty,C,2022,2,0.0,0.0,0.0,0.0,-0.42,0.2,-0.0,0.0,0.17,750000.0,0.9090909090909091,82500000,2.677007095324914,2208530.853643054,1.7679161862340047,1458530.8536430537,STD,UFA
8477392,Hudson Fasching,RW,2022,49,0.05,0.08,0.0,0.0,5.26,-0.74,0.23,0.0,0.62,750000.0,0.9090909090909091,82500000,2.67670534652952,2208281.910886854,1.7676144374386107,1458281.9108868537,STD,UFA
8480839,Rasmus Dahlin,D,2022,78,0.6,0.63,13.0,53.0,18.38,-1.9,3.26,0.01,-3.2,6000000.0,7.2727272727272725,82500000,9.036112991565828,7454793.218041808,1.7633857188385553,1454793.218041808,STD,RFA
8478420,Mikko Rantanen,C,2022,82,1.74,1.74,36.0,92.0,45.47,-2.22,6.11,0.0,0.17,9250000.0,11.212121212121213,82500000,12.96341489502783,10694817.28839796,1.751293682906617,1444817.288397959,STD,RFA
8482624,Daniil Miromanov,D,2022,14,0.06,0.35,0.0,1.0,1.3,-0.1,0.72,0.0,0.04,762500.0,0.9242424242424243,82500000,2.6726510195148556,2204937.091099756,1.7484085952724313,1442437.0910997558,STD,RFA
8478846,Christian Wolanin,D,2022,15,0.01,0.05,1.0,2.0,0.58,-0.94,-0.24,0.0,0.05,750000.0,0.9090909090909091,82500000,2.6386663937986814,2176899.7748839124,1.7295754847077722,1426899.7748839122,STD,RFA
8476851,Alex Galchenyuk,C,2022,11,-0.0,-0.0,6.0,21.0,0.22,-0.33,-0.07,0.0,-0.33,750000.0,0.9090909090909091,82500000,2.6253956608999065,2165951.4202424227,1.7163047518089973,1415951.420242423,STD,UFA
8478498,Jake DeBrusk,LW,2022,64,0.64,0.82,25.0,42.0,22.0,0.07,1.04,0.05,0.88,4000000.0,4.848484848484849,82500000,6.5600487311385205,5412040.20318928,1.7115638826536719,1412040.2031892794,STD,RFA
8474683,Derek Grant,C,2022,46,-0.04,-0.07,15.0,29.0,-4.05,-3.26,-0.23,-0.09,-1.06,1500000.0,1.8181818181818181,82500000,3.523219625120902,2906656.190724744,1.7050378069390837,1406656.1907247442,STD,UFA
8479941,Justin Danforth,RW,2022,6,0.02,0.27,10.0,14.0,0.36,-0.16,-0.16,0.0,0.01,975000.0,1.1818181818181819,82500000,2.883747983324806,2379092.086242965,1.7019298015066242,1404092.086242965,STD,UFA
8476410,Josh Leivo,LW,2022,51,0.04,0.06,1.0,3.0,-2.39,0.71,-0.52,0.0,0.45,750000.0,0.9090909090909091,82500000,2.577939917756,2126800.4321487,1.6688490086650907,1376800.4321486996,STD,UFA
8480748,Kiefer Sherwood,C,2022,32,-0.01,-0.03,1.0,2.0,3.36,-2.26,-0.33,0.0,-0.77,750000.0,0.9090909090909091,82500000,2.5771296801767143,2126131.9861457893,1.6680387710858051,1376131.9861457893,STD,RFA
8481523,Kirby Dach,C,2022,58,-0.44,-0.62,9.0,26.0,3.9,-1.78,-0.5,-0.01,-0.31,925000.0,1.121212121212121,82500000,2.74766871263105,2266826.6879206165,1.626456591418929,1341826.6879206165,ELC,
8471686,Marc Staal,D,2022,82,0.07,0.07,3.0,16.0,16.95,-4.79,-0.07,-0.35,-0.24,2000000.0,2.4242424242424243,82500000,4.020554675864796,3316957.6075884565,1.5963122516223716,1316957.6075884565,STD,UFA
8481524,Bowen Byram,D,2022,42,0.08,0.16,5.0,17.0,0.76,0.52,-0.33,-0.0,-1.02,894167.0,1.0838387878787878,82500000,2.6795891525646187,2210661.0508658104,1.5957503646858309,1316494.0508658104,ELC,
8476372,Nick Seeler,D,2022,77,0.32,0.34,1.0,3.0,4.1,2.14,-0.02,0.06,0.21,775000.0,0.9393939393939393,82500000,2.533015234055304,2089737.5680956256,1.5936212946613644,1314737.5680956256,STD,UFA
8478233,Andrew Mangiapane,C,2022,82,0.11,0.11,35.0,55.0,14.8,-0.14,-1.99,0.09,0.42,2425000.0,2.9393939393939394,82500000,4.532846343139608,3739598.233090177,1.593452403745669,1314598.233090177,STD,RFA
8476915,Jujhar Khaira,LW,2022,51,-0.07,-0.11,3.0,3.0,-5.03,1.05,-0.2,0.07,-0.89,975000.0,1.1818181818181819,82500000,2.7660060741164276,2281955.0111460527,1.5841878922982457,1306955.0111460527,STD,UFA
8481577,Philip Tomasino,C,2022,31,0.15,0.4,11.0,32.0,1.23,-2.12,0.4,0.0,1.79,863334.0,1.0464654545454544,82500000,2.6227280411011993,2163750.6339084897,1.576262586555745,1300416.6339084895,ELC,
8478472,Mathieu Joseph,RW,2022,55,0.2,0.3,12.0,30.0,-0.48,-2.03,0.62,0.06,1.84,737500.0,0.8939393939393939,82500000,2.4499027407719574,2021169.7611368648,1.5559633468325633,1283669.7611368648,STD,RFA
8476875,Michael Matheson,D,2022,48,-0.03,-0.05,11.0,31.0,2.94,-4.86,0.44,0.08,-0.46,4875000.0,5.909090909090909,82500000,7.457326478892776,6152294.34508654,1.548235569801867,1277294.3450865403,STD,RFA
8478043,Sam Lafferty,C,2022,70,-0.02,-0.02,5.0,13.0,-0.98,-2.18,-0.74,0.02,0.02,1150000.0,1.3939393939393938,82500000,2.9403268287869153,2425769.633749205,1.5463874348475215,1275769.6337492052,STD,UFA
8474031,Kevin Shattenkirk,D,2022,75,-0.22,-0.24,8.0,35.0,3.23,-4.36,0.47,-0.06,-2.96,3900000.0,4.7272727272727275,82500000,6.249726161053443,5156024.082869091,1.5224534337807158,1256024.0828690906,STD,UFA
8478431,Evgeny Svechnikov,RW,2022,58,0.02,0.03,7.0,19.0,3.36,-1.97,-0.29,0.0,-0.39,750000.0,0.9090909090909091,82500000,2.43017211934896,2004891.998462892,1.5210812102580507,1254891.998462892,STD,UFA
8477335,Kyle Burroughs,D,2022,48,0.03,0.05,1.0,5.0,-3.8,0.45,-0.04,-0.09,-0.36,750000.0,0.9090909090909091,82500000,2.4273615868038085,2002573.3091131418,1.5182706777128994,1252573.309113142,STD,RFA
8479395,Dennis Cholowski,D,2022,2,-0.01,-0.41,0.0,3.0,0.07,-0.06,-0.08,0.0,0.0,900000.0,1.090909090909091,82500000,2.6080697959183574,2151657.581632645,1.5171607050092664,1251657.5816326446,STD,RFA
8476442,Matt Nieto,LW,2022,81,0.18,0.18,6.0,17.0,2.82,-1.65,-0.45,-0.03,0.54,850000.0,1.0303030303030303,82500000,2.5390217532271144,2094692.9464123694,1.5087187229240842,1244692.9464123694,STD,UFA
8476457,Adam Larsson,D,2022,82,-0.03,-0.03,8.0,25.0,5.27,-3.8,-0.22,0.28,-2.36,4000000.0,4.848484848484849,82500000,6.3521808313873525,5240549.185894566,1.5036959829025038,1240549.1858945657,STD,UFA
8478466,Daniel Sprong,RW,2022,66,0.15,0.19,14.0,20.0,15.5,1.95,1.84,-0.0,-0.03,725000.0,0.8787878787878787,82500000,2.379712781727644,1963263.0449253062,1.5009249029397653,1238263.0449253065,STD,RFA
8477346,MacKenzie Weegar,D,2022,81,0.28,0.28,8.0,44.0,8.42,2.21,-0.83,0.18,-1.39,3250000.0,3.939393939393939,82500000,5.437638928972669,4486052.116402452,1.4982449895787302,1236052.1164024523,STD,RFA
8477839,Conor Sheary,LW,2022,82,0.25,0.25,19.0,43.0,4.26,-3.97,0.0,0.08,0.75,1500000.0,1.8181818181818181,82500000,3.3146208683894187,2734562.2164212703,1.4964390502076006,1234562.2164212705,STD,UFA
8478178,Darren Raddysh,D,2022,17,0.05,0.24,0.0,0.0,0.86,-0.82,-0.04,0.0,-0.12,762500.0,0.9242424242424243,82500000,2.3957165332974153,1976466.1399703678,1.471474109054991,1213966.1399703675,STD,UFA
8478508,Yakov Trenin,C,2022,77,0.23,0.24,17.0,24.0,-2.67,-1.97,0.25,0.09,-0.64,725000.0,0.8787878787878787,82500000,2.313969060012541,1909024.4745103463,1.4351811812246622,1184024.4745103463,STD,RFA
8477964,Ivan Barbashev,C,2022,82,0.14,0.14,26.0,60.0,5.97,-6.29,-0.78,0.02,1.27,2250000.0,2.727272727272727,82500000,4.148641790063378,3422629.4768022867,1.4213690627906508,1172629.476802287,STD,RFA
8481546,Cam York,D,2022,54,0.07,0.11,3.0,10.0,4.79,-1.72,-0.31,0.0,0.88,880833.0,1.0676763636363635,82500000,2.477563761678752,2043990.1033849705,1.4098873980423885,1163157.1033849707,ELC,
8479945,Gavin Bayreuther,D,2022,51,0.13,0.21,0.0,8.0,2.66,-4.82,0.14,0.0,-0.53,750000.0,0.9090909090909091,82500000,2.3133017566553793,1908473.9492406878,1.4042108475644701,1158473.949240688,STD,UFA
8478401,Pavel Zacha,C,2022,82,0.23,0.23,15.0,36.0,8.77,-4.65,0.93,0.12,0.24,2250000.0,2.727272727272727,82500000,4.118344349037731,3397634.0879561277,1.3910716217650037,1147634.087956128,STD,RFA
8476918,Jimmy Vesey,LW,2022,81,0.27,0.27,8.0,15.0,-1.98,0.41,-0.09,-0.08,1.05,800000.0,0.9696969696969697,82500000,2.3583929756841258,1945674.2049394036,1.388696005987156,1145674.2049394038,STD,UFA
8481093,Rafael Harvey Pinard,LW,2022,34,-0.12,-0.29,1.0,1.0,5.03,-1.26,-0.22,-0.03,1.13,825000.0,1.0,82500000,2.374039848427554,1958582.874952732,1.3740398484275538,1133582.874952732,ELC,
8479591,Michael Eyssimont,C,2022,54,0.04,0.06,0.0,0.0,0.6,0.07,-0.49,0.0,-0.05,750000.0,0.9090909090909091,82500000,2.2824206234384192,1882997.014336696,1.37332971434751,1132997.0143366957,STD,UFA
8478454,Noah Juulsen,D,2022,12,0.04,0.27,0.0,2.0,0.64,0.07,-0.0,-0.01,-0.31,750000.0,0.9090909090909091,82500000,2.2700915260517576,1872825.5089927,1.3610006169608484,1122825.5089927,STD,RFA
8480192,Johnathan Kovacevic,D,2022,77,0.17,0.18,0.0,0.0,3.62,-3.08,-0.03,-0.01,0.25,750000.0,0.9090909090909091,82500000,2.2598165486705906,1864348.652653237,1.3507256395796814,1114348.652653237,STD,RFA
8479999,Casey Mittelstadt,C,2022,82,0.05,0.05,6.0,19.0,6.01,-4.75,-0.25,0.0,1.43,2500000.0,3.0303030303030303,82500000,4.378125709534904,3611953.710366296,1.3478226792318742,1111953.710366296,STD,RFA
8475726,Tyler Toffoli,RW,2022,82,0.71,0.71,20.0,49.0,11.15,1.88,3.25,0.04,0.59,4250000.0,5.151515151515151,82500000,6.498239259449436,5361047.389045784,1.3467241079342847,1111047.3890457847,STD,UFA
8479619,Michael Carcone,C,2022,9,0.01,0.09,4.0,6.0,-0.44,0.12,0.1,0.0,0.02,750000.0,0.9090909090909091,82500000,2.249859157178097,1856133.8046719301,1.3407682480871879,1106133.8046719301,STD,UFA
8476480,Vladislav Namestnikov,C,2022,77,0.04,0.04,16.0,30.0,1.73,0.63,-0.49,0.1,0.18,2000000.0,2.4242424242424243,82500000,3.7605364090125164,3102442.5374353263,1.336293984770092,1102442.537435326,STD,UFA
8477404,Jake Guentzel,LW,2022,78,0.65,0.68,40.0,84.0,21.15,-5.1,0.78,0.0,1.48,6000000.0,7.2727272727272725,82500000,8.604260914352716,7098515.254340991,1.3315336416254437,1098515.2543409911,STD,RFA
8475855,Jesper Fast,RW,2022,80,0.55,0.56,14.0,34.0,3.99,4.93,-0.35,0.09,1.41,2000000.0,2.4242424242424243,82500000,3.749323728629479,3093192.0761193205,1.3250813043870546,1093192.07611932,STD,UFA
8478020,Michael Amadio,C,2022,67,0.07,0.09,11.0,18.0,9.45,-0.73,-0.28,0.0,0.32,762500.0,0.9242424242424243,82500000,2.239414590833002,1847517.0374372266,1.3151721665905778,1085017.0374372266,STD,RFA
8474628,Michael Stone,D,2022,47,0.14,0.24,2.0,6.0,5.05,-0.6,0.51,-0.02,-1.58,750000.0,0.9090909090909091,82500000,2.2141865738624027,1826703.9234364822,1.3050956647714935,1076703.9234364822,STD,UFA
8480157,Calle Rosen,D,2022,49,0.11,0.18,2.0,7.0,7.26,-1.52,-0.2,0.0,-0.2,762500.0,0.9242424242424243,82500000,2.2099086332868065,1823174.6224616156,1.2856662090443822,1060674.6224616154,STD,UFA
8471699,Andrew Cogliano,C,2022,78,0.0,0.0,4.0,16.0,-5.65,0.81,0.0,0.47,1.2,1000000.0,1.2121212121212122,82500000,2.49475169932521,2058170.1519432983,1.282630487203998,1058170.1519432983,STD,UFA
8477508,Curtis Lazar,C,2022,49,0.0,0.0,8.0,16.0,-1.47,-0.66,-0.03,-0.07,-0.23,800000.0,0.9696969696969697,82500000,2.2344571089099343,1843427.1148506957,1.2647601392129646,1043427.1148506958,STD,RFA
8474009,Nick Bonino,C,2022,62,-0.08,-0.11,16.0,26.0,4.28,0.16,-1.37,-0.04,-0.84,2050000.0,2.484848484848485,82500000,3.749403344597024,3093257.7592925443,1.264554859748539,1043257.7592925447,STD,UFA
8480220,Noah Cates,LW,2022,82,-0.03,-0.03,5.0,9.0,-5.33,0.94,0.19,0.06,0.78,925000.0,1.121212121212121,82500000,2.3715337437218054,1956515.3385704893,1.2503216225096843,1031515.3385704895,ELC,
8477947,Sonny Milano,LW,2022,64,0.13,0.17,14.0,34.0,3.96,-1.45,0.48,-0.0,-0.02,1700000.0,2.0606060606060606,82500000,3.303018392828111,2724990.1740831914,1.2424123322220506,1024990.1740831918,STD,RFA
8474013,Ian Cole,D,2022,78,0.33,0.35,2.0,19.0,10.37,0.4,-0.05,0.06,-3.46,2900000.0,3.5151515151515147,82500000,4.730191904224631,3902408.3209853205,1.215040389073116,1002408.3209853208,STD,UFA
8470600,Ryan Suter,D,2022,82,0.03,0.03,7.0,32.0,3.54,-0.58,-1.36,0.05,-0.88,3650000.0,4.424242424242424,82500000,5.6360748806392795,4649761.776527406,1.2118324563968557,999761.776527406,STD,UFA
8480326,Sheldon Dries,C,2022,63,0.17,0.22,2.0,3.0,-2.0,-1.65,0.5,0.0,0.3,762500.0,0.9242424242424243,82500000,2.111762055474644,1742203.6957665812,1.1875196312322198,979703.6957665813,STD,UFA
8478506,Gabriel Carlsson,D,2022,6,0.01,0.14,2.0,9.0,-0.73,-0.48,-0.0,0.0,0.02,725000.0,0.8787878787878787,82500000,2.0571685043673718,1697164.0161030816,1.178380625579493,972164.0161030819,STD,RFA
8475151,Kyle Palmieri,RW,2022,55,0.19,0.28,15.0,33.0,11.85,-1.56,-0.54,-0.0,1.02,5000000.0,6.0606060606060606,82500000,7.230669301688094,5965302.173892677,1.1700632410820333,965302.1738926775,STD,UFA
8480035,Henri Jokiharju,D,2022,60,-0.07,-0.1,3.0,19.0,8.59,-3.78,-0.2,-0.1,-1.47,2500000.0,3.0303030303030303,82500000,4.195475633830377,3461267.397910061,1.1651726035273464,961267.3979100608,STD,RFA
8477015,Connor Brown,RW,2022,4,-0.0,-0.0,10.0,39.0,-0.52,-0.2,-0.05,0.0,0.18,3600000.0,4.363636363636364,82500000,5.526961146837051,4559742.946140567,1.1633247832006868,959742.9461405665,STD,RFA
8479992,Michael Rasmussen,C,2022,55,0.0,0.0,15.0,27.0,-1.81,-1.6,0.01,-0.07,1.18,1460000.0,1.7696969696969698,82500000,2.9212054344207363,2409994.4833971076,1.1515084647237666,949994.4833971075,STD,RFA
8482093,Seth Jarvis,C,2022,82,0.2,0.2,17.0,40.0,6.45,2.38,0.17,0.0,1.6,894167.0,1.0838387878787878,82500000,2.2302071106832564,1839920.8663136864,1.1463683228044685,945753.8663136866,ELC,
8477933,Sam Reinhart,C,2022,82,1.03,1.03,33.0,82.0,6.87,1.04,3.2,0.07,1.83,6500000.0,7.878787878787878,82500000,9.018707209910785,7440433.448176398,1.1399193311229068,940433.4481763981,STD,RFA
8479410,Mikhail Sergachev,D,2022,79,0.05,0.05,7.0,38.0,25.93,-3.64,1.53,-0.12,-1.69,4800000.0,5.818181818181818,82500000,6.9531120616134405,5736317.450831089,1.1349302434316222,936317.4508310884,STD,RFA
8479404,Henrik Borgstrom,C,2022,1,0.0,0.0,4.0,7.0,-0.24,-0.06,-0.0,0.0,0.0,1000000.0,1.2121212121212122,82500000,2.337510132480002,1928445.8592960015,1.12538892035879,928445.8592960017,STD,RFA
8482110,Dawson Mercer,C,2022,82,0.12,0.12,17.0,42.0,15.46,-2.34,1.06,-0.0,0.25,894167.0,1.0838387878787878,82500000,2.207172877833152,1820917.6242123505,1.123334089954364,926750.6242123503,ELC,
8476470,Nathan Beaulieu,D,2022,52,-0.25,-0.39,0.0,4.0,-1.91,-4.86,-0.01,0.0,-0.7,1250000.0,1.5151515151515151,82500000,2.616883938477484,2158929.249243924,1.1017324233259687,908929.249243924,STD,UFA
8479400,Pierre Luc Dubois,C,2022,73,0.68,0.76,28.0,60.0,4.77,0.06,1.54,-0.0,0.42,5000000.0,6.0606060606060606,82500000,7.160971245949403,5907801.277908257,1.1003651853433425,907801.2779082576,STD,RFA
8478840,William Borgen,D,2022,82,0.39,0.39,2.0,8.0,2.09,2.3,-0.0,0.16,-0.09,900000.0,1.090909090909091,82500000,2.1890951000325884,1806003.4575268854,1.0981860091234974,906003.4575268853,STD,RFA
8475780,Chris Wagner,RW,2022,1,0.0,0.0,0.0,0.0,-0.23,-0.02,-0.0,0.0,0.0,1350000.0,1.6363636363636365,82500000,2.731903812216368,2253820.6450785035,1.0955401758527314,903820.6450785034,STD,UFA
8480144,David Kampf,C,2022,82,0.38,0.38,11.0,26.0,0.56,-0.71,-0.08,0.01,1.25,1500000.0,1.8181818181818181,82500000,2.913128737649801,2403331.208561086,1.094946919467983,903331.2085610861,STD,UFA
8476331,Dylan DeMelo,D,2022,75,0.04,0.04,1.0,13.0,4.13,4.38,-0.12,-0.01,-1.43,3000000.0,3.6363636363636362,82500000,4.714390998329732,3889372.573622029,1.0780273619660954,889372.5736220287,STD,UFA
8479353,Brett Howden,C,2022,54,-0.01,-0.02,9.0,20.0,-2.3,-0.31,-0.02,-0.05,-0.89,885000.0,1.0727272727272728,82500000,2.1484563809380326,1772476.5142738768,1.0757291082107598,887476.5142738769,STD,RFA
8482117,Lukas Reichel,C,2022,23,0.0,0.0,0.0,1.0,0.62,-1.18,-0.37,0.0,-0.1,925000.0,1.121212121212121,82500000,2.191965341291491,1808371.40656548,1.0707532200793697,883371.4065654799,ELC,
8478109,Victor Olofsson,LW,2022,75,0.25,0.27,20.0,49.0,9.11,-6.37,0.06,0.0,1.56,3050000.0,3.6969696969696972,82500000,4.755923364900829,3923636.776043184,1.0589536679311315,873636.7760431835,STD,RFA
8475754,Brock Nelson,C,2022,82,0.52,0.52,37.0,59.0,19.71,-2.01,1.43,-0.01,1.64,6000000.0,7.2727272727272725,82500000,8.317900096478075,6862267.579594413,1.0451728237508027,862267.5795944122,STD,UFA
8479393,Noah Gregor,LW,2022,57,0.08,0.12,8.0,23.0,4.21,-5.1,-0.35,0.0,-0.2,750000.0,0.9090909090909091,82500000,1.9436013629226299,1603471.1244111697,1.0345104538317207,853471.1244111697,STD,RFA
8477919,Frederick Gaudreau,C,2022,82,-0.3,-0.3,14.0,44.0,0.56,1.83,-0.23,-0.08,0.92,1200000.0,1.4545454545454546,82500000,2.471791922131642,2039228.3357586046,1.0172464675861872,839228.3357586045,STD,UFA
8477505,Alexander Wennberg,C,2022,82,0.31,0.31,11.0,37.0,-4.17,-0.81,0.87,-0.23,0.45,4500000.0,5.454545454545454,82500000,6.470213778040572,5337926.366883472,1.0156683234951176,837926.3668834721,STD,UFA
8479366,Logan Brown,C,2022,30,-0.01,-0.03,4.0,11.0,-3.1,-0.3,-0.44,0.0,-0.11,750000.0,0.9090909090909091,82500000,1.9228361988247986,1586339.864030459,1.0137452897338894,836339.8640304587,STD,RFA
8470794,Joe Pavelski,C,2022,82,1.05,1.05,27.0,81.0,11.28,4.27,1.8,0.01,3.84,5500000.0,6.666666666666667,82500000,7.671417702030039,6328919.6041747825,1.0047510353633724,828919.6041747822,STD,UFA
8478465,Guillaume Brisebois,D,2022,17,0.06,0.29,0.0,0.0,1.1,-0.52,-0.02,0.0,-0.63,750000.0,0.9090909090909091,82500000,1.8977659812634649,1565656.9345423584,0.9886750721725558,815656.9345423585,STD,RFA
8477496,Elias Lindholm,C,2022,80,0.34,0.35,42.0,82.0,8.55,-1.65,2.09,0.24,1.46,4850000.0,5.878787878787879,82500000,6.858035825412847,5657879.555965598,0.9792479466249677,807879.5559655984,STD,RFA
8476952,Dominic Toninato,C,2022,5,0.0,0.0,7.0,14.0,-0.22,-0.18,-0.01,-0.0,0.01,750000.0,0.9090909090909091,82500000,1.8685316944945232,1541538.6479579816,0.9594407854036141,791538.6479579817,STD,UFA
8475188,Brayden McNabb,D,2022,82,0.17,0.17,3.0,18.0,6.95,1.34,-0.06,-0.08,-0.55,2850000.0,3.4545454545454546,82500000,4.412032143134921,3639926.51808631,0.9574866885894662,789926.5180863095,STD,UFA
8475233,David Savard,D,2022,62,-0.21,-0.28,3.0,17.0,6.38,-6.44,-0.1,-0.23,-0.25,3500000.0,4.242424242424243,82500000,5.1972174820658115,4287704.422704294,0.9547932396415684,787704.4227042939,STD,UFA
8477446,Michael McCarron,RW,2022,32,-0.02,-0.05,7.0,14.0,0.15,-0.51,-0.03,0.01,-0.45,750000.0,0.9090909090909091,82500000,1.8636447571993173,1537506.9246894368,0.9545538481084083,787506.9246894369,STD,RFA
8478415,Jakub Zboril,D,2022,22,0.09,0.34,0.0,3.0,0.87,-0.59,-0.0,0.0,0.05,1137500.0,1.378787878787879,82500000,2.3295943030370676,1921915.300005581,0.9508064242491887,784415.3000055808,STD,UFA
8479365,Trent Frederic,C,2022,78,0.09,0.09,8.0,18.0,15.35,2.51,-0.09,0.0,0.34,1050000.0,1.2727272727272727,82500000,2.220486038530108,1831900.9817873393,0.9477587658028355,781900.9817873393,STD,RFA
8479982,Conor Timmins,D,2022,27,0.1,0.3,0.0,0.0,1.57,-0.34,0.7,0.0,-0.27,850000.0,1.0303030303030303,82500000,1.9518159828900679,1610248.185884306,0.9215129525870376,760248.185884306,STD,RFA
8478967,Lane Pederson,C,2022,27,0.02,0.06,0.0,2.0,2.1,-1.86,-0.25,0.0,-0.45,750000.0,0.9090909090909091,82500000,1.8140932503361924,1496626.9315273587,0.9050023412452833,746626.9315273587,STD,RFA
8475764,Cam Fowler,D,2022,82,-0.33,-0.33,9.0,42.0,5.6,-4.19,-0.49,-0.03,-0.49,6500000.0,7.878787878787878,82500000,8.78350077144072,7246388.136438593,0.9047128926528414,746388.1364385942,STD,UFA
8476390,Joseph Cramarossa,C,2022,4,0.0,0.0,0.0,1.0,-0.25,-0.43,-0.0,0.0,-0.16,750000.0,0.9090909090909091,82500000,1.8128836458226854,1495629.0078037155,0.9037927367317763,745629.0078037154,STD,UFA
8477380,Jonny Brodzinski,C,2022,17,0.02,0.1,1.0,2.0,-1.92,0.75,-0.01,0.0,-0.48,762500.0,0.9242424242424243,82500000,1.8171855800583359,1499178.103548127,0.8929431558159115,736678.1035481271,STD,UFA
8473453,Trevor Lewis,C,2022,82,0.28,0.28,6.0,16.0,-7.37,1.37,0.13,0.09,-0.67,800000.0,0.9696969696969697,82500000,1.859966447326709,1534472.319044535,0.8902694776297393,734472.3190445349,STD,UFA
8474610,Zac Dalpe,C,2022,14,0.01,0.06,0.0,0.0,-0.77,-0.29,-0.02,0.0,-0.15,750000.0,0.9090909090909091,82500000,1.7963922058055317,1482023.5697895638,0.8873012967146227,732023.5697895638,STD,UFA
8475179,Dmitry Kulikov,D,2022,67,-0.38,-0.47,7.0,24.0,-7.48,-4.53,-0.04,-0.64,-1.46,2250000.0,2.727272727272727,82500000,3.612058085649476,2979947.920660818,0.8847853583767491,729947.920660818,STD,UFA
8477478,William Carrier,LW,2022,56,0.08,0.12,9.0,20.0,7.28,1.3,-0.27,0.0,0.13,1400000.0,1.6969696969696972,82500000,2.5795142688512662,2128099.2718022945,0.882544571881569,728099.2718022944,STD,RFA
8481441,Joe Snively,LW,2022,12,0.01,0.07,4.0,7.0,0.67,-0.21,-0.02,0.0,0.37,800000.0,0.9696969696969697,82500000,1.8233017414082227,1504223.9366617838,0.8536047717112529,704223.9366617836,STD,RFA
8475968,Alex Belzile,RW,2022,31,-0.03,-0.08,0.0,0.0,0.68,-0.7,-0.13,0.0,0.24,750000.0,0.9090909090909091,82500000,1.7587263875821737,1450949.2697552934,0.8496354784912646,700949.2697552934,STD,UFA
8477504,Josh Morrissey,D,2022,78,-0.05,-0.05,12.0,37.0,24.87,-3.85,0.2,-0.01,-0.16,6250000.0,7.575757575757576,82500000,8.39903539213809,6929204.198513925,0.8232778163805143,679204.1985139243,STD,RFA
8478017,Mark Friedman,D,2022,23,0.05,0.18,1.0,5.0,2.58,0.53,-0.03,0.0,1.08,775000.0,0.9393939393939393,82500000,1.758996302430397,1451171.9495050774,0.8196023630364576,676171.9495050776,STD,RFA
8475798,Mikael Granlund,C,2022,79,0.37,0.38,11.0,64.0,1.52,-3.94,0.62,-0.13,0.43,5000000.0,6.0606060606060606,82500000,6.872035307544577,5669429.128724276,0.8114292469385163,669429.128724276,STD,UFA
8479718,Alex Barre Boulet,C,2022,1,0.0,0.0,3.0,6.0,-0.0,0.03,-0.0,0.0,0.0,758333.0,0.9191915151515151,82500000,1.7277584938723773,1425400.7574447114,0.8085669787208623,667067.7574447114,STD,RFA
8476879,Cody Ceci,D,2022,80,0.25,0.26,5.0,28.0,2.41,-5.64,-0.09,-0.08,-0.89,3250000.0,3.939393939393939,82500000,4.731498766495717,3903486.4823589665,0.7921048271017779,653486.4823589668,STD,UFA
8478075,Anders Bjork,C,2022,14,0.01,0.06,5.0,8.0,-0.44,0.38,-0.01,0.0,0.04,1600000.0,1.9393939393939394,82500000,2.697219130735407,2225205.7828567107,0.7578251913414675,625205.7828567107,STD,RFA
8478882,Vladislav Gavrikov,D,2022,72,-0.35,-0.4,5.0,33.0,5.69,-5.99,-0.45,-0.18,-1.24,2800000.0,3.3939393939393945,82500000,4.149485197498034,3423325.2879358786,0.7555458035586398,623325.2879358778,STD,RFA
8479661,Tanner Jeannot,LW,2022,76,-0.21,-0.23,24.0,41.0,1.13,-2.44,-0.4,-0.08,-1.16,800000.0,0.9696969696969697,82500000,1.721355133316603,1420117.9849861974,0.7516581636196333,620117.9849861974,STD,RFA
8475750,Jon Merrill,D,2022,73,-0.06,-0.07,4.0,20.0,-0.71,-0.09,-0.1,0.02,-1.84,1200000.0,1.4545454545454546,82500000,2.200884454860841,1815729.6752601936,0.7463390003153862,615729.6752601936,STD,UFA
8479514,Rem Pitlick,C,2022,46,-0.09,-0.16,15.0,37.0,0.77,-5.54,-0.38,0.0,-0.23,917831.0,1.112522424242424,82500000,1.8584318112529594,1533206.2442836917,0.7459093870105353,615375.2442836916,STD,RFA
8482745,Mason McTavish,C,2022,80,0.15,0.15,2.0,3.0,-0.67,-4.9,0.59,-0.0,0.4,894167.0,1.0838387878787878,82500000,1.806377196640927,1490261.1872287649,0.7225384087621392,596094.1872287648,ELC,
8480208,Drake Batherson,RW,2022,82,0.7,0.7,17.0,44.0,1.67,-0.85,3.18,0.0,0.62,4975000.0,6.03030303030303,82500000,6.7524685443974395,5570786.549127888,0.7221655140944092,595786.5491278876,STD,RFA
8478451,Ethan Bear,D,2022,60,0.01,0.01,5.0,14.0,1.4,-2.32,-0.13,-0.09,-0.13,2000000.0,2.4242424242424243,82500000,3.13642436506737,2587550.1011805804,0.7121819408249457,587550.1011805802,STD,RFA
8480878,Nils Lundkvist,D,2022,59,0.05,0.07,1.0,4.0,10.13,1.16,-0.61,-0.0,-1.35,925000.0,1.121212121212121,82500000,1.8189453252654406,1500629.8933439886,0.6977332040533195,575629.8933439886,ELC,
8479415,Michael McLeod,C,2022,80,0.21,0.22,6.0,20.0,-2.67,-2.27,-0.06,-0.0,1.2,975000.0,1.1818181818181819,82500000,1.8757841931273305,1547521.9593300477,0.6939660113091486,572521.9593300476,STD,RFA
8479414,Nathan Bastian,RW,2022,42,-0.02,-0.04,12.0,18.0,-0.62,0.73,-0.52,-0.02,-0.24,825000.0,1.0,82500000,1.693350347577983,1397014.036751836,0.693350347577983,572014.036751836,STD,RFA
8481596,Shane Pinto,C,2022,82,0.2,0.2,0.0,1.0,5.16,-1.87,-0.02,0.0,2.28,925000.0,1.121212121212121,82500000,1.8112726540492936,1494299.9395906674,0.6900605328371725,569299.9395906674,ELC,
8477488,Brett Pesce,D,2022,82,0.86,0.86,7.0,28.0,10.48,0.71,-0.78,0.07,0.33,4025000.0,4.878787878787879,82500000,5.56157781116317,4588301.694209616,0.6827899323752913,563301.6942096152,STD,RFA
8477210,Buddy Robinson,RW,2022,9,0.0,0.0,1.0,6.0,-0.22,0.36,-0.0,0.0,0.02,750000.0,0.9090909090909091,82500000,1.5885714957096955,1310571.4839604988,0.6794805866187864,560571.4839604987,STD,UFA
8480806,Isac Lundestrom,C,2022,61,-0.09,-0.12,16.0,29.0,-5.84,-2.41,-0.2,-0.16,1.35,874125.0,1.0595454545454546,82500000,1.7382122261128625,1434025.0865431116,0.678666771567408,559900.0865431116,STD,RFA
8480853,Liam Foudy,C,2022,62,0.05,0.07,0.0,0.0,-2.65,-3.88,-0.12,0.0,0.99,762500.0,0.9242424242424243,82500000,1.602371423249453,1321956.424180799,0.6781289990070287,559456.4241807987,STD,RFA
8476449,Scott Harrington,D,2022,45,0.06,0.11,0.0,1.0,6.17,-3.05,-0.05,0.0,-0.71,1633333.0,1.9797975757575759,82500000,2.6435464170894374,2180925.7940987856,0.6637488413318615,547592.7940987857,STD,RFA
8475842,Sam Carrick,C,2022,52,0.02,0.03,11.0,19.0,-7.58,-4.05,-0.13,0.0,-0.58,850000.0,1.0303030303030303,82500000,1.691554692041029,1395532.620933849,0.6612516617379987,545532.6209338489,STD,UFA
8479421,Jacob Moverare,D,2022,2,0.0,0.0,0.0,2.0,0.05,0.19,-0.0,0.0,0.01,762500.0,0.9242424242424243,82500000,1.5804695127756894,1303887.3480399437,0.6562270885332651,541387.3480399436,STD,RFA
8480807,Mattias Samuelsson,D,2022,55,-0.16,-0.24,0.0,10.0,7.12,-4.02,-0.07,-0.18,-0.8,925000.0,1.121212121212121,82500000,1.7768458082670868,1465897.7918203466,0.6556336870549657,540897.7918203467,ELC,
8479344,Jesse Puljujarvi,RW,2022,75,0.14,0.15,14.0,36.0,-4.92,4.37,-0.64,0.0,-0.68,1175000.0,1.4242424242424243,82500000,2.062226635221281,1701336.9740575566,0.6379842109788565,526336.9740575566,STD,RFA
8479356,Kieffer Bellows,LW,2022,28,0.03,0.09,6.0,19.0,-1.35,-0.41,-0.18,0.0,0.39,750000.0,0.9090909090909091,82500000,1.538323275534772,1269116.7023161869,0.6292323664438629,519116.7023161869,STD,RFA
8479321,Lucas Johansen,D,2022,2,0.0,0.0,0.0,1.0,-0.34,-0.05,-0.0,0.0,0.17,750000.0,0.9090909090909091,82500000,1.5382334804517512,1269042.6213726948,0.6291425713608422,519042.62137269485,STD,RFA
8471274,Alex Goligoski,D,2022,46,0.05,0.09,2.0,30.0,5.16,-0.52,-0.41,0.02,-0.87,2000000.0,2.4242424242424243,82500000,3.052285578616054,2518135.602358245,0.6280431543736298,518135.60235824453,STD,UFA
8477435,Ryan Graves,D,2022,77,0.43,0.46,6.0,28.0,17.92,-1.44,-0.07,0.0,-1.24,3166667.0,3.838384242424243,82500000,4.45343743121129,3674085.880749314,0.615053188787047,507418.88074931374,STD,RFA
8479378,Logan Stanley,D,2022,19,0.04,0.17,1.0,13.0,1.55,-0.84,-0.0,-0.01,-0.97,900000.0,1.090909090909091,82500000,1.7029310304929268,1404918.1001566646,0.6120219395838358,504918.1001566645,STD,RFA
8478446,Glenn Gawdin,C,2022,3,0.0,0.0,0.0,0.0,0.12,0.08,-0.02,0.0,0.01,750000.0,0.9090909090909091,82500000,1.5178554006623042,1252230.705546401,0.6087644915713951,502230.705546401,STD,RFA
8475227,Chris Wideman,D,2022,46,-0.05,-0.09,4.0,27.0,-2.17,-4.68,-0.52,0.0,-2.1,762500.0,0.9242424242424243,82500000,1.5273563763520404,1260069.0104904333,0.603113952109616,497569.01049043325,STD,UFA
8477987,Ryan Donato,C,2022,71,0.09,0.1,16.0,31.0,6.69,-1.43,-0.03,0.0,-0.19,750000.0,0.9090909090909091,82500000,1.5012626342276683,1238541.6732378262,0.5921717251367592,488541.6732378263,STD,UFA
8476404,Andy Andreoff,C,2022,3,0.0,0.0,1.0,1.0,-0.14,-0.9,-0.02,0.0,0.0,750000.0,0.9090909090909091,82500000,1.4969507956229542,1234984.4063889373,0.5878598865320451,484984.4063889372,STD,UFA
8477952,Robby Fabbri,C,2022,28,0.1,0.29,17.0,30.0,-2.59,-0.63,1.33,0.0,0.08,4000000.0,4.848484848484849,82500000,5.428138198500287,4478214.013762737,0.5796533500154384,478214.01376273663,STD,UFA
8476921,Jordan Martinook,C,2022,82,0.37,0.37,6.0,15.0,1.16,0.15,-0.11,-0.04,-1.63,1800000.0,2.181818181818182,82500000,2.758875051590394,2276071.917562075,0.5770568697722118,476071.9175620747,STD,UFA
8477941,Nick Ritchie,LW,2022,74,-0.09,-0.1,12.0,23.0,-3.28,-5.54,0.29,0.0,-2.54,2500000.0,3.0303030303030303,82500000,3.6071961155358974,2975936.7953171153,0.5768930852328671,475936.7953171153,STD,UFA
8477353,Tyler Motte,C,2022,62,0.17,0.22,7.0,15.0,-1.58,-1.46,-0.23,0.12,3.37,1225000.0,1.4848484848484849,82500000,2.0548447756667034,1695246.9399250303,0.5699962908182186,470246.93992503034,STD,RFA
8479348,Kale Clague,D,2022,33,0.05,0.12,2.0,10.0,4.56,-2.04,-0.03,0.0,-0.76,761250.0,0.9227272727272728,82500000,1.4885123046435993,1228022.6513309693,0.5657850319163265,466772.6513309693,STD,RFA
8478493,Joel Eriksson Ek,C,2022,78,0.35,0.37,26.0,49.0,-3.32,0.35,2.62,-0.25,-0.24,5250000.0,6.363636363636363,82500000,6.921030224792039,5709849.935453433,0.5573938611556759,459849.9354534326,STD,RFA
8479644,Matt Luff,RW,2022,19,0.02,0.09,3.0,6.0,-1.11,0.0,-0.0,0.0,0.2,750000.0,0.9090909090909091,82500000,1.4542050739204004,1199719.1859843303,0.5451141648294914,449719.18598433037,STD,UFA
8478512,Austin Czarnik,C,2022,29,0.03,0.08,2.0,7.0,-0.69,0.19,0.15,0.0,0.57,725000.0,0.8787878787878787,82500000,1.4224192685891808,1173495.896586074,0.5436313898013021,448495.8965860742,STD,UFA
8477433,Ben Harpur,D,2022,42,0.08,0.16,0.0,1.0,-2.27,-2.69,-0.02,-0.0,-0.57,800000.0,0.9696969696969697,82500000,1.503494385372738,1240382.867932509,0.5337974156757683,440382.8679325088,STD,RFA
8477409,Carter Verhaeghe,C,2022,81,0.23,0.23,24.0,55.0,31.71,-6.31,0.91,-0.0,1.11,4166667.0,5.050505454545454,82500000,5.572521635129645,4597330.348981957,0.522016180584191,430663.34898195753,STD,RFA
8471794,Darren Helm,C,2022,11,-0.01,-0.07,7.0,15.0,-0.5,-0.22,-0.0,-0.01,0.02,1000000.0,1.2121212121212122,82500000,1.7307621969066176,1427878.8124479596,0.5186409847854054,427878.8124479595,STD,UFA
8480887,Jordan Harris,D,2022,65,0.25,0.32,1.0,1.0,8.8,-1.94,-0.07,0.0,-0.29,842500.0,1.0212121212121212,82500000,1.5397677828078962,1270308.4208165144,0.5185556615957749,427808.4208165143,ELC,
8479639,Dylan Coghlan,D,2022,17,0.02,0.1,3.0,13.0,2.31,0.41,-0.23,0.0,0.38,762500.0,0.9242424242424243,82500000,1.434279729586292,1183280.7769086908,0.5100373053438676,420780.7769086908,STD,RFA
8479362,Riley Tufte,LW,2022,3,0.0,0.0,1.0,1.0,-0.67,-0.12,-0.0,0.0,0.0,750000.0,0.9090909090909091,82500000,1.4178123645671903,1169695.200767932,0.5087214554762812,419695.20076793205,STD,RFA
8479968,Vinni Lettieri,C,2022,1,0.0,0.0,5.0,10.0,-0.23,0.0,-0.0,0.0,0.0,750000.0,0.9090909090909091,82500000,1.4110038028666168,1164078.1373649586,0.5019128937757077,414078.1373649589,STD,RFA
8475160,Kyle Clifford,LW,2022,2,0.0,0.0,1.0,4.0,-0.05,-0.05,-0.0,0.0,-0.17,762500.0,0.9242424242424243,82500000,1.4252917526342,1175865.695923215,0.5010493283917756,413365.6959232149,STD,UFA
8478904,Steven Lorentz,C,2022,80,0.32,0.33,8.0,13.0,-0.47,-0.75,0.04,0.03,0.0,725000.0,0.8787878787878787,82500000,1.3748813253209367,1134277.0933897728,0.496093446533058,409277.0933897728,STD,RFA
8479546,Oskar Steen,C,2022,3,0.0,0.0,2.0,6.0,0.68,0.15,-0.0,0.0,0.01,800000.0,0.9696969696969697,82500000,1.455649074476101,1200910.4864427834,0.4859521047791313,400910.4864427833,STD,RFA
8477541,Dakota Mermis,D,2022,2,0.0,0.0,0.0,0.0,0.05,0.07,-0.0,0.0,0.01,750000.0,0.9090909090909091,82500000,1.3927861930438912,1149048.60926121,0.4836952839529821,399048.60926121025,STD,UFA
8482113,Anton Lundell,C,2022,73,-0.24,-0.27,18.0,44.0,5.37,-0.7,-0.83,-0.17,-0.12,925000.0,1.121212121212121,82500000,1.6043411211450032,1323581.4249446276,0.48312899993288205,398581.4249446277,ELC,
8470966,Mark Giordano,D,2022,78,0.49,0.52,8.0,35.0,8.32,0.43,-0.74,0.24,-2.62,800000.0,0.9696969696969697,82500000,1.4525171856343544,1198326.6781483425,0.48282021593738467,398326.67814834235,STD,UFA
8479368,Max Jones,LW,2022,69,0.05,0.06,0.0,0.0,-5.65,-4.05,-0.34,-0.0,-0.18,1295000.0,1.5696969696969696,82500000,2.0471570411646702,1688904.558960853,0.47746007146770064,393904.558960853,STD,RFA
8474034,Patrick Maroon,LW,2022,80,0.0,0.0,11.0,27.0,3.56,-0.01,-0.13,0.0,-1.89,1000000.0,1.2121212121212122,82500000,1.6800633812975754,1386052.2895704997,0.4679421691763632,386052.2895704996,STD,UFA
8477406,Mattias Janmark,C,2022,66,0.14,0.17,9.0,25.0,0.14,0.46,-0.11,0.11,-0.67,2000000.0,2.4242424242424243,82500000,2.8897228061600675,2384021.315082056,0.4654803819176432,384021.3150820556,STD,UFA
8476960,Andreas Athanasiou,C,2022,81,-0.05,-0.05,11.0,17.0,2.89,-4.58,-0.69,-0.0,0.58,2700000.0,3.272727272727273,82500000,3.7368410649982096,3082893.878623523,0.46411379227093663,382893.8786235227,STD,RFA
8478424,Jansen Harkins,C,2022,22,0.02,0.07,7.0,13.0,1.29,1.28,-0.02,0.0,-0.13,725000.0,0.8787878787878787,82500000,1.3356855124978306,1101940.5478107103,0.45689763370995196,376940.5478107104,STD,RFA
8478841,Colton White,D,2022,46,0.07,0.12,0.0,4.0,-4.48,-2.04,-0.05,0.0,-0.05,750000.0,0.9090909090909091,82500000,1.3657244625574823,1126722.6816099228,0.4566335534665732,376722.6816099229,STD,RFA
8480443,Kristian Reichel,C,2022,2,0.0,0.0,1.0,2.0,-0.21,0.16,-0.0,0.0,0.17,775000.0,0.9393939393939393,82500000,1.393168544954925,1149364.049587813,0.4537746055609856,374364.0495878131,STD,RFA
8476850,Ryan Murray,D,2022,13,0.04,0.25,0.0,4.0,0.19,0.1,-0.0,0.0,-0.31,2000000.0,2.4242424242424243,82500000,2.8761342748773746,2372810.776773834,0.4518918506349503,372810.776773834,STD,UFA
8477401,John Hayden,C,2022,7,0.0,0.0,2.0,4.0,0.4,-0.13,-0.0,-0.0,0.18,750000.0,0.9090909090909091,82500000,1.3608845725392413,1122729.7723448742,0.45179366344833227,372729.77234487416,STD,UFA
8478432,Christian Fischer,RW,2022,80,0.06,0.06,5.0,10.0,-3.04,-2.68,0.04,-0.13,0.39,1000000.0,1.2121212121212122,82500000,1.6595778553286173,1369151.7306461092,0.4474566432074052,369151.73064610927,STD,RFA
8478057,Dakota Joshua,LW,2022,79,0.13,0.13,3.0,8.0,-0.34,-1.92,0.24,0.0,0.34,750000.0,0.9090909090909091,82500000,1.354618217663404,1117560.0295723083,0.445527308572495,367560.02957230835,STD,RFA
8479315,Joey Anderson,RW,2022,38,0.04,0.09,0.0,0.0,1.53,-0.24,-0.11,0.0,1.27,750000.0,0.9090909090909091,82500000,1.3465918463355706,1110938.2732268458,0.43750093724466155,360938.2732268458,STD,RFA
8476393,Nick Cousins,C,2022,79,0.14,0.15,9.0,22.0,3.1,-3.71,-0.25,0.0,0.33,1500000.0,1.8181818181818181,82500000,2.2467910565243585,1853602.6216325958,0.4286092383425404,353602.62163259584,STD,UFA
8481711,Matias Maccelli,LW,2022,64,-0.01,-0.01,1.0,6.0,1.87,-1.76,0.69,-0.0,0.69,853333.0,1.0343430303030303,82500000,1.4618684490950749,1206041.4705034369,0.42752541879204453,352708.47050343675,ELC,
8476869,Brady Skjei,D,2022,81,0.62,0.63,9.0,39.0,29.85,5.76,0.6,0.16,-2.05,5250000.0,6.363636363636363,82500000,6.790334264560043,5602025.768262035,0.42669790092367954,352025.7682620356,STD,RFA
8478046,Danton Heinen,LW,2022,65,0.07,0.09,18.0,33.0,5.23,0.12,-0.06,0.0,-0.21,1100000.0,1.3333333333333335,82500000,1.7594262028254022,1451526.617330957,0.4260928694920687,351526.6173309567,STD,UFA
8481433,Taro Hirose,LW,2022,3,0.0,0.0,1.0,4.0,-0.62,0.3,-0.0,0.0,-0.16,850000.0,1.0303030303030303,82500000,1.45470832265136,1200134.366187372,0.4244052923483297,350134.36618737195,STD,RFA
8477482,Zach Sanford,LW,2022,16,0.0,0.0,9.0,21.0,0.48,-0.19,-0.31,0.0,0.38,2000000.0,2.4242424242424243,82500000,2.825254270242066,2330834.7729497044,0.4010118459996419,330834.7729497046,STD,RFA
8482245,Artem Zub,D,2022,53,0.2,0.31,6.0,22.0,7.18,2.18,-0.1,0.06,-1.5,2500000.0,3.0303030303030303,82500000,3.4217142882641376,2822914.2878179136,0.3914112579611073,322914.2878179136,STD,RFA
8479525,Ross Colton,C,2022,81,-0.01,-0.01,22.0,39.0,1.52,-4.1,0.17,0.0,0.18,1125000.0,1.3636363636363635,82500000,1.7511841721077914,1444726.9419889278,0.3875478084714279,319726.941988928,STD,RFA
8482142,Jamie Drysdale,D,2022,8,0.02,0.2,4.0,32.0,-0.21,-0.55,-0.07,0.0,-0.14,925000.0,1.121212121212121,82500000,1.4953076818556426,1233628.8375309051,0.37409556064352145,308628.8375309052,ELC,
8476871,Tanner Pearson,LW,2022,14,0.02,0.12,14.0,34.0,-0.99,-1.13,0.13,-0.0,-0.65,3250000.0,3.939393939393939,82500000,4.287780848623781,3537419.2001146195,0.3483869092298417,287419.20011461945,STD,UFA
8475170,Brayden Schenn,C,2022,82,0.77,0.77,24.0,58.0,1.13,-5.12,0.4,-0.01,0.45,6500000.0,7.878787878787878,82500000,8.22366364931907,6784522.510688232,0.3448757705311918,284522.51068823325,STD,UFA
8477573,Nathan Walker,LW,2022,56,0.04,0.06,8.0,12.0,-4.03,-1.43,-0.09,0.0,1.13,750000.0,0.9090909090909091,82500000,1.2463926713829263,1028273.9538909142,0.33730176229201725,278273.9538909142,STD,UFA
8479316,Luke Kunin,C,2022,30,-0.02,-0.05,13.0,22.0,-2.12,-0.75,0.86,-0.09,-0.76,2300000.0,2.7878787878787876,82500000,3.124226770004073,2577487.08525336,0.3363479821252855,277487.0852533605,STD,RFA
8478970,Jalen Chatfield,D,2022,78,0.23,0.24,0.0,3.0,13.0,2.79,-0.01,0.0,-1.67,762500.0,0.9242424242424243,82500000,1.2604782083100137,1039894.5218557613,0.33623578406758936,277394.52185576124,STD,RFA
8478476,Kyle Capobianco,D,2022,14,0.01,0.06,2.0,9.0,0.57,0.26,-0.18,0.0,-0.31,775000.0,0.9393939393939393,82500000,1.273416843350697,1050568.8957643248,0.3340229039567576,275568.895764325,STD,RFA
8479371,Dante Fabbro,D,2022,79,-0.12,-0.12,3.0,24.0,6.79,-2.1,0.04,-0.07,-2.64,2400000.0,2.909090909090909,82500000,3.2381031648247838,2671435.1109804465,0.3290122557338746,271435.1109804465,STD,RFA
8480776,Sheldon Rempal,RW,2022,1,0.0,0.0,0.0,0.0,-0.25,-0.05,-0.0,0.0,0.0,750000.0,0.9090909090909091,82500000,1.2266489313724982,1011985.368382311,0.31755802228158914,261985.36838231105,STD,UFA
8481186,Logan O'Connor,RW,2022,82,0.07,0.07,8.0,24.0,-5.64,2.44,-0.07,-0.04,-0.3,1050000.0,1.2727272727272727,82500000,1.585811511923941,1308294.4973372514,0.3130842391966684,258294.49733725144,STD,RFA
8477450,Jason Dickinson,C,2022,78,0.05,0.05,5.0,11.0,-10.54,-2.72,-0.43,-0.13,-0.11,2650000.0,3.212121212121212,82500000,3.5220006795715157,2905650.5606465004,0.3098794674503038,255650.56064650064,STD,RFA
8479772,Zack MacEwen,C,2022,55,-0.01,-0.01,3.0,9.0,-3.15,-1.32,-0.43,0.0,-0.9,825000.0,1.0,82500000,1.3023404334937094,1074430.8576323104,0.3023404334937094,249430.85763231025,STD,RFA
8482149,Cole Perfetti,C,2022,51,0.11,0.18,2.0,7.0,-1.01,0.38,-0.01,0.0,-0.37,894167.0,1.0838387878787878,82500000,1.3854159162029198,1142968.1308674088,0.30157712832413197,248801.13086740888,ELC,
8481554,Kaapo Kakko,RW,2022,82,0.13,0.13,7.0,18.0,4.88,2.43,-0.61,-0.01,1.93,925000.0,1.121212121212121,82500000,1.410424398024464,1163600.1283701828,0.28921227681234285,238600.12837018285,ELC,
8479518,Fredrik Karlstrom,C,2022,5,0.0,0.0,0.0,1.0,0.24,0.47,-0.0,0.0,0.18,750000.0,0.9090909090909091,82500000,1.1925404765811383,983845.893179439,0.2834495674902292,233845.89317943907,STD,RFA
8479066,Ryan Lomberg,LW,2022,82,0.06,0.06,9.0,18.0,5.05,-1.41,-0.17,-0.0,-0.85,800000.0,0.9696969696969697,82500000,1.249839466912542,1031117.5602028472,0.2801424972155724,231117.5602028472,STD,UFA
8479345,Jakob Chychrun,D,2022,48,0.22,0.38,7.0,21.0,1.63,-4.67,-0.05,0.03,-1.67,4600000.0,5.575757575757575,82500000,5.8536591882718,4829268.830324235,0.27790161251422507,229268.8303242357,STD,RFA
8477407,Anthony Duclair,C,2022,20,0.04,0.16,31.0,58.0,3.21,-2.2,-0.37,0.0,0.56,3000000.0,3.6363636363636362,82500000,3.9108472760574067,3226449.0027473606,0.27448363969377043,226449.0027473606,STD,RFA
8480901,Karson Kuhlman,C,2022,47,0.06,0.1,3.0,10.0,-0.7,0.19,-0.05,-0.03,0.78,725000.0,0.8787878787878787,82500000,1.1374083446312397,938361.8843207727,0.25862046584336107,213361.88432077286,STD,RFA
8477851,Jordan Oesterle,D,2022,52,0.15,0.24,2.0,8.0,-4.73,-0.42,-0.04,-0.0,-0.19,1350000.0,1.6363636363636365,82500000,1.8941683956207758,1562688.9263871398,0.2578047592571393,212688.92638713992,STD,UFA
8481604,Pavel Dorofeyev,LW,2022,18,0.08,0.36,0.0,0.0,2.68,-0.45,0.61,0.0,0.05,925000.0,1.121212121212121,82500000,1.3641368241657794,1125412.879936768,0.2429247029536583,200412.8799367681,ELC,
8479359,Beck Malenstyn,LW,2022,9,0.0,0.0,1.0,1.0,-1.55,-0.15,-0.0,0.0,0.02,762500.0,0.9242424242424243,82500000,1.160818333810857,957675.125393957,0.23657590956843277,195175.12539395705,STD,RFA
8480226,Marian Studenic,LW,2022,1,0.0,0.0,2.0,4.0,0.26,0.06,-0.0,0.0,0.0,750000.0,0.9090909090909091,82500000,1.1404733022546463,940890.4743600832,0.2313823931637372,190890.4743600832,STD,RFA
8478133,Jake Evans,C,2022,54,-0.22,-0.33,13.0,29.0,-2.37,-0.26,0.26,-0.21,0.82,1700000.0,2.0606060606060606,82500000,2.2918939236828066,1890812.4870383155,0.2312878630767461,190812.4870383155,STD,RFA
8478398,Kyle Connor,LW,2022,82,1.04,1.04,47.0,93.0,12.67,-6.05,2.36,-0.0,0.14,7142857.0,8.658008484848486,82500000,8.885670307388077,7330678.003595164,0.22766182253959144,187821.00359516294,STD,RFA
8479372,Josh Mahura,D,2022,82,0.14,0.14,3.0,7.0,10.6,0.41,-0.24,0.0,-0.47,750000.0,0.9090909090909091,82500000,1.1348618252167242,936261.0058037974,0.22577091612581512,186261.00580379745,STD,RFA
8480172,Jan Rutta,D,2022,56,-0.09,-0.13,3.0,18.0,4.15,-1.02,-0.02,-0.01,-1.18,1300000.0,1.575757575757576,82500000,1.800387715566469,1485319.865342337,0.22463013980889301,185319.86534233677,STD,UFA
8478414,Timo Meier,RW,2022,78,0.38,0.4,35.0,76.0,25.78,-0.88,2.72,0.0,1.47,6000000.0,7.2727272727272725,82500000,7.494618829175051,6183060.534069417,0.2218915564477788,183060.5340694175,STD,RFA
8477070,Liam O'Brien,LW,2022,56,0.08,0.12,2.0,3.0,-4.9,1.09,-0.02,0.0,-1.58,775000.0,0.9393939393939393,82500000,1.156806458934426,954365.3286209014,0.21741251954048668,179365.3286209015,STD,UFA
8479383,Boris Katchouk,LW,2022,58,0.1,0.14,3.0,7.0,-4.11,-1.5,-0.38,0.01,-0.21,758333.0,0.9191915151515151,82500000,1.129178948435941,931572.6324596512,0.20998743328442582,173239.6324596513,STD,RFA
8476439,Brett Ritchie,RW,2022,50,0.02,0.03,3.0,4.0,1.51,-0.19,0.24,0.0,0.26,900000.0,1.090909090909091,82500000,1.2957862432827536,1069023.6507082717,0.20487715237366255,169023.65070827163,STD,UFA
8474190,Wayne Simmonds,RW,2022,18,0.01,0.05,5.0,16.0,-0.4,-0.29,-0.01,0.0,-1.17,900000.0,1.090909090909091,82500000,1.2878980264866637,1062515.8718514976,0.1969889355775727,162515.87185149748,STD,UFA
8477384,Josh Brown,D,2022,68,-0.37,-0.45,0.0,6.0,-1.09,-5.48,-0.03,-0.08,-1.33,1200000.0,1.4545454545454546,82500000,1.6508294440683642,1361934.2913564006,0.1962839895229096,161934.2913564004,STD,RFA
8478569,Noel Acciari,C,2022,77,0.12,0.13,3.0,8.0,-1.0,0.54,-0.16,-0.16,1.56,1666667.0,2.020202424242424,82500000,2.215898530546296,1828116.287700694,0.1956961063038718,161449.28770069423,STD,UFA
8476374,Sean Kuraly,C,2022,71,0.03,0.03,14.0,30.0,-2.91,-4.14,0.15,0.0,-0.99,2500000.0,3.0303030303030303,82500000,3.2221996949762275,2658314.7483553872,0.19189666467319721,158314.74835538768,STD,UFA
8480068,Ryan Poehling,C,2022,53,0.14,0.22,9.0,17.0,0.06,-0.36,-0.06,0.03,1.47,750000.0,0.9090909090909091,82500000,1.0818381381432616,892516.4639681908,0.1727472290523525,142516.46396819083,STD,RFA
8480078,Filip Chytil,C,2022,73,-0.03,-0.03,8.0,22.0,4.61,-2.17,-1.18,-0.0,0.88,2300000.0,2.7878787878787876,82500000,2.9593940161611787,2441500.063332972,0.17151522828239107,141500.06333297264,STD,RFA
8482062,Cole Smith,LW,2022,69,0.11,0.13,0.0,0.0,-3.99,-2.32,-0.05,-0.0,0.16,750000.0,0.9090909090909091,82500000,1.0724654584285922,884784.0032035885,0.16337454933768314,134784.0032035886,STD,RFA
8482097,Jack Quinn,RW,2022,75,0.05,0.05,1.0,2.0,10.22,-3.37,-0.87,0.0,2.23,863334.0,1.0464654545454544,82500000,1.2053284554793873,994395.9757704946,0.1588630009339329,131061.97577049465,ELC,
8474089,Brad Malone,C,2022,10,0.0,0.0,1.0,2.0,0.5,-0.03,0.01,-0.0,-0.33,762500.0,0.9242424242424243,82500000,1.0703475723502844,883036.7471889846,0.14610514810786013,120536.7471889846,STD,UFA
8474602,Justin Schultz,D,2022,73,0.01,0.01,4.0,23.0,1.83,0.77,-0.39,0.0,-2.82,4000000.0,4.848484848484849,82500000,4.993943472615301,4120003.3649076233,0.14545862413045274,120003.36490762352,STD,UFA
8476882,Teuvo Teravainen,C,2022,68,0.71,0.86,22.0,65.0,5.9,2.04,0.03,0.27,-0.98,5400000.0,6.545454545454546,82500000,6.687395880004688,5517101.6010038685,0.14194133455014235,117101.60100386744,STD,RFA
8479402,Jake Bean,D,2022,14,0.01,0.06,7.0,25.0,-1.12,-0.5,-0.24,-0.0,-0.47,2333333.0,2.828282424242424,82500000,2.964638170126843,2445826.4903546455,0.13635574588441912,112493.49035464578,STD,RFA
8477330,Dominik Kubalik,LW,2022,81,0.35,0.35,15.0,32.0,-2.45,0.57,1.27,0.0,1.41,3700000.0,4.484848484848484,82500000,4.618538884936145,3810294.5800723196,0.13369040008766042,110294.58007231985,STD,RFA
8476897,Oskar Sundqvist,C,2022,67,0.14,0.17,8.0,23.0,-0.19,-0.38,0.31,0.01,1.36,2750000.0,3.3333333333333335,82500000,3.4665413414702417,2859896.6067129495,0.13320800813690825,109896.6067129493,STD,RFA
8480762,Eric Robinson,LW,2022,72,0.13,0.15,10.0,27.0,-1.64,-5.33,-0.01,0.04,1.37,1600000.0,1.9393939393939394,82500000,2.0724204800073824,1709746.8960060903,0.133026540613443,109746.89600609046,STD,UFA
8478434,Keegan Kolesar,RW,2022,74,0.08,0.09,7.0,24.0,2.95,0.44,-0.02,0.0,-0.35,725000.0,0.8787878787878787,82500000,1.0115782811990996,834552.0819892572,0.13279040241122098,109552.0819892573,STD,RFA
8478147,Bokondji Imama,LW,2022,5,0.0,0.0,1.0,1.0,-1.02,-0.54,-0.0,0.0,0.01,750000.0,0.9090909090909091,82500000,1.0357099403052494,854460.7007518307,0.12661903121434037,104460.70075183081,STD,RFA
8480041,Dmitri Samorukov,D,2022,2,0.0,0.0,0.0,0.0,-0.08,0.0,-0.0,0.0,-0.16,775000.0,0.9393939393939393,82500000,1.0514198856324963,867421.4056468095,0.112025946238557,92421.40564680952,STD,RFA
8478439,Travis Konecny,RW,2022,60,0.49,0.67,16.0,52.0,11.13,-3.27,1.96,0.07,1.07,5500000.0,6.666666666666667,82500000,6.777114526055081,5591119.483995441,0.1104478593884144,91119.48399544189,STD,RFA
8482241,Radim Zohorna,C,2022,10,0.0,0.0,2.0,6.0,-0.09,-0.16,-0.08,0.0,0.36,750000.0,0.9090909090909091,82500000,1.009870803140327,833143.4125907698,0.1007798940494179,83143.41259076976,STD,RFA
8475762,Derek Forbort,D,2022,54,0.21,0.32,4.0,14.0,2.74,-0.32,-0.02,0.02,-0.67,3000000.0,3.6363636363636362,82500000,3.73708835665189,3083097.8942378093,0.10072472028825397,83097.89423780952,STD,UFA
8478491,Jacob Larsson,D,2022,7,0.01,0.12,0.0,1.0,0.83,-0.03,-0.0,-0.0,-0.32,1200000.0,1.4545454545454546,82500000,1.5543499733965422,1282338.7280521472,0.09980451885108765,82338.72805214731,STD,RFA
8479291,Kevin Rooney,C,2022,17,0.02,0.1,6.0,12.0,-0.71,0.3,-0.02,0.0,0.54,750000.0,0.9090909090909091,82500000,0.9974366563866788,822885.24151901,0.08834574729576972,72885.24151901001,STD,UFA
8478104,Sammy Blais,LW,2022,71,-0.06,-0.07,0.0,4.0,-4.31,0.69,-0.91,0.0,0.83,1525000.0,1.8484848484848486,82500000,1.9350265868898973,1596396.9341841652,0.08654173840504864,71396.93418416513,STD,RFA
8480467,Austin Strand,D,2022,5,0.01,0.16,0.0,2.0,0.06,0.26,-0.0,0.0,-0.16,771750.0,0.9354545454545454,82500000,1.01676546638571,838831.5097682107,0.08131092093116454,67081.50976821074,STD,RFA
8479346,Dillon Dube,LW,2022,82,0.27,0.27,18.0,32.0,5.63,-3.48,-0.36,0.04,0.57,2300000.0,2.7878787878787876,82500000,2.8678446412842344,2365971.8290594933,0.07996585340544682,65971.82905949363,STD,RFA
8480072,Lias Andersson,C,2022,1,0.0,0.0,1.0,2.0,-0.1,-0.27,-0.0,0.0,0.0,874125.0,1.0595454545454546,82500000,1.1383719890030157,939156.890927488,0.07882653445756116,65031.890927487955,STD,RFA
8476392,Adam Lowry,C,2022,82,-0.05,-0.05,13.0,21.0,0.1,1.39,-0.91,0.15,0.07,3250000.0,3.939393939393939,82500000,4.014765085361191,3312181.195422983,0.0753711459672517,62181.19542298265,STD,UFA
8475279,Ben Chiarot,D,2022,76,-0.55,-0.59,9.0,26.0,-5.76,-1.88,-0.5,-0.05,-2.6,3500000.0,4.242424242424243,82500000,4.299428806406823,3547028.765285629,0.0570045639825798,47028.76528562834,STD,UFA
8476419,Jean Gabriel Pageau,C,2022,70,0.32,0.37,18.0,39.0,-1.57,0.62,-0.35,0.15,0.4,5000000.0,6.0606060606060606,82500000,6.107506973744281,5038693.253339032,0.04690091313822009,38693.25333903157,STD,UFA
8483565,Nick Blankenburg,D,2022,36,0.07,0.16,1.0,3.0,2.1,-2.9,-0.31,0.0,-0.38,1688452.0,2.046608484848485,82500000,2.0904176661585385,1724594.5745807942,0.043809181310053624,36142.57458079424,ELC,
8482067,Connor Mackey,D,2022,30,0.0,0.0,0.0,1.0,3.75,-3.53,-0.0,0.0,-0.77,912500.0,1.106060606060606,82500000,1.1449236773170863,944562.0337865963,0.038863071256480364,32062.0337865963,STD,RFA
8480281,Alexei Toropchenko,RW,2022,69,0.15,0.18,2.0,2.0,-2.02,0.11,-0.06,0.0,0.83,750000.0,0.9090909090909091,82500000,0.947088217337809,781347.7793036924,0.03799730824689995,31347.779303692463,STD,RFA
8477946,Dylan Larkin,C,2022,80,0.02,0.02,31.0,69.0,14.49,-6.96,2.67,-0.02,1.31,6100000.0,7.3939393939393945,82500000,7.4254417666960375,6125989.457524232,0.03150237275664303,25989.457524230496,STD,RFA
8477402,Pavel Buchnevich,C,2022,63,0.34,0.44,30.0,76.0,15.75,-2.16,1.82,0.09,-0.62,5800000.0,7.030303030303029,82500000,7.061734019711286,5825930.566261811,0.03143098940825695,25930.566261811986,STD,RFA
8479526,Otto Koivula,C,2022,8,0.0,0.0,0.0,2.0,-0.4,0.09,-0.11,0.0,0.01,750000.0,0.9090909090909091,82500000,0.9370154091658165,773037.7125617986,0.027924500074907432,23037.71256179863,STD,RFA
8482635,Mike Hardman,C,2022,8,0.0,0.0,0.0,2.0,-0.94,0.01,-0.01,0.0,0.18,800000.0,0.9696969696969697,82500000,0.9951776210833625,821021.5373937741,0.025480651386392772,21021.537393774037,STD,RFA
8475220,Marcus Foligno,LW,2022,65,-0.07,-0.09,23.0,42.0,-0.96,0.54,-1.16,0.0,0.52,3100000.0,3.7575757575757573,82500000,3.779808434468441,3118341.9584364635,0.02223267689268349,18341.95843646388,STD,UFA
8478870,Rudolfs Balcers,LW,2022,16,0.0,0.0,11.0,23.0,2.23,0.22,-0.08,0.0,0.2,1550000.0,1.8787878787878787,82500000,1.896584413357969,1564682.1410203245,0.01779653457009034,14682.141020324529,STD,RFA
8480025,MacKenzie Entwistle,RW,2022,66,-0.04,-0.05,5.0,12.0,-9.27,-1.0,-0.93,-0.0,0.48,800000.0,0.9696969696969697,82500000,0.9789142846910881,807604.2848701477,0.009217314994118375,7604.28487014766,STD,RFA
8482133,Thomas Bordeleau,C,2022,8,-0.02,-0.2,0.0,5.0,-0.88,-0.83,-0.26,0.0,0.36,916667.0,1.111111515151515,82500000,1.117646326728929,922058.2195513663,0.006534811577413979,5391.219551366534,ELC,
8475766,Austin Watson,LW,2022,75,0.14,0.15,10.0,16.0,-4.53,-0.63,-0.05,-0.04,-0.88,1500000.0,1.8181818181818181,82500000,1.8239586275389161,1504765.8677196058,0.005776809357098012,4765.86771960586,STD,UFA
8477429,Andrew Copp,C,2022,82,0.02,0.02,21.0,53.0,-11.47,-1.46,-0.88,-0.04,0.1,3640000.0,4.412121212121212,82500000,4.413363185496044,3641024.628034236,0.001241973374831673,1024.6280342361301,STD,RFA
8477447,Shea Theodore,D,2022,55,0.07,0.1,14.0,52.0,10.9,0.95,0.14,-0.0,-0.12,5200000.0,6.303030303030304,82500000,6.3014582658029585,5198703.069287441,-0.0015720372273451133,-1296.9307125597184,STD,RFA
8477244,Chad Ruhwedel,D,2022,47,0.17,0.3,4.0,13.0,6.71,-1.02,-0.0,-0.06,-0.89,800000.0,0.9696969696969697,82500000,0.9679958057166651,798596.5397162486,-0.0017011639803046208,-1403.4602837513123,STD,UFA
8475231,Casey Cizikas,C,2022,80,0.19,0.19,10.0,16.0,-7.97,-1.01,-0.13,0.03,0.22,2500000.0,3.0303030303030303,82500000,3.0243194375410454,2495063.5359713626,-0.005983592761984902,-4936.464028637543,STD,UFA
8479328,Julien Gauthier,RW,2022,56,0.05,0.07,3.0,7.0,2.34,-2.37,-0.07,0.0,1.96,775000.0,0.9393939393939393,82500000,0.9319862408245481,768888.6486802521,-0.0074076985693912745,-6111.351319747801,STD,RFA
8478396,Noah Hanifin,D,2022,81,0.22,0.22,10.0,48.0,16.57,-5.15,-0.17,0.08,-1.19,4950000.0,6.0,82500000,5.989823007238764,4941603.98097198,-0.010176992761236292,-8396.01902801994,STD,RFA
8482475,Yegor Chinakhov,RW,2022,29,-0.02,-0.06,7.0,14.0,-2.15,-2.03,-0.13,0.0,-0.27,925000.0,1.121212121212121,82500000,1.1047288069826369,911401.2657606754,-0.016483314229484236,-13598.734239324494,ELC,
8479335,Rasmus Asplund,C,2022,46,0.02,0.04,8.0,27.0,-4.62,-1.07,-0.11,-0.0,0.77,825000.0,1.0,82500000,0.9805919147624049,808988.3296789841,-0.019408085237595074,-16011.670321015936,STD,RFA
8479671,Mathieu Olivier,RW,2022,65,0.07,0.09,0.0,1.0,-2.07,-4.51,-0.01,0.0,-1.56,750000.0,0.9090909090909091,82500000,0.8883879114833046,732920.0269737263,-0.020702997607604412,-17079.97302627364,STD,RFA
8476479,Phillip Danault,C,2022,82,-0.13,-0.13,27.0,51.0,11.98,0.61,1.01,-0.14,0.28,5500000.0,6.666666666666667,82500000,6.6428858859967885,5480380.85594735,-0.023780780669878432,-19619.144052649706,STD,UFA
8478062,Dysin Mayo,D,2022,15,-0.01,-0.05,4.0,12.0,-1.69,-0.37,-0.02,-0.02,0.2,950000.0,1.1515151515151514,82500000,1.1213249255714413,925093.0635964391,-0.030190225943710125,-24906.936403560852,STD,UFA
8478058,CJ Suess,C,2022,1,0.0,0.0,0.0,0.0,0.15,-0.03,-0.0,0.0,-0.17,725000.0,0.8787878787878787,82500000,0.8417790184706728,694467.6902383051,-0.03700886031720585,-30532.309761694825,STD,RFA
8477369,Carson Soucy,D,2022,78,0.2,0.21,10.0,21.0,7.01,0.97,-0.19,0.04,-2.83,2750000.0,3.3333333333333335,82500000,3.2943596883378774,2717846.7428787486,-0.03897364499545608,-32153.257121251267,STD,UFA
8474150,Mikael Backlund,C,2022,82,0.05,0.05,12.0,39.0,11.42,3.41,0.22,0.06,-0.58,5350000.0,6.484848484848485,82500000,6.4453485599778215,5317412.561981703,-0.03949992487066378,-32587.438018297624,STD,UFA
8477979,Nicolas Aube Kubel,RW,2022,53,0.04,0.06,11.0,23.0,-1.29,1.32,-0.02,0.0,-0.74,1075000.0,1.3030303030303032,82500000,1.2599989291462226,1039499.1165456336,-0.043031373884080626,-35500.88345436652,STD,RFA
8474189,Lars Eller,C,2022,84,0.34,0.33,13.0,31.0,-6.03,-0.18,-0.21,0.19,-1.13,3500000.0,4.242424242424243,82500000,4.198921018770559,3464109.8404857107,-0.04350322365368431,-35890.15951428955,STD,UFA
8477939,William Nylander,C,2022,82,1.14,1.14,34.0,80.0,22.17,-5.96,3.16,0.03,0.79,7514935.0,9.109012121212121,82500000,9.06376153860556,7477603.269349586,-0.04525058260656145,-37331.7306504132,STD,RFA
8481521,Ronnie Attard,D,2022,2,0.0,0.0,2.0,4.0,0.14,0.12,-0.06,0.0,0.01,883750.0,1.0712121212121213,82500000,1.0229238725221173,843912.1948307467,-0.04828824869000403,-39837.805169253326,ELC,
8477951,Nick Schmaltz,C,2022,63,-0.14,-0.18,23.0,59.0,13.95,-2.63,-0.67,0.02,0.74,5850000.0,7.090909090909091,82500000,7.0400128549636225,5808010.605344989,-0.05089623594546833,-41989.394655011376,STD,RFA
8476878,Zemgus Girgensons,C,2022,80,-0.02,-0.02,10.0,18.0,-3.76,1.29,0.33,-0.28,1.38,2200000.0,2.666666666666667,82500000,2.612391498808666,2155222.9865171495,-0.054275167858000906,-44777.01348285075,STD,UFA
8481618,Alex Newhook,C,2022,82,0.03,0.03,13.0,33.0,0.69,1.49,-0.85,0.0,-0.47,908333.0,1.101009696969697,82500000,1.0413375229851205,859103.4564627244,-0.05967217398457647,-49229.54353727558,ELC,
8476958,Jaccob Slavin,D,2022,76,1.21,1.31,4.0,42.0,24.86,8.09,-0.12,0.18,0.82,5300000.0,6.424242424242424,82500000,6.355669280435071,5243427.156358933,-0.06857314380735247,-56572.84364106579,STD,RFA
8477938,Haydn Fleury,D,2022,29,0.09,0.25,2.0,4.0,-1.09,0.44,-0.01,0.0,0.92,1300000.0,1.575757575757576,82500000,1.4975635168764168,1235489.9014230438,-0.07819405888115916,-64510.098576956305,STD,RFA
8474641,Adam Henrique,C,2022,62,0.18,0.24,19.0,42.0,9.34,-3.99,1.08,0.16,-0.13,5825000.0,7.0606060606060606,82500000,6.9696756805440305,5749982.4364488255,-0.09093038006203003,-75017.56355117477,STD,UFA
8476854,Hampus Lindholm,D,2022,80,0.18,0.18,5.0,27.0,17.73,4.94,0.84,0.2,-1.87,6500000.0,7.878787878787878,82500000,7.785776612026195,6423265.704921611,-0.0930112667616827,-76734.29507838823,STD,UFA
8479523,Lucas Carlsson,D,2022,2,0.0,0.0,3.0,9.0,-0.28,0.12,-0.0,0.0,-0.17,750000.0,0.9090909090909091,82500000,0.8110211021129476,669092.4092431817,-0.09806980697796142,-80907.59075681816,STD,RFA
8479536,Axel Jonsson Fjallby,LW,2022,50,0.03,0.05,2.0,4.0,0.22,0.53,-0.04,0.0,0.27,750000.0,0.9090909090909091,82500000,0.8104355904247846,668609.3621004473,-0.09865531866612443,-81390.63789955265,STD,RFA
8479985,Cale Fleury,D,2022,12,0.03,0.2,0.0,0.0,1.36,0.07,-0.02,0.0,-0.14,750000.0,0.9090909090909091,82500000,0.7825030035459708,645564.977925426,-0.12658790554493826,-104435.02207457407,STD,RFA
8479520,Brandon Duhaime,RW,2022,51,0.08,0.13,6.0,17.0,0.25,-0.32,-0.03,0.0,0.61,750000.0,0.9090909090909091,82500000,0.764418859707904,630645.5592590208,-0.14467204938300504,-119354.44074097916,STD,RFA
8478402,Connor McDavid,C,2022,82,3.08,3.08,44.0,123.0,56.82,0.66,11.95,0.3,4.76,12500000.0,15.151515151515152,82500000,15.001540875110317,12376271.221966011,-0.1499742764048353,-123728.77803398912,STD,RFA
8480184,Gustav Lindstrom,D,2022,36,0.07,0.16,1.0,13.0,-2.4,-1.17,-0.02,0.0,-1.44,850000.0,1.0303030303030303,82500000,0.8774528916592477,723898.6356188793,-0.1528501386437826,-126101.36438112064,STD,RFA
8481014,Alexander Romanov,D,2022,76,0.07,0.08,3.0,13.0,-1.47,-2.01,-0.04,-0.08,-1.09,894167.0,1.0838387878787878,82500000,0.9299369131581212,767197.9533554501,-0.15390187472066663,-126969.04664454998,ELC,
8479705,Jeffrey Viel,LW,2022,4,0.0,0.0,3.0,5.0,0.53,-0.54,-0.01,0.0,0.18,750000.0,0.9090909090909091,82500000,0.7491248219126412,618027.978077929,-0.15996608717826788,-131972.021922071,STD,RFA
8474145,Robert Bortuzzo,D,2022,43,-0.02,-0.04,1.0,6.0,-0.62,0.7,-0.01,-0.15,-1.43,950000.0,1.1515151515151514,82500000,0.9886730257669853,815655.246257763,-0.16284212574816603,-134344.75374223696,STD,UFA
8479972,Mason Shaw,C,2022,58,0.14,0.2,0.0,0.0,-1.27,0.58,-0.14,0.0,0.46,750000.0,0.9090909090909091,82500000,0.7351922619695195,606533.6161248536,-0.17389864712138958,-143466.38387514642,STD,RFA
8475810,Bryan Rust,RW,2022,81,0.21,0.21,24.0,58.0,7.58,-1.37,0.03,0.01,0.61,5125000.0,6.212121212121212,82500000,6.0353145266947426,4979134.484523162,-0.17680668542646938,-145865.51547683723,STD,UFA
8476469,Joel Armia,RW,2022,43,-0.16,-0.31,6.0,14.0,-2.34,-2.05,-0.64,0.03,-0.9,3400000.0,4.121212121212121,82500000,3.935849350858865,3247075.7144585634,-0.18536277035325632,-152924.28554143646,STD,UFA
8479333,Libor Hajek,D,2022,16,0.04,0.2,0.0,1.0,-0.44,0.53,-0.0,0.0,-0.3,874125.0,1.0595454545454546,82500000,0.8732160320136444,720403.2264112567,-0.18632942253181017,-153721.7735887434,STD,RFA
8479370,Tyson Jost,C,2022,71,0.05,0.06,8.0,20.0,-3.58,-1.29,-0.08,-0.08,0.68,2000000.0,2.4242424242424243,82500000,2.224453532414394,1835174.164241875,-0.1997888918280304,-164825.8357581251,STD,RFA
8477887,Patrick Brown,C,2022,61,0.02,0.03,4.0,9.0,-5.44,-1.05,-0.06,-0.07,-0.72,750000.0,0.9090909090909091,82500000,0.7061764382999769,582595.5615974809,-0.20291447079093217,-167404.43840251904,STD,UFA
8482111,Justin Barron,D,2022,38,0.05,0.11,1.0,2.0,0.82,-4.14,-0.42,0.0,-0.22,925000.0,1.121212121212121,82500000,0.9166783263712066,756259.6192562454,-0.2045337948409145,-168740.38074375447,ELC,
8477479,Tyler Bertuzzi,LW,2022,50,0.22,0.36,30.0,62.0,4.71,-2.53,-0.39,0.0,0.49,4750000.0,5.757575757575758,82500000,5.5522366207478715,4580595.212116994,-0.2053391368278863,-169404.7878830062,STD,RFA
8477503,Max Domi,C,2022,80,-0.17,-0.17,11.0,39.0,4.07,-4.95,-0.06,0.0,-0.59,5300000.0,6.424242424242424,82500000,6.215899742227515,5128117.2873377,-0.20834268201490858,-171882.71266229957,STD,RFA
8481641,Joel Kiviranta,LW,2022,70,0.17,0.2,1.0,7.0,-6.23,0.15,-0.06,0.09,-1.03,1050000.0,1.2727272727272727,82500000,1.058672582163661,873404.8802850202,-0.21405469056361182,-176595.11971497975,STD,RFA
8470604,Jeff Carter,C,2022,79,0.09,0.09,19.0,45.0,-0.71,-3.09,0.48,-0.06,-1.33,3125000.0,3.787878787878788,82500000,3.571004602046189,2946078.796688106,-0.21687418583259888,-178921.2033118941,STD,UFA
8479343,Clayton Keller,RW,2022,82,0.39,0.39,28.0,63.0,28.94,-5.67,1.19,0.02,1.16,7150000.0,8.666666666666668,82500000,8.448914491185255,6970354.455227834,-0.21775217548141335,-179645.544772166,STD,RFA
8479602,Jeremy Davies,D,2022,1,0.0,0.0,0.0,2.0,-0.02,-0.19,-0.0,0.0,-0.17,750000.0,0.9090909090909091,82500000,0.6894295846406546,568779.4073285401,-0.21966132445025444,-181220.59267145992,STD,RFA
8476459,Mika Zibanejad,C,2022,82,1.12,1.12,29.0,81.0,20.21,-1.58,5.18,0.08,2.68,8500000.0,10.303030303030303,82500000,10.078312406596423,8314607.735442048,-0.22471789643388007,-185392.26455795104,STD,UFA
8482660,Kent Johnson,C,2022,79,0.0,0.0,0.0,3.0,1.62,-3.22,0.83,0.0,0.89,925000.0,1.121212121212121,82500000,0.8961423330815954,739317.4247923162,-0.2250697881305257,-185682.5752076837,ELC,
8477444,Andre Burakovsky,LW,2022,48,0.15,0.26,22.0,61.0,1.97,-4.0,0.37,0.0,0.66,4900000.0,5.9393939393939394,82500000,5.707359296153916,4708571.419326981,-0.23203464324002354,-191428.58067301943,STD,RFA
8480831,Alec Regula,D,2022,4,0.01,0.2,1.0,1.0,-0.7,-0.29,-0.12,0.0,-0.33,866667.0,1.0505054545454546,82500000,0.8170211378144323,674042.4386969067,-0.23348431673102232,-192624.5613030934,ELC,
8479376,Victor Mete,D,2022,11,0.02,0.15,0.0,7.0,-0.35,-0.56,-0.02,0.01,-0.14,1200000.0,1.4545454545454546,82500000,1.2191972310893728,1005837.7156487326,-0.23534822345608175,-194162.28435126744,STD,RFA
8477471,Dillon Heatherington,D,2022,3,0.0,0.0,0.0,0.0,-0.04,-0.07,-0.0,0.0,0.01,750000.0,0.9090909090909091,82500000,0.665569616246712,549094.9334035374,-0.2435212928441971,-200905.0665964626,STD,UFA
8479388,Riley Stillman,D,2022,50,0.06,0.1,2.0,12.0,3.99,-3.1,-0.03,-0.01,-0.55,1350000.0,1.6363636363636365,82500000,1.3907270476537512,1147349.8143143447,-0.24563658870988525,-202650.18568565533,STD,RFA
8477969,Marcus Pettersson,D,2022,68,0.44,0.53,2.0,19.0,16.86,-3.71,-0.2,0.07,-1.44,4025175.0,4.879,82500000,4.630720422978479,3820344.3489572452,-0.24827957702152048,-204830.6510427544,STD,RFA
8482055,Drew O'Connor,LW,2022,46,0.03,0.05,3.0,5.0,1.9,-1.63,-0.02,0.0,0.08,750000.0,0.9090909090909091,82500000,0.6535737870186189,539198.3742903606,-0.25551712207229016,-210801.62570963937,STD,RFA
8478911,Matt Roy,D,2022,82,0.36,0.36,2.0,21.0,6.67,1.41,-0.07,-0.08,-1.25,3150000.0,3.8181818181818183,82500000,3.53005118612149,2912292.228550229,-0.2881306320603283,-237707.77144977084,STD,RFA
8473504,Cal Clutterbuck,RW,2022,49,0.22,0.37,6.0,15.0,-0.89,0.35,-0.03,0.05,-0.57,1750000.0,2.1212121212121215,82500000,1.828429846640434,1508454.623478358,-0.2927822745716875,-241545.3765216422,STD,UFA
8474586,Jordan Eberle,RW,2022,82,0.06,0.06,21.0,44.0,11.78,0.45,0.3,0.0,-0.94,5500000.0,6.666666666666667,82500000,6.370980146185657,5256058.6206031665,-0.2956865204810102,-243941.37939683342,STD,UFA
8481481,Blake Lizotte,C,2022,81,0.34,0.34,10.0,24.0,4.41,-0.7,-0.08,0.08,1.04,1675000.0,2.0303030303030303,82500000,1.7332398665915125,1429922.8899379978,-0.29706316371151775,-245077.11006200215,STD,RFA
8475462,Radko Gudas,D,2022,72,0.11,0.13,3.0,16.0,9.43,2.9,-0.17,0.01,-2.83,2500000.0,3.0303030303030303,82500000,2.725708444539949,2248709.4667454576,-0.3045945857630814,-251290.53325454216,STD,UFA
8479252,Dan Renouf,D,2022,1,0.0,0.0,0.0,0.0,0.04,-0.13,-0.0,0.0,0.0,850000.0,1.0303030303030303,82500000,0.7244487176888104,597670.1920932686,-0.3058543126142199,-252329.8079067314,STD,UFA
8479425,Filip Hronek,D,2022,63,0.04,0.05,5.0,38.0,0.97,-1.54,0.79,-0.13,-0.59,4400000.0,5.333333333333334,82500000,5.015949463285514,4138158.3072105492,-0.31738387004782,-261841.69278945148,STD,RFA
8478458,Jack Roslovic,C,2022,77,-0.19,-0.2,22.0,45.0,-0.92,-6.93,-0.7,-0.02,2.1,4000000.0,4.848484848484849,82500000,4.528992981741899,3736419.209937067,-0.3194918667429496,-263580.7900629334,STD,RFA
8477462,Robert Hagg,D,2022,38,0.06,0.13,1.0,9.0,-0.03,-0.06,-0.01,-0.04,-1.25,1600000.0,1.9393939393939394,82500000,1.6185073643314514,1335268.5755734474,-0.3208865750624881,-264731.42442655266,STD,RFA
8479336,Carl Grundstrom,LW,2022,57,0.03,0.04,9.0,15.0,4.08,1.04,0.26,-0.01,-0.4,725000.0,0.8787878787878787,82500000,0.5545583078409777,457510.60396880656,-0.32422957094690097,-267489.3960311933,STD,RFA
8474027,Justin Braun,D,2022,51,0.03,0.05,6.0,18.0,-3.88,1.2,-0.03,-0.12,-0.54,1800000.0,2.181818181818182,82500000,1.8490613160934082,1525475.5857770618,-0.3327568657247739,-274524.4142229385,STD,UFA
8478211,Dryden Hunt,LW,2022,37,0.03,0.07,6.0,17.0,-3.23,0.03,-0.02,0.0,0.22,762500.0,0.9242424242424243,82500000,0.571901936384899,471819.09751754167,-0.35234048785752536,-290680.90248245845,STD,UFA
8477846,Ryan Carpenter,C,2022,21,0.01,0.04,3.0,12.0,-2.5,-0.03,-0.01,-0.01,-0.47,1000000.0,1.2121212121212122,82500000,0.8585900401614133,708336.783133166,-0.3535311719597989,-291663.2168668341,STD,UFA
8479442,Troy Stecher,D,2022,81,0.19,0.19,1.0,3.0,-2.3,-3.02,-0.1,0.0,-0.95,1700000.0,2.0606060606060606,82500000,1.701631293538762,1403845.8171694786,-0.3589747670672985,-296154.18283052125,STD,UFA
8475768,Jaden Schwartz,LW,2022,71,0.44,0.51,8.0,23.0,-4.25,-0.04,0.67,0.01,-0.28,5500000.0,6.666666666666667,82500000,6.30602480536726,5202470.464427989,-0.3606418612994071,-297529.53557201085,STD,UFA
8481599,Victor Soderstrom,D,2022,30,0.07,0.19,0.0,0.0,0.98,-1.68,-0.05,0.0,-1.44,863334.0,1.0464654545454544,82500000,0.680704113551629,561580.8936800939,-0.3657613409938254,-301753.10631990596,ELC,
8476422,Mike Reilly,D,2022,10,-0.01,-0.08,4.0,17.0,1.06,0.07,-0.17,-0.0,0.03,3000000.0,3.6363636363636362,82500000,3.266511776204357,2694872.215368595,-0.36985186015927907,-305127.78463140526,STD,UFA
8480070,Ian Mitchell,D,2022,35,0.04,0.09,0.0,1.0,-0.55,-5.35,-0.72,0.0,-0.24,925000.0,1.121212121212121,82500000,0.749431392764631,618280.8990308206,-0.3717807284474901,-306719.10096917936,ELC,
8476458,Ryan Strome,C,2022,82,-0.35,-0.35,21.0,54.0,4.2,-13.66,-2.0,0.01,-2.8,4500000.0,5.454545454545454,82500000,5.0795554715792495,4190633.264052881,-0.37498998296620467,-309366.73594711884,STD,RFA
8476913,Devin Shore,C,2022,47,0.04,0.07,5.0,11.0,-0.29,-0.29,-0.04,-0.01,0.76,850000.0,1.0303030303030303,82500000,0.6538744301180639,539446.4048474027,-0.3764286001849664,-310553.59515259723,STD,RFA
8482124,Quinton Byfield,C,2022,53,-0.01,-0.02,5.0,10.0,-4.6,-0.41,-0.44,0.0,-0.88,894167.0,1.0838387878787878,82500000,0.7063156869176748,582710.4417070817,-0.3775231009611131,-311456.5582929183,ELC,
8482079,Marco Rossi,C,2022,19,0.01,0.04,0.0,0.0,-1.23,-0.59,-0.37,0.0,-0.13,863334.0,1.0464654545454544,82500000,0.6613882043961166,545645.2686267962,-0.3850772501493378,-317688.7313732037,ELC,
8481581,Thomas Harley,D,2022,6,0.02,0.27,1.0,4.0,-0.01,0.48,-0.01,0.0,0.02,863334.0,1.0464654545454544,82500000,0.6495454583789204,535875.0031626093,-0.39691999616653395,-327458.9968373905,ELC,
8476927,Teddy Blueger,C,2022,63,0.31,0.4,9.0,28.0,-2.67,-0.5,-0.07,0.16,0.66,2200000.0,2.666666666666667,82500000,2.267132365842377,1870384.201819961,-0.39953430082429,-329615.7981800392,STD,RFA
8479465,Drake Caggiula,LW,2022,4,0.0,0.0,2.0,5.0,-0.2,-0.29,-0.0,-0.0,0.0,750000.0,0.9090909090909091,82500000,0.49813817730579046,410963.9962772772,-0.4109527317851186,-339036.0037227229,STD,UFA
8475752,Tyler Pitlick,C,2022,61,0.05,0.07,1.0,5.0,-1.7,-0.12,-0.07,0.0,0.96,1750000.0,2.1212121212121215,82500000,1.709382944950553,1410240.9295842063,-0.41182917626156845,-339759.070415794,STD,UFA
8481147,Reese Johnson,C,2022,54,0.13,0.2,1.0,5.0,-7.43,-1.19,-0.02,0.0,-0.06,800000.0,0.9696969696969697,82500000,0.5490393746955071,452957.4841237934,-0.4206575950014626,-347042.5158762066,STD,RFA
8477955,Jared McCann,C,2022,79,0.43,0.45,27.0,50.0,26.64,-1.78,0.03,0.16,2.79,5000000.0,6.0606060606060606,82500000,5.638006067633407,4651355.005797561,-0.4225999929726534,-348644.99420243903,STD,RFA
8478408,Travis Dermott,D,2022,11,0.06,0.45,2.0,7.0,-0.26,0.05,-0.01,0.01,-0.14,1500000.0,1.8181818181818181,82500000,1.381704734973935,1139906.4063534965,-0.43647708320788303,-360093.59364650346,STD,RFA
8474612,Travis Hamonic,D,2022,75,0.06,0.07,4.0,10.0,8.26,-2.94,0.31,0.11,-2.46,3000000.0,3.6363636363636362,82500000,3.178446866763263,2622218.6650796924,-0.4579167696003732,-377781.3349203079,STD,UFA
8478468,Jeremy Lauzon,D,2022,67,0.1,0.12,2.0,7.0,3.0,-5.83,-0.04,0.05,-1.83,2000000.0,2.4242424242424243,82500000,1.962044973905881,1618687.1034723518,-0.46219745033654336,-381312.89652764826,STD,RFA
8477810,Joel Hanley,D,2022,26,0.06,0.19,2.0,6.0,-0.98,1.15,-0.01,0.0,-0.62,750000.0,0.9090909090909091,82500000,0.44052363232518665,363431.99666827894,-0.4685672767657224,-386568.003331721,STD,UFA
8475692,Mats Zuccarello,RW,2022,78,0.23,0.24,24.0,79.0,4.46,2.87,0.53,-0.0,1.65,6000000.0,7.2727272727272725,82500000,6.793211331096105,5604399.348154287,-0.47951594163116784,-395600.65184571344,STD,UFA
8476925,Colton Sissons,C,2022,82,-0.52,-0.52,7.0,28.0,-1.36,-6.62,-0.79,-0.28,1.77,2857143.0,3.463203636363636,82500000,2.9831482705384413,2461097.323194214,-0.4800553658251947,-396045.6768057856,STD,RFA
8480879,Jacob Bernard Docker,D,2022,19,0.04,0.17,0.0,1.0,-0.2,-0.01,-0.01,0.0,-0.45,925000.0,1.121212121212121,82500000,0.6391895374897025,527331.3684290046,-0.4820225837224186,-397668.6315709953,ELC,
8481058,Jesse Ylonen,RW,2022,37,-0.01,-0.02,2.0,5.0,-0.97,-1.18,-0.36,0.0,0.6,880833.0,1.0676763636363635,82500000,0.5833813711179712,481289.6311723262,-0.48429499251839236,-399543.36882767366,ELC,
8479578,Casey Fitzgerald,D,2022,27,0.07,0.21,0.0,6.0,-0.14,-1.74,-0.0,0.0,0.57,750000.0,0.9090909090909091,82500000,0.41434680100501886,341836.1108291406,-0.4947441080858902,-408163.8891708595,STD,RFA
8475745,Charlie Coyle,C,2022,82,0.4,0.4,16.0,44.0,10.87,-2.24,-0.86,0.04,1.79,5250000.0,6.363636363636363,82500000,5.8664468805599395,4839818.67646195,-0.49718948307642385,-410181.3235380497,STD,UFA
8481167,Brayden Pachal,D,2022,10,0.03,0.25,0.0,0.0,0.88,0.04,-0.0,0.0,-0.65,765000.0,0.9272727272727272,82500000,0.4225668103502489,348617.61853895534,-0.5047059169224783,-416382.3814610446,ELC,
8474884,Mike Hoffman,LW,2022,67,0.01,0.01,15.0,35.0,-3.91,-1.91,-0.57,0.0,-1.51,4500000.0,5.454545454545454,82500000,4.936805177486688,4072864.271426518,-0.517740277058766,-427135.72857348196,STD,UFA
8477903,Garnet Hathaway,RW,2022,84,0.18,0.18,14.0,26.0,4.68,2.09,-0.01,0.17,1.37,1500000.0,1.8181818181818181,82500000,1.298453964543766,1071224.5207486069,-0.5197278536380521,-428775.47925139294,STD,UFA
8477507,Nikita Zadorov,D,2022,82,0.09,0.09,4.0,22.0,17.02,-2.27,-0.28,-0.04,-1.76,3750000.0,4.545454545454546,82500000,4.01460898397489,3312052.411779284,-0.5308455614796559,-437947.58822071616,STD,RFA
8477341,Andreas Johnsson,LW,2022,13,-0.01,-0.06,13.0,35.0,-0.29,0.3,-0.23,0.0,0.03,3400000.0,4.121212121212121,82500000,3.5578640576483522,2935237.8475598907,-0.5633480635637689,-464762.15244010935,STD,RFA
8474709,Matt Martin,LW,2022,81,0.08,0.08,3.0,7.0,-10.9,-0.34,-0.07,0.0,0.34,1500000.0,1.8181818181818181,82500000,1.2431983117047203,1025638.6071563942,-0.5749835064770978,-474361.3928436057,STD,UFA
8478463,Anthony Beauvillier,C,2022,82,0.17,0.17,12.0,34.0,-1.89,-2.84,-0.84,0.0,0.25,4150000.0,5.03030303030303,82500000,4.454857210867059,3675257.198965324,-0.5754458194359708,-474742.80103467597,STD,RFA
8479337,Alex DeBrincat,RW,2022,82,0.99,0.99,41.0,78.0,9.61,-2.1,3.22,-0.0,2.5,6400000.0,7.757575757575758,82500000,7.173711493979377,5918311.982532986,-0.5838642635963804,-481688.01746701385,STD,RFA
8479580,Dylan Gambrell,C,2022,60,0.2,0.27,3.0,7.0,-3.15,-0.19,-0.02,-0.02,-0.89,950000.0,1.1515151515151514,82500000,0.5669633370173042,467744.75303927594,-0.5845518144978472,-482255.24696072395,STD,RFA
8474157,Max Pacioretty,LW,2022,5,0.06,0.98,19.0,37.0,0.42,0.27,0.18,0.0,0.18,7000000.0,8.484848484848486,82500000,7.884302030193078,6504549.17490929,-0.600546454655408,-495450.8250907116,STD,UFA
8474573,Josh Bailey,RW,2022,64,0.21,0.27,14.0,44.0,1.58,-2.77,-0.06,0.06,0.52,5000000.0,6.0606060606060606,82500000,5.453093986834888,4498802.539138783,-0.6075120737711721,-501197.460861217,STD,UFA
8474618,Marco Scandella,D,2022,20,0.08,0.33,3.0,14.0,0.44,-1.05,-0.02,-0.03,-0.44,3275000.0,3.9696969696969697,82500000,3.355084632173819,2767944.8215434006,-0.6146123375231509,-507055.1784565995,STD,UFA
8476539,Jonathan Marchessault,LW,2022,76,0.29,0.31,30.0,66.0,7.73,0.97,0.64,0.0,-0.27,5000000.0,6.0606060606060606,82500000,5.445302914086339,4492374.904121229,-0.6153031465197216,-507625.09587877034,STD,UFA
8479543,Michael Pezzetta,LW,2022,63,0.04,0.05,5.0,11.0,1.44,-1.58,0.37,0.0,-1.08,750000.0,0.9090909090909091,82500000,0.2840811837867001,234366.9766240276,-0.625009725304209,-515633.0233759724,STD,RFA
8476438,Brandon Saad,LW,2022,71,0.41,0.47,24.0,49.0,-1.83,-1.81,-0.79,0.11,0.56,4500000.0,5.454545454545454,82500000,4.819990070239195,3976491.8079473358,-0.6345553843062595,-523508.19205266406,STD,UFA
8474613,Derek Stepan,C,2022,73,0.1,0.11,9.0,19.0,4.76,2.33,-0.07,0.04,0.29,1350000.0,1.6363636363636365,82500000,0.9924464481152988,818768.3196951215,-0.6439171882483377,-531231.6803048786,STD,UFA
8480056,Jack Rathbone,D,2022,11,0.01,0.07,0.0,0.0,0.49,-0.43,-0.21,0.0,0.2,925000.0,1.121212121212121,82500000,0.4632380195324952,382171.3661143086,-0.6579741016796259,-542828.6338856914,ELC,
8480289,Morgan Barron,C,2022,70,0.17,0.2,2.0,5.0,0.73,-2.54,-0.13,0.0,0.0,925000.0,1.121212121212121,82500000,0.45637283702004083,376507.59054153366,-0.6648392841920803,-548492.4094584662,ELC,
8477126,Jayson Megna,C,2022,55,-0.01,-0.01,0.0,3.0,-3.56,-1.42,-0.02,0.0,-0.07,750000.0,0.9090909090909091,82500000,0.23349299816343994,192631.72348483797,-0.6755979109274691,-557368.2765151621,STD,UFA
8477527,Ross Johnston,LW,2022,16,0.0,0.0,2.0,7.0,-1.72,-0.06,-0.01,0.0,-0.49,1100000.0,1.3333333333333335,82500000,0.6436965257540823,531049.633747118,-0.6896368075792512,-568950.3662528823,STD,UFA
8473422,Nick Foligno,LW,2022,60,0.04,0.05,2.0,13.0,1.97,2.19,0.22,0.0,0.14,3800000.0,4.6060606060606055,82500000,3.912957573337076,3228189.9980030875,-0.6931030327235295,-571810.0019969118,STD,UFA
8481517,Brett Leason,RW,2022,54,0.04,0.06,3.0,6.0,-4.06,-4.5,-0.04,0.0,0.28,775000.0,0.9393939393939393,82500000,0.23989611120432386,197914.29174356718,-0.6994978281896155,-577085.7082564328,STD,RFA
8475747,Patrik Nemeth,D,2022,75,-0.38,-0.42,2.0,7.0,-8.39,-2.43,-0.01,-0.35,-1.28,2500000.0,3.0303030303030303,82500000,2.3303464302987926,1922535.804996504,-0.6999566000042377,-577464.195003496,STD,UFA
8474673,TJ Brodie,D,2022,58,0.63,0.89,4.0,28.0,10.11,7.0,-0.09,-0.12,1.42,5000000.0,6.0606060606060606,82500000,5.358546068352011,4420800.506390409,-0.7020599922540498,-579199.493609591,STD,UFA
8478173,Hayden Hodgson,RW,2022,1,0.0,0.0,1.0,3.0,-0.15,0.01,-0.0,0.0,0.0,750000.0,0.9090909090909091,82500000,0.19244263992300858,158765.17793648207,-0.7166482691679005,-591234.8220635179,STD,
8477931,Tomas Nosek,LW,2022,66,0.17,0.21,3.0,17.0,-2.84,-0.68,-0.04,0.01,-1.21,1750000.0,2.1212121212121215,82500000,1.4041464493806028,1158420.8207389973,-0.7170656718315187,-591579.1792610029,STD,UFA
8478495,Denis Gurianov,RW,2022,66,0.02,0.02,11.0,31.0,-11.55,0.23,-0.49,0.0,0.5,2900000.0,3.5151515151515147,82500000,2.7908033642687453,2302412.775521715,-0.7243481508827694,-597587.2244782847,STD,RFA
8481568,Alex Vlasic,D,2022,6,0.02,0.27,1.0,2.0,-1.2,0.36,-0.0,0.0,0.02,916667.0,1.111111515151515,82500000,0.3854089896177406,317962.41643463605,-0.7257025255337743,-598704.5835653638,ELC,
8482175,JJ Peterka,C,2022,77,0.06,0.06,0.0,0.0,5.91,-5.68,-0.49,0.0,0.19,855834.0,1.0373745454545455,82500000,0.309675819331348,255482.5509483621,-0.7276987261231975,-600351.449051638,ELC,
8480448,Parker Kelly,C,2022,55,0.1,0.15,7.0,12.0,-6.14,-0.78,-0.03,-0.02,0.45,762500.0,0.9242424242424243,82500000,0.19108241085707256,157642.98895708486,-0.7331600133853517,-604857.0110429152,STD,RFA
8474207,Nick Holden,D,2022,65,0.13,0.16,5.0,19.0,4.86,-2.02,-0.04,-0.14,0.03,1300000.0,1.575757575757576,82500000,0.8350530622132109,688918.776325899,-0.7407045135443651,-611081.2236741012,STD,UFA
8475753,Justin Faulk,D,2022,82,-0.14,-0.14,16.0,47.0,11.32,-4.67,-0.9,-0.02,-1.52,6500000.0,7.878787878787878,82500000,7.138050988657378,5888892.065642337,-0.7407368901305,-611107.9343576626,STD,UFA
8482089,Jake Neighbours,LW,2022,42,0.07,0.14,1.0,2.0,-1.84,-2.39,0.19,0.0,0.1,835834.0,1.0131321212121212,82500000,0.2703323402164717,223024.18067858915,-0.7427997809956495,-612809.8193214108,ELC,
8474818,Jordie Benn,D,2022,12,0.02,0.14,1.0,8.0,0.09,0.13,-0.02,-0.01,-0.65,900000.0,1.090909090909091,82500000,0.34145654517727486,281701.6497712518,-0.7494525457318162,-618298.3502287484,STD,UFA
8477935,Sam Bennett,C,2022,63,0.1,0.13,28.0,49.0,9.51,-1.37,0.68,0.02,-0.82,4425000.0,5.363636363636363,82500000,4.592283075463657,3788633.5372575168,-0.7713532881727065,-636366.4627424829,STD,RFA
8478416,Erik Cernak,D,2022,70,-0.07,-0.08,1.0,13.0,6.63,-1.7,-0.09,-0.06,-0.6,2950000.0,3.5757575757575757,82500000,2.7986602676593755,2308894.720818985,-0.7770973080982002,-641105.2791810152,STD,RFA
8481560,Arthur Kaliyev,RW,2022,56,0.2,0.29,14.0,27.0,1.78,-1.46,1.82,0.0,0.12,894167.0,1.0838387878787878,82500000,0.30130444375622467,248576.16609888535,-0.7825343441225632,-645590.8339011145,ELC,
8479987,Morgan Geekie,C,2022,69,0.05,0.06,7.0,22.0,3.15,-2.75,0.23,-0.02,0.13,750000.0,0.9090909090909091,82500000,0.12457037523655856,102770.55957016081,-0.7845205338543505,-647229.4404298392,STD,RFA
8477359,Tucker Poolman,D,2022,3,0.0,0.0,1.0,3.0,-0.29,-0.06,-0.0,0.0,0.01,2500000.0,3.0303030303030303,82500000,2.243249019363388,1850680.440974795,-0.7870540109396424,-649319.5590252051,STD,UFA
8480031,Max Comtois,LW,2022,64,-0.1,-0.13,6.0,16.0,-3.25,-5.1,-1.07,0.0,0.5,2037500.0,2.4696969696969697,82500000,1.675699526029348,1382452.1089742118,-0.7939974436676218,-655047.891025788,STD,RFA
8482125,Alexander Holtz,RW,2022,19,0.01,0.04,0.0,2.0,0.54,-0.2,0.11,0.0,-0.13,894167.0,1.0838387878787878,82500000,0.28509636778357184,235204.50342144677,-0.798742420095216,-658962.4965785531,ELC,
8481617,Vasily Podkolzin,RW,2022,39,0.03,0.06,14.0,26.0,0.7,-0.7,-0.23,0.0,0.76,925000.0,1.121212121212121,82500000,0.3208041727105382,264663.442486194,-0.8004079485015829,-660336.5575138058,ELC,
8479347,Tyler Benson,LW,2022,2,0.0,0.0,1.0,2.0,-0.26,0.04,-0.01,0.0,0.0,750000.0,0.9090909090909091,82500000,0.10577516089041339,87264.50773459105,-0.8033157482004957,-662735.4922654089,STD,RFA
8476441,Joel Edmundson,D,2022,61,-0.42,-0.56,3.0,6.0,0.03,-5.25,-0.12,0.19,-0.46,3500000.0,4.242424242424243,82500000,3.425172471669855,2825767.2891276306,-0.817251770754388,-674232.71087237,STD,UFA
8479320,Maxime Lajoie,D,2022,3,0.0,0.0,0.0,0.0,-0.06,0.04,-0.0,-0.0,0.0,750000.0,0.9090909090909091,82500000,0.07457858357138747,61527.331446394666,-0.8345123255195216,-688472.6685536052,STD,RFA
8475193,Tomas Tatar,LW,2022,82,-0.05,-0.05,15.0,30.0,9.44,1.89,-0.81,0.0,-0.79,4500000.0,5.454545454545454,82500000,4.611950591624618,3804859.23809031,-0.8425948629208362,-695140.7619096899,STD,UFA
8482641,Matt Kiersted,D,2022,20,0.03,0.12,1.0,2.0,3.44,0.05,-0.0,0.0,-0.13,762500.0,0.9242424242424243,82500000,0.07767422061201046,64081.23200490863,-0.8465682036304139,-698418.7679950915,STD,RFA
8480160,Radim Simek,D,2022,42,0.18,0.35,1.0,2.0,2.86,-1.42,-0.05,0.0,-1.07,2250000.0,2.727272727272727,82500000,1.8806709976006193,1551553.573020511,-0.8466017296721078,-698446.4269794889,STD,UFA
8476463,Jonas Brodin,D,2022,60,0.09,0.12,5.0,30.0,1.06,3.46,-0.45,-0.21,-1.11,6000000.0,7.2727272727272725,82500000,6.4226801642444915,5298711.135501706,-0.850047108482781,-701288.8644982943,STD,UFA
8482652,Walker Duehr,RW,2022,27,0.02,0.06,0.0,0.0,4.23,-0.02,-0.1,0.0,0.05,827500.0,1.003030303030303,82500000,0.14921549674074264,123102.78481111268,-0.8538148062895603,-704397.2151888872,ELC,
8476880,Tom Wilson,RW,2022,33,0.14,0.35,24.0,52.0,0.55,-2.34,0.68,0.01,-0.4,5166667.0,6.262626666666667,82500000,5.380909437191695,4439250.285683149,-0.8817172294749716,-727416.7143168516,STD,RFA
8477073,Kurtis MacDermid,LW,2022,42,0.04,0.08,2.0,5.0,-0.09,-1.0,-0.0,0.0,-2.31,987500.0,1.196969696969697,82500000,0.30772354798453705,253871.9270872431,-0.88924614898516,-733628.0729127569,STD,UFA
8477021,Alexander Kerfoot,C,2022,82,0.26,0.26,13.0,51.0,3.44,2.18,-0.37,0.12,0.56,3500000.0,4.242424242424243,82500000,3.3523950086382417,2765725.8821265497,-0.8900292337860014,-734274.1178734512,STD,RFA
8481708,Zac Jones,D,2022,16,0.03,0.15,0.0,2.0,-0.08,-0.71,-0.21,0.0,-0.12,925000.0,1.121212121212121,82500000,0.22855274137345916,188556.0116331038,-0.892659379838662,-736443.988366896,ELC,
8481606,Jordan Spence,D,2022,6,0.01,0.14,2.0,8.0,0.67,0.3,-0.1,0.0,0.36,820000.0,0.9939393939393939,82500000,0.08801285406628878,72610.60460468824,-0.9059265398731051,-747389.3953953118,ELC,
8481161,Jake Christiansen,D,2022,24,0.06,0.2,1.0,1.0,0.14,-0.47,0.24,0.0,0.41,925000.0,1.121212121212121,82500000,0.2062250132185195,170135.63590527858,-0.9149871079936016,-754864.3640947214,ELC,
8476891,Matt Grzelcyk,D,2022,75,0.12,0.13,4.0,24.0,14.41,1.37,-0.48,0.01,-1.46,3687500.0,4.46969696969697,82500000,3.5424580258554776,2922527.8713307693,-0.9272389438414921,-764972.128669231,STD,RFA
8483397,Marc McLaughlin,C,2022,2,0.0,0.0,3.0,3.0,-0.31,-0.27,-0.03,0.0,-0.17,883750.0,1.0712121212121213,82500000,0.13904459439274497,114711.79037401461,-0.9321675268193763,-769038.2096259855,ELC,
8480036,Miro Heiskanen,D,2022,79,1.11,1.15,5.0,36.0,11.42,4.8,3.99,0.19,-0.65,8450000.0,10.242424242424242,82500000,9.304387602094414,7676119.771727891,-0.9380366403298286,-773880.2282721086,STD,RFA
8474697,Mark Borowiecki,D,2022,4,0.0,0.0,0.0,4.0,0.48,-0.26,-0.0,-0.0,-0.16,900000.0,1.090909090909091,82500000,0.14778538567381538,121922.9431808977,-0.9431237052352757,-778077.0568191024,STD,UFA
8480012,Elias Pettersson,C,2022,80,0.65,0.67,32.0,68.0,10.86,-0.87,1.55,0.08,5.74,7350000.0,8.90909090909091,82500000,7.930491935225932,6542655.846561394,-0.9785989738649779,-807344.1534386068,STD,RFA
8471887,Patric Hornqvist,RW,2022,22,0.12,0.45,11.0,28.0,-1.1,-0.15,-0.13,0.0,0.55,5300000.0,6.424242424242424,82500000,5.445524605505357,4492557.7995419195,-0.9787178187370671,-807442.2004580804,STD,UFA
8480844,Grigori Denisenko,LW,2022,18,0.01,0.05,0.0,0.0,-2.28,-0.4,-0.09,0.0,-0.14,925000.0,1.121212121212121,82500000,0.1403716965397539,115806.64964529697,-0.9808404246723672,-809193.350354703,ELC,
8481522,Peyton Krebs,C,2022,74,-0.01,-0.01,7.0,22.0,-5.56,-3.81,-0.43,-0.0,-0.49,863334.0,1.0464654545454544,82500000,0.06394946969482085,52758.3124982272,-0.9825159848506335,-810575.6875017727,ELC,
8481068,Yegor Sharangovich,C,2022,75,0.13,0.14,24.0,46.0,-0.14,-3.75,-0.09,-0.02,0.88,2000000.0,2.4242424242424243,82500000,1.4374396831386296,1185887.7385893695,-0.9868027411037947,-814112.2614106308,STD,RFA
8477454,Adam Erne,LW,2022,61,0.09,0.12,6.0,19.0,-5.71,0.41,-0.03,-0.01,-0.19,2100000.0,2.5454545454545454,82500000,1.553329245116533,1281496.6272211396,-0.9921253003380124,-818503.3727788603,STD,RFA
8477506,Ryan Pulock,D,2022,82,0.41,0.41,5.0,21.0,8.28,-4.04,-0.28,-0.0,0.32,6150000.0,7.454545454545454,82500000,6.456545159793206,5326649.756829395,-0.9980002947522477,-823350.2431706043,STD,UFA
8477962,Brendan Lemieux,LW,2022,45,0.03,0.05,8.0,13.0,-1.63,-0.13,-0.07,0.0,-1.96,1550000.0,1.8787878787878787,82500000,0.8755586044694184,722335.8486872701,-1.0032292743184603,-827664.1513127297,STD,RFA
8481527,Kaedan Korczak,D,2022,10,0.04,0.33,0.0,0.0,1.33,0.34,-0.01,0.0,0.37,789167.0,0.9565660606060606,82500000,-0.048087091536139326,-39671.85051731494,-1.0046531521422,-828838.850517315,ELC,
8475314,Anders Lee,LW,2022,82,0.66,0.66,28.0,46.0,7.3,-4.46,-0.0,0.0,-0.08,7000000.0,8.484848484848486,82500000,7.475832447854218,6167561.76947973,-1.009016036994268,-832438.2305202711,STD,UFA
8480800,Quinn Hughes,D,2022,78,0.41,0.43,8.0,68.0,0.45,-3.1,1.51,0.07,0.54,7850000.0,9.515151515151516,82500000,8.497890593068115,7010759.739281195,-1.0172609220834001,-839240.2607188051,STD,RFA
8475722,Jason Zucker,LW,2022,78,0.33,0.35,8.0,17.0,26.93,-2.56,-0.64,0.0,1.58,5500000.0,6.666666666666667,82500000,5.6136770549889565,4631283.570365889,-1.0529896116777104,-868716.4296341111,STD,RFA
8482073,Braden Schneider,D,2022,81,0.2,0.2,2.0,11.0,-1.39,1.79,-0.07,0.0,0.23,925000.0,1.121212121212121,82500000,0.06324096562610926,52173.79664154014,-1.0579711555860118,-872826.2033584598,ELC,
8476467,Jamie Oleksiak,D,2022,75,0.02,0.02,1.0,17.0,11.14,-0.08,-0.08,-0.34,-1.77,4600000.0,5.575757575757575,82500000,4.515716391871495,3725466.0232939827,-1.0600411838860806,-874533.9767060165,STD,UFA
8481572,Ville Heinola,D,2022,10,0.01,0.08,0.0,5.0,0.03,-0.07,-0.13,0.0,0.19,863334.0,1.0464654545454544,82500000,-0.022474513121096606,-18541.473324904702,-1.068939967666551,-881875.4733249046,ELC,
8479338,Markus Niemelainen,D,2022,23,0.02,0.07,0.0,1.0,0.23,-0.71,0.0,0.0,0.21,762500.0,0.9242424242424243,82500000,-0.153704666160559,-126806.34958246117,-1.0779470904029833,-889306.3495824612,STD,RFA
8477948,Travis Sanheim,D,2022,81,0.21,0.21,7.0,31.0,3.83,-2.26,-0.27,-0.16,-0.38,4675000.0,5.666666666666666,82500000,4.587451920157045,3784647.8341295626,-1.0792147465096207,-890352.165870437,STD,RFA
8476889,Radek Faksa,C,2022,81,0.29,0.29,5.0,19.0,-2.55,2.68,-0.22,0.07,-0.99,3250000.0,3.939393939393939,82500000,2.859753973072806,2359297.027785065,-1.0796399663211331,-890702.9722149349,STD,RFA
8480855,Jack McBain,C,2022,82,0.02,0.02,2.0,3.0,-2.28,-5.48,-0.27,-0.02,-1.66,883750.0,1.0712121212121213,82500000,-0.010291922714678492,-8490.836239609756,-1.0815040439267998,-892240.8362396099,ELC,
8476934,Brock McGinn,LW,2022,75,0.25,0.27,12.0,22.0,0.5,-0.08,-0.02,0.05,2.22,2750000.0,3.3333333333333335,82500000,2.2461167598003815,1853046.3268353147,-1.087216573532952,-896953.6731646854,STD,UFA
8476779,Brad Hunt,D,2022,47,0.08,0.14,3.0,17.0,1.73,0.38,-0.04,0.0,-0.75,800000.0,0.9696969696969697,82500000,-0.13852495374067075,-114283.08683605338,-1.1082219234376405,-914283.0868360534,STD,UFA
8476453,Nikita Kucherov,RW,2022,82,1.36,1.36,25.0,69.0,25.96,-5.72,6.06,0.0,3.36,9500000.0,11.515151515151516,82500000,10.388258250230544,8570313.056440199,-1.1268932649209713,-929686.9435598013,STD,RFA
8480069,Cale Makar,D,2022,60,0.65,0.89,28.0,86.0,16.5,4.43,3.6,0.11,1.48,9000000.0,10.909090909090908,82500000,9.779589462165378,8068161.3062864365,-1.1295014469255307,-931838.6937135628,STD,RFA
8480727,Zach Whitecloud,D,2022,59,0.2,0.28,8.0,19.0,2.01,-0.47,-0.02,-0.05,-1.17,2750000.0,3.3333333333333335,82500000,2.192220072796248,1808581.5600569048,-1.1411132605370855,-941418.4399430956,STD,RFA
8478507,John Marino,D,2022,64,0.48,0.62,1.0,25.0,0.77,0.74,-0.27,0.07,-0.09,4400000.0,5.333333333333334,82500000,4.177006263255148,3446030.167185497,-1.156327070078186,-953969.8328145035,STD,RFA
8480049,Dylan Samberg,D,2022,63,0.28,0.36,0.0,5.0,7.87,1.19,-0.06,0.06,-0.17,925000.0,1.121212121212121,82500000,-0.05725290342314615,-47233.645324095574,-1.1784650246352673,-972233.6453240955,ELC,
8474053,Logan Couture,C,2022,82,0.75,0.75,23.0,56.0,8.55,-0.13,1.99,0.15,-0.05,8000000.0,9.696969696969697,82500000,8.513670129529151,7023777.856861549,-1.183299567440546,-976222.1431384503,STD,UFA
8480113,Alex Iafallo,LW,2022,59,0.05,0.07,17.0,37.0,2.34,1.33,0.7,-0.16,0.52,4000000.0,4.848484848484849,82500000,3.6592572880841097,3018887.2626693905,-1.189227560400739,-981112.7373306097,STD,UFA
8476931,Jake McCabe,D,2022,76,0.28,0.3,4.0,22.0,0.77,-2.06,-0.1,-0.02,0.1,4000000.0,4.848484848484849,82500000,3.656696953758326,3016774.986850619,-1.1917878947265228,-983225.0131493813,STD,UFA
8480980,Connor Dewar,C,2022,81,0.26,0.26,2.0,6.0,-9.73,-0.02,-0.1,0.16,0.33,800000.0,0.9696969696969697,82500000,-0.22493115878398307,-185568.205996786,-1.1946281284809528,-985568.205996786,STD,RFA
8479379,Givani Smith,RW,2022,36,0.01,0.02,4.0,8.0,-1.95,-1.15,-0.02,0.0,-0.63,750000.0,0.9090909090909091,82500000,-0.28684732148158787,-236649.04022230997,-1.195938230572497,-986649.0402223101,STD,RFA
8474590,John Carlson,D,2022,40,0.07,0.14,17.0,71.0,10.36,-3.14,-0.06,-0.0,-0.17,8000000.0,9.696969696969697,82500000,8.486373708530044,7001258.309537287,-1.2105959884396533,-998741.690462714,STD,UFA
8482654,Jackson Cates,C,2022,5,0.0,0.0,1.0,1.0,-0.48,-0.31,-0.0,0.0,0.18,925000.0,1.121212121212121,82500000,-0.09575397300626598,-78997.02773016943,-1.216966094218387,-1003997.0277301694,ELC,
8481582,Nicholas Robertson,LW,2022,14,0.01,0.06,1.0,1.0,0.85,-0.63,-0.18,0.0,0.54,796667.0,0.9656569696969698,82500000,-0.25217368995167533,-208043.29421013215,-1.2178306596486452,-1004710.2942101323,ELC,
8479324,Ryan Lindgren,D,2022,63,0.13,0.17,4.0,15.0,1.9,4.87,-0.03,0.01,-1.31,3000000.0,3.6363636363636362,82500000,2.412822400806716,1990578.4806655408,-1.2235412355569202,-1009421.5193344592,STD,RFA
8478444,Brock Boeser,RW,2022,74,0.29,0.32,23.0,46.0,-6.45,-4.07,0.47,0.0,-0.62,5875000.0,7.121212121212121,82500000,5.883429911267823,4853829.676795954,-1.2377822099442977,-1021170.3232040455,STD,RFA
8475455,Brenden Dillon,D,2022,82,0.17,0.17,3.0,20.0,5.32,1.94,-0.15,0.19,-1.4,3900000.0,4.7272727272727275,82500000,3.4634132461130793,2857315.9280432905,-1.2638594811596482,-1042684.0719567098,STD,UFA
8477499,Rasmus Ristolainen,D,2022,74,-0.07,-0.08,2.0,16.0,1.74,-2.13,0.27,-0.25,-1.44,5100000.0,6.181818181818182,82500000,4.894245036653009,4037752.155238732,-1.2875731451651724,-1062247.8447612673,STD,UFA
8482197,Adam Raska,RW,2022,3,0.0,0.0,0.0,0.0,0.27,0.06,-0.0,0.0,0.01,848333.0,1.0282824242424242,82500000,-0.26455007568241307,-218253.81243799077,-1.2928324999248373,-1066586.8124379907,ELC,
8476892,Colton Parayko,D,2022,79,0.35,0.36,6.0,35.0,3.05,0.21,-0.3,-0.01,-1.03,6500000.0,7.878787878787878,82500000,6.585570065089284,5433095.30369866,-1.2932178136985941,-1066904.6963013401,STD,UFA
8481600,Tobias Bjornfot,D,2022,10,0.02,0.16,0.0,8.0,0.34,-0.18,-0.0,-0.0,-0.31,894167.0,1.0838387878787878,82500000,-0.21650198149790256,-178614.1347357696,-1.3003407693766904,-1072781.1347357696,ELC,
8480835,Jack Drury,C,2022,38,0.02,0.04,2.0,2.0,-0.49,2.38,-0.45,0.0,-0.26,925000.0,1.121212121212121,82500000,-0.2114493035140459,-174445.67539908786,-1.332661424726167,-1099445.6753990878,ELC,
8479398,Samuel Girard,D,2022,76,0.32,0.35,5.0,28.0,4.55,-1.96,0.45,0.02,0.64,5000000.0,6.0606060606060606,82500000,4.702067734431816,3879205.8809062485,-1.3585383261742443,-1120794.1190937515,STD,RFA
8477425,Miles Wood,LW,2022,76,-0.01,-0.01,0.0,0.0,2.45,-2.63,0.11,0.0,-0.34,2750000.0,3.3333333333333335,82500000,1.9533417437400669,1611506.9385855552,-1.3799915895932666,-1138493.061414445,STD,RFA
8477998,Warren Foegele,LW,2022,67,0.14,0.17,12.0,26.0,3.51,-0.27,-0.46,-0.01,0.67,2750000.0,3.3333333333333335,82500000,1.943307207314259,1603228.4460342636,-1.3900261260190745,-1146771.5539657364,STD,RFA
8474574,Tyler Myers,D,2022,78,-0.24,-0.25,1.0,18.0,-4.63,-3.07,-0.26,-0.04,-3.95,6000000.0,7.2727272727272725,82500000,5.881142379606745,4851942.463175565,-1.3915848931205277,-1148057.5368244355,STD,UFA
8482705,Cole Sillinger,C,2022,64,-0.01,-0.01,16.0,31.0,-8.95,-2.81,0.24,-0.01,-1.03,925000.0,1.121212121212121,82500000,-0.2796208207405275,-230687.1771109352,-1.4008329419526486,-1155687.177110935,ELC,
8480801,Brady Tkachuk,LW,2022,82,1.63,1.63,30.0,67.0,12.64,-5.52,3.77,0.0,0.62,8223565.0,9.967957575757575,82500000,8.557498159549487,7059935.981628327,-1.410459416208088,-1163629.0183716726,STD,RFA
8481720,Nicholas Abruzzese,C,2022,2,0.0,0.0,1.0,1.0,0.07,0.0,0.38,0.0,0.17,850000.0,1.0303030303030303,82500000,-0.38510280716361756,-317709.81590998446,-1.4154058374666478,-1167709.8159099845,ELC,
8482634,Alex Steeves,C,2022,3,0.0,0.0,0.0,1.0,0.04,-0.11,-0.0,0.0,0.0,834167.0,1.011111515151515,82500000,-0.40641630556588737,-335293.45209185703,-1.4175278207174025,-1169460.452091857,ELC,
8475625,Matt Irwin,D,2022,61,0.2,0.27,1.0,4.0,-4.04,-0.57,-0.0,0.01,-0.19,750000.0,0.9090909090909091,82500000,-0.5101338074915471,-420860.39118052635,-1.4192247165824563,-1170860.3911805265,STD,UFA
8481580,Connor McMichael,C,2022,6,0.0,0.0,9.0,18.0,-0.71,-0.71,-0.0,0.0,0.18,863334.0,1.0464654545454544,82500000,-0.39930194360475113,-329424.1034739197,-1.4457673981502055,-1192758.1034739197,ELC,
8483570,Ben Meyers,C,2022,39,0.02,0.04,1.0,1.0,0.32,0.61,-0.14,0.0,0.24,912500.0,1.106060606060606,82500000,-0.3442399022963709,-283997.919394506,-1.4503005083569769,-1196497.919394506,ELC,
8476473,Connor Murphy,D,2022,80,0.07,0.07,4.0,10.0,-10.16,0.1,-0.1,-0.14,-0.22,4400000.0,5.333333333333334,82500000,3.8745645540850013,3196515.757120126,-1.4587687792483326,-1203484.2428798743,STD,UFA
8480071,Robin Salo,D,2022,11,0.02,0.15,1.0,5.0,0.91,-0.79,-0.13,0.0,0.02,842500.0,1.0212121212121212,82500000,-0.43947615571751975,-362567.82846695377,-1.460688276929641,-1205067.8284669537,ELC,
8480459,Pius Suter,C,2022,79,0.12,0.12,15.0,36.0,1.26,0.84,-0.11,-0.03,1.22,3250000.0,3.939393939393939,82500000,2.4505626449301765,2021714.1820673957,-1.4888312944637625,-1228285.817932604,STD,UFA
8482192,Isaak Phillips,D,2022,16,0.05,0.26,0.0,0.0,-0.96,-1.72,-0.0,0.0,0.22,859167.0,1.0414145454545454,82500000,-0.4612605726213417,-380539.97241260693,-1.502675118075887,-1239706.972412607,ELC,
8471669,Paul Stastny,C,2022,73,-0.09,-0.1,21.0,45.0,10.53,1.05,-0.52,-0.0,-0.01,3750000.0,4.545454545454546,82500000,3.0386891205422426,2506918.52444735,-1.5067654249123033,-1243081.4755526502,STD,UFA
8476525,Colin Miller,D,2022,79,0.18,0.19,2.0,14.0,2.11,1.77,0.07,0.03,-0.27,3875000.0,4.696969696969696,82500000,3.176701529299491,2620778.76167208,-1.5202681676702055,-1254221.2383279195,STD,RFA
8478413,Jordan Greenway,C,2022,62,0.02,0.03,10.0,27.0,-2.86,0.98,-0.24,0.0,-0.7,3000000.0,3.6363636363636362,82500000,2.0703611121143783,1708047.917494362,-1.566002524249258,-1291952.0825056378,STD,RFA
8471817,Ryan Reaves,RW,2022,73,0.02,0.02,5.0,13.0,-4.59,-0.48,-0.03,0.0,0.47,1750000.0,2.1212121212121215,82500000,0.5392291200263131,444864.02402170823,-1.5819830011858085,-1305135.9759782918,STD,UFA
8478864,Kirill Kaprizov,LW,2022,67,1.44,1.76,47.0,108.0,12.68,-3.84,5.86,0.0,2.47,9000000.0,10.909090909090908,82500000,9.32462973509323,7692819.531451915,-1.5844611739976777,-1307180.468548084,STD,RFA
8475791,Taylor Hall,LW,2022,61,0.13,0.17,20.0,61.0,2.36,-1.28,-0.77,0.0,1.54,6000000.0,7.2727272727272725,82500000,5.665142659293894,4673742.693917463,-1.6075846134333789,-1326257.3060825376,STD,UFA
8474600,Roman Josi,D,2022,67,0.18,0.22,23.0,96.0,15.49,-2.56,-0.16,-0.04,-0.03,9059000.0,10.98060606060606,82500000,9.350926134958273,7714514.061340575,-1.6296799256477872,-1344485.9386594244,STD,UFA
8481550,Adam Beckman,LW,2022,9,0.0,0.0,0.0,1.0,-0.46,-0.11,-0.11,0.0,0.36,894167.0,1.0838387878787878,82500000,-0.5486124095258926,-452605.2378588614,-1.6324511974046805,-1346772.2378588615,ELC,
8481575,Lassi Thomson,D,2022,2,0.0,0.0,0.0,5.0,-0.23,0.0,-0.0,0.0,-0.34,863334.0,1.0464654545454544,82500000,-0.5913301416770551,-487847.3668835705,-1.6377955962225095,-1351181.3668835703,ELC,
8474151,Ryan McDonagh,D,2022,71,0.12,0.14,4.0,26.0,12.95,-3.41,-0.17,0.09,-0.57,6750000.0,8.181818181818182,82500000,6.525659062867669,5383668.726865827,-1.6561591189505123,-1366331.2731341727,STD,UFA
8473507,Jeff Petry,D,2022,60,-0.22,-0.3,6.0,27.0,12.92,-1.49,-1.45,0.24,-1.45,6250000.0,7.575757575757576,82500000,5.898695785975045,4866424.023429412,-1.677061789782531,-1383575.9765705883,STD,UFA
8475225,Craig Smith,C,2022,64,0.07,0.09,16.0,36.0,3.09,-1.34,-0.33,0.0,-0.38,3100000.0,3.7575757575757573,82500000,2.048590423112284,1690087.0990676342,-1.7089853344634736,-1409912.9009323658,STD,UFA
8471303,Alexander Edler,D,2022,64,0.19,0.24,3.0,19.0,9.27,-1.17,-0.03,-0.04,-1.87,3500000.0,4.242424242424243,82500000,2.527800173508039,2085435.143144132,-1.714624068916204,-1414564.8568558684,STD,UFA
8474679,Gustav Nyquist,C,2022,51,-0.1,-0.16,18.0,53.0,2.51,-4.82,-0.72,0.0,-0.34,5500000.0,6.666666666666667,82500000,4.949691313044296,4083495.333261544,-1.716975353622371,-1416504.666738456,STD,UFA
8478585,Derek Ryan,C,2022,80,0.1,0.1,10.0,22.0,7.38,2.96,-0.14,0.0,-0.86,1250000.0,1.5151515151515151,82500000,-0.20691049378587678,-170701.15737334834,-1.722062008937392,-1420701.1573733485,STD,UFA
8481535,Nils Hoglander,LW,2022,25,0.03,0.1,10.0,18.0,-0.33,-0.87,-0.11,-0.0,0.57,891667.0,1.080808484848485,82500000,-0.6706438323227744,-553281.1616662889,-1.7514523171712593,-1444948.161666289,ELC,
8480336,Sean Walker,D,2022,70,0.16,0.19,0.0,2.0,3.65,-2.06,-0.16,0.06,-1.51,2650000.0,3.212121212121212,82500000,1.4580952481963756,1202928.57976201,-1.7540259639248363,-1447071.42023799,STD,RFA
8478469,Thomas Chabot,D,2022,68,-0.3,-0.36,7.0,38.0,16.55,-4.03,-0.85,0.01,-2.24,8000000.0,9.696969696969697,82500000,7.92719085752954,6539932.45746187,-1.769778839440157,-1460067.5425381295,STD,RFA
8481740,Tyce Thompson,RW,2022,2,0.0,0.0,0.0,0.0,-0.07,-0.31,-0.0,0.0,0.0,912500.0,1.106060606060606,82500000,-0.671157243180323,-553704.7256237665,-1.777217849240929,-1466204.7256237664,ELC,
8480979,Nathan Smith,C,2022,4,0.0,0.0,2.0,4.0,-0.61,-0.16,-0.0,0.0,-0.33,883750.0,1.0712121212121213,82500000,-0.7455362737954534,-615067.4258812491,-1.8167483950075747,-1498817.425881249,ELC,
8480145,Neal Pionk,D,2022,82,-0.07,-0.07,3.0,34.0,11.66,-7.34,-2.14,-0.23,-0.52,5875000.0,7.121212121212121,82500000,5.288201261402909,4362766.0406574,-1.833010859809212,-1512233.9593426,STD,RFA
8478445,Mathew Barzal,C,2022,57,0.04,0.06,15.0,59.0,4.23,0.22,-0.99,0.0,-0.31,7000000.0,8.484848484848486,82500000,6.635888106853303,5474607.688153974,-1.8489603779951835,-1525392.3118460265,STD,RFA
8481532,Alex Turcotte,C,2022,4,0.0,0.0,0.0,0.0,-0.2,0.02,-0.0,0.0,0.01,894167.0,1.0838387878787878,82500000,-0.7851593452691645,-647756.4598470607,-1.8689981331479524,-1541923.4598470605,ELC,
8477493,Aleksander Barkov,C,2022,68,0.45,0.54,39.0,88.0,18.35,0.87,2.13,0.04,1.8,10000000.0,12.121212121212121,82500000,10.236187537945929,8444854.718805391,-1.8850245832661923,-1555145.2811946087,STD,UFA
8476853,Morgan Rielly,D,2022,65,-0.04,-0.05,10.0,68.0,10.51,-6.35,0.35,0.01,0.09,7500000.0,9.090909090909092,82500000,7.20309984921912,5942557.375605774,-1.8878092416899719,-1557442.6243942268,STD,UFA
8478010,Brayden Point,C,2022,82,0.61,0.61,28.0,58.0,39.33,-9.79,2.3,-0.0,2.85,9500000.0,11.515151515151516,82500000,9.599216911917017,7919353.952331538,-1.9159346032344988,-1580646.0476684615,STD,RFA
8481598,Philip Broberg,D,2022,46,0.12,0.21,1.0,3.0,6.19,-1.07,-0.02,0.0,0.45,863334.0,1.0464654545454544,82500000,-0.8744428051150113,-721415.3142198842,-1.9209082596604656,-1584749.314219884,ELC,
8475690,Christopher Tanev,D,2022,65,0.44,0.56,6.0,28.0,10.24,6.44,-0.28,-0.27,-0.1,4500000.0,5.454545454545454,82500000,3.5253229014172334,2908391.3936692174,-1.9292225531282208,-1591608.6063307822,STD,UFA
8477940,Nikolaj Ehlers,LW,2022,45,0.07,0.13,28.0,55.0,8.77,-1.06,-0.18,0.0,2.34,6000000.0,7.2727272727272725,82500000,5.303609655039592,4375477.965407664,-1.9691176176876803,-1624522.0345923363,STD,RFA
8475178,Zack Kassian,RW,2022,51,-0.02,-0.03,6.0,19.0,-4.6,-3.43,-0.0,-0.0,-1.1,3200000.0,3.878787878787879,82500000,1.8788375532259955,1550040.9814114464,-1.9999503255618833,-1649959.0185885536,STD,UFA
8474716,Jared Spurgeon,D,2022,79,0.08,0.08,10.0,40.0,7.08,3.59,-1.17,-0.15,0.32,7575000.0,9.181818181818182,82500000,7.172638310313479,5917426.60600862,-2.0091798715047027,-1657573.3939913795,STD,UFA
8477989,Christian Dvorak,C,2022,64,-0.4,-0.51,11.0,33.0,0.74,-5.25,-1.05,-0.09,0.71,4450000.0,5.393939393939394,82500000,3.3710443508314523,2781111.589435948,-2.0228950431079413,-1668888.4105640517,STD,RFA
8476448,William Karlsson,C,2022,82,0.36,0.36,12.0,35.0,-3.06,3.65,0.25,0.2,1.96,5900000.0,7.151515151515151,82500000,5.105995062317957,4212445.926412314,-2.0455200891971943,-1687554.0735876854,STD,RFA
8474037,James van Riemsdyk,LW,2022,61,0.15,0.2,24.0,38.0,3.24,-0.21,-0.51,0.0,-1.19,7000000.0,8.484848484848486,82500000,6.436864228218594,5310412.98828034,-2.047984256629892,-1689587.0117196608,STD,UFA
8476856,Matt Dumba,D,2022,79,0.01,0.01,7.0,27.0,0.37,-0.06,-0.14,-0.15,-2.07,6000000.0,7.2727272727272725,82500000,5.211116458801344,4299171.078511109,-2.0616108139259284,-1700828.921488891,STD,RFA
8480797,Joel Farabee,LW,2022,82,-0.28,-0.28,17.0,34.0,11.92,-4.08,-2.22,0.01,0.94,5000000.0,6.0606060606060606,82500000,3.9466497901068305,3255986.0768381353,-2.11395627049923,-1744013.9231618647,STD,RFA
8476822,Luke Glendening,C,2022,70,0.07,0.08,9.0,16.0,-12.34,0.47,0.02,-0.19,1.18,1500000.0,1.8181818181818181,82500000,-0.30203562688599206,-249179.39218094345,-2.1202174450678104,-1749179.3921809436,STD,UFA
8478443,Brandon Carlo,D,2022,75,0.46,0.5,6.0,15.0,2.75,2.92,-0.02,0.13,-1.1,4100000.0,4.96969696969697,82500000,2.8480800541845284,2349666.044702236,-2.1216169155124414,-1750333.9552977642,STD,RFA
8477944,Jakub Vrana,LW,2022,25,-0.01,-0.03,13.0,19.0,4.8,-2.13,0.19,-0.0,-0.44,5250000.0,6.363636363636363,82500000,4.213600981012197,3476220.8093350627,-2.150035382624166,-1773779.190664937,STD,RFA
8478856,Conor Garland,RW,2022,81,0.15,0.15,19.0,52.0,7.5,0.86,0.31,-0.0,3.12,4950000.0,6.0,82500000,3.8304469428826557,3160118.727878191,-2.1695530571173443,-1789881.272121809,STD,RFA
8480846,Sampo Ranta,LW,2022,6,0.0,0.0,0.0,0.0,0.78,0.04,-0.0,0.0,-0.33,925000.0,1.121212121212121,82500000,-1.0641636299101087,-877934.9946758397,-2.18537575112223,-1802934.9946758396,ELC,
8476881,Tomas Hertl,C,2022,79,0.41,0.43,30.0,64.0,6.63,-7.78,1.54,0.0,-0.74,8137500.0,9.863636363636363,82500000,7.674614506631803,6331556.967971238,-2.18902185700456,-1805943.032028762,STD,UFA
8481656,Aliaksei Protas,C,2022,58,0.07,0.1,3.0,9.0,-2.22,0.73,-0.09,0.0,-0.56,789167.0,0.9565660606060606,82500000,-1.235718575929285,-1019467.8251416602,-2.1922846365353457,-1808634.82514166,ELC,
8477416,Oliver Bjorkstrand,RW,2022,81,0.22,0.22,28.0,57.0,-1.54,-0.35,-0.7,0.0,0.91,5400000.0,6.545454545454546,82500000,4.351780459858865,3590218.8793835635,-2.1936740855956804,-1809781.1206164365,STD,RFA
8476917,Adam Pelech,D,2022,61,0.22,0.3,3.0,28.0,12.37,3.89,-0.12,-0.13,-1.46,5750000.0,6.969696969696971,82500000,4.7340542669987595,3905594.7702739765,-2.235642702698211,-1844405.229726024,STD,RFA
8471214,Alex Ovechkin,LW,2022,73,0.17,0.19,50.0,90.0,18.9,-10.14,0.81,0.0,-1.26,9500000.0,11.515151515151516,82500000,9.262364713768124,7641450.888858701,-2.252786801383392,-1858549.1111412984,STD,UFA
8475218,Mattias Ekholm,D,2022,78,-0.3,-0.32,6.0,31.0,22.89,-1.76,-0.29,-0.06,-0.54,6250000.0,7.575757575757576,82500000,5.301942003494721,4374102.152883145,-2.273815572262855,-1875897.8471168552,STD,UFA
8480018,Nick Suzuki,C,2022,82,0.08,0.08,21.0,61.0,8.61,-5.95,-0.0,0.09,2.87,7875000.0,9.545454545454547,82500000,7.247237208012338,5978970.69661018,-2.2982173374422086,-1896029.3033898221,STD,RFA
8476399,Blake Coleman,LW,2022,82,0.37,0.37,16.0,33.0,2.43,2.78,-0.09,0.18,-0.45,4900000.0,5.9393939393939394,82500000,3.633215494349889,2997402.7828386584,-2.3061784450440506,-1902597.2171613418,STD,UFA
8478519,Anthony Cirelli,C,2022,58,0.17,0.24,17.0,43.0,-0.88,0.69,0.49,-0.06,1.71,4800000.0,5.818181818181818,82500000,3.4857715817551735,2875761.554948018,-2.332410236426645,-1924238.445051982,STD,RFA
8481102,Egor Sokolov,LW,2022,5,0.0,0.0,0.0,0.0,2.28,-0.01,-0.04,0.0,0.01,818333.0,0.9919187878787878,82500000,-1.3601850139670422,-1122152.6365228097,-2.3521038018458302,-1940485.63652281,ELC,
8480355,Mark Kastelic,C,2022,65,0.01,0.01,2.0,4.0,0.2,-0.56,-0.26,0.0,-0.74,821667.0,0.9959600000000001,82500000,-1.3958750234782311,-1151596.8943695407,-2.3918350234782313,-1973263.8943695407,ELC,
8481239,Samuel Fagemo,LW,2022,9,0.0,0.0,0.0,0.0,-0.6,-0.4,-0.0,0.0,0.18,795000.0,0.9636363636363635,82500000,-1.4322679867940256,-1181621.089105071,-2.395904350430389,-1976621.0891050708,ELC,
8479293,Brandon Tanev,LW,2022,82,0.0,0.0,9.0,15.0,-0.19,3.61,-0.08,0.07,1.74,3500000.0,4.242424242424243,82500000,1.8339049060122026,1512971.547460067,-2.4085193364120405,-1987028.4525399334,STD,UFA
8474166,Alec Martinez,D,2022,77,0.32,0.34,3.0,8.0,9.3,1.52,-0.19,0.05,-0.58,5250000.0,6.363636363636363,82500000,3.9528821488643633,3261127.7728130994,-2.410754214772,-1988872.2271868999,STD,UFA
8475763,Kevin Hayes,C,2022,81,-0.19,-0.19,10.0,31.0,6.02,-5.53,-0.15,0.0,0.77,7142857.0,8.658008484848486,82500000,6.243465710121923,5150859.210850586,-2.414542774726563,-1991997.7891494143,STD,UFA
8476826,Yanni Gourde,C,2022,81,0.37,0.37,21.0,48.0,-1.36,1.74,0.13,0.09,0.94,5166667.0,6.262626666666667,82500000,3.8404741232921147,3168391.151715995,-2.422152543374552,-1998275.8482840054,STD,UFA
8476624,Barclay Goodrow,C,2022,82,0.13,0.13,13.0,33.0,0.22,-2.49,0.0,0.26,-0.3,3641667.0,4.414141818181818,82500000,1.9601456373927135,1617120.1508489887,-2.4539961807891046,-2024546.849151011,STD,UFA
8475168,Matt Duchene,C,2022,71,0.25,0.29,43.0,86.0,10.41,-5.77,-1.25,-0.0,0.41,8000000.0,9.696969696969697,82500000,7.224277284732876,5960028.759904623,-2.472692412236821,-2039971.2400953774,STD,UFA
8481609,Vladislav Kolyachonok,D,2022,2,0.0,0.0,1.0,3.0,-0.29,-0.33,-0.0,0.0,0.01,789167.0,0.9565660606060606,82500000,-1.533368891109328,-1265029.3351651954,-2.4899349517153886,-2054196.3351651956,ELC,
8474149,Evgenii Dadonov,RW,2022,73,-0.08,-0.09,20.0,43.0,0.99,-1.81,0.65,0.01,0.2,5000000.0,6.0606060606060606,82500000,3.5702510008669694,2945457.07571525,-2.490355059739091,-2054542.9242847501,STD,UFA
8481559,Jack Hughes,C,2022,78,0.6,0.63,26.0,56.0,34.45,-1.17,2.24,0.0,3.52,8000000.0,9.696969696969697,82500000,7.189405919097352,5931259.883255316,-2.5075637778723454,-2068740.116744685,STD,RFA
8478099,Kevin Labanc,RW,2022,72,-0.08,-0.09,3.0,6.0,11.16,0.0,-0.97,0.0,-1.85,4725000.0,5.7272727272727275,82500000,3.1951587802245864,2636005.9936852837,-2.532113947048141,-2088994.0063147163,STD,RFA
8477930,Pierre Edouard Bellemare,C,2022,73,0.07,0.08,9.0,20.0,-3.62,0.66,-0.02,-0.12,0.49,1000000.0,1.2121212121212122,82500000,-1.3284802510996663,-1095996.2071572246,-2.540601463220878,-2095996.2071572246,STD,UFA
8474565,Alex Pietrangelo,D,2022,73,0.23,0.26,13.0,44.0,12.58,0.81,-0.66,-0.09,-0.02,8800000.0,10.666666666666668,82500000,8.104901827532581,6686544.007714379,-2.561764839134087,-2113455.992285622,STD,UFA
8475177,Calvin de Haan,D,2022,53,0.1,0.15,4.0,8.0,3.61,3.57,-0.02,-0.0,-1.06,4550000.0,5.515151515151516,82500000,2.9357945189295567,2422030.4781168844,-2.579356996221959,-2127969.521883116,STD,UFA
8479026,Philippe Myers,D,2022,11,0.02,0.15,1.0,4.0,1.66,0.33,-0.0,-0.0,-0.15,2550000.0,3.090909090909091,82500000,0.4787058367434174,394932.3153133193,-2.6122032541656734,-2155067.6846866803,STD,RFA
8478500,Ivan Provorov,D,2022,82,-0.16,-0.16,9.0,31.0,5.41,-7.68,-1.0,-0.32,-0.16,6750000.0,8.181818181818182,82500000,5.54173406652246,4571930.6048810305,-2.6400841152957213,-2178069.39511897,STD,RFA
8480830,Andrei Svechnikov,RW,2022,64,0.5,0.64,30.0,69.0,15.84,2.06,0.36,-0.0,-0.81,7750000.0,9.393939393939393,82500000,6.748560509047531,5567562.419964213,-2.645378884891862,-2182437.580035786,STD,RFA
8478067,Oskar Lindblom,LW,2022,73,0.13,0.15,12.0,26.0,-1.73,-0.95,-0.13,-0.03,-0.88,3000000.0,3.6363636363636362,82500000,0.9857894438747561,813276.2911966739,-2.65057419248888,-2186723.708803326,STD,RFA
8475784,Jeff Skinner,C,2022,79,0.71,0.74,33.0,63.0,29.37,-6.14,2.52,0.0,3.14,9000000.0,10.909090909090908,82500000,8.240938508764112,6798774.269730392,-2.6681524003267967,-2201225.730269607,STD,UFA
8475166,John Tavares,C,2022,80,2.07,2.12,27.0,76.0,0.77,-0.08,8.16,0.0,-1.27,11000000.0,13.333333333333334,82500000,10.640244417601517,8778201.644521251,-2.693088915731817,-2221798.3554787487,STD,UFA
8479339,Patrik Laine,LW,2022,55,0.08,0.12,26.0,56.0,10.7,-2.78,1.36,-0.0,0.19,7500000.0,9.090909090909092,82500000,6.339938512219133,5230449.272580785,-2.7509705786899588,-2269550.7274192157,STD,RFA
8475164,Jakob Silfverberg,RW,2022,81,-0.44,-0.45,5.0,21.0,-7.39,-4.14,-0.32,0.14,-0.45,5250000.0,6.363636363636363,82500000,3.527934859742288,2910546.259287388,-2.835701503894075,-2339453.740712612,STD,UFA
8476981,Josh Anderson,RW,2022,69,-0.06,-0.07,19.0,32.0,3.43,-6.87,-0.3,0.07,-0.63,5500000.0,6.666666666666667,82500000,3.823540464344509,3154420.88308422,-2.843126202322158,-2345579.11691578,STD,RFA
8480002,Nico Hischier,C,2022,81,0.37,0.37,21.0,60.0,7.76,2.15,1.5,0.03,4.03,7250000.0,8.787878787878787,82500000,5.917126414995815,4881629.292371548,-2.870752372882972,-2368370.7076284518,STD,RFA
8476902,Esa Lindell,D,2022,82,0.42,0.42,4.0,25.0,10.98,1.11,0.04,-0.15,0.13,5800000.0,7.030303030303029,82500000,4.137580851104419,3413504.2021611454,-2.8927221791986106,-2386495.7978388537,STD,RFA
8476792,Torey Krug,D,2022,63,0.17,0.22,9.0,43.0,5.29,-5.53,0.78,0.0,0.05,6500000.0,7.878787878787878,82500000,4.978556619953528,4107309.2114616605,-2.90023125883435,-2392690.788538339,STD,UFA
8477942,Kevin Fiala,C,2022,69,0.58,0.69,33.0,85.0,9.71,-2.0,3.89,-0.0,-0.8,7875000.0,9.545454545454547,82500000,6.609617168127768,5452934.163705409,-2.935837377326779,-2422065.836294593,STD,RFA
8476919,Chris Tierney,C,2022,36,-0.07,-0.16,6.0,18.0,-2.02,-1.17,-0.07,-0.0,-0.27,3500000.0,4.242424242424243,82500000,1.302913640223057,1074903.7531840221,-2.939510602201186,-2425096.2468159785,STD,RFA
8471218,Blake Wheeler,RW,2022,72,0.04,0.05,17.0,60.0,0.15,-1.1,-0.19,-0.0,-1.47,8250000.0,10.0,82500000,7.029127981891113,5799030.585060168,-2.970872018108887,-2450969.4149398315,STD,UFA
8475848,Brendan Gallagher,RW,2022,37,0.04,0.09,7.0,24.0,-0.53,-0.99,-0.55,-0.0,-0.58,6500000.0,7.878787878787878,82500000,4.905264992687014,4046843.6189667867,-2.973522886100864,-2453156.381033213,STD,UFA
8476462,Dougie Hamilton,D,2022,82,-0.2,-0.2,9.0,30.0,29.29,-0.26,-0.12,-0.0,-2.9,9000000.0,10.909090909090908,82500000,7.726055761672926,6373996.003380164,-3.183035147417982,-2626003.996619835,STD,UFA
8479323,Adam Fox,D,2022,82,0.13,0.13,11.0,74.0,15.85,-0.14,-0.6,0.07,-0.14,9500000.0,11.515151515151516,82500000,8.322425657598375,6866001.167518659,-3.1927258575531408,-2633998.832481341,STD,RFA
8477220,Nate Schmidt,D,2022,71,-0.02,-0.02,4.0,32.0,6.83,-0.15,-0.93,0.03,0.58,5950000.0,7.212121212121213,82500000,3.909842571805969,3225620.1217399244,-3.3022786403152438,-2724379.8782600765,STD,UFA
8475913,Mark Stone,RW,2022,43,0.44,0.84,9.0,30.0,10.06,2.16,1.06,0.1,1.0,9500000.0,11.515151515151516,82500000,8.208881806627437,6772327.490467635,-3.306269708524079,-2727672.509532365,STD,UFA
8480829,Jesperi Kotkaniemi,C,2022,82,-0.03,-0.03,12.0,29.0,0.11,2.5,-0.27,0.0,-1.48,4820000.0,5.842424242424243,82500000,2.5169904374235976,2076517.110874468,-3.325433805000645,-2743482.8891255325,STD,RFA
8471873,Anton Stralman,D,2022,8,0.01,0.1,8.0,23.0,1.66,-0.31,-0.0,0.01,-0.15,5500000.0,6.666666666666667,82500000,3.2539710494462923,2684526.115793191,-3.4126956172203746,-2815473.884206809,STD,UFA
8474162,Jake Muzzin,D,2022,4,0.02,0.41,3.0,14.0,-0.17,-0.15,-0.0,0.0,-0.16,5625000.0,6.8181818181818175,82500000,3.365198034919967,2776288.3788089724,-3.4529837832618506,-2848711.621191027,STD,UFA
8475171,Oliver Ekman Larsson,D,2022,54,0.05,0.08,5.0,29.0,0.45,-3.44,-0.53,-0.04,-0.31,8250000.0,10.0,82500000,6.543186296599005,5398128.69469418,-3.4568137034009947,-2851871.3053058204,STD,UFA
8477511,Anthony Mantha,RW,2022,67,0.02,0.02,9.0,23.0,0.89,-0.84,-0.49,0.0,0.86,5700000.0,6.909090909090909,82500000,3.4282634424088823,2828317.3399873283,-3.480827466682027,-2871682.6600126717,STD,RFA
8474563,Drew Doughty,D,2022,81,-0.31,-0.31,7.0,31.0,8.0,-3.22,-0.38,-0.28,0.39,11000000.0,13.333333333333334,82500000,9.840518135486613,8118427.461776456,-3.4928151978467206,-2881572.5382235446,STD,UFA
8474578,Erik Karlsson,D,2022,82,-0.11,-0.11,10.0,35.0,40.98,-6.99,-0.16,0.02,0.56,11500000.0,13.939393939393941,82500000,10.302133190363628,8499259.882049993,-3.637260749030313,-3000740.117950008,STD,UFA
8477495,Seth Jones,D,2022,65,0.11,0.14,5.0,45.0,2.63,-1.01,-1.75,-0.07,-0.73,9500000.0,11.515151515151516,82500000,7.776329445591079,6415471.79261264,-3.7388220695604364,-3084528.2073873603,STD,UFA
8471709,Marc Edouard Vlasic,D,2022,78,0.72,0.76,3.0,14.0,7.11,-0.37,-0.07,0.2,0.59,7000000.0,8.484848484848486,82500000,4.373863007971897,3608436.981576815,-4.110985476876589,-3391563.018423186,STD,UFA
8478483,Mitchell Marner,RW,2022,80,0.7,0.72,35.0,97.0,24.08,-0.87,0.85,0.34,1.5,10901333.0,13.21373696969697,82500000,9.083418003959958,7493819.853266965,-4.130318965737013,-3407513.1467330353,STD,RFA
8473563,Nicklas Backstrom,C,2022,39,-0.11,-0.23,6.0,31.0,-2.18,0.76,-0.47,-0.0,-0.56,9200000.0,11.15151515151515,82500000,6.851754284996341,5652697.285121981,-4.29976086651881,-3547302.714878018,STD,UFA
8477498,Darnell Nurse,D,2022,82,-0.13,-0.13,9.0,35.0,13.64,0.0,-1.15,-0.06,-2.54,9250000.0,11.212121212121213,82500000,6.842271419670757,5644873.921228375,-4.369849792450456,-3605126.078771626,STD,UFA
8479318,Auston Matthews,C,2022,74,1.09,1.21,60.0,106.0,31.82,0.41,2.83,0.0,3.0,11639000.0,14.10787878787879,82500000,9.673049026518163,7980265.446877484,-4.434829761360627,-3658734.5531225167,STD,RFA
8476885,Jacob Trouba,D,2022,82,-0.03,-0.03,11.0,39.0,2.63,-1.3,-0.14,-0.11,-1.72,8000000.0,9.696969696969697,82500000,5.14881014026748,4247768.365720672,-4.548159556702217,-3752231.6342793284,STD,RFA
8478400,Colin White,C,2022,67,0.11,0.13,3.0,10.0,-2.36,-1.22,-0.56,0.0,0.12,4750000.0,5.757575757575758,82500000,0.95839017033577,790671.8905270103,-4.799185587239988,-3959328.1094729896,STD,RFA
8479325,Charlie McAvoy,D,2022,67,0.06,0.07,10.0,56.0,20.21,1.78,-0.84,0.29,-1.43,9500000.0,11.515151515151516,82500000,6.66782364164421,5500954.504356474,-4.8473278735073055,-3999045.495643527,STD,RFA
8475794,Tyler Seguin,C,2022,76,0.39,0.42,24.0,49.0,4.15,-1.51,0.85,-0.04,0.4,9850000.0,11.93939393939394,82500000,7.030559143198454,5800211.293138725,-4.908834796195485,-4049788.7068612752,STD,UFA
8478460,Zach Werenski,D,2022,13,0.01,0.06,11.0,48.0,1.78,-0.26,-0.19,0.0,0.06,9583333.0,11.616161212121213,82500000,6.28039727962482,5181327.755690477,-5.335763932496393,-4402005.244309524,STD,RFA
8478403,Jack Eichel,C,2022,67,0.3,0.37,14.0,25.0,16.63,2.12,0.72,0.02,2.61,10000000.0,12.121212121212121,82500000,6.586937434873976,5434223.383771029,-5.534274686338145,-4565776.61622897,STD,RFA
8478550,Artemi Panarin,LW,2022,82,0.75,0.75,22.0,96.0,12.41,0.06,1.77,0.0,-0.38,11642857.0,14.11255393939394,82500000,8.481241403753613,6997024.158096731,-5.631312535640328,-4645832.84190327,STD,UFA
8481523,Kirby Dach,C,2023,1,-0.01,-0.82,14.0,38.0,0.0,0.16,-0.12,-0.0,0.17,3362500.0,4.026946107784432,83500000,10.43769026807569,8715471.3738432,6.410744160291258,5352971.3738432005,STD,RFA
8478427,Sebastian Aho,D,2023,78,1.09,1.15,36.0,67.0,16.88,-0.49,3.66,0.27,-0.06,825000.0,0.9880239520958085,83500000,6.878551071758936,5743590.144918713,5.890527119663128,4918590.144918712,STD,UFA
8477497,Sean Monahan,C,2023,83,0.27,0.27,6.0,17.0,7.8,-4.54,2.5,-0.03,0.79,1985000.0,2.377245508982036,83500000,7.654151451614913,6391216.462098452,5.276905942632878,4406216.462098453,STD,UFA
8475760,Nick Bjugstad,C,2023,76,-0.04,-0.04,17.0,29.0,9.23,0.48,-0.2,-0.05,-0.95,900000.0,1.0778443113772456,83500000,6.270431055790519,5235809.931585084,5.192586744413274,4335809.931585084,STD,UFA
8478047,Michael Bunting,LW,2023,81,0.73,0.74,23.0,49.0,4.25,-1.59,3.5,0.0,2.44,950000.0,1.1377245508982037,83500000,5.823896942470229,4862953.946962642,4.6861723915720255,3912953.9469626416,STD,UFA
8480014,Gabriel Vilardi,C,2023,47,0.22,0.38,23.0,41.0,8.13,-0.5,2.23,0.0,1.85,825000.0,0.9880239520958085,83500000,5.610179106886912,4684499.554250572,4.622155154791104,3859499.5542505714,STD,RFA
8475786,Zach Hyman,C,2023,80,1.2,1.23,36.0,83.0,50.06,0.9,2.42,0.0,-0.22,5500000.0,6.58682634730539,83500000,11.061244216686054,9236138.920932855,4.474417869380664,3736138.9209328545,STD,UFA
8479542,Brandon Hagel,LW,2023,82,0.26,0.26,30.0,64.0,11.81,1.18,1.14,0.2,0.8,1500000.0,1.7964071856287425,83500000,5.810957206381788,4852149.267328793,4.014550020753045,3352149.2673287927,STD,RFA
8480188,Fabian Zetterlund,LW,2023,82,0.24,0.24,6.0,23.0,1.96,-7.34,2.18,0.0,-0.23,750000.0,0.8982035928143712,83500000,4.872437614368044,4068485.407997317,3.9742340215536727,3318485.4079973167,STD,RFA
8476454,Ryan Nugent Hopkins,C,2023,80,0.12,0.12,37.0,104.0,19.49,1.65,0.37,-0.09,-1.75,5125000.0,6.137724550898203,83500000,10.082349968437994,8418762.223645724,3.9446254175397906,3293762.223645725,STD,UFA
8479423,Alexander Nylander,C,2023,28,0.04,0.12,1.0,2.0,3.95,-2.33,-0.1,0.0,0.08,775000.0,0.9281437125748504,83500000,4.734878248255301,3953623.3372931764,3.8067345356804507,3178623.337293176,STD,RFA
8480798,Philipp Kurashev,C,2023,75,0.16,0.17,9.0,25.0,-1.56,-7.58,1.91,-0.0,0.6,750000.0,0.8982035928143712,83500000,4.507752007445211,3763972.926216751,3.609548414630839,3013972.926216751,STD,RFA
8478873,Troy Terry,C,2023,76,0.09,0.1,23.0,61.0,-0.08,-1.88,-0.32,-0.0,2.98,1450000.0,1.7365269461077846,83500000,5.2264726664902685,4364104.676519374,3.489945720382484,2914104.6765193744,STD,RFA
8480865,Noah Dobson,D,2023,78,0.4,0.42,13.0,49.0,7.28,-2.86,1.38,0.0,-1.51,4000000.0,4.790419161676647,83500000,8.149955652514988,6805212.969850015,3.359536490838341,2805212.969850015,STD,RFA
8480012,Elias Pettersson,D,2023,82,0.71,0.71,39.0,102.0,18.11,-0.75,1.56,0.07,4.04,838333.0,1.003991616766467,83500000,4.360637848032779,3641132.60310737,3.3566462312663115,2802799.60310737,ELC,
8482624,Daniil Miromanov,D,2023,24,0.04,0.14,2.0,6.0,3.37,-0.05,-0.87,0.0,-0.42,762500.0,0.9131736526946108,83500000,4.256987305451366,3554584.4000518904,3.3438136527567552,2792084.4000518904,STD,RFA
8480434,Sean Durzi,D,2023,76,-0.01,-0.01,9.0,38.0,0.65,-3.96,-1.34,0.0,-1.21,1700000.0,2.035928143712575,83500000,5.319217856070145,4441546.90981857,3.2832897123575697,2741546.9098185706,STD,RFA
8480015,Owen Tippett,RW,2023,78,-0.24,-0.25,27.0,49.0,12.56,-3.01,-1.08,-0.0,2.11,1500000.0,1.7964071856287425,83500000,5.066341186937466,4230394.891092784,3.2699340013087235,2730394.891092784,STD,RFA
8480043,Timothy Liljegren,D,2023,55,0.18,0.27,6.0,18.0,12.59,1.3,0.62,0.02,-0.14,1400000.0,1.6766467065868262,83500000,4.92640819202609,4113550.840341785,3.2497614854392634,2713550.840341785,STD,RFA
8480873,Rasmus Sandin,D,2023,68,0.04,0.05,7.0,35.0,2.56,-2.75,0.03,0.0,-1.1,1400000.0,1.6766467065868262,83500000,4.9204646781958505,4108588.0062935348,3.2438179716090243,2708588.006293535,STD,RFA
8482122,Brock Faber,D,2023,82,-0.11,-0.11,0.0,0.0,0.11,3.55,-0.96,0.0,-0.81,925000.0,1.1077844311377245,83500000,4.317605777275514,3605200.8240250535,3.2098213461377894,2680200.824025054,ELC,
8479976,Juuso Valimaki,D,2023,68,0.05,0.06,4.0,34.0,3.96,1.43,-0.77,-0.02,1.09,1000000.0,1.1976047904191618,83500000,4.392356439921437,3667617.6273344005,3.1947516495022756,2667617.6273344,STD,RFA
8476372,Nick Seeler,D,2023,71,0.57,0.66,4.0,14.0,7.94,1.34,-0.08,0.11,0.05,775000.0,0.9281437125748504,83500000,4.002776818317029,3342318.643294719,3.074633105742179,2567318.6432947195,STD,UFA
8482105,Jake Sanderson,D,2023,79,-0.35,-0.36,4.0,32.0,3.26,2.07,-0.68,0.01,-0.17,925000.0,1.1077844311377245,83500000,4.140575192082885,3457380.2853892087,3.0327907609451605,2532380.285389209,ELC,
8481546,Cam York,D,2023,82,0.12,0.12,2.0,20.0,2.71,2.81,-1.69,0.04,-1.36,880833.0,1.0548898203592814,83500000,4.069949896400519,3398408.1634944337,3.0150600760412383,2517575.1634944337,ELC,
8480028,Morgan Frost,C,2023,71,-0.01,-0.01,19.0,46.0,3.9,2.55,0.31,0.0,1.06,800000.0,0.9580838323353293,83500000,3.9466981151065657,3295492.9261139827,2.9886142827712363,2495492.926113982,STD,RFA
8476979,Erik Gustafsson,D,2023,76,0.18,0.19,7.0,42.0,1.76,5.07,0.86,0.0,-1.12,800000.0,0.9580838323353293,83500000,3.94354455517327,3292859.7035696805,2.985460722837941,2492859.7035696805,STD,UFA
8482684,Luke Hughes,D,2023,82,-0.08,-0.08,1.0,2.0,12.95,-5.56,-0.55,0.0,1.34,925000.0,1.1077844311377245,83500000,4.080761233048314,3407435.629595342,2.9729768019105896,2482435.629595342,ELC,
8482671,Owen Power,D,2023,76,0.25,0.27,4.0,35.0,3.04,0.23,-0.6,0.07,-0.87,916667.0,1.0978047904191617,83500000,4.066989982821545,3395936.6356559894,2.969185192402383,2479269.6356559894,ELC,
8477335,Kyle Burroughs,D,2023,73,0.04,0.04,2.0,5.0,-4.32,-2.24,-0.41,-0.09,-2.29,750000.0,0.8982035928143712,83500000,3.8562200084798075,3219943.7070806394,2.958016415665436,2469943.7070806394,STD,RFA
8475149,Marcus Johansson,C,2023,78,0.23,0.24,19.0,46.0,0.75,1.46,-0.15,-0.02,1.08,2000000.0,2.3952095808383236,83500000,5.341510055588268,4460160.896416204,2.946300474749944,2460160.8964162036,STD,UFA
8474567,Zach Bogosian,D,2023,65,0.05,0.06,1.0,5.0,-0.09,0.99,-0.07,0.12,-2.0,850000.0,1.0179640718562875,83500000,3.945337803974569,3294357.0663187653,2.927373732118282,2444357.0663187653,STD,UFA
8477986,Brandon Montour,D,2023,66,-0.07,-0.09,16.0,73.0,9.65,1.04,-2.07,-0.03,-0.57,3500000.0,4.191616766467066,83500000,7.116879362599105,5942594.267770253,2.9252625961320398,2442594.267770253,STD,UFA
8478178,Darren Raddysh,D,2023,82,0.23,0.23,1.0,3.0,2.37,-2.76,-0.31,0.0,0.97,762500.0,0.9131736526946108,83500000,3.802370603803338,3174979.454175787,2.889196951108727,2412479.454175787,STD,UFA
8476905,Chandler Stephenson,C,2023,75,-0.22,-0.24,16.0,65.0,6.07,-3.78,-1.36,0.06,2.47,2750000.0,3.293413173652695,83500000,6.142365760194371,5128875.4097623,2.8489525865416763,2378875.4097622996,STD,RFA
8476474,Stefan Noesen,RW,2023,81,0.23,0.23,13.0,36.0,4.47,3.46,0.43,-0.0,-0.16,762500.0,0.9131736526946108,83500000,3.702963959370477,3091974.9060743484,2.789790306675866,2329474.906074348,STD,UFA
8478438,Thomas Novak,C,2023,71,0.04,0.05,17.0,43.0,15.96,-0.58,0.04,0.0,1.89,800000.0,0.9580838323353293,83500000,3.6818792607109145,3074369.1826936137,2.723795428375585,2274369.1826936137,STD,RFA
8477451,Ryan Hartman,RW,2023,74,0.26,0.29,15.0,37.0,-3.08,-1.15,0.22,-0.05,0.05,1700000.0,2.035928143712575,83500000,4.633561117321831,3869023.5329637285,2.597632973609256,2169023.5329637285,STD,RFA
8476278,Colin Blackwell,C,2023,44,0.2,0.37,2.0,10.0,-1.61,-0.72,0.09,0.04,1.31,1200000.0,1.437125748502994,83500000,4.0329442545493865,3367508.4525487376,2.5958185060463927,2167508.452548738,STD,UFA
8476875,Michael Matheson,D,2023,82,-0.25,-0.25,8.0,34.0,-0.74,-3.32,0.94,0.18,-0.63,4875000.0,5.838323353293413,83500000,8.411194911879646,7023347.751419503,2.5728715585862325,2148347.751419504,STD,RFA
8482093,Seth Jarvis,C,2023,81,0.53,0.54,14.0,39.0,5.95,5.4,2.23,0.02,1.81,894167.0,1.0708586826347306,83500000,3.6166576758630367,3019909.1593456357,2.5457989932283063,2125742.1593456357,ELC,
8482078,Lucas Raymond,LW,2023,82,0.01,0.01,17.0,45.0,6.0,-2.73,0.38,0.0,4.18,925000.0,1.1077844311377245,83500000,3.6058411538757085,3010877.363486217,2.498056722737984,2085877.3634862169,ELC,
8480009,Eeli Tolvanen,RW,2023,81,-0.06,-0.06,18.0,31.0,-1.29,0.99,-0.57,-0.0,-0.96,1450000.0,1.7365269461077846,83500000,4.2344403476429875,3535757.690281895,2.497913401535203,2085757.6902818943,STD,RFA
8477034,Jaycob Megna,D,2023,44,0.23,0.43,1.0,12.0,-5.47,-1.44,-0.03,0.04,-1.56,762500.0,0.9131736526946108,83500000,3.404082937991726,2842409.253223091,2.490909285297115,2079909.253223091,STD,UFA
8478057,Dakota Joshua,LW,2023,63,0.2,0.26,11.0,23.0,9.44,-1.04,-0.12,0.0,0.85,825000.0,0.9880239520958085,83500000,3.478476954050592,2904528.256632244,2.4904530019547835,2079528.256632244,STD,UFA
8474040,Sam Gagner,C,2023,28,0.01,0.03,8.0,14.0,0.59,0.89,0.09,-0.0,-0.63,750000.0,0.8982035928143712,83500000,3.370782448394083,2814603.3444090593,2.4725788555797115,2064603.344409059,STD,UFA
8477933,Sam Reinhart,C,2023,82,1.84,1.84,31.0,67.0,14.07,2.96,5.09,0.1,-0.03,6500000.0,7.784431137724551,83500000,10.246013211288323,8555421.03142575,2.461582073563772,2055421.0314257494,STD,RFA
8475177,Calvin de Haan,D,2023,59,0.17,0.24,2.0,12.0,-0.12,2.43,-0.02,-0.0,-0.84,850000.0,1.0179640718562875,83500000,3.4547391845752298,2884707.2191203167,2.4367751127189425,2034707.2191203171,STD,UFA
8476873,Mark Jankowski,C,2023,32,0.01,0.03,7.0,12.0,5.08,1.33,0.25,0.05,-0.27,775000.0,0.9281437125748504,83500000,3.30657882975267,2760993.32284348,2.37843511717782,1985993.3228434795,STD,UFA
8479415,Michael McLeod,C,2023,45,0.06,0.11,4.0,26.0,3.03,0.27,-0.11,-0.0,1.32,975000.0,1.1676646706586826,83500000,3.536745869497244,2953182.8010301986,2.369081198838561,1978182.8010301986,STD,RFA
8476867,Brendan Gaunce,C,2023,24,0.03,0.1,0.0,1.0,-0.86,-0.87,-0.02,-0.0,-0.46,762500.0,0.9131736526946108,83500000,3.2635038387826487,2725025.7053835113,2.350330186088038,1962525.7053835115,STD,UFA
8477018,Ben Hutton,D,2023,41,0.0,0.0,3.0,8.0,1.22,1.83,-0.31,0.0,-0.22,850000.0,1.0179640718562875,83500000,3.364090542433665,2809015.60293211,2.346126470577378,1959015.6029321104,STD,UFA
8479514,Rem Pitlick,C,2023,9,-0.05,-0.46,6.0,15.0,-0.97,-0.21,-0.3,0.0,-0.14,1100000.0,1.3173652694610778,83500000,3.656244259643051,3052963.9568019477,2.338878990181973,1952963.9568019474,STD,UFA
8482475,Yegor Chinakhov,RW,2023,53,-0.09,-0.14,4.0,13.0,7.86,-2.43,-0.63,0.0,1.85,800000.0,0.9580838323353293,83500000,3.2919996774133224,2748819.730640124,2.333915845077993,1948819.730640124,STD,RFA
8475726,Tyler Toffoli,RW,2023,79,0.55,0.57,34.0,73.0,15.47,-0.06,1.07,0.0,0.93,4250000.0,5.089820359281437,83500000,7.407408368063406,6185185.987332944,2.3175880087819687,1935185.987332944,STD,UFA
8470794,Joe Pavelski,C,2023,82,0.94,0.94,28.0,77.0,10.68,3.03,3.42,0.0,1.78,3500000.0,4.191616766467066,83500000,6.462559453248575,5396237.143462561,2.2709426867815097,1896237.1434625604,STD,UFA
8480849,Barrett Hayton,C,2023,33,-0.11,-0.27,19.0,43.0,-0.37,-0.71,-0.35,-0.02,0.61,1775000.0,2.125748502994012,83500000,4.379454258263392,3656844.3056499325,2.25370575526938,1881844.3056499322,STD,RFA
8479999,Casey Mittelstadt,C,2023,80,-0.28,-0.29,15.0,59.0,13.82,-2.68,-1.39,0.0,-0.93,2500000.0,2.9940119760479043,83500000,5.220772649794116,4359345.162578086,2.2267606737462113,1859345.1625780866,STD,RFA
8475825,Jani Hakanpaa,D,2023,64,0.38,0.49,6.0,16.0,-0.5,1.08,-0.03,0.19,-1.14,1500000.0,1.7964071856287425,83500000,3.99531119028903,3336084.84389134,2.1989040046602875,1836084.84389134,STD,UFA
8478493,Joel Eriksson Ek,C,2023,77,0.52,0.55,23.0,61.0,1.05,3.76,1.81,-0.29,1.31,5250000.0,6.287425149700598,83500000,8.456483949626792,7061164.097938371,2.1690587999261934,1811164.0979383716,STD,RFA
8479639,Dylan Coghlan,D,2023,1,0.0,0.0,0.0,3.0,0.52,0.0,-0.0,0.0,0.0,762500.0,0.9131736526946108,83500000,3.0749313132315255,2567567.646548324,2.1617576605369146,1805067.6465483238,STD,RFA
8477426,Nick Paul,LW,2023,82,0.14,0.14,17.0,32.0,0.55,3.64,0.5,0.03,0.26,3150000.0,3.772455089820359,83500000,5.9131617103473335,4937490.028140023,2.1407066205269745,1787490.0281400236,STD,UFA
8479390,Taylor Raddysh,RW,2023,72,0.01,0.01,20.0,37.0,-10.6,0.21,-0.95,0.02,-0.64,758333.0,0.9081832335329342,83500000,3.0382995676387043,2536980.1389783183,2.1301163341057703,1778647.1389783183,STD,RFA
8474090,Brendan Smith,D,2023,62,0.51,0.67,0.0,5.0,3.68,-0.7,-0.05,0.05,-1.34,1100000.0,1.3173652694610778,83500000,3.390538484753563,2831099.634769225,2.073173215292485,1731099.6347692248,STD,UFA
8478466,Daniel Sprong,RW,2023,76,0.24,0.26,21.0,46.0,7.48,-1.86,1.05,-0.0,0.17,750000.0,0.8982035928143712,83500000,2.9677034340835124,2478032.367459733,2.069499841269141,1728032.3674597328,STD,UFA
8477938,Haydn Fleury,D,2023,24,0.09,0.31,0.0,1.0,-1.52,0.06,-0.01,0.0,-0.1,762500.0,0.9131736526946108,83500000,2.978455092700022,2487010.0024045184,2.0652814400054114,1724510.0024045184,STD,UFA
8475343,Nic Dowd,C,2023,64,-0.06,-0.08,13.0,25.0,-2.16,-0.97,-0.07,0.07,-0.67,1300000.0,1.5568862275449102,83500000,3.6114987073329132,3015601.420622983,2.0546124797880028,1715601.4206229823,STD,UFA
8477446,Michael McCarron,RW,2023,70,0.13,0.15,2.0,4.0,0.39,-0.6,-0.06,0.03,-0.18,775000.0,0.9281437125748504,83500000,2.9561772736206358,2468408.0234732307,2.0280335610457856,1693408.023473231,STD,UFA
8476389,Vincent Trocheck,C,2023,82,1.15,1.15,22.0,64.0,-1.73,0.55,3.59,0.31,-0.19,5625000.0,6.736526946107785,83500000,8.752429065293493,7308278.269520067,2.015902119185708,1683278.2695200662,STD,UFA
8476331,Dylan DeMelo,D,2023,82,-0.08,-0.08,6.0,27.0,3.65,-0.46,0.29,-0.01,-1.03,3000000.0,3.592814371257485,83500000,5.601623063919147,4677355.2583724875,2.0088086926616624,1677355.2583724882,STD,UFA
8475184,Chris Kreider,LW,2023,82,1.24,1.24,36.0,54.0,7.92,0.32,4.56,0.08,-0.06,6500000.0,7.784431137724551,83500000,9.755992494840514,8146253.733191829,1.971561357115963,1646253.7331918292,STD,UFA
8479987,Morgan Geekie,C,2023,76,0.15,0.16,9.0,28.0,10.78,-2.75,-0.03,-0.0,-0.97,1400000.0,1.6766467065868262,83500000,3.6455745076004185,3044054.7138463496,1.9689278010135922,1644054.7138463494,STD,RFA
8478840,William Borgen,D,2023,82,0.43,0.43,3.0,20.0,2.84,-1.11,-0.05,0.14,-1.94,900000.0,1.0778443113772456,83500000,3.026554643381955,2527173.127223932,1.9487103320047092,1627173.1272239322,STD,RFA
8478450,Parker Wotherspoon,D,2023,41,0.14,0.28,0.0,1.0,3.58,-0.83,-0.07,0.0,-0.04,750000.0,0.8982035928143712,83500000,2.803152957774058,2340632.7197413384,1.904949364959687,1590632.7197413386,STD,RFA
8478020,Michael Amadio,C,2023,73,0.11,0.12,16.0,27.0,3.63,-0.81,0.25,0.0,1.2,762500.0,0.9131736526946108,83500000,2.8139322346541977,2349633.415936255,1.900758581959587,1587133.4159362551,STD,RFA
8477464,Nic Petan,C,2023,6,-0.01,-0.14,1.0,3.0,-0.12,0.07,-0.09,0.0,-0.16,762500.0,0.9131736526946108,83500000,2.8135264850688735,2349294.6150325094,1.9003528323742627,1586794.6150325092,STD,UFA
8480068,Ryan Poehling,C,2023,77,0.37,0.39,7.0,14.0,0.71,0.78,-0.13,0.03,1.91,750000.0,0.8982035928143712,83500000,2.794873546371784,2333719.4112204397,1.896669953557413,1583719.41122044,STD,RFA
8481618,Alex Newhook,C,2023,55,-0.18,-0.27,14.0,30.0,7.28,-2.57,-1.32,0.0,0.17,908333.0,1.0878239520958084,83500000,2.9690135164322804,2479126.2862209543,1.881189564336472,1570793.2862209543,ELC,
8481596,Shane Pinto,C,2023,41,0.16,0.32,20.0,35.0,-2.18,0.75,0.24,0.0,-0.2,925000.0,1.1077844311377245,83500000,2.9629743889231133,2474083.6147507997,1.8551899577853888,1549083.6147507995,ELC,
8482124,Quinton Byfield,C,2023,80,0.38,0.39,3.0,22.0,1.86,0.78,1.24,0.0,0.24,894167.0,1.0708586826347306,83500000,2.9241144447044576,2441635.561328222,1.853255762069727,1547468.561328222,ELC,
8480073,Erik Brannstrom,D,2023,76,-0.07,-0.08,2.0,18.0,0.5,3.08,-0.7,0.01,-1.47,900000.0,1.0778443113772456,83500000,2.9038569224188056,2424720.530219703,1.82601261104156,1524720.5302197025,STD,RFA
8475798,Mikael Granlund,C,2023,69,0.16,0.19,10.0,41.0,-3.73,-6.32,1.17,-0.21,0.61,5000000.0,5.9880239520958085,83500000,7.812705597809304,6523609.174170769,1.8246816457134951,1523609.1741707684,STD,UFA
8482665,Matty Beniers,C,2023,77,0.05,0.05,24.0,57.0,-1.47,6.06,-0.15,0.0,1.27,897500.0,1.0748502994011975,83500000,2.849040408396087,2378948.741010733,1.7741901089948897,1481448.741010733,ELC,
8482110,Dawson Mercer,C,2023,82,0.21,0.21,27.0,56.0,13.16,-2.08,-0.57,-0.01,0.43,894167.0,1.0708586826347306,83500000,2.8306968035806293,2363631.8309898255,1.7598381209458986,1469464.8309898255,ELC,
8482667,William Eklund,LW,2023,80,0.07,0.07,2.0,3.0,-2.61,-5.48,0.89,0.0,0.78,863333.0,1.033931736526946,83500000,2.763945216948981,2307894.256152399,1.730013480422035,1444561.2561523993,ELC,
8471677,Jack Johnson,D,2023,80,0.16,0.16,2.0,8.0,5.68,0.76,-0.02,-0.13,0.05,950000.0,1.1377245508982037,83500000,2.8644780693948775,2391839.187944723,1.7267535184966738,1441839.1879447226,STD,UFA
8474568,Luke Schenn,D,2023,63,0.08,0.1,4.0,22.0,4.67,1.69,-0.03,-0.19,-1.52,850000.0,1.0179640718562875,83500000,2.7294780072224345,2279114.1360307327,1.711513935366147,1429114.1360307327,STD,UFA
8477987,Ryan Donato,C,2023,78,0.16,0.17,14.0,27.0,-2.59,-2.8,-0.96,0.0,1.56,1200000.0,1.437125748502994,83500000,3.145827380966381,2626765.8631069283,1.7087016324633868,1426765.863106928,STD,UFA
8480001,Urho Vaakanainen,D,2023,68,0.18,0.22,0.0,2.0,-5.21,0.32,-0.04,0.0,-0.29,850000.0,1.0179640718562875,83500000,2.7257866236202855,2276031.8307229383,1.707822551763998,1426031.8307229383,STD,RFA
8477949,Alex Tuch,RW,2023,75,0.39,0.43,36.0,79.0,12.7,-2.89,-0.5,-0.06,-0.24,4750000.0,5.688622754491018,83500000,7.384243286550559,6165843.144269716,1.6956205320595412,1415843.144269717,STD,RFA
8474034,Patrick Maroon,LW,2023,51,-0.05,-0.08,5.0,14.0,-5.36,1.09,-0.45,0.0,-0.39,1000000.0,1.1976047904191618,83500000,2.88352696547606,2407745.0161725096,1.685922175056898,1407745.0161725096,STD,UFA
8478542,Evan Rodrigues,C,2023,80,0.38,0.39,16.0,39.0,3.51,0.46,0.9,-0.0,0.73,2000000.0,2.3952095808383236,83500000,4.056337911599391,3387042.156185491,1.6611283307610671,1387042.156185491,STD,UFA
8478055,Gustav Forsling,D,2023,79,0.05,0.05,13.0,41.0,11.33,-0.91,0.07,-0.44,-0.19,2666667.0,3.1936131736526945,83500000,4.829000145231928,4032215.1212686603,1.635386971579234,1365548.1212686603,STD,RFA
8477947,Sonny Milano,LW,2023,49,0.09,0.15,11.0,33.0,7.78,-0.57,0.49,-0.0,0.11,1900000.0,2.2754491017964074,83500000,3.910443056180153,3265219.951910428,1.6349939543837455,1365219.9519104275,STD,UFA
8482159,Tyson Foerster,RW,2023,77,-0.1,-0.11,3.0,7.0,4.25,2.12,-1.18,0.0,1.26,863334.0,1.0339329341317365,83500000,2.66812364829833,2227883.246329106,1.6341907141665937,1364549.2463291057,ELC,
8475151,Kyle Palmieri,RW,2023,82,0.42,0.42,16.0,33.0,10.55,-2.58,1.83,-0.01,1.96,5000000.0,5.9880239520958085,83500000,7.616404673447635,6359697.902328775,1.6283807213518262,1359697.902328775,STD,UFA
8478454,Noah Juulsen,D,2023,54,0.25,0.38,0.0,0.0,-1.71,1.02,-0.03,-0.05,-1.04,775000.0,0.9281437125748504,83500000,2.5469336545870895,2126689.60158022,1.6187899420122391,1351689.6015802196,STD,UFA
8478046,Danton Heinen,LW,2023,74,0.21,0.23,8.0,22.0,2.7,-0.77,0.02,0.01,-1.67,1000000.0,1.1976047904191618,83500000,2.8079505795916067,2344638.7339589917,1.6103457891724449,1344638.7339589915,STD,UFA
8477508,Curtis Lazar,C,2023,71,0.15,0.17,3.0,5.0,2.08,1.22,-0.09,-0.12,1.01,1000000.0,1.1976047904191618,83500000,2.803536514999399,2340952.990024498,1.6059317245802371,1340952.990024498,STD,UFA
8478859,Niko Mikkola,D,2023,82,0.48,0.48,1.0,6.0,6.14,0.41,-0.07,0.01,-1.4,1900000.0,2.2754491017964074,83500000,3.8737026376953576,3234541.702475623,1.5982535358989503,1334541.7024756235,STD,RFA
8477392,Hudson Fasching,RW,2023,45,0.06,0.11,10.0,19.0,-3.1,0.95,-0.12,0.0,0.27,775000.0,0.9281437125748504,83500000,2.5245829779489597,2108026.7865873813,1.5964392653741093,1333026.7865873813,STD,UFA
8476432,Boone Jenner,C,2023,58,-0.04,-0.06,26.0,45.0,6.38,-2.99,-0.11,-0.08,0.21,3750000.0,4.491017964071856,83500000,6.086782072687894,5082463.030694392,1.595764108616038,1332463.0306943916,STD,UFA
8476988,Matt Benning,D,2023,14,-0.06,-0.35,1.0,24.0,0.14,-1.63,-0.01,-0.03,-0.97,1250000.0,1.4970059880239521,83500000,3.0913840156165087,2581305.6530397846,1.5943780275925565,1331305.6530397846,STD,UFA
8478038,Devon Toews,D,2023,82,-0.35,-0.35,7.0,50.0,23.43,3.5,-1.24,-0.06,0.69,4100000.0,4.910179640718563,83500000,6.5027735186350295,5429815.88806025,1.5925938779164666,1329815.8880602494,STD,RFA
8476393,Nick Cousins,C,2023,69,0.1,0.12,9.0,27.0,-1.26,-1.28,-0.31,0.0,-0.19,1100000.0,1.3173652694610778,83500000,2.9085775286479674,2428662.236421053,1.5912122591868896,1328662.2364210528,STD,UFA
8483515,Juraj Slafkovsky,RW,2023,82,0.01,0.01,4.0,10.0,-0.01,-0.52,1.61,0.0,-2.11,950000.0,1.1377245508982037,83500000,2.712632034422814,2265047.74874305,1.5749074835246104,1315047.7487430496,ELC,
8480839,Rasmus Dahlin,D,2023,81,0.43,0.44,15.0,73.0,14.16,0.47,1.07,0.01,-0.13,6000000.0,7.18562874251497,83500000,8.727063191303758,7287097.764738638,1.541434448788788,1287097.7647386382,STD,RFA
8480216,Jacob Peterson,C,2023,6,0.0,0.0,2.0,8.0,-0.76,-0.57,-0.04,0.0,0.18,775000.0,0.9281437125748504,83500000,2.4579522933968807,2052390.1649863955,1.5298085808220303,1277390.1649863953,STD,RFA
8482699,Dylan Guenther,RW,2023,45,0.22,0.4,6.0,15.0,5.44,-0.37,2.02,0.0,-0.21,894176.0,1.0708694610778442,83500000,2.6005564994842487,2171464.677069348,1.5296870384064045,1277288.6770693478,ELC,
8475714,Calle Jarnkrok,C,2023,52,0.13,0.2,20.0,39.0,2.67,-0.85,-0.23,0.02,0.66,2100000.0,2.5149700598802394,83500000,4.026682269447347,3362279.694988535,1.5117122095671078,1262279.694988535,STD,UFA
8478397,Rasmus Andersson,D,2023,78,0.45,0.47,11.0,49.0,11.55,0.49,-2.05,0.26,0.0,4550000.0,5.449101796407185,83500000,6.958164063447496,5810066.992978659,1.5090622670403109,1260066.9929786597,STD,RFA
8480039,Martin Necas,C,2023,77,0.18,0.19,28.0,71.0,8.99,-3.41,0.52,0.01,0.59,3000000.0,3.592814371257485,83500000,5.06464003690054,4228974.430811951,1.4718256656430553,1228974.4308119512,STD,RFA
8476952,Dominic Toninato,C,2023,15,0.01,0.05,0.0,1.0,-0.88,1.09,-0.01,-0.0,-0.31,775000.0,0.9281437125748504,83500000,2.3583694930939902,1969238.526733482,1.4302257805191398,1194238.5267334818,STD,UFA
8481178,Egor Zamula,D,2023,66,0.11,0.14,0.0,4.0,-1.64,0.3,0.12,0.0,-1.5,775000.0,0.9281437125748504,83500000,2.358293402269778,1969174.9908952648,1.4301496896949277,1194174.9908952645,STD,RFA
8475278,Byron Froese,C,2023,16,0.01,0.05,1.0,2.0,-1.39,0.46,-0.02,-0.01,0.03,762500.0,0.9131736526946108,83500000,2.3170293280793945,1934719.4889462944,1.4038556753847837,1172219.4889462944,STD,UFA
8479982,Conor Timmins,D,2023,25,0.05,0.16,2.0,14.0,4.84,-0.44,-0.15,0.0,-0.95,1100000.0,1.3173652694610778,83500000,2.7184528517667292,2269908.131225219,1.4010875823056514,1169908.131225219,STD,RFA
8478407,Vince Dunn,D,2023,59,-0.11,-0.15,14.0,64.0,14.79,-0.16,0.36,0.0,-1.45,4000000.0,4.790419161676647,83500000,6.189921329143386,5168584.309834728,1.3995021674667392,1168584.309834727,STD,RFA
8475795,Dylan McIlrath,D,2023,3,0.0,0.0,0.0,1.0,0.01,0.13,-0.0,0.0,0.01,750000.0,0.8982035928143712,83500000,2.295249561480748,1916533.3838364247,1.397045968666377,1166533.383836425,STD,UFA
8480058,Pierre Olivier Joseph,D,2023,52,0.14,0.22,5.0,21.0,5.65,-2.76,-0.07,0.0,-0.37,825000.0,0.9880239520958085,83500000,2.376036134922959,1983990.1726606707,1.3880121828271506,1158990.1726606707,STD,RFA
8476879,Cody Ceci,D,2023,79,0.41,0.43,1.0,15.0,13.07,-1.41,-0.09,-0.07,-0.39,3250000.0,3.8922155688622757,83500000,5.268136575178,4398894.040273629,1.375921006315724,1148894.0402736294,STD,UFA
8479321,Lucas Johansen,D,2023,6,0.02,0.27,0.0,0.0,-0.75,-0.63,-0.0,0.0,-0.32,762500.0,0.9131736526946108,83500000,2.273856526863506,1898670.1999310276,1.3606828741688952,1136170.1999310276,STD,RFA
8478115,Pierre Engvall,LW,2023,74,-0.01,-0.01,17.0,30.0,2.75,0.41,0.55,0.0,-0.81,2250000.0,2.694610778443114,83500000,4.0394091509349686,3372906.641030699,1.3447983724918546,1122906.6410306985,STD,RFA
8477380,Jonny Brodzinski,C,2023,57,0.03,0.04,1.0,2.0,-2.92,0.89,-0.07,0.0,0.63,762500.0,0.9131736526946108,83500000,2.2397271638122866,1870172.1817832594,1.3265535111176758,1107672.1817832594,STD,UFA
8478881,Brett Seney,LW,2023,4,0.0,0.0,1.0,1.0,-0.43,0.17,-0.0,0.0,-0.33,775000.0,0.9281437125748504,83500000,2.2466107803100357,1875920.0015588796,1.3184670677351853,1100920.0015588796,STD,UFA
8482745,Mason McTavish,C,2023,64,0.03,0.04,17.0,43.0,5.13,-3.53,-0.43,-0.0,-1.51,894167.0,1.0708586826347306,83500000,2.3834276644754624,1990162.099837011,1.3125689818407318,1095995.099837011,ELC,
8480246,Nick Perbix,D,2023,77,0.21,0.22,5.0,20.0,0.48,-1.56,-0.03,0.0,1.43,1125000.0,1.347305389221557,83500000,2.655042511296406,2216960.496932499,1.307737122074849,1091960.4969324989,STD,RFA
8479576,Vincent Desharnais,D,2023,78,0.41,0.43,0.0,5.0,3.68,2.66,-0.06,0.0,-1.81,762500.0,0.9131736526946108,83500000,2.219050142238954,1852906.8687695267,1.3058764895443433,1090406.8687695267,STD,
8479992,Michael Rasmussen,C,2023,75,0.17,0.19,10.0,29.0,-2.83,-1.1,-0.14,-0.09,-0.13,1460000.0,1.7485029940119758,83500000,3.0529845039550487,2549242.060802466,1.3044815099430729,1089242.0608024658,STD,RFA
8475181,Nick Leddy,D,2023,82,-0.19,-0.19,2.0,23.0,0.13,-4.61,0.23,-0.22,1.19,4000000.0,4.790419161676647,83500000,6.084003797360021,5080143.170795618,1.2935846356833736,1080143.170795617,STD,UFA
8479941,Justin Danforth,RW,2023,71,0.11,0.13,2.0,3.0,-1.57,-2.57,-0.46,0.0,0.36,975000.0,1.1676646706586826,83500000,2.443923044656403,2040675.7422880963,1.2762583739977202,1065675.7422880963,STD,UFA
8482079,Marco Rossi,C,2023,82,-0.06,-0.06,0.0,1.0,3.4,1.27,-1.19,0.0,2.29,863334.0,1.0339329341317365,83500000,2.3076871287821703,1926918.7525331122,1.2737541946504338,1063584.7525331122,ELC,
8481568,Alex Vlasic,D,2023,76,0.32,0.35,0.0,1.0,-2.83,-0.5,-0.38,0.0,-0.21,916667.0,1.0978047904191617,83500000,2.353701253334716,1965340.5465344877,1.2558964629155542,1048673.5465344877,ELC,
8482089,Jake Neighbours,LW,2023,77,0.3,0.32,6.0,10.0,10.39,-7.13,1.56,0.0,1.92,835834.0,1.0009988023952097,83500000,2.256853799300403,1884472.9224158367,1.2558549969051935,1048638.9224158365,ELC,
8482740,Wyatt Johnston,C,2023,82,0.35,0.35,24.0,41.0,10.83,1.21,1.46,0.05,0.43,894167.0,1.0708586826347306,83500000,2.324790074460404,1941199.7121744377,1.2539313918256736,1047032.7121744375,ELC,
8478409,Anthony Richard,C,2023,9,0.0,0.0,3.0,5.0,-0.11,-0.66,-0.0,0.0,-0.15,750000.0,0.8982035928143712,83500000,2.149642840475982,1794951.7717974451,1.251439247661611,1044951.7717974453,STD,UFA
8475797,Jarred Tinordi,D,2023,52,0.08,0.13,2.0,8.0,-3.1,-3.5,-0.01,0.0,-1.89,1250000.0,1.4970059880239521,83500000,2.747354305891653,2294040.8454195303,1.2503483178677008,1044040.8454195302,STD,UFA
8478970,Jalen Chatfield,D,2023,72,0.26,0.3,6.0,14.0,17.91,3.04,-0.05,0.0,-0.31,762500.0,0.9131736526946108,83500000,2.1300786896223087,1778615.7058346278,1.216905036927698,1016115.7058346277,STD,RFA
8478911,Matt Roy,D,2023,81,0.68,0.69,9.0,26.0,11.64,-0.43,0.16,-0.11,-1.56,3150000.0,3.772455089820359,83500000,4.987419402746037,4164495.2012929404,1.2149643129256775,1014495.2012929408,STD,RFA
8475287,Erik Haula,LW,2023,76,0.19,0.2,14.0,41.0,1.67,-1.27,-0.42,0.01,-2.65,3150000.0,3.772455089820359,83500000,4.975326683608488,4154397.7808130872,1.202871593788129,1004397.7808130876,STD,UFA
8477467,Gustav Olofsson,D,2023,1,0.0,0.0,0.0,0.0,-0.11,-0.11,-0.0,0.0,0.0,775000.0,0.9281437125748504,83500000,2.130379487155789,1778866.8717750837,1.2022357745809387,1003866.8717750838,STD,UFA
8481812,Nikolai Knyzhov,D,2023,10,0.03,0.25,1.0,1.0,-0.78,0.13,-0.11,0.0,-0.14,1250000.0,1.4970059880239521,83500000,2.69272357074915,2248424.1815755405,1.195717582725198,998424.1815755405,STD,UFA
8477482,Zach Sanford,LW,2023,29,0.03,0.08,2.0,3.0,-1.16,0.21,0.19,0.0,0.06,850000.0,1.0179640718562875,83500000,2.2026588156497713,1839220.111067559,1.1846947437934838,989220.111067559,STD,UFA
8476884,Derrick Pouliot,D,2023,5,0.0,0.0,0.0,2.0,0.15,-0.64,-0.01,0.0,0.01,750000.0,0.8982035928143712,83500000,2.0817678299614446,1738276.1380178062,1.1835642371470734,988276.1380178062,STD,UFA
8478891,Mason Appleton,C,2023,82,0.33,0.33,5.0,16.0,9.94,1.12,0.39,0.04,0.41,2166667.0,2.594810778443114,83500000,3.773747147101602,3151078.867829838,1.1789363686584884,984411.8678298377,STD,RFA
8477969,Marcus Pettersson,D,2023,82,0.58,0.58,1.0,24.0,19.24,-2.17,-0.38,0.14,-1.19,4025175.0,4.820568862275449,83500000,5.980998025173287,4994133.3510196945,1.160429162897838,968958.3510196948,STD,RFA
8476457,Adam Larsson,D,2023,81,0.08,0.08,8.0,33.0,-6.99,0.68,-0.25,0.28,-1.02,4000000.0,4.790419161676647,83500000,5.950738114007512,4968866.325196273,1.160318952330865,968866.3251962722,STD,UFA
8479525,Ross Colton,C,2023,80,0.12,0.12,16.0,32.0,2.14,-5.43,0.08,0.0,0.03,1125000.0,1.347305389221557,83500000,2.506310359000933,2092769.149765779,1.159004969779376,967769.1497657789,STD,RFA
8476918,Jimmy Vesey,LW,2023,80,0.24,0.25,11.0,25.0,-3.52,0.43,-0.24,-0.06,0.69,800000.0,0.9580838323353293,83500000,2.106851039392314,1759220.6178925824,1.1487672070569848,959220.6178925823,STD,UFA
8471686,Marc Staal,D,2023,35,0.06,0.14,3.0,15.0,1.71,-0.04,-0.03,-0.05,-0.59,750000.0,0.8982035928143712,83500000,2.039118548128142,1702663.987686999,1.140914955313771,952663.9876869988,STD,UFA
8476858,Phillip Di Giuseppe,LW,2023,51,0.11,0.18,6.0,12.0,-3.17,-0.28,-0.02,0.0,-0.23,775000.0,0.9281437125748504,83500000,2.0529494028176547,1714212.7513527416,1.1248056902428043,939212.7513527416,STD,UFA
8478420,Mikko Rantanen,C,2023,80,1.1,1.13,55.0,105.0,29.23,-4.31,4.43,0.0,-0.34,9250000.0,11.077844311377245,83500000,12.194548644219575,10182448.117923345,1.11670433284233,932448.1179233455,STD,RFA
8481186,Logan O'Connor,RW,2023,57,0.12,0.17,9.0,26.0,7.57,1.4,-0.08,-0.04,-0.52,1050000.0,1.2574850299401197,83500000,2.364089537011216,1974014.7634043652,1.1066045070710961,924014.7634043653,STD,RFA
8477450,Jason Dickinson,C,2023,82,-0.22,-0.22,9.0,30.0,5.81,-3.14,-0.33,-0.15,0.59,2650000.0,3.1736526946107784,83500000,4.277708268643403,3571886.404317241,1.1040555740326248,921886.4043172416,STD,RFA
8477501,Valeri Nichushkin,RW,2023,54,0.15,0.23,17.0,47.0,7.4,-1.93,1.46,0.1,0.38,6125000.0,7.335329341317365,83500000,8.429109794244853,7038306.678194452,1.0937804529274882,913306.6781944527,STD,UFA
8475842,Sam Carrick,C,2023,77,-0.02,-0.02,3.0,7.0,-7.48,-1.08,-0.24,0.01,0.17,850000.0,1.0179640718562875,83500000,2.1059315406581973,1758452.8364495947,1.0879674688019099,908452.8364495947,STD,UFA
8478078,Rourke Chartier,C,2023,37,0.12,0.27,0.0,0.0,-2.97,0.74,-0.06,0.0,1.09,750000.0,0.8982035928143712,83500000,1.979816786844415,1653147.0170150865,1.0816131940300437,903147.0170150866,STD,UFA
8479547,Matthew Phillips,RW,2023,30,0.0,0.0,0.0,0.0,-1.01,-0.61,-0.46,0.0,0.4,750000.0,0.8982035928143712,83500000,1.976853314300488,1650672.5174409074,1.0786497214861168,900672.5174409075,STD,RFA
8477409,Carter Verhaeghe,C,2023,76,0.35,0.38,42.0,73.0,17.3,2.01,1.99,-0.0,-1.28,4166667.0,4.990020359281437,83500000,6.067166965018595,5066084.415790527,1.0771466057371581,899417.4157905271,STD,RFA
8475752,Tyler Pitlick,C,2023,34,0.03,0.07,7.0,16.0,-3.3,-0.33,-0.0,0.0,0.57,750000.0,0.8982035928143712,83500000,1.9688589682876536,1643997.2385201908,1.0706553754732824,893997.2385201908,STD,UFA
8476925,Colton Sissons,C,2023,81,-0.19,-0.19,12.0,30.0,0.82,-1.47,-0.34,-0.2,-0.09,2857143.0,3.4217281437125746,83500000,4.463922446176321,3727375.242557228,1.0421943024637463,870232.2425572282,STD,RFA
8479345,Jakob Chychrun,D,2023,82,0.07,0.07,9.0,33.0,10.33,-1.29,0.1,0.01,-1.7,4600000.0,5.508982035928144,83500000,6.541439688979382,5462102.1402977845,1.0324576530512388,862102.1402977844,STD,RFA
8481122,Simon Benoit,D,2023,64,0.08,0.1,3.0,10.0,-1.33,-1.21,-0.03,-0.14,-1.33,750000.0,0.8982035928143712,83500000,1.925319568725671,1607641.8398859354,1.0271159759112998,857641.8398859354,STD,RFA
8480185,Eetu Luostarinen,C,2023,82,0.4,0.4,17.0,43.0,0.78,3.99,-0.08,-0.11,1.77,1500000.0,1.7964071856287425,83500000,2.823146012130099,2357326.920128633,1.0267388265013566,857326.9201286327,STD,RFA
8482142,Jamie Drysdale,D,2023,34,0.01,0.02,0.0,0.0,0.75,-1.14,-0.47,0.0,-0.22,925000.0,1.1077844311377245,83500000,2.1302279421564716,1778740.331700654,1.022443511018747,853740.3317006538,ELC,
8479351,Sam Steel,C,2023,77,-0.07,-0.07,10.0,28.0,-2.21,1.7,-0.07,-0.15,-0.15,825000.0,0.9880239520958085,83500000,2.00764900176352,1676386.916472539,1.0196250496677113,851386.916472539,STD,UFA
8478401,Pavel Zacha,C,2023,78,0.45,0.47,21.0,57.0,6.09,-3.67,0.45,0.13,1.11,4750000.0,5.688622754491018,83500000,6.7071383753826215,5600460.543444488,1.0185156208916037,850460.5434444891,STD,UFA
8473533,Jordan Staal,C,2023,80,0.35,0.36,17.0,34.0,1.08,3.93,-0.13,-0.04,-1.47,2900000.0,3.473053892215569,83500000,4.485772430874087,3745619.9797798633,1.0127185386585182,845619.9797798628,STD,UFA
8478396,Noah Hanifin,D,2023,80,0.52,0.53,7.0,38.0,16.81,2.96,0.39,0.08,-0.67,4950000.0,5.92814371257485,83500000,6.9319444723864105,5788173.634442653,1.0038007598115604,838173.6344426529,STD,RFA
8476872,Scott Laughton,C,2023,82,-0.29,-0.29,18.0,43.0,0.25,-3.04,-0.98,-0.01,-0.95,3000000.0,3.592814371257485,83500000,4.585970771040392,3829285.5938187274,0.9931563997829072,829285.5938187275,STD,UFA
8483565,Nick Blankenburg,D,2023,12,0.03,0.2,4.0,14.0,1.91,-1.46,-0.0,0.0,0.21,825000.0,0.9880239520958085,83500000,1.9779749469287236,1651609.0806854842,0.989950994832915,826609.0806854841,STD,RFA
8476994,Vinnie Hinostroza,RW,2023,14,0.0,0.0,2.0,11.0,-0.52,-0.98,-0.22,0.0,-0.14,1700000.0,2.035928143712575,83500000,3.020447737266746,2522073.860617733,0.9845195935541713,822073.860617733,STD,UFA
8475810,Bryan Rust,RW,2023,62,-0.01,-0.01,20.0,46.0,24.09,-0.78,-0.96,0.01,0.22,5125000.0,6.137724550898203,83500000,7.118160476735154,5943663.998073854,0.980435925836951,818663.9980738541,STD,UFA
8480205,Emil Bemstrom,C,2023,56,0.01,0.01,7.0,22.0,-2.79,-0.36,0.54,0.0,-0.57,900000.0,1.0778443113772456,83500000,2.0574881715200064,1718002.6232192055,0.9796438601427608,818002.6232192053,STD,UFA
8476480,Vladislav Namestnikov,C,2023,78,-0.13,-0.14,8.0,25.0,0.0,3.45,0.04,0.23,1.06,2500000.0,2.9940119760479043,83500000,3.9727584929795388,3317253.341637915,0.9787465169316345,817253.3416379148,STD,UFA
8480441,Trey Fix Wolansky,RW,2023,11,0.0,0.0,1.0,1.0,0.46,-1.06,-0.09,0.0,-0.15,775000.0,0.9281437125748504,83500000,1.9054926241234966,1591086.3411431196,0.9773489115486462,816086.3411431196,STD,RFA
8480035,Henri Jokiharju,D,2023,74,0.17,0.19,3.0,13.0,5.67,-7.5,-0.3,-0.06,-0.76,2500000.0,2.9940119760479043,83500000,3.966769634930227,3312252.6451667394,0.9727576588823226,812252.6451667394,STD,RFA
8480893,Kirill Marchenko,RW,2023,78,0.01,0.01,21.0,25.0,3.6,-2.53,0.81,0.0,1.43,925000.0,1.1077844311377245,83500000,2.0802563029393166,1737014.0129543291,0.9724718718015921,812014.0129543294,ELC,
8479328,Julien Gauthier,RW,2023,27,0.03,0.09,9.0,14.0,-2.27,-1.36,-0.04,0.0,0.05,800000.0,0.9580838323353293,83500000,1.9282730135376003,1610107.9663038964,0.9701891812022709,810107.9663038963,STD,RFA
8480011,Klim Kostin,RW,2023,52,0.03,0.05,11.0,21.0,0.34,0.23,-0.38,0.0,0.1,750000.0,0.8982035928143712,83500000,1.8543834599905846,1548410.189092138,0.9561798671762134,798410.1890921382,STD,RFA
8482087,Kaiden Guhle,D,2023,69,-0.04,-0.05,4.0,18.0,-0.81,-3.02,-0.29,-0.06,-2.28,863334.0,1.0339329341317365,83500000,1.9875955193707675,1659642.2586745908,0.953662585239031,796308.258674591,ELC,
8478136,Jacob Middleton,D,2023,80,0.15,0.15,3.0,15.0,-3.31,0.85,-0.04,0.11,-0.05,2450000.0,2.9341317365269464,83500000,3.8707885887606945,3232108.47161518,0.9366568522337482,782108.4716151797,STD,RFA
8480853,Liam Foudy,C,2023,13,0.01,0.06,7.0,14.0,0.2,-0.01,-0.02,0.0,0.53,762500.0,0.9131736526946108,83500000,1.8495239578798905,1544352.5048297085,0.9363503051852797,781852.5048297085,STD,RFA
8480157,Calle Rosen,D,2023,6,0.02,0.27,8.0,18.0,-1.03,-0.32,-0.0,0.0,-0.16,762500.0,0.9131736526946108,83500000,1.8490707202848853,1543974.0514378794,0.9358970675902745,781474.0514378792,STD,UFA
8480776,Sheldon Rempal,RW,2023,9,0.01,0.09,0.0,0.0,0.37,0.13,0.18,0.0,0.02,762500.0,0.9131736526946108,83500000,1.842782687525288,1538723.5440836153,0.9296090348306771,776223.5440836155,STD,UFA
8479315,Joey Anderson,RW,2023,55,0.14,0.21,6.0,9.0,-4.21,-0.68,-0.03,0.0,-0.03,800000.0,0.9580838323353293,83500000,1.883170961953649,1572447.753231297,0.9250871296183196,772447.7532312969,STD,RFA
8473449,Kyle Okposo,RW,2023,67,-0.02,-0.02,11.0,28.0,0.35,-0.49,-0.0,0.0,-0.52,2500000.0,2.9940119760479043,83500000,3.91192492395988,3266457.3115065,0.9179129479119759,766457.3115064999,STD,UFA
8480192,Johnathan Kovacevic,D,2023,62,0.07,0.09,3.0,15.0,3.04,-1.97,-0.03,-0.01,-1.17,766667.0,0.9181640718562873,83500000,1.832388533687272,1530044.4256288724,0.9142244618309847,763377.4256288722,STD,RFA
8475754,Brock Nelson,C,2023,82,0.39,0.39,36.0,75.0,18.05,0.81,1.31,-0.01,0.95,6000000.0,7.18562874251497,83500000,8.095872886875464,6760053.860541012,0.9102441443604938,760053.8605410124,STD,UFA
8482175,JJ Peterka,C,2023,82,-0.11,-0.11,12.0,32.0,18.74,-5.3,-0.69,0.0,3.48,855834.0,1.0249508982035926,83500000,1.931308399802253,1612642.5138348814,0.9063575015986605,756808.5138348815,ELC,
8481567,Henry Thrun,D,2023,51,0.13,0.21,0.0,2.0,-2.83,-4.77,0.66,0.0,-0.32,912500.0,1.0928143712574852,83500000,1.98982935332074,1661507.5100228179,0.8970149820632549,749007.5100228179,ELC,
8479591,Michael Eyssimont,C,2023,81,0.08,0.08,5.0,15.0,-2.83,1.81,0.17,0.0,0.52,800000.0,0.9580838323353293,83500000,1.8538560666443846,1547969.8156480612,0.8957722343090553,747969.8156480611,STD,UFA
8479376,Victor Mete,D,2023,1,0.0,0.0,0.0,2.0,0.18,-0.17,-0.0,0.0,0.0,750000.0,0.8982035928143712,83500000,1.7870219570013397,1492163.3340961186,0.8888183641869685,742163.3340961187,STD,UFA
8477503,Max Domi,C,2023,80,-0.12,-0.12,20.0,56.0,8.89,-2.94,-1.0,0.0,-1.67,3000000.0,3.592814371257485,83500000,4.472899889373847,3734871.4076271625,0.8800855181163625,734871.4076271628,STD,UFA
8480802,Ryan McLeod,C,2023,81,0.37,0.37,11.0,23.0,6.32,2.77,-0.56,-0.01,1.06,798000.0,0.9556886227544911,83500000,1.8343779197403975,1531705.562983232,0.8786892969859065,733705.562983232,STD,RFA
8482222,Alexander Barabanov,RW,2023,46,-0.11,-0.2,15.0,47.0,-2.27,-3.1,-1.23,0.0,-0.04,2500000.0,2.9940119760479043,83500000,3.8703178357970778,3231715.39289056,0.8763058597491735,731715.39289056,STD,UFA
8482097,Jack Quinn,RW,2023,27,0.0,0.0,14.0,37.0,5.56,-1.43,0.13,0.0,-0.26,863334.0,1.0339329341317365,83500000,1.8987411611754368,1585448.8695814898,0.8648082270437003,722114.8695814897,ELC,
8475799,Nino Niederreiter,RW,2023,77,0.0,0.0,24.0,41.0,1.94,0.18,-1.3,0.0,0.21,4000000.0,4.790419161676647,83500000,5.65205783121243,4719468.289062379,0.8616386695357825,719468.2890623785,STD,UFA
8478133,Jake Evans,C,2023,82,-0.48,-0.48,2.0,19.0,-3.52,-0.36,-0.18,-0.37,1.43,1700000.0,2.035928143712575,83500000,2.889524686628974,2412753.113335193,0.853596542916399,712753.1133351931,STD,RFA
8477496,Elias Lindholm,C,2023,75,0.25,0.27,22.0,64.0,-12.18,-5.9,0.26,0.23,0.44,4850000.0,5.808383233532934,83500000,6.648169277755455,5551221.346925805,0.8397860442225209,701221.346925805,STD,RFA
8476525,Colin Miller,D,2023,46,0.13,0.23,6.0,21.0,6.32,0.02,0.14,0.04,-0.55,1850000.0,2.215568862275449,83500000,3.049901170516673,2546667.477381422,0.834332308241224,696667.4773814221,STD,UFA
8480748,Kiefer Sherwood,C,2023,68,0.04,0.05,7.0,13.0,5.66,-0.26,-0.37,0.0,0.32,775000.0,0.9281437125748504,83500000,1.748056461446339,1459627.1453076932,0.8199127488714886,684627.1453076929,STD,UFA
8478211,Dryden Hunt,LW,2023,28,0.03,0.09,3.0,3.0,-1.58,-0.75,-0.09,0.0,1.08,762500.0,0.9131736526946108,83500000,1.7301250898749103,1444654.4500455502,0.8169514371802995,682154.4500455501,STD,UFA
8473512,Claude Giroux,C,2023,82,-0.01,-0.01,35.0,79.0,12.23,-4.21,0.87,-0.03,2.17,6500000.0,7.784431137724551,83500000,8.594795188404253,7176653.982317551,0.8103640506797021,676653.9823175513,STD,UFA
8478498,Jake DeBrusk,LW,2023,80,0.67,0.69,27.0,50.0,6.09,-1.4,1.42,0.07,0.59,4000000.0,4.790419161676647,83500000,5.599540209480436,4675616.074916164,0.8091210478037887,675616.0749161636,STD,RFA
8475764,Cam Fowler,D,2023,80,-0.57,-0.58,10.0,48.0,0.65,2.59,1.29,-0.05,-1.0,6500000.0,7.784431137724551,83500000,8.590698581250345,7173233.315344038,0.8062674435257939,673233.315344038,STD,UFA
8471215,Evgeni Malkin,C,2023,82,0.21,0.21,27.0,83.0,15.46,-0.14,0.16,0.0,0.11,6100000.0,7.3053892215568865,83500000,8.105558608842268,6768141.438383293,0.800169387285381,668141.4383832932,STD,UFA
8477573,Nathan Walker,LW,2023,45,0.06,0.11,2.0,10.0,-1.92,-0.39,-0.04,0.0,0.6,775000.0,0.9281437125748504,83500000,1.7178671762024802,1434419.0921290708,0.7897234636276298,659419.0921290709,STD,UFA
8480032,Shane Bowers,C,2023,8,0.0,0.0,0.0,0.0,-0.61,0.06,-0.0,0.0,0.01,775000.0,0.9281437125748504,83500000,1.7071281982468154,1425452.0455360909,0.778984485671965,650452.0455360907,STD,RFA
8475462,Radko Gudas,D,2023,66,0.24,0.3,2.0,17.0,1.82,2.67,-0.08,0.01,-3.5,2500000.0,2.9940119760479043,83500000,3.7728257740129667,3150309.521300827,0.7788137979650624,650309.5213008272,STD,UFA
8479378,Logan Stanley,D,2023,25,0.04,0.13,1.0,3.0,0.94,-0.66,-0.02,-0.01,-1.13,900000.0,1.0778443113772456,83500000,1.852053370582949,1546464.5644367626,0.7742090592057034,646464.5644367624,STD,RFA
8473422,Nick Foligno,LW,2023,74,0.17,0.19,10.0,26.0,-5.49,-0.54,0.7,0.01,-0.78,4000000.0,4.790419161676647,83500000,5.5630054861800335,4645109.580960328,0.7725863245033864,645109.5809603276,STD,UFA
8479359,Beck Malenstyn,LW,2023,81,-0.07,-0.07,1.0,2.0,-10.76,-2.1,-0.03,0.0,1.57,762500.0,0.9131736526946108,83500000,1.681065659553397,1403689.8257270865,0.7678920068587862,641189.8257270865,STD,RFA
8477476,Artturi Lehkonen,LW,2023,45,0.26,0.47,21.0,51.0,5.1,-0.13,1.18,-0.0,-0.36,4500000.0,5.389221556886228,83500000,6.123730277651356,5113314.781838883,0.7345087207651284,613314.7818388822,STD,RFA
8481014,Alexander Romanov,D,2023,81,0.02,0.02,2.0,22.0,12.44,-1.33,-0.08,-0.08,-0.2,2500000.0,2.9940119760479043,83500000,3.717692307608356,3104273.0768529777,0.7236803315604519,604273.0768529773,STD,RFA
8478446,Glenn Gawdin,C,2023,1,0.0,0.0,0.0,0.0,-0.14,0.04,-0.01,0.0,-0.17,762500.0,0.9131736526946108,83500000,1.6303614961028234,1361351.8492458574,0.7171878434082126,598851.8492458576,STD,UFA
8477407,Anthony Duclair,C,2023,73,0.1,0.11,2.0,9.0,10.96,-5.64,0.38,0.01,0.55,3000000.0,3.592814371257485,83500000,4.307025906966796,3596366.6323172753,0.7142115357093113,596366.6323172749,STD,RFA
8475188,Brayden McNabb,D,2023,82,0.08,0.08,1.0,17.0,8.24,2.04,-0.07,-0.1,-1.07,2850000.0,3.413173652694611,83500000,4.115928718224675,3436800.4797176034,0.7027550655300638,586800.4797176033,STD,UFA
8479718,Alex Barre Boulet,C,2023,36,0.03,0.07,0.0,0.0,0.45,-1.68,0.29,0.0,0.24,758333.0,0.9081832335329342,83500000,1.6050885728713045,1340248.9583475394,0.6969053393383703,581915.9583475392,STD,RFA
8475855,Jesper Fast,RW,2023,73,0.52,0.58,10.0,29.0,1.37,4.7,-0.07,0.06,1.02,2000000.0,2.3952095808383236,83500000,3.0780021766168417,2570131.817475063,0.6827925957785181,570131.8174750627,STD,UFA
8477504,Josh Morrissey,D,2023,81,-0.37,-0.37,16.0,76.0,20.03,-2.73,-1.97,-0.0,0.19,6250000.0,7.48502994011976,83500000,8.16262003530109,6815787.729476411,0.6775900951813307,565787.7294764111,STD,RFA
8477447,Shea Theodore,D,2023,47,0.08,0.14,8.0,41.0,7.48,0.68,0.16,-0.0,0.53,5200000.0,6.227544910179641,83500000,6.897258886125025,5759211.1699143965,0.6697139759453838,559211.1699143955,STD,RFA
8473453,Trevor Lewis,C,2023,82,0.48,0.48,9.0,20.0,-6.8,0.57,-0.08,0.09,-0.33,800000.0,0.9580838323353293,83500000,1.62446842855155,1356431.137840544,0.6663845962162207,556431.1378405443,STD,UFA
8474102,David Perron,LW,2023,76,0.16,0.17,24.0,56.0,-1.41,-3.06,1.48,0.0,-1.65,4750000.0,5.688622754491018,83500000,6.346376619901237,5299224.477617533,0.6577538654102195,549224.4776175333,STD,UFA
8475197,Tyson Barrie,D,2023,41,0.06,0.12,13.0,55.0,-0.12,-1.83,-0.46,0.0,-0.71,4500000.0,5.389221556886228,83500000,6.0408392311103665,5044100.757977156,0.6516176742241386,544100.7579771557,STD,UFA
8479368,Max Jones,LW,2023,52,0.02,0.03,9.0,19.0,-6.19,-0.38,-0.48,-0.0,1.31,1295000.0,1.5508982035928143,83500000,2.1971102683087675,1834587.074037821,0.6462120647159533,539587.0740378209,STD,RFA
8476329,Travis Boyd,C,2023,16,0.01,0.05,15.0,34.0,0.82,-0.76,-0.01,-0.0,-0.14,1750000.0,2.095808383233533,83500000,2.7379026658738272,2286148.7260046457,0.6420942826402944,536148.7260046458,STD,UFA
8477960,Adrian Kempe,C,2023,77,0.79,0.84,41.0,67.0,5.9,2.16,2.61,0.09,1.12,5500000.0,6.58682634730539,83500000,7.227971322277439,6035356.054101662,0.6411449749720486,535356.0541016606,STD,RFA
8479442,Troy Stecher,D,2023,54,0.08,0.12,3.0,14.0,-0.79,0.14,-0.05,0.0,-1.18,1250000.0,1.4970059880239521,83500000,2.136692015481346,1784137.832926924,0.6396860274573939,534137.8329269239,STD,UFA
8476453,Nikita Kucherov,RW,2023,81,1.87,1.89,30.0,113.0,23.64,-3.35,7.35,0.0,2.19,9500000.0,11.377245508982035,83500000,12.015511722059172,10032952.287919408,0.6382662130771362,532952.2879194086,STD,RFA
8479661,Tanner Jeannot,LW,2023,55,0.03,0.04,6.0,18.0,-0.18,0.59,-0.19,-0.0,-0.9,800000.0,0.9580838323353293,83500000,1.5914407356210027,1328853.0142435373,0.6333569032856734,528853.0142435372,STD,RFA
8477505,Alexander Wennberg,C,2023,79,0.03,0.03,13.0,38.0,-1.3,1.5,-0.78,-0.19,2.13,4500000.0,5.389221556886228,83500000,6.015396031500577,5022855.686302982,0.6261744746143494,522855.68630298175,STD,UFA
8480208,Drake Batherson,RW,2023,82,0.64,0.64,22.0,62.0,12.5,-2.53,3.19,0.0,-0.24,4975000.0,5.958083832335329,83500000,6.58068197742057,5494869.451146176,0.6225981450852407,519869.45114617597,STD,RFA
8479348,Kale Clague,D,2023,3,0.0,0.0,0.0,4.0,-0.45,-0.05,-0.0,0.0,-0.16,750000.0,0.8982035928143712,83500000,1.519150049662585,1268490.2914682585,0.6209464568482137,518490.2914682584,STD,UFA
8480871,Adam Boqvist,D,2023,34,0.07,0.17,5.0,24.0,2.0,-4.27,0.11,0.0,0.8,2600000.0,3.1137724550898205,83500000,3.7217547021118413,3107665.176263388,0.6079822470220209,507665.17626338743,STD,RFA
8478440,Dylan Strome,C,2023,82,0.3,0.3,23.0,65.0,17.99,-0.92,2.91,0.0,-0.24,5000000.0,5.9880239520958085,83500000,6.59183766735975,5504184.452245391,0.6038137152639411,504184.45224539086,STD,RFA
8477401,John Hayden,C,2023,2,0.0,0.0,2.0,2.0,-0.21,0.12,-0.0,-0.0,0.0,750000.0,0.8982035928143712,83500000,1.4955010575143746,1248743.3830245028,0.5972974647000033,498743.3830245028,STD,UFA
8477404,Jake Guentzel,LW,2023,67,0.62,0.76,36.0,73.0,11.92,-2.01,2.2,0.0,2.46,6000000.0,7.18562874251497,83500000,7.780148339745205,6496423.863687246,0.5945195972302351,496423.8636872463,STD,RFA
8477021,Alexander Kerfoot,C,2023,82,0.31,0.31,10.0,32.0,-5.05,-0.37,0.72,0.19,0.94,3500000.0,4.191616766467066,83500000,4.785741975582566,3996094.5496114423,0.5941252091155,496094.54961144255,STD,RFA
8479353,Brett Howden,C,2023,72,-0.1,-0.11,6.0,13.0,-4.72,0.58,-0.08,-0.11,-0.33,1500000.0,1.7964071856287425,83500000,2.3877246056611643,1993750.0457270723,0.5913174200324218,493750.0457270722,STD,UFA
8480336,Sean Walker,D,2023,81,0.55,0.56,3.0,13.0,9.54,-5.3,-0.18,0.14,-2.43,2650000.0,3.1736526946107784,83500000,3.7640088934412805,3142947.4260234693,0.5903561988305022,492947.4260234693,STD,RFA
8476921,Jordan Martinook,C,2023,82,0.31,0.31,13.0,34.0,4.0,0.76,-0.15,-0.03,0.22,1800000.0,2.155688622754491,83500000,2.7341244537396676,2282993.9188726223,0.5784358309851765,482993.91887262237,STD,UFA
8474150,Mikael Backlund,C,2023,82,0.05,0.05,19.0,56.0,2.89,-1.64,-1.12,0.06,0.12,5350000.0,6.407185628742515,83500000,6.984095046945919,5831719.364199842,0.576909418203404,481719.3641998424,STD,UFA
8480887,Jordan Harris,D,2023,55,0.07,0.1,4.0,17.0,3.2,-1.36,-0.07,0.0,-0.33,1400000.0,1.6766467065868262,83500000,2.248618930936006,1877596.807331565,0.5719722243491798,477596.8073315651,STD,RFA
8482111,Justin Barron,D,2023,48,-0.05,-0.09,4.0,15.0,1.27,-3.4,-0.86,0.0,-0.86,925000.0,1.1077844311377245,83500000,1.666911743725004,1391871.3060103783,0.5591273125872795,466871.3060103784,ELC,
8478408,Travis Dermott,D,2023,50,0.36,0.59,1.0,1.0,-1.19,-2.08,-0.03,0.09,-1.2,1500000.0,1.7964071856287425,83500000,2.3504525369274134,1962627.8683343902,0.5540453512986709,462627.8683343902,STD,RFA
8477369,Carson Soucy,D,2023,40,0.2,0.41,3.0,16.0,-0.53,1.69,0.41,0.02,0.47,2750000.0,3.293413173652695,83500000,3.8439623336280384,3209708.548579412,0.5505491599753434,459708.54857941176,STD,UFA
8476927,Teddy Blueger,C,2023,68,0.27,0.33,4.0,16.0,-2.78,1.88,-0.07,0.17,-0.32,2200000.0,2.6347305389221556,83500000,3.183668049614573,2658362.821428168,0.5489375106924173,458362.8214281684,STD,RFA
8474031,Kevin Shattenkirk,D,2023,61,0.09,0.12,4.0,27.0,9.57,1.78,2.3,-0.01,-0.84,3900000.0,4.6706586826347305,83500000,5.217065208225135,4356249.448867988,0.5464065255904043,456249.44886798755,STD,UFA
8479320,Maxime Lajoie,D,2023,7,0.01,0.12,0.0,0.0,-1.13,0.05,-0.05,-0.0,0.02,750000.0,0.8982035928143712,83500000,1.4437570700671873,1205537.1535061013,0.5455534772528161,455537.15350610146,STD,RFA
8482062,Cole Smith,LW,2023,80,0.05,0.05,4.0,17.0,-5.23,-0.87,-0.03,-0.0,0.37,775000.0,0.9281437125748504,83500000,1.4714354629734459,1228648.6115828273,0.5432917503985955,453648.6115828272,STD,UFA
8474013,Ian Cole,D,2023,78,0.22,0.23,3.0,17.0,9.53,3.36,-0.13,0.05,-2.45,3000000.0,3.592814371257485,83500000,4.135476445710859,3453122.832168567,0.5426620744533741,453122.8321685674,STD,UFA
8481032,Paul Cotter,C,2023,76,0.09,0.1,13.0,18.0,-2.58,-0.32,0.29,0.0,-0.5,775000.0,0.9281437125748504,83500000,1.4667210720956945,1224712.0951999049,0.5385773595208441,449712.0951999048,STD,RFA
8479619,Michael Carcone,C,2023,74,0.12,0.13,2.0,3.0,9.51,-3.15,0.25,0.0,-0.53,775000.0,0.9281437125748504,83500000,1.4602182506171033,1219282.2392652812,0.5320745380422529,444282.2392652812,STD,UFA
8482259,Bobby McMann,C,2023,56,0.02,0.03,0.0,1.0,5.42,-1.45,-0.2,0.0,-0.56,762500.0,0.9131736526946108,83500000,1.4445622660433521,1206209.492146199,0.5313886133487413,443709.492146199,STD,
8477353,Tyler Motte,C,2023,69,0.28,0.33,8.0,19.0,-6.88,2.14,-0.03,0.15,0.67,1350000.0,1.6167664670658684,83500000,2.1446835136971263,1790810.7339371003,0.5279170466312579,440810.7339371004,STD,UFA
8474145,Robert Bortuzzo,D,2023,27,-0.03,-0.09,2.0,5.0,-1.16,0.12,-0.03,-0.07,-1.29,950000.0,1.1377245508982037,83500000,1.6639186221089197,1389372.0494609477,0.526194071210716,439372.04946094786,STD,UFA
8477939,William Nylander,C,2023,82,0.88,0.88,40.0,87.0,26.92,-3.91,3.23,0.13,1.66,7514935.0,8.999922155688623,83500000,9.51298778929999,7943344.804065491,0.513065633611367,428409.8040654915,STD,RFA
8481704,Juuso Parssinen,C,2023,44,0.01,0.02,6.0,25.0,0.52,-1.35,-0.4,0.0,1.82,850833.0,1.0189616766467064,83500000,1.5287309351810112,1276490.3308761443,0.5097692585343048,425657.33087614446,ELC,
8478043,Sam Lafferty,C,2023,79,0.03,0.03,12.0,27.0,-2.03,-1.14,-0.43,0.0,0.51,1150000.0,1.377245508982036,83500000,1.8837111262548607,1572898.7904228088,0.5064656172728248,422898.7904228087,STD,UFA
8474602,Justin Schultz,D,2023,70,-0.16,-0.19,7.0,34.0,2.55,4.16,-0.49,0.0,-1.49,3000000.0,3.592814371257485,83500000,4.089627064021771,3414838.598458179,0.4968126927642862,414838.5984581789,STD,UFA
8480292,Carson Meyer,RW,2023,13,0.01,0.06,0.0,1.0,-0.77,-0.45,-0.0,0.0,0.02,775000.0,0.9281437125748504,83500000,1.4184229621912845,1184383.1734297227,0.4902792496164341,409383.1734297225,STD,RFA
8480084,Nick DeSimone,D,2023,34,0.09,0.22,0.0,0.0,3.72,-1.92,-0.01,0.0,-0.09,762500.0,0.9131736526946108,83500000,1.4030706072774493,1171563.9570766701,0.48989695458283844,409063.95707667014,STD,UFA
8482113,Anton Lundell,C,2023,78,0.05,0.05,12.0,33.0,-0.09,3.33,0.05,-0.12,-0.29,925000.0,1.1077844311377245,83500000,1.5914458910844544,1328857.3190555195,0.48366145994672993,403857.3190555195,ELC,
8477951,Nick Schmaltz,C,2023,79,0.23,0.24,22.0,58.0,5.88,-1.79,1.37,0.01,1.3,5850000.0,7.005988023952097,83500000,7.482627065222486,6247993.599460776,0.47663904127038936,397993.5994607751,STD,RFA
8471724,Kris Letang,D,2023,82,0.34,0.34,12.0,41.0,25.36,-3.26,-1.51,0.04,-2.01,6100000.0,7.3053892215568865,83500000,7.780683400468588,6496870.639391271,0.47529417891170134,396870.6393912706,STD,UFA
8480008,Adam Ruzicka,C,2023,42,0.0,0.0,6.0,20.0,-2.5,-0.72,0.18,0.0,-0.09,762500.0,0.9131736526946108,83500000,1.3828375363644785,1154669.3428643395,0.46966388366986767,392169.34286433953,STD,RFA
8478017,Mark Friedman,D,2023,23,0.07,0.25,1.0,3.0,0.9,1.13,-0.03,0.0,0.56,775000.0,0.9281437125748504,83500000,1.3968200994567699,1166344.783046403,0.4686763868819195,391344.78304640274,STD,RFA
8478104,Sammy Blais,LW,2023,52,0.0,0.0,9.0,25.0,-6.63,-0.37,-0.19,0.0,0.43,1000000.0,1.1976047904191618,83500000,1.6610484370168326,1386975.444909055,0.4634436465976708,386975.44490905514,STD,UFA
8470600,Ryan Suter,D,2023,82,0.41,0.41,3.0,25.0,-0.11,2.69,-0.11,0.04,-2.09,3650000.0,4.371257485029941,83500000,4.816555254232371,4021823.63728403,0.4452977692024307,371823.6372840296,STD,UFA
8482133,Thomas Bordeleau,C,2023,27,-0.04,-0.12,0.0,2.0,0.65,-1.35,0.27,0.0,-0.44,916667.0,1.0978047904191617,83500000,1.5343259411369878,1281162.160849385,0.43652115071782616,364495.16084938485,ELC,
8479439,Jacob MacDonald,D,2023,33,-0.02,-0.05,1.0,8.0,0.51,-0.19,-0.11,0.0,0.08,762500.0,0.9131736526946108,83500000,1.341208602200341,1119909.1828372849,0.4280349495057303,357409.18283728475,STD,UFA
8481068,Yegor Sharangovich,C,2023,82,0.41,0.41,13.0,30.0,9.78,-4.63,1.71,-0.01,1.45,3100000.0,3.7125748502994016,83500000,4.138356745259047,3455527.882291305,0.4257818949596457,355527.8822913042,STD,RFA
8480252,Cole Guttman,C,2023,27,-0.08,-0.24,4.0,6.0,-0.66,-1.43,-0.35,0.0,0.91,950000.0,1.1377245508982037,83500000,1.5588049032981992,1301602.0942539964,0.42108035239999553,351602.09425399627,ELC,
8476539,Jonathan Marchessault,LW,2023,82,0.15,0.15,28.0,57.0,14.7,-2.93,-0.51,0.0,-1.26,5000000.0,5.9880239520958085,83500000,6.408947140891231,5351470.862644177,0.4209231887954221,351470.86264417745,STD,UFA
8477979,Nicolas Aube Kubel,RW,2023,60,0.05,0.07,4.0,12.0,-8.0,1.61,-0.03,0.0,0.64,1225000.0,1.4670658682634732,83500000,1.8850846099379552,1574045.6492981925,0.41801874167448205,349045.64929819247,STD,UFA
8477478,William Carrier,LW,2023,39,0.06,0.13,16.0,25.0,3.32,1.26,-0.02,0.0,0.76,1400000.0,1.6766467065868262,83500000,2.093543733200942,1748109.0172227866,0.4168970266141159,348109.01722278673,STD,RFA
8481751,Lukas Rousek,C,2023,15,0.02,0.11,1.0,2.0,-1.3,-0.16,-0.01,0.0,0.2,775000.0,0.9281437125748504,83500000,1.3366235535578284,1116080.6672207867,0.40847984098297796,341080.66722078656,STD,RFA
8478831,Kevin Stenlund,C,2023,81,-0.12,-0.12,6.0,9.0,-5.02,0.7,-0.21,-0.12,-2.87,750000.0,0.8982035928143712,83500000,1.3046375093422817,1089372.3203008051,0.4064339165279105,339372.32030080527,STD,UFA
8480823,Alexander Alexeyev,D,2023,39,0.09,0.19,0.0,5.0,-0.77,1.91,-0.03,0.0,-0.58,825000.0,0.9880239520958085,83500000,1.3850545582345148,1156520.55612582,0.39703060613870633,331520.5561258198,STD,RFA
8477406,Mattias Janmark,C,2023,71,0.2,0.23,10.0,25.0,0.57,0.83,0.01,0.11,-0.18,1000000.0,1.1976047904191618,83500000,1.5830575766710417,1321853.0765203198,0.38545278625187995,321853.07652031974,STD,UFA
8478468,Jeremy Lauzon,D,2023,79,0.13,0.13,3.0,12.0,0.06,-1.21,-0.05,0.06,-1.43,2000000.0,2.3952095808383236,83500000,2.7763424713902296,2318245.963610842,0.381132890551906,318245.9636108415,STD,RFA
8478502,Dennis Gilbert,D,2023,34,0.08,0.19,1.0,4.0,-0.99,0.43,-0.01,0.0,0.08,762500.0,0.9131736526946108,83500000,1.2909268717190265,1077923.937885387,0.3777532190244157,315423.93788538716,STD,UFA
8479675,Trevor Moore,C,2023,82,0.38,0.38,10.0,29.0,16.93,4.62,-0.27,0.13,1.29,4200000.0,5.029940119760479,83500000,5.404852391520114,4513051.746919295,0.3749122717596354,313051.7469192955,STD,UFA
8478400,Colin White,C,2023,28,0.02,0.06,8.0,15.0,-2.35,0.11,-0.02,0.0,0.05,1200000.0,1.437125748502994,83500000,1.811398548727162,1512517.7881871804,0.374272800224168,312517.78818718024,STD,UFA
8477384,Josh Brown,D,2023,50,-0.11,-0.18,4.0,7.0,1.9,-4.54,-0.01,-0.04,-1.22,1275000.0,1.526946107784431,83500000,1.8979536622673372,1584791.3079932267,0.3710075544829061,309791.3079932266,STD,UFA
8480007,Jonas Rondbjerg,RW,2023,20,0.03,0.12,0.0,1.0,-3.04,0.32,-0.0,0.0,0.04,766667.0,0.9181640718562873,83500000,1.2576677039219248,1050152.5327748072,0.3395036320656375,283485.5327748073,STD,RFA
8477971,Andreas Englund,D,2023,82,0.14,0.14,0.0,4.0,1.92,1.35,-0.02,0.0,-0.14,750000.0,0.8982035928143712,83500000,1.2334082186378534,1029895.8625626076,0.3352046258234822,279895.8625626076,STD,UFA
8474679,Gustav Nyquist,C,2023,81,0.47,0.48,11.0,27.0,10.96,-1.53,1.96,0.0,1.62,5500000.0,6.58682634730539,83500000,6.916892383851691,5775605.140516161,0.3300660365463006,275605.140516161,STD,UFA
8482149,Cole Perfetti,C,2023,71,0.09,0.1,8.0,30.0,3.42,2.0,0.38,0.0,-0.33,894167.0,1.0708586826347306,83500000,1.3961029446502131,1165745.958782928,0.3252442620154825,271578.9587829279,ELC,
8475745,Charlie Coyle,C,2023,82,0.53,0.53,16.0,45.0,5.49,-2.12,0.15,0.03,0.95,5250000.0,6.287425149700598,83500000,6.606824616557818,5516698.554825777,0.3193994668572193,266698.5548257781,STD,UFA
8476469,Joel Armia,RW,2023,66,-0.09,-0.11,7.0,14.0,5.57,1.76,-0.24,0.07,-0.32,3400000.0,4.07185628742515,83500000,4.3893256085147225,3665086.8831097935,0.3174693210895727,265086.88310979324,STD,UFA
8475762,Derek Forbort,D,2023,35,0.22,0.52,5.0,12.0,0.29,1.42,-0.02,0.01,-0.23,3000000.0,3.592814371257485,83500000,3.9091769390113846,3264162.744074506,0.3163625677538997,264162.7440745062,STD,UFA
8479425,Filip Hronek,D,2023,81,-0.07,-0.07,9.0,39.0,8.03,-0.01,-1.2,-0.21,-0.5,4400000.0,5.269461077844311,83500000,5.580404226801756,4659637.529379466,0.31094314895744457,259637.52937946623,STD,RFA
8481605,Jackson LaCombe,D,2023,71,0.14,0.16,0.0,0.0,-1.84,-3.45,0.12,0.0,-1.11,925000.0,1.1077844311377245,83500000,1.4094979197151165,1176930.7629621224,0.301713488577392,251930.7629621223,ELC,
8477993,Justin Kirkland,C,2023,2,0.0,0.0,0.0,0.0,-0.07,0.12,-0.0,0.0,0.0,750000.0,0.8982035928143712,83500000,1.1905256035875276,994088.8789955856,0.29232201077315634,244088.87899558555,STD,UFA Group 6
8478147,Bokondji Imama,LW,2023,6,0.0,0.0,0.0,0.0,-0.54,0.17,-0.0,0.0,-0.16,750000.0,0.8982035928143712,83500000,1.1787551295190983,984260.533148447,0.2805515367047271,234260.5331484471,STD,UFA
8480995,Pontus Holmberg,C,2023,54,0.06,0.09,5.0,13.0,2.21,0.12,-0.08,0.0,0.45,800000.0,0.9580838323353293,83500000,1.2385840768645213,1034217.7041818753,0.280500244529192,234217.7041818753,STD,RFA
8477330,Dominik Kubalik,LW,2023,74,-0.22,-0.24,20.0,45.0,-2.43,-1.69,-1.1,0.0,-0.85,2500000.0,2.9940119760479043,83500000,3.2609885487759875,2722925.438227949,0.2669765727280833,222925.43822794955,STD,UFA
8482067,Connor Mackey,D,2023,1,0.0,0.0,3.0,7.0,-0.42,0.04,-0.0,0.0,0.0,912500.0,1.0928143712574852,83500000,1.3555005752118188,1131842.9803018686,0.2626862039543336,219342.98030186858,STD,RFA
8475179,Dmitry Kulikov,D,2023,76,-0.13,-0.14,3.0,16.0,-0.1,-1.03,-0.09,-0.54,-0.45,2250000.0,2.694610778443114,83500000,2.954285149079089,2466828.0994810397,0.2596743706359752,216828.0994810393,STD,UFA
8481167,Brayden Pachal,D,2023,50,0.13,0.21,0.0,2.0,-2.17,-0.19,-0.02,0.0,-1.22,775000.0,0.9281437125748504,83500000,1.185186059583451,989630.3597521815,0.2570423470086005,214630.35975218145,STD,RFA
8476919,Chris Tierney,C,2023,51,0.01,0.02,3.0,10.0,-1.77,-0.44,-0.03,-0.0,-0.08,750000.0,0.8982035928143712,83500000,1.1476106400472155,958254.884439425,0.24940704723284424,208254.88443942496,STD,UFA
8480021,Jack Studnicka,C,2023,22,0.04,0.15,4.0,8.0,-3.11,-1.3,-0.06,0.0,-0.29,762500.0,0.9131736526946108,83500000,1.1560548002411224,965305.7582013372,0.24288114754651158,202805.7582013372,STD,RFA
8480821,Filip Zadina,RW,2023,72,0.13,0.15,3.0,7.0,-0.94,-4.07,0.06,-0.01,1.37,1825000.0,2.1856287425149703,83500000,2.420900518890976,2021451.933273965,0.23527177637600571,196451.93327396477,STD,RFA
8477462,Robert Hagg,D,2023,5,0.0,0.0,2.0,7.0,-0.1,-0.33,-0.0,-0.0,0.18,800000.0,0.9580838323353293,83500000,1.1855473521918363,989932.0390801833,0.22746351985650692,189932.0390801833,STD,UFA
8478444,Brock Boeser,RW,2023,81,0.75,0.76,18.0,55.0,9.0,-6.65,2.26,0.0,-0.23,6650000.0,7.964071856287425,83500000,8.19076479738372,6839288.605815406,0.226692941096295,189288.60581540634,STD,RFA
8480220,Noah Cates,LW,2023,59,0.25,0.35,13.0,38.0,2.03,3.18,-0.61,0.03,1.68,925000.0,1.1077844311377245,83500000,1.3318688461597077,1112110.486543356,0.22408441502198317,187110.48654335598,ELC,
8478508,Yakov Trenin,C,2023,76,0.25,0.27,12.0,24.0,-1.2,-1.41,-0.15,0.08,-0.14,1700000.0,2.035928143712575,83500000,2.2512078446748003,1879758.5503034585,0.21527970096222537,179758.55030345818,STD,RFA
8477541,Dakota Mermis,D,2023,47,0.07,0.12,0.0,0.0,0.44,0.02,-0.06,0.0,-0.73,775000.0,0.9281437125748504,83500000,1.1419524440788358,953530.2908058278,0.21380873150398538,178530.2908058278,STD,UFA
8474586,Jordan Eberle,RW,2023,78,0.06,0.06,20.0,63.0,2.11,-1.6,-0.16,0.0,1.1,5500000.0,6.58682634730539,83500000,6.791912003468413,5671246.522896125,0.205085656163023,171246.5228961242,STD,UFA
8482241,Radim Zohorna,C,2023,33,0.02,0.05,1.0,1.0,2.02,-0.4,-0.3,0.0,-0.45,750000.0,0.8982035928143712,83500000,1.1027058218248502,920759.3612237499,0.204502229010479,170759.36122374993,STD,RFA
8471699,Andrew Cogliano,C,2023,75,-0.01,-0.01,10.0,19.0,-5.39,1.23,-0.01,0.52,1.68,1250000.0,1.4970059880239521,83500000,1.6916940187135978,1412564.5056258542,0.19468803068964569,162564.50562585416,STD,UFA
8479983,Mario Ferraro,D,2023,78,-0.44,-0.46,4.0,11.0,-2.0,-6.79,-0.46,0.16,-1.37,3250000.0,3.8922155688622757,83500000,4.083209913357015,3409480.277653108,0.1909943444947393,159480.2776531073,STD,RFA
8481477,Nico Sturm,C,2023,63,0.05,0.07,14.0,26.0,-3.61,-4.43,-0.11,0.0,1.02,2000000.0,2.3952095808383236,83500000,2.584082261877546,2157708.688667751,0.18887268103922228,157708.6886677506,STD,UFA
8476422,Mike Reilly,D,2023,61,-0.1,-0.13,0.0,1.0,5.62,-0.33,-0.66,-0.0,-1.51,3000000.0,3.592814371257485,83500000,3.7759731789372726,3152937.6044126223,0.18315880767978765,152937.6044126227,STD,UFA
8478366,Frank Vatrano,C,2023,82,0.02,0.02,22.0,41.0,4.47,-2.31,1.64,0.05,-1.76,3650000.0,4.371257485029941,83500000,4.540843389995517,3791604.230646257,0.1695859049655768,141604.23064625662,STD,UFA
8480806,Isac Lundestrom,C,2023,46,-0.12,-0.21,4.0,14.0,-1.89,1.14,0.09,-0.12,0.8,1800000.0,2.155688622754491,83500000,2.322377886941524,1939185.5355961728,0.166689264187033,139185.53559617256,STD,RFA
8480226,Marian Studenic,LW,2023,2,0.0,0.0,0.0,0.0,0.05,0.03,-0.0,0.0,-0.17,750000.0,0.8982035928143712,83500000,1.061063850617959,885988.3152659958,0.16286025780358782,135988.31526599583,STD,RFA
8476483,Rickard Rakell,C,2023,70,0.18,0.21,28.0,60.0,3.36,1.58,-1.31,-0.0,0.89,5000000.0,5.9880239520958085,83500000,6.150209262654842,5135424.734316793,0.16218531055903362,135424.7343167931,STD,UFA
8475231,Casey Cizikas,C,2023,70,-0.01,-0.01,6.0,21.0,-2.47,-0.8,-0.26,0.02,0.52,2500000.0,2.9940119760479043,83500000,3.153284257999225,2632992.3554293527,0.1592722819513206,132992.3554293527,STD,UFA
8477320,Anton Blidh,LW,2023,1,0.0,0.0,0.0,0.0,-0.14,-0.03,-0.0,0.0,0.0,775000.0,0.9281437125748504,83500000,1.0692423554901236,892817.3668342532,0.1410986429152732,117817.36683425312,STD,UFA
8478067,Oskar Lindblom,LW,2023,1,0.0,0.0,6.0,15.0,-0.28,0.03,-0.0,-0.0,0.0,2500000.0,2.9940119760479043,83500000,3.132587262219941,2615710.3639536505,0.13857528617203663,115710.3639536506,STD,RFA
8479980,Nicolas Hague,D,2023,73,0.41,0.46,3.0,17.0,4.81,-0.15,-0.06,0.07,-0.09,2294150.0,2.74748502994012,83500000,2.8821513434248303,2406596.371759733,0.13466631348471036,112446.37175973316,STD,RFA
8479994,Jaret Anderson Dolan,C,2023,31,0.05,0.13,7.0,12.0,-0.56,-0.59,-0.01,0.0,-0.28,750000.0,0.8982035928143712,83500000,1.0133755670303888,846168.5984703747,0.11517197421601755,96168.59847037465,STD,RFA
8478013,Jake Walman,D,2023,63,-0.02,-0.03,9.0,18.0,4.76,-3.05,-0.42,-0.04,0.23,3400000.0,4.07185628742515,83500000,4.156365683399871,3470565.345638892,0.08450939597472118,70565.34563889219,STD,UFA
8479371,Dante Fabbro,D,2023,56,0.12,0.18,2.0,11.0,9.77,1.23,-0.1,-0.03,-1.36,2500000.0,2.9940119760479043,83500000,3.078079859441516,2570196.682633666,0.08406788339361171,70196.68263366578,STD,RFA
8482660,Kent Johnson,C,2023,42,-0.08,-0.16,16.0,40.0,-0.67,-0.45,-1.25,0.0,0.27,925000.0,1.1077844311377245,83500000,1.19022347050824,993836.5978743804,0.08243903937051544,68836.5978743804,ELC,
8475750,Jon Merrill,D,2023,65,0.04,0.05,2.0,12.0,-0.88,1.88,-0.03,0.01,-1.55,1200000.0,1.437125748502994,83500000,1.5127865987690274,1263176.809972138,0.07566085026603342,63176.80997213791,STD,UFA
8481708,Zac Jones,D,2023,31,0.07,0.19,1.0,2.0,0.06,-0.53,-0.02,0.0,-0.6,812500.0,0.9730538922155689,83500000,1.0444284047568164,872097.7179719417,0.07137451254124749,59597.71797194165,STD,RFA
8481070,Hugh McGing,LW,2023,5,0.0,0.0,0.0,0.0,0.02,0.12,-0.01,0.0,0.35,750000.0,0.8982035928143712,83500000,0.9601346443645635,801712.4280444107,0.061931051550192295,51712.42804441056,STD,RFA
8480184,Gustav Lindstrom,D,2023,46,0.06,0.11,1.0,8.0,-4.28,-2.59,-0.01,0.0,-1.74,850000.0,1.0179640718562875,83500000,1.0793655648397955,901270.2466412291,0.061401492983508055,51270.24664122923,STD,RFA
8476880,Tom Wilson,RW,2023,74,0.26,0.29,13.0,22.0,-5.35,-3.71,-0.3,0.03,-0.94,5166667.0,6.187625149700598,83500000,6.2486707126438485,5217640.045057613,0.06104556294325025,50973.04505761396,STD,RFA
8476931,Jake McCabe,D,2023,72,0.3,0.34,3.0,25.0,8.31,2.48,-0.27,-0.02,-1.42,4000000.0,4.790419161676647,83500000,4.848723328437574,4048683.979245374,0.058304166760926535,48683.97924537366,STD,UFA
8476374,Sean Kuraly,C,2023,62,0.09,0.12,11.0,20.0,0.19,-3.8,-0.06,0.0,-0.69,2500000.0,2.9940119760479043,83500000,3.0369078487719854,2535818.053724608,0.04289587272408113,35818.053724607744,STD,UFA
8482092,Ridly Greig,C,2023,71,0.12,0.14,2.0,9.0,1.65,-1.17,-0.18,0.0,-0.99,863334.0,1.0339329341317365,83500000,1.0758970949277575,898374.0742646775,0.041964160796021055,35040.07426467758,ELC,
8481161,Jake Christiansen,D,2023,12,0.02,0.14,0.0,4.0,-2.14,-0.95,-0.02,0.0,-0.14,775000.0,0.9281437125748504,83500000,0.9652253796150418,805963.1919785598,0.037081667040191446,30963.19197855986,STD,RFA
8479968,Vinni Lettieri,C,2023,46,0.02,0.04,0.0,0.0,-1.39,0.14,-0.2,0.0,-0.43,750000.0,0.8982035928143712,83500000,0.9274462098948959,774417.585262238,0.02924261708052467,24417.585262238095,STD,UFA
8475233,David Savard,D,2023,60,-0.26,-0.36,3.0,20.0,6.95,-2.22,-0.09,-0.22,-0.97,3500000.0,4.191616766467066,83500000,4.21387847089089,3518588.5231938935,0.02226170442382447,18588.523193893434,STD,UFA
8474590,John Carlson,D,2023,82,-0.49,-0.49,9.0,29.0,12.12,-4.24,-0.47,-0.01,0.56,8000000.0,9.580838323353294,83500000,9.593284445723151,8010392.512178832,0.012446122369857093,10392.512178830671,STD,UFA
8479383,Boris Katchouk,LW,2023,59,0.07,0.1,5.0,16.0,-0.9,-0.43,-0.07,0.01,-0.05,758333.0,0.9081832335329342,83500000,0.9168983512236721,765610.1232717664,0.008715117690737961,7277.123271766197,STD,RFA
8476392,Adam Lowry,C,2023,81,-0.06,-0.06,13.0,36.0,0.83,3.48,0.28,0.13,-0.1,3250000.0,3.8922155688622757,83500000,3.895281113634004,3252559.7298843935,0.00306554477172849,2559.729884393289,STD,UFA
8479546,Oskar Steen,C,2023,34,0.03,0.07,1.0,1.0,-3.89,0.93,-0.02,0.0,0.74,800000.0,0.9580838323353293,83500000,0.9582031269058664,800099.6109663984,0.00011929457053705406,99.61096639844014,STD,RFA
8474009,Nick Bonino,C,2023,45,0.03,0.05,10.0,19.0,-3.35,-0.12,-0.01,-0.03,-0.24,2050000.0,2.4550898203592815,83500000,2.4467093419342145,2043002.3005150692,-0.00838047842506695,-6997.699484930904,STD,UFA
8478146,Matthew Highmore,C,2023,7,0.0,0.0,0.0,0.0,-0.82,0.27,-0.0,0.0,0.18,750000.0,0.8982035928143712,83500000,0.8639230707871892,721375.764107303,-0.034280522027182014,-28624.235892696983,STD,UFA
8474149,Evgenii Dadonov,RW,2023,51,0.11,0.18,7.0,33.0,4.34,1.12,-0.28,0.0,0.12,2250000.0,2.694610778443114,83500000,2.6543605449503023,2216391.0550335026,-0.04025023349281165,-33608.94496649773,STD,UFA
8483524,Shane Wright,C,2023,8,0.0,0.0,1.0,2.0,2.16,0.12,0.16,0.0,0.53,886666.0,1.0618754491017963,83500000,1.0210875725644737,852608.1230913355,-0.04078787653732263,-34057.876908664395,ELC,
8476882,Teuvo Teravainen,C,2023,76,0.69,0.74,12.0,37.0,16.52,0.97,1.17,0.3,0.06,5400000.0,6.467065868263473,83500000,6.421800339436045,5362203.283429097,-0.045265528827428625,-37796.71657090291,STD,RFA
8476479,Phillip Danault,C,2023,78,0.06,0.06,18.0,54.0,6.97,1.35,-0.75,-0.13,1.11,5500000.0,6.58682634730539,83500000,6.534597259467008,5456388.711654952,-0.052229087838382426,-43611.288345049325,STD,UFA
8481441,Joe Snively,LW,2023,3,0.0,0.0,2.0,4.0,-0.42,-0.01,-0.01,0.0,0.0,800000.0,0.9580838323353293,83500000,0.9034321080866139,754365.8102523226,-0.05465172424871545,-45634.1897476774,STD,RFA
8482705,Cole Sillinger,C,2023,77,-0.09,-0.1,3.0,11.0,-4.72,-6.49,-0.27,-0.03,-1.13,925000.0,1.1077844311377245,83500000,1.0519969886831273,878417.4855504113,-0.055787442454597214,-46582.51444958867,ELC,
8478413,Jordan Greenway,C,2023,67,0.14,0.17,6.0,11.0,-1.0,0.86,-0.26,0.02,-1.83,3000000.0,3.592814371257485,83500000,3.5364458268287535,2952932.265402009,-0.056368544428731404,-47067.734597990726,STD,RFA
8478028,Fredrik Olofsson,C,2023,57,-0.07,-0.1,1.0,4.0,-4.58,-0.46,-0.02,0.0,0.44,775000.0,0.9281437125748504,83500000,0.8626740694311934,720332.8479750465,-0.065469643143657,-54667.15202495359,STD,UFA
8477435,Ryan Graves,D,2023,70,0.39,0.46,8.0,26.0,8.6,0.13,-0.02,0.0,-0.78,3166667.0,3.7924155688622756,83500000,3.7135153641391714,3100785.329056208,-0.07890020472310422,-65881.67094379202,STD,RFA
8482679,Matt Coronato,RW,2023,34,0.08,0.19,0.0,0.0,-3.65,-0.93,-0.17,0.0,0.25,925000.0,1.1077844311377245,83500000,1.0239997328177726,855039.77690284,-0.08378469831995194,-69960.22309715988,ELC,
8479402,Jake Bean,D,2023,72,0.16,0.18,1.0,6.0,0.08,-1.74,-0.06,-0.01,-1.48,2333333.0,2.7944107784431136,83500000,2.708340372962997,2261464.2114241025,-0.08607040548011646,-71868.78857589724,STD,RFA
8481517,Brett Leason,RW,2023,68,0.03,0.04,6.0,9.0,-3.82,-2.02,-0.17,0.0,-0.35,775000.0,0.9281437125748504,83500000,0.8418423335851077,702938.3485435649,-0.08630137898974266,-72061.65145643512,STD,RFA
8481554,Kaapo Kakko,RW,2023,61,-0.02,-0.03,18.0,40.0,1.5,0.11,-0.81,-0.0,-0.19,2100000.0,2.5149700598802394,83500000,2.4086835822142234,2011250.7911488765,-0.10628647766601595,-88749.20885112332,STD,RFA
8482964,Arber Xhekaj,D,2023,44,-0.02,-0.04,5.0,13.0,3.86,-1.59,-0.66,0.0,-2.42,828333.0,0.9920155688622754,83500000,0.8847673198466524,738780.7120719546,-0.10724824901562302,-89552.28792804523,ELC,
8477935,Sam Bennett,C,2023,69,0.59,0.7,16.0,40.0,10.4,0.64,1.74,0.01,-1.66,4425000.0,5.29940119760479,83500000,5.192086276234042,4335392.040655425,-0.10731492137074827,-89607.9593445748,STD,RFA
8478472,Mathieu Joseph,RW,2023,72,0.06,0.07,3.0,18.0,-6.04,-0.58,-0.82,0.05,1.58,2950000.0,3.5329341317365266,83500000,3.4238073943912735,2858879.174316713,-0.10912673734525313,-91120.82568328637,STD,RFA
8482117,Lukas Reichel,C,2023,65,-0.17,-0.21,7.0,15.0,-4.29,-4.02,-1.04,0.0,0.34,925000.0,1.1077844311377245,83500000,0.9823730051204418,820281.459275569,-0.12541142601728272,-104718.54072443108,ELC,
8478462,Nicolas Roy,C,2023,70,0.19,0.22,14.0,30.0,-3.51,1.61,0.99,0.01,-0.82,3000000.0,3.592814371257485,83500000,3.4622365101573926,2890967.485981423,-0.13057786110009229,-109032.51401857706,STD,RFA
8478439,Travis Konecny,RW,2023,76,0.15,0.16,31.0,61.0,8.94,-2.16,-0.79,0.08,0.62,5500000.0,6.58682634730539,83500000,6.440145401784699,5377521.410490223,-0.146680945520691,-122478.58950977698,STD,RFA
8476915,Jujhar Khaira,LW,2023,1,0.0,0.0,6.0,14.0,-0.23,0.0,-0.0,0.0,0.0,975000.0,1.1676646706586826,83500000,1.019920915534577,851633.9644713718,-0.14774375512410565,-123366.03552862823,STD,UFA
8478432,Christian Fischer,RW,2023,79,0.14,0.15,13.0,27.0,-3.97,1.27,-0.07,-0.04,0.51,1125875.0,1.3483532934131737,83500000,1.1931935166056995,996316.5863657591,-0.15515977680747417,-129558.41363424093,STD,UFA
8479316,Luke Kunin,C,2023,77,-0.25,-0.27,5.0,13.0,-7.27,-7.39,0.72,-0.22,-0.12,2750000.0,3.293413173652695,83500000,3.1204562583485647,2605580.9757210515,-0.17295691530413038,-144419.02427894887,STD,RFA
8478451,Ethan Bear,D,2023,24,0.04,0.14,3.0,16.0,-2.18,-0.4,-0.14,-0.0,-0.78,2200000.0,2.6347305389221556,83500000,2.4611824161954647,2055087.317523213,-0.17354812272669085,-144912.68247678687,STD,RFA
8481006,Tyler Tucker,D,2023,26,0.06,0.19,1.0,4.0,-2.34,-1.45,-0.01,0.0,-0.96,800000.0,0.9580838323353293,83500000,0.7648419016997305,638642.9879192751,-0.1932419306355988,-161357.012080725,STD,RFA
8475790,Erik Gudbranson,D,2023,78,0.41,0.43,1.0,13.0,-1.61,-2.86,-0.05,-0.29,-0.06,4000000.0,4.790419161676647,83500000,4.588016335709911,3830993.640317776,-0.2024028259667361,-169006.35968222463,STD,UFA
8480844,Grigori Denisenko,LW,2023,6,0.0,0.0,0.0,3.0,0.3,-0.13,-0.06,0.0,-0.16,925000.0,1.1077844311377245,83500000,0.8879807575283323,741463.9325361574,-0.21980367360939224,-183536.0674638425,ELC,
8477488,Brett Pesce,D,2023,70,0.83,0.97,5.0,30.0,5.74,3.77,-0.13,0.06,0.09,4025000.0,4.820359281437126,83500000,4.596680467886737,3838228.190685425,-0.22367881355038932,-186771.80931457508,STD,RFA
8477903,Garnet Hathaway,RW,2023,82,0.42,0.42,13.0,22.0,-4.47,3.14,-0.12,0.16,1.38,1500000.0,1.7964071856287425,83500000,1.5639162805428644,1305870.0942532916,-0.2324909050858781,-194129.90574670822,STD,UFA
8474673,TJ Brodie,D,2023,78,0.41,0.43,2.0,14.0,12.05,3.0,-0.1,-0.15,-0.71,5000000.0,5.9880239520958085,83500000,5.748309457126622,4799838.39670073,-0.23971449496918673,-200161.6032992709,STD,UFA
8479367,William Lockwood,RW,2023,25,0.02,0.07,0.0,1.0,-1.56,1.0,-0.01,0.0,-0.3,750000.0,0.8982035928143712,83500000,0.6581057019890277,549518.2611608382,-0.2400978908253435,-200481.73883916182,STD,RFA
8477402,Pavel Buchnevich,C,2023,80,0.08,0.08,26.0,67.0,5.82,1.17,1.25,0.12,0.12,5800000.0,6.946107784431138,83500000,6.685958468071783,5582775.320839939,-0.2601493163593549,-217224.67916006135,STD,RFA
8476874,Olli Maatta,D,2023,72,0.29,0.33,6.0,23.0,-3.32,0.51,-0.05,0.08,0.21,3000000.0,3.592814371257485,83500000,3.32607209883982,2777270.2025312493,-0.2667422724176651,-222729.7974687504,STD,UFA
8479985,Cale Fleury,D,2023,1,0.0,0.0,0.0,1.0,0.24,0.11,-0.0,0.0,0.0,750000.0,0.8982035928143712,83500000,0.6271210841109287,523646.1052326255,-0.2710825087034425,-226353.8947673745,STD,RFA
8477851,Jordan Oesterle,D,2023,22,0.05,0.19,2.0,11.0,-1.63,0.05,-0.0,-0.0,0.05,1350000.0,1.6167664670658684,83500000,1.3455806100990912,1123559.8094327413,-0.2711858569667771,-226440.1905672589,STD,UFA
8480459,Pius Suter,C,2023,67,0.13,0.16,14.0,24.0,1.6,3.43,-0.08,-0.02,1.38,3250000.0,3.8922155688622757,83500000,3.6180309150312198,3021055.814051069,-0.27418465383105595,-228944.1859489317,STD,UFA
8479393,Noah Gregor,LW,2023,63,0.14,0.18,10.0,17.0,-6.98,-1.58,0.17,0.0,1.66,950000.0,1.1377245508982037,83500000,0.8626262833684795,720292.9466126803,-0.2750982675297242,-229707.05338731973,STD,RFA
8478569,Noel Acciari,C,2023,55,0.16,0.24,14.0,23.0,-3.45,-0.54,-0.07,-0.16,0.47,1250000.0,1.4970059880239521,83500000,1.2170336325588984,1016223.0831866801,-0.2799723554650537,-233776.91681331987,STD,UFA
8476871,Tanner Pearson,LW,2023,54,0.1,0.15,1.0,5.0,-4.35,-2.82,-0.11,-0.01,-0.04,3250000.0,3.8922155688622757,83500000,3.6092484224212296,3013722.4327217266,-0.28296714644104615,-236277.56727827355,STD,UFA
8477955,Jared McCann,C,2023,80,0.66,0.68,40.0,70.0,8.01,-0.36,1.71,0.25,3.48,5000000.0,5.9880239520958085,83500000,5.704605469108538,4763345.566705629,-0.2834184829872708,-236654.43329437112,STD,RFA
8475768,Jaden Schwartz,LW,2023,62,0.56,0.74,21.0,40.0,-7.97,0.15,1.13,0.0,0.36,5500000.0,6.58682634730539,83500000,6.284996659173105,5247972.210409543,-0.30182968813228506,-252027.789590458,STD,UFA
8481077,John Leonard,LW,2023,6,0.0,0.0,1.0,1.0,-0.37,0.08,-0.0,0.0,0.01,750000.0,0.8982035928143712,83500000,0.5912274590151458,493674.9282776468,-0.3069761337992254,-256325.0717223532,STD,RFA
8479372,Josh Mahura,D,2023,30,0.06,0.16,4.0,16.0,-3.98,1.41,-0.02,0.0,-0.44,925000.0,1.1077844311377245,83500000,0.7973381532736834,665777.3579835256,-0.3104462778640411,-259222.6420164743,STD,RFA
8483619,Filip Roos,D,2023,4,0.0,0.0,1.0,3.0,-0.91,-0.67,-0.08,0.0,0.01,925000.0,1.1077844311377245,83500000,0.788835504077749,658677.6459049204,-0.31894892705997546,-266322.3540950795,ELC,
8481147,Reese Johnson,C,2023,42,0.09,0.18,4.0,6.0,-3.41,-2.03,-0.01,0.0,1.44,800000.0,0.9580838323353293,83500000,0.636193426320748,531221.5109778247,-0.3218904060145813,-268778.4890221754,STD,RFA
8480069,Cale Makar,D,2023,77,0.85,0.91,17.0,66.0,14.85,2.66,2.04,0.13,3.24,9000000.0,10.778443113772456,83500000,10.433644361290776,8712093.0416778,-0.34479875248167957,-287906.95832220244,STD,RFA
8478452,Caleb Jones,D,2023,25,0.05,0.16,4.0,18.0,1.79,-0.16,-0.01,-0.0,-0.45,1350000.0,1.6167664670658684,83500000,1.2578275962761953,1050286.0428906232,-0.358938870789673,-299713.95710937696,STD,RFA
8480878,Nils Lundkvist,D,2023,58,-0.01,-0.01,6.0,16.0,3.57,-1.46,-0.83,-0.0,-1.21,925000.0,1.1077844311377245,83500000,0.734781947255577,613542.9259584068,-0.3730024838821475,-311457.0740415932,ELC,
8479972,Mason Shaw,C,2023,20,0.02,0.08,7.0,17.0,-1.52,0.52,-0.0,0.0,-0.31,750000.0,0.8982035928143712,83500000,0.5225968937201841,436368.4062563538,-0.3756066990941871,-313631.5937436462,STD,RFA
8470966,Mark Giordano,D,2023,46,0.31,0.55,4.0,24.0,8.08,0.74,-0.32,0.14,-1.56,800000.0,0.9580838323353293,83500000,0.578794368197574,483293.2974449743,-0.3792894641377553,-316706.7025550257,STD,UFA
8476854,Hampus Lindholm,D,2023,73,0.37,0.42,10.0,53.0,3.45,4.81,-0.82,0.21,-1.22,6500000.0,7.784431137724551,83500000,7.40407321214799,6182401.132143572,-0.38035792557656123,-317598.8678564286,STD,UFA
8482762,Simon Edvinsson,D,2023,16,0.02,0.1,2.0,2.0,1.7,-0.66,-0.01,0.0,0.05,894167.0,1.0708586826347306,83500000,0.6796630013059044,567518.6060904302,-0.3911956813288262,-326648.39390956983,ELC,
8479291,Kevin Rooney,C,2023,33,0.07,0.17,0.0,1.0,-0.11,-0.02,-0.06,0.05,0.75,1300000.0,1.5568862275449102,83500000,1.1646668505199447,972496.8201841539,-0.39221937702496557,-327503.17981584626,STD,UFA
8480891,Michael Kesselring,D,2023,65,0.13,0.16,0.0,3.0,4.2,-1.35,-0.05,0.0,-2.36,925000.0,1.1077844311377245,83500000,0.7129071514779994,595277.4714841295,-0.3948772796597251,-329722.5285158704,ELC,
8476869,Brady Skjei,D,2023,80,0.78,0.8,18.0,38.0,8.01,-0.93,1.67,0.15,-0.88,5250000.0,6.287425149700598,83500000,5.8887826816957105,4917133.539215918,-0.3986424680048879,-332866.46078408137,STD,RFA
8475170,Brayden Schenn,C,2023,82,0.32,0.32,21.0,65.0,-2.14,-3.85,0.58,-0.02,-0.24,6500000.0,7.784431137724551,83500000,7.382329156077679,6164244.845324862,-0.4021019816468723,-335755.15467513836,STD,UFA
8477887,Patrick Brown,C,2023,11,0.0,0.0,4.0,12.0,-1.83,0.31,-0.0,-0.01,-0.15,750000.0,0.8982035928143712,83500000,0.495738012586882,413941.2405100464,-0.40246558022748924,-336058.7594899535,STD,UFA
8471274,Alex Goligoski,D,2023,36,0.01,0.02,2.0,6.0,-1.72,-0.72,0.01,0.0,-0.75,2000000.0,2.3952095808383236,83500000,1.9842224748771535,1656825.7665224234,-0.41098710596117005,-343174.233477577,STD,UFA
8481056,Spencer Stastney,D,2023,20,0.07,0.29,0.0,2.0,4.98,-0.86,-0.02,0.0,0.06,925000.0,1.1077844311377245,83500000,0.6871711394692355,573787.9014568116,-0.42061329166848904,-351212.09854318836,ELC,
8481604,Pavel Dorofeyev,LW,2023,47,0.09,0.16,7.0,9.0,6.4,0.4,-0.14,0.0,-0.06,925000.0,1.1077844311377245,83500000,0.686851195303662,573520.7480785578,-0.4209332358340625,-351479.2519214422,ELC,
8479343,Clayton Keller,RW,2023,78,0.84,0.88,37.0,86.0,16.32,-2.33,3.42,0.0,2.32,7150000.0,8.562874251497005,83500000,8.141165120883558,6797872.875937772,-0.42170913061344706,-352127.12406222825,STD,RFA
8481541,Samuel Bolduc,D,2023,34,0.07,0.17,2.0,3.0,0.35,0.28,0.1,0.0,-0.26,800000.0,0.9580838323353293,83500000,0.5326812995089938,444788.8850900098,-0.42540253282633556,-355211.11490999017,STD,RFA
8478458,Jack Roslovic,C,2023,59,0.06,0.08,11.0,44.0,1.02,-1.76,0.16,-0.01,0.34,4000000.0,4.790419161676647,83500000,4.356508174329617,3637684.3255652306,-0.43391098734702993,-362315.67443477,STD,RFA
8480980,Connor Dewar,C,2023,74,0.32,0.35,6.0,18.0,-4.57,0.87,-0.1,0.19,-0.52,800000.0,0.9580838323353293,83500000,0.518212414000395,432707.3656903298,-0.43987141833493437,-367292.63430967025,STD,RFA
8476967,Brett Kulak,D,2023,81,0.15,0.15,3.0,20.0,9.58,4.62,-0.11,-0.03,-1.47,2750000.0,3.293413173652695,83500000,2.8392861014900763,2370803.8947442137,-0.4541270721626187,-379196.1052557866,STD,UFA
8479671,Mathieu Olivier,RW,2023,54,0.04,0.06,5.0,15.0,-1.35,-1.79,-0.03,0.0,-1.08,1100000.0,1.3173652694610778,83500000,0.8606238379065978,718620.9046520093,-0.45674143155448,-381379.0953479908,STD,RFA
8477479,Tyler Bertuzzi,LW,2023,80,0.37,0.38,8.0,30.0,10.92,-5.81,0.5,0.0,0.75,4750000.0,5.688622754491018,83500000,5.221781342066686,4360187.420625683,-0.46684141242433164,-389812.5793743169,STD,RFA
8481043,Cole Koepke,LW,2023,9,0.0,0.0,1.0,1.0,0.25,0.11,-0.0,0.0,0.18,775000.0,0.9281437125748504,83500000,0.4527438213155506,378041.0907984847,-0.4753998912592998,-396958.9092015154,STD,RFA
8478904,Steven Lorentz,C,2023,38,0.06,0.13,10.0,19.0,-3.07,0.65,-0.02,0.0,-0.79,1050000.0,1.2574850299401197,83500000,0.7777202303827053,649396.3923695589,-0.47976479955741436,-400603.60763044097,STD,RFA
8480800,Quinn Hughes,D,2023,82,0.65,0.65,7.0,76.0,16.73,-3.44,2.9,0.03,-0.31,7850000.0,9.401197604790418,83500000,8.91368585397502,7442927.6880691415,-0.48751175081539877,-407072.31193085795,STD,RFA
8480879,Jacob Bernard Docker,D,2023,72,0.03,0.03,0.0,1.0,-3.95,1.77,-0.08,0.0,-0.81,925000.0,1.1077844311377245,83500000,0.6177722731674287,515839.84809480293,-0.49001215797029585,-409160.15190519707,ELC,
8479370,Tyson Jost,C,2023,43,0.06,0.11,7.0,25.0,-3.3,-1.49,-0.02,-0.02,0.42,2000000.0,2.3952095808383236,83500000,1.8939143593134027,1581418.4900266912,-0.5012952215249209,-418581.509973309,STD,RFA
8483630,Pavol Regenda,LW,2023,5,0.0,0.0,1.0,3.0,-0.47,0.28,-0.01,0.0,-0.16,855000.0,1.0239520958083832,83500000,0.5111781821475176,426833.7820931772,-0.5127739136608656,-428166.21790682274,ELC,
8482101,Danil Gushchin,LW,2023,4,0.01,0.2,1.0,2.0,-1.29,-0.39,-0.01,0.0,0.01,828334.0,0.9920167664670659,83500000,0.47697861493604776,398277.1434715999,-0.5150381515310182,-430056.85652840015,ELC,
8478864,Kirill Kaprizov,LW,2023,75,1.89,2.07,40.0,75.0,14.88,1.12,6.69,0.0,1.49,9000000.0,10.778443113772456,83500000,10.260262695882533,8567319.351061914,-0.5181804178899228,-432680.64893808553,STD,RFA
8480003,Jesper Boqvist,C,2023,47,0.06,0.1,10.0,21.0,-1.64,2.32,-0.07,0.0,-0.07,874125.0,1.0468562874251497,83500000,0.5199184481617731,434131.90421508055,-0.5269378392633766,-439993.09578491945,STD,RFA
8480762,Eric Robinson,LW,2023,47,0.06,0.1,12.0,24.0,-4.15,-2.1,-0.01,0.01,-0.07,1600000.0,1.9161676646706587,83500000,1.3808395746772248,1153001.0448554829,-0.5353280899934338,-446998.95514451724,STD,UFA
8479421,Jacob Moverare,D,2023,24,0.04,0.14,0.0,0.0,2.11,0.17,-0.01,0.0,-0.29,762500.0,0.9131736526946108,83500000,0.37677899989936137,314610.46491596673,-0.5363946527952494,-447889.5350840333,STD,RFA
8477998,Warren Foegele,LW,2023,82,0.28,0.28,13.0,28.0,12.1,-0.77,-0.17,-0.03,0.72,2750000.0,3.293413173652695,83500000,2.7556462993834927,2300964.6599852163,-0.5377668742692023,-449035.34001478396,STD,RFA
8480025,MacKenzie Entwistle,RW,2023,67,0.0,0.0,4.0,10.0,-4.44,-3.31,-0.12,-0.01,0.14,800000.0,0.9580838323353293,83500000,0.41148481256638725,343589.81849293335,-0.5465990197689421,-456410.18150706665,STD,RFA
8476463,Jonas Brodin,D,2023,62,0.06,0.08,3.0,14.0,-2.72,4.81,-0.54,-0.22,-0.07,6000000.0,7.18562874251497,83500000,6.6377857971887355,5542551.140652594,-0.5478429453262343,-457448.85934740567,STD,UFA
8479520,Brandon Duhaime,RW,2023,80,0.15,0.15,9.0,10.0,-6.04,0.19,-0.05,0.0,0.84,750000.0,0.8982035928143712,83500000,0.3416978792397831,285317.7291652189,-0.5565057135745881,-464682.2708347811,STD,RFA
8476448,William Karlsson,C,2023,70,0.45,0.53,14.0,53.0,15.89,5.76,1.93,0.22,2.44,5900000.0,7.065868263473053,83500000,6.506624815242523,5433031.720727507,-0.5592434482305304,-466968.27927249286,STD,RFA
8476853,Morgan Rielly,D,2023,72,0.32,0.36,4.0,41.0,3.76,-3.54,1.31,0.01,-0.2,7500000.0,8.982035928143713,83500000,8.411907938953389,7023943.12902608,-0.5701279891903237,-476056.8709739203,STD,UFA
8477919,Frederick Gaudreau,C,2023,67,-0.18,-0.22,19.0,38.0,-2.86,1.72,0.06,-0.05,-0.51,2100000.0,2.5149700598802394,83500000,1.9345153119468517,1615320.285475621,-0.5804547479333877,-484679.7145243787,STD,UFA
8482146,Luke Evangelista,RW,2023,80,-0.21,-0.22,7.0,15.0,8.46,0.22,-0.73,0.0,1.74,797500.0,0.9550898203592815,83500000,0.36796894373782507,307254.06802108395,-0.5871208766214564,-490245.9319789161,ELC,
8475791,Taylor Hall,LW,2023,10,0.0,0.0,16.0,36.0,0.89,-0.86,-0.15,0.0,-0.14,6000000.0,7.18562874251497,83500000,6.594155573668511,5506119.904013206,-0.5914731688464592,-493880.09598679346,STD,UFA
8481481,Blake Lizotte,C,2023,61,0.31,0.42,11.0,34.0,-1.93,0.63,-0.09,0.08,0.98,1675000.0,2.0059880239520957,83500000,1.390843246206181,1161354.1105821612,-0.6151447777459147,-513645.8894178387,STD,RFA
8482516,Matthew Kessel,D,2023,39,0.09,0.19,0.0,0.0,-2.91,-1.11,-0.02,0.0,-0.56,883750.0,1.0583832335329342,83500000,0.44146199074896053,368620.762275382,-0.6169212427839736,-515129.237724618,ELC,
8477846,Ryan Carpenter,C,2023,62,0.0,0.0,1.0,3.0,-2.89,-1.13,-0.02,-0.03,-0.04,750000.0,0.8982035928143712,83500000,0.2786268969020309,232653.4589131958,-0.6195766959123403,-517346.5410868042,STD,UFA
8479336,Carl Grundstrom,LW,2023,50,0.03,0.05,12.0,19.0,1.85,0.82,0.25,-0.0,-0.07,1300000.0,1.5568862275449102,83500000,0.934778892624113,780540.3753411344,-0.6221073349207973,-519459.62465886574,STD,RFA
8482634,Alex Steeves,C,2023,1,0.0,0.0,0.0,0.0,0.09,0.05,-0.02,0.0,0.0,834167.0,0.9990023952095809,83500000,0.37394813744172417,312246.6947638397,-0.6250542577678567,-521920.30523616035,ELC,
8476878,Zemgus Girgensons,C,2023,62,0.07,0.09,10.0,18.0,-1.32,0.16,0.05,-0.15,0.31,2500000.0,2.9940119760479043,83500000,2.3594669130767194,1970154.8724190607,-0.6345450629711848,-529845.1275809393,STD,UFA
8480267,Samuel Walker,C,2023,4,0.0,0.0,1.0,2.0,-0.62,-0.08,-0.0,0.0,0.01,855000.0,1.0239520958083832,83500000,0.38915700081673066,324946.0956819701,-0.6347950949916525,-530053.9043180299,ELC,
8483397,Marc McLaughlin,C,2023,1,0.0,0.0,0.0,0.0,-0.12,0.06,-0.0,0.0,0.0,883750.0,1.0583832335329342,83500000,0.4219190025629107,352302.36714003043,-0.6364642309700235,-531447.6328599696,ELC,
8474709,Matt Martin,LW,2023,57,0.04,0.06,7.0,19.0,-5.8,1.35,-0.03,0.0,-0.07,1500000.0,1.7964071856287425,83500000,1.155275442414517,964654.9944161217,-0.6411317432142254,-535345.0055838783,STD,UFA
8475324,Nick Jensen,D,2023,78,0.1,0.11,5.0,29.0,-8.09,1.22,-0.07,0.17,1.64,4050000.0,4.850299401197605,83500000,4.20315574304211,3509635.0454401625,-0.6471436581554944,-540364.9545598378,STD,UFA
8477962,Brendan Lemieux,LW,2023,32,0.01,0.03,2.0,9.0,-0.3,-0.59,-0.03,0.0,-0.8,1350000.0,1.6167664670658684,83500000,0.9650721882861557,805835.2772189401,-0.6516942787797126,-544164.72278106,STD,UFA
8477931,Tomas Nosek,LW,2023,36,0.08,0.18,7.0,18.0,-2.27,-0.63,-0.03,0.0,0.08,1750000.0,2.095808383233533,83500000,1.4426932467598323,1204648.86104446,-0.6531151364737005,-545351.1389555399,STD,UFA
8476958,Jaccob Slavin,D,2023,81,1.0,1.01,7.0,27.0,16.83,5.36,-0.38,0.19,1.33,5300000.0,6.347305389221557,83500000,5.67400751550568,4737796.275447243,-0.6732978737158763,-562203.7245527568,STD,RFA
8477346,MacKenzie Weegar,D,2023,82,0.26,0.26,4.0,31.0,13.72,2.9,0.72,0.22,-2.2,6250000.0,7.48502994011976,83500000,6.797005722600991,5675499.778371827,-0.6880242175187687,-574500.2216281719,STD,UFA
8479977,Kailer Yamamoto,RW,2023,59,0.2,0.28,10.0,25.0,-0.99,2.5,-0.35,0.0,-0.21,3100000.0,3.7125748502994016,83500000,3.0196131234343575,2521376.958067688,-0.6929617268650441,-578623.0419323118,STD,RFA
8480031,Max Comtois,LW,2023,1,0.0,0.0,9.0,19.0,0.36,-0.07,-0.0,0.0,0.17,2037500.0,2.4401197604790417,83500000,1.7281144330852918,1442975.5516262185,-0.7120053273937499,-594524.4483737812,STD,RFA
8475220,Marcus Foligno,LW,2023,55,-0.1,-0.15,7.0,21.0,-4.42,1.65,-0.3,0.01,-0.02,3100000.0,3.7125748502994016,83500000,2.999749054159725,2504790.4602233707,-0.7128257961396764,-595209.5397766298,STD,UFA
8478474,Lawson Crouse,LW,2023,81,-0.51,-0.52,24.0,45.0,6.4,-3.33,1.04,-0.27,0.76,4300000.0,5.149700598802395,83500000,4.435809976028173,3703901.3299835245,-0.7138906227742225,-596098.6700164758,STD,RFA
8477506,Ryan Pulock,D,2023,58,0.35,0.49,5.0,26.0,4.96,-0.96,0.75,-0.0,-0.27,6150000.0,7.365269461077845,83500000,6.6465225403430335,5549846.321186433,-0.7187469207348114,-600153.6788135675,STD,UFA
8481013,Jonatan Berggren,RW,2023,12,0.01,0.07,15.0,28.0,-0.4,-0.52,-0.13,0.0,0.7,925000.0,1.1077844311377245,83500000,0.377488472371855,315202.8744304989,-0.7302959587658695,-609797.125569501,ELC,
8478424,Jansen Harkins,C,2023,45,0.04,0.07,3.0,5.0,-4.57,0.67,-0.1,0.0,0.24,850000.0,1.0179640718562875,83500000,0.28318229675102025,236457.2177871019,-0.7347817751052672,-613542.7822128981,STD,RFA
8479324,Ryan Lindgren,D,2023,76,0.03,0.03,1.0,18.0,1.62,-1.65,-0.03,0.02,0.27,3000000.0,3.592814371257485,83500000,2.8571453950747507,2385716.404887417,-0.7356689761827342,-614283.595112583,STD,RFA
8476399,Blake Coleman,LW,2023,78,0.52,0.55,18.0,38.0,7.87,-0.71,0.06,0.18,-0.43,4900000.0,5.868263473053893,83500000,5.132269205192534,4285444.786335766,-0.7359942678613587,-614555.2136642345,STD,UFA
8482652,Walker Duehr,RW,2023,40,0.03,0.06,7.0,11.0,-1.42,-1.19,-0.07,0.0,-0.11,825000.0,0.9880239520958085,83500000,0.24999019130388156,208741.8097387411,-0.738033760791927,-616258.190261259,STD,RFA
8480448,Parker Kelly,C,2023,80,0.15,0.15,1.0,4.0,-8.92,0.26,-0.09,-0.02,1.36,762500.0,0.9131736526946108,83500000,0.1710566654249579,142832.31562983984,-0.7421169872696529,-619667.6843701601,STD,RFA
8476467,Jamie Oleksiak,D,2023,82,0.35,0.35,9.0,25.0,0.97,1.0,-0.04,-0.38,-1.57,4600000.0,5.508982035928144,83500000,4.7596028621158535,3974268.3898667376,-0.7493791738122901,-625731.6101332622,STD,UFA
8481641,Joel Kiviranta,LW,2023,56,0.15,0.22,8.0,9.0,-3.94,-0.08,-0.01,0.05,0.95,1050000.0,1.2574850299401197,83500000,0.4990548788612319,416710.8238491286,-0.7584301510788878,-633289.1761508713,STD,RFA
8473504,Cal Clutterbuck,RW,2023,82,0.16,0.16,6.0,12.0,-4.09,3.42,-0.06,0.08,0.52,1750000.0,2.095808383233533,83500000,1.3322058207702128,1112391.8603431277,-0.76360256246332,-637608.1396568723,STD,UFA
8479379,Givani Smith,RW,2023,36,0.01,0.02,1.0,4.0,-1.83,-1.2,-0.01,0.0,-0.46,750000.0,0.8982035928143712,83500000,0.1262943944085677,105455.81933115404,-0.7719091984058035,-644544.180668846,STD,RFA
8476459,Mika Zibanejad,C,2023,81,1.08,1.09,39.0,91.0,-0.87,3.69,2.24,0.08,2.5,8500000.0,10.179640718562874,83500000,9.406001109000021,7854010.926015018,-0.7736396095628528,-645989.0739849821,STD,UFA
8481617,Vasily Podkolzin,RW,2023,19,0.01,0.04,4.0,7.0,-0.65,0.01,-0.11,0.0,-0.47,925000.0,1.1077844311377245,83500000,0.33213711488433084,277334.49092841626,-0.7756473162533937,-647665.5090715837,ELC,
8481754,Nikita Nesterenko,C,2023,3,0.0,0.0,1.0,1.0,0.03,0.07,-0.0,0.0,0.01,925000.0,1.1077844311377245,83500000,0.32762792851211486,273569.3203076159,-0.7801565026256096,-651430.679692384,ELC,
8480172,Jan Rutta,D,2023,69,-0.1,-0.12,3.0,9.0,-3.34,-4.1,-0.13,-0.02,-1.11,2750000.0,3.293413173652695,83500000,2.5089496555931863,2094972.9624203106,-0.7844635180595088,-655027.0375796899,STD,UFA
8477070,Liam O'Brien,LW,2023,75,0.0,0.0,3.0,11.0,-3.58,1.26,-0.02,0.0,-1.74,775000.0,0.9281437125748504,83500000,0.13485628700618513,112604.99965016458,-0.7932874255686653,-662395.0003498354,STD,UFA
8477507,Nikita Zadorov,D,2023,75,0.11,0.12,14.0,21.0,-0.13,2.74,-0.15,-0.02,-3.67,3750000.0,4.491017964071856,83500000,3.693280881175795,3083889.5357817886,-0.7977370828960613,-666110.4642182111,STD,UFA
8477845,Trevor van Riemsdyk,D,2023,69,0.26,0.31,7.0,23.0,-0.61,1.94,-0.12,-0.06,0.07,3000000.0,3.592814371257485,83500000,2.7847876252189696,2325297.6670578397,-0.8080267460385153,-674702.3329421603,STD,UFA
8474641,Adam Henrique,C,2023,82,-0.01,-0.01,22.0,38.0,6.38,0.53,0.45,0.19,0.08,5825000.0,6.976047904191616,83500000,6.161266371059687,5144657.419834839,-0.8147815331319288,-680342.5801651605,STD,UFA
8475191,Reilly Smith,RW,2023,76,0.37,0.4,26.0,56.0,3.6,0.03,0.11,0.11,0.06,5000000.0,5.9880239520958085,83500000,5.167198930365453,4314611.106855153,-0.8208250217303554,-685388.8931448468,STD,UFA
8477952,Robby Fabbri,C,2023,68,0.14,0.17,7.0,16.0,2.97,-1.27,0.58,0.0,-0.52,4000000.0,4.790419161676647,83500000,3.9691135264529454,3314209.7945882096,-0.8213056352237018,-685790.2054117911,STD,UFA
8481019,David Gustafsson,C,2023,39,0.04,0.08,0.0,6.0,-2.67,0.73,-0.02,0.0,0.41,775000.0,0.9281437125748504,83500000,0.10556204748263909,88144.30964800363,-0.8225816650922113,-686855.6903519965,STD,RFA
8476897,Oskar Sundqvist,C,2023,71,0.03,0.03,10.0,28.0,-7.62,-2.6,0.05,0.02,1.36,2750000.0,3.293413173652695,83500000,2.468786974414117,2061437.1236357877,-0.8246261992385779,-688562.8763642126,STD,RFA
8480196,Jacob Bryson,D,2023,36,0.08,0.18,1.0,9.0,-1.33,-1.23,-0.01,-0.02,0.1,1850000.0,2.215568862275449,83500000,1.3857619295791803,1157111.2111986156,-0.8298069326962687,-692888.7888013844,STD,RFA
8476891,Matt Grzelcyk,D,2023,62,0.21,0.28,4.0,26.0,3.27,-1.05,-0.14,0.03,-1.33,3687500.0,4.416167664670659,83500000,3.573126980473514,2983561.0286953845,-0.8430406841971445,-703938.9713046157,STD,RFA
8478399,Jonas Siegenthaler,D,2023,57,0.18,0.26,4.0,21.0,4.12,-0.85,-0.06,0.01,-0.65,3400000.0,4.07185628742515,83500000,3.2263555815907914,2694006.910628311,-0.8455007058343584,-705993.0893716892,STD,RFA
8478512,Austin Czarnik,C,2023,34,0.04,0.1,3.0,5.0,-4.03,0.54,-0.05,0.0,-0.8,762500.0,0.9131736526946108,83500000,0.058745613400647656,49052.58718954079,-0.8544280392939632,-713447.4128104593,STD,UFA
8476438,Brandon Saad,LW,2023,82,0.06,0.06,19.0,37.0,11.1,-1.74,-0.95,0.05,0.4,4500000.0,5.389221556886228,83500000,4.53355052017349,3785514.684344864,-0.8556710367127378,-714485.315655136,STD,UFA
8476419,Jean Gabriel Pageau,C,2023,81,-0.04,-0.04,13.0,40.0,0.66,-0.85,-1.63,0.17,0.75,5000000.0,5.9880239520958085,83500000,5.1264256036408735,4280565.3790401295,-0.861598348454935,-719434.6209598706,STD,UFA
8470604,Jeff Carter,C,2023,72,0.04,0.05,13.0,29.0,-3.52,-1.66,-0.36,-0.07,-0.0,3125000.0,3.74251497005988,83500000,2.878986134540357,2403953.422341198,-0.863528835519523,-721046.5776588018,STD,UFA
8482730,Brandt Clarke,D,2023,16,0.06,0.31,0.0,2.0,3.27,-0.39,0.42,0.0,-0.3,863334.0,1.0339329341317365,83500000,0.16734423507393714,139732.4362867375,-0.8665886990577993,-723601.5637132626,ELC,
8477244,Chad Ruhwedel,D,2023,52,0.28,0.44,1.0,5.0,-1.91,0.22,-0.01,-0.07,0.29,800000.0,0.9580838323353293,83500000,0.0851103577280341,71067.14870290848,-0.8729734746072952,-728932.8512970916,STD,UFA
8479066,Ryan Lomberg,LW,2023,75,0.07,0.08,12.0,20.0,-6.95,0.59,0.29,-0.0,-0.38,800000.0,0.9580838323353293,83500000,0.08475839357361359,70773.25863396734,-0.8733254387617158,-729226.7413660327,STD,UFA
8480144,David Kampf,C,2023,78,0.35,0.37,7.0,27.0,-0.44,-3.11,-0.11,0.01,0.19,2400000.0,2.874251497005988,83500000,1.993501076818598,1664573.3991435294,-0.8807504201873901,-735426.6008564708,STD,UFA
8476458,Ryan Strome,C,2023,79,-0.35,-0.36,15.0,41.0,2.38,-5.72,0.07,0.01,-2.83,5000000.0,5.9880239520958085,83500000,5.105508964161478,4263099.985074834,-0.8825149879343304,-736900.0149251659,STD,UFA
8480070,Ian Mitchell,D,2023,13,0.02,0.13,1.0,8.0,-0.33,-0.2,-0.01,0.0,-0.81,925000.0,1.1077844311377245,83500000,0.21178211691754179,176838.0676261474,-0.8960023142201827,-748161.9323738526,ELC,
8470621,Corey Perry,RW,2023,54,0.09,0.14,12.0,25.0,2.67,1.17,-0.14,0.0,-0.38,4000000.0,4.790419161676647,83500000,3.88739067946082,3245971.2173497844,-0.9030284822158272,-754028.7826502157,STD,UFA
8482192,Isaak Phillips,D,2023,33,0.13,0.32,1.0,5.0,-3.39,-4.98,-0.02,0.0,-0.24,859167.0,1.02894251497006,83500000,0.10984790141887579,91722.99768476129,-0.9190946135511842,-767444.0023152388,ELC,
8478434,Keegan Kolesar,RW,2023,79,0.07,0.07,8.0,18.0,-1.41,0.05,-0.05,0.0,-1.03,1400000.0,1.6766467065868262,83500000,0.7451431543117,622194.5338502695,-0.9315035522751263,-777805.4661497305,STD,RFA
8481521,Ronnie Attard,D,2023,12,0.03,0.2,0.0,0.0,1.46,-0.1,-0.01,0.0,-0.48,883750.0,1.0583832335329342,83500000,0.12330281225723816,102957.84823479387,-0.935080421275696,-780792.1517652062,ELC,
8482720,Matthew Knies,LW,2023,80,0.06,0.06,0.0,1.0,8.86,-2.17,-0.21,0.0,-0.48,925000.0,1.1077844311377245,83500000,0.16186414822558248,135156.56376836137,-0.945920282912142,-789843.4362316387,ELC,
8478507,John Marino,D,2023,74,0.37,0.41,4.0,18.0,2.88,0.44,-0.16,0.08,0.12,4400000.0,5.269461077844311,83500000,4.32332005339568,3609972.2445853925,-0.9461410244486315,-790027.7554146072,STD,RFA
8482125,Alexander Holtz,RW,2023,82,-0.1,-0.1,3.0,4.0,7.66,-2.66,-1.18,0.0,-0.33,894167.0,1.0708586826347306,83500000,0.11306530008394056,94409.52557009037,-0.95779338255079,-799757.4744299097,ELC,
8476887,Filip Forsberg,C,2023,82,0.71,0.71,19.0,42.0,29.6,-3.35,3.04,0.0,1.99,8500000.0,10.179640718562874,83500000,9.21878991944219,7697689.582734227,-0.9608507991206849,-802310.417265772,STD,UFA
8482073,Braden Schneider,D,2023,82,0.27,0.27,5.0,18.0,5.01,1.47,-0.02,0.0,-0.27,925000.0,1.1077844311377245,83500000,0.14577257332861038,121720.09872938966,-0.9620118578091141,-803279.9012706103,ELC,
8480835,Jack Drury,C,2023,74,0.1,0.11,2.0,8.0,-3.53,4.55,0.77,0.0,0.34,925000.0,1.1077844311377245,83500000,0.11494431029364627,95978.49909519464,-0.9928401208440782,-829021.5009048053,ELC,
8478443,Brandon Carlo,D,2023,76,0.6,0.65,3.0,16.0,8.37,1.29,-0.05,0.13,-2.27,4100000.0,4.910179640718563,83500000,3.888504399183466,3246901.1733181938,-1.021675241535097,-853098.826681806,STD,RFA
8480078,Filip Chytil,C,2023,10,-0.01,-0.08,22.0,45.0,0.33,0.45,-0.25,-0.0,-0.14,4437500.0,5.31437125748503,83500000,4.2869652893064565,3579616.0165708913,-1.0274059681785737,-857883.983429109,STD,RFA
8474151,Ryan McDonagh,D,2023,74,-0.13,-0.14,2.0,20.0,20.1,3.77,-0.39,0.09,-0.38,6750000.0,8.08383233532934,83500000,7.056229480258979,5891951.616016248,-1.027602855070361,-858048.3839837515,STD,UFA
8482712,Oskar Olausson,C,2023,1,0.0,0.0,0.0,0.0,-0.22,-0.3,-0.0,0.0,0.0,863334.0,1.0339329341317365,83500000,0.004999442644285423,4174.5346079783285,-1.028933491487451,-859159.4653920216,ELC,
8476934,Brock McGinn,LW,2023,24,0.08,0.27,12.0,19.0,-1.0,0.08,-0.02,0.01,0.39,2750000.0,3.293413173652695,83500000,2.261945472923056,1888724.4698907519,-1.031467700729639,-861275.5301092485,STD,UFA
8479026,Philippe Myers,D,2023,5,0.01,0.16,1.0,3.0,0.89,-0.35,-0.0,-0.0,-0.16,1400000.0,1.6766467065868262,83500000,0.62798941156945,524371.1586604908,-1.0486572950173763,-875628.8413395091,STD,RFA
8479543,Michael Pezzetta,LW,2023,59,0.03,0.04,7.0,15.0,-4.81,0.37,-0.02,0.0,-1.27,812500.0,0.9730538922155689,83500000,-0.0894149614148354,-74661.49278138755,-1.0624688536304043,-887161.4927813876,STD,RFA
8480727,Zach Whitecloud,D,2023,61,0.27,0.36,5.0,12.0,-0.35,3.46,-0.06,-0.06,-0.14,2750000.0,3.293413173652695,83500000,2.2237657157296056,1856844.3726342206,-1.0696474579230895,-893155.6273657797,STD,RFA
8478010,Brayden Point,C,2023,81,1.31,1.33,51.0,95.0,31.33,-4.91,5.38,-0.0,1.66,9500000.0,11.377245508982035,83500000,10.305316299659955,8604939.110216063,-1.0719292093220805,-895060.8897839371,STD,RFA
8481559,Jack Hughes,C,2023,62,1.01,1.34,43.0,99.0,10.57,-3.07,2.41,0.0,3.81,8000000.0,9.580838323353294,83500000,8.494681611486568,7093059.145591284,-1.0861567118667264,-906940.8544087166,STD,RFA
8482451,Mikael Pyyhtia,LW,2023,17,0.04,0.19,0.0,1.0,-2.56,-1.36,-0.03,0.0,0.21,897500.0,1.0748502994011975,83500000,-0.03150834157714577,-26309.465216916717,-1.1063586409783432,-923809.4652169166,ELC,
8480018,Nick Suzuki,C,2023,82,0.35,0.35,26.0,66.0,14.66,-1.0,2.92,0.05,0.83,7875000.0,9.431137724550897,83500000,8.323232719185421,6949899.320519826,-1.1079050053654758,-925100.6794801722,STD,RFA
8478398,Kyle Connor,LW,2023,65,0.16,0.2,31.0,80.0,15.64,-6.77,0.61,-0.0,1.09,7142857.0,8.554319760479041,83500000,7.436729003855122,6209668.718219027,-1.117590756623919,-933188.2817809724,STD,RFA
8477953,Kasperi Kapanen,C,2023,73,-0.04,-0.04,15.0,34.0,-6.86,-2.96,-0.54,-0.03,0.7,3200000.0,3.8323353293413174,83500000,2.699668555437155,2254223.2437900244,-1.1326667739041625,-945776.7562099757,STD,RFA
8475169,Evander Kane,LW,2023,77,0.04,0.04,16.0,28.0,-2.04,-3.92,0.55,0.05,-1.29,5125000.0,6.137724550898203,83500000,4.996999633632987,4172494.694083544,-1.1407249172652163,-952505.3059164556,STD,UFA
8479981,Jonah Gadjovich,LW,2023,39,0.03,0.06,3.0,7.0,-1.41,0.01,-0.03,0.0,-0.29,750000.0,0.8982035928143712,83500000,-0.2632380142151849,-219803.7418696794,-1.1614416070295561,-969803.7418696794,STD,RFA
8481679,Maxence Guenette,D,2023,7,0.02,0.23,0.0,0.0,-0.42,-0.61,-0.0,0.0,-0.15,813333.0,0.974051497005988,83500000,-0.22434060734202,-187324.40713058668,-1.1983921043480081,-1000657.4071305869,ELC,
8483570,Ben Meyers,C,2023,23,0.02,0.07,4.0,4.0,-2.89,0.63,-0.01,0.0,-0.3,912500.0,1.0928143712574852,83500000,-0.10761779786931314,-89860.86122087647,-1.2004321691267983,-1002360.8612208766,ELC,
8482077,Dylan Holloway,C,2023,38,0.05,0.11,3.0,9.0,3.21,1.4,0.26,0.0,0.42,925000.0,1.1077844311377245,83500000,-0.11181861477021116,-93368.54333312632,-1.2196030459079357,-1018368.5433331262,ELC,
8480855,Jack McBain,C,2023,67,0.05,0.06,12.0,26.0,4.01,-2.66,-0.06,-0.02,-0.35,883750.0,1.0583832335329342,83500000,-0.16726320124367255,-139664.77303846658,-1.2256464347766067,-1023414.7730384667,ELC,
8477948,Travis Sanheim,D,2023,81,0.12,0.12,7.0,23.0,1.86,2.64,-1.07,-0.23,-0.84,6250000.0,7.48502994011976,83500000,6.252061637136661,5220471.467009111,-1.2329683029830987,-1029528.5329908873,STD,UFA
8477946,Dylan Larkin,C,2023,68,0.73,0.88,32.0,79.0,8.61,-1.21,2.36,-0.02,3.14,8700000.0,10.419161676646707,83500000,9.184828247543026,7669331.586698426,-1.2343334291036818,-1030668.4133015744,STD,UFA
8475172,Nazem Kadri,C,2023,82,0.4,0.4,24.0,56.0,-0.96,-6.06,1.68,0.0,3.68,7000000.0,8.383233532934131,83500000,7.139743393192793,5961685.733315983,-1.243490139741338,-1038314.2666840173,STD,UFA
8476441,Joel Edmundson,D,2023,53,-0.04,-0.06,2.0,13.0,0.35,-4.2,-0.02,0.09,-0.86,3500000.0,4.191616766467066,83500000,2.9330292593891105,2449079.431589907,-1.258587507077955,-1050920.5684100925,STD,UFA
8482176,Wyatt Kaiser,D,2023,32,-0.02,-0.05,0.0,3.0,-1.05,-1.09,-0.03,0.0,-0.75,916667.0,1.0978047904191617,83500000,-0.1622672285879414,-135493.13587093106,-1.260072019007103,-1052160.1358709312,ELC,
8480036,Miro Heiskanen,D,2023,71,0.89,1.03,11.0,73.0,11.73,1.25,2.28,0.07,1.68,8450000.0,10.119760479041915,83500000,8.856439157314695,7395126.696357769,-1.2633213217272203,-1054873.303642229,STD,RFA
8480874,Adam Ginning,D,2023,9,0.02,0.18,0.0,0.0,1.32,-0.24,-0.0,0.0,0.02,883750.0,1.0583832335329342,83500000,-0.2061912630848166,-172169.70467582188,-1.2645744966177508,-1055919.7046758218,ELC,
8475692,Mats Zuccarello,RW,2023,69,0.07,0.08,22.0,67.0,-1.59,2.68,1.56,-0.0,1.09,6000000.0,7.18562874251497,83500000,5.8680593224298665,4899829.534228939,-1.3175694200851034,-1100170.4657710614,STD,UFA
8476312,Josh Manson,D,2023,76,0.23,0.25,2.0,10.0,12.52,1.55,-0.05,0.05,-1.79,4500000.0,5.389221556886228,83500000,4.041500351469221,3374652.7934767995,-1.347721205417007,-1125347.2065232007,STD,UFA
8479998,Mikey Anderson,D,2023,74,0.2,0.22,5.0,20.0,6.12,1.92,-0.03,-0.23,0.79,4125000.0,4.940119760479042,83500000,3.585054389213415,2993520.4149932014,-1.3550653712656269,-1131479.5850067984,STD,RFA
8480113,Alex Iafallo,LW,2023,82,0.0,0.0,14.0,36.0,-2.66,4.15,-0.64,-0.16,1.42,4000000.0,4.790419161676647,83500000,3.4305847459328938,2864538.262853966,-1.3598344157437534,-1135461.7371460341,STD,UFA
8476889,Radek Faksa,C,2023,74,0.29,0.32,11.0,20.0,-5.9,4.63,-0.05,0.07,0.0,3250000.0,3.8922155688622757,83500000,2.5287522787743786,2111508.1527766064,-1.3634632900878971,-1138491.847223394,STD,RFA
8480002,Nico Hischier,C,2023,71,0.91,1.05,31.0,80.0,15.94,-4.82,1.88,0.02,2.97,7250000.0,8.682634730538922,83500000,7.317894489081903,6110441.898383388,-1.364740241457019,-1139558.101616611,STD,RFA
8481557,Matt Boldy,LW,2023,75,0.48,0.52,31.0,63.0,11.15,3.66,1.86,-0.0,0.09,7000000.0,8.383233532934131,83500000,7.007537346350494,5851293.684202663,-1.375696186583637,-1148706.3157973369,STD,RFA
8479772,Zack MacEwen,C,2023,30,0.01,0.03,4.0,10.0,-2.09,0.19,-0.03,0.0,-0.64,925000.0,1.1077844311377245,83500000,-0.2754130829930883,-229969.92429922873,-1.3831975141308128,-1154969.9242992287,STD,RFA
8481690,Tyler Angle,C,2023,2,0.0,0.0,1.0,1.0,-0.42,-0.44,-0.0,0.0,0.17,850833.0,1.0189616766467064,83500000,-0.40501725764809393,-338189.41013615846,-1.4239789342948004,-1189022.4101361583,ELC,
8477964,Ivan Barbashev,C,2023,82,-0.06,-0.06,16.0,45.0,13.41,-0.62,-0.93,0.0,1.09,5000000.0,5.9880239520958085,83500000,4.56109556211579,3808514.794366685,-1.4269283899800183,-1191485.2056333153,STD,UFA
8474884,Mike Hoffman,LW,2023,66,-0.1,-0.12,14.0,34.0,-1.42,-2.07,-0.95,0.0,-0.68,4500000.0,5.389221556886228,83500000,3.9610006152455988,3307435.513730075,-1.428220941640629,-1192564.4862699253,STD,UFA
8477500,Bo Horvat,C,2023,81,0.39,0.39,38.0,70.0,18.67,-0.32,1.08,-0.06,0.29,8500000.0,10.179640718562874,83500000,8.724970201940204,7285350.11862007,-1.45467051662267,-1214649.8813799296,STD,UFA
8474612,Travis Hamonic,D,2023,48,0.09,0.15,6.0,21.0,-0.19,-3.97,-0.04,0.03,-1.23,3000000.0,3.592814371257485,83500000,2.1203250622462946,1770471.426975656,-1.4724893090111904,-1229528.573024344,STD,UFA
8474600,Roman Josi,D,2023,82,0.22,0.22,18.0,59.0,16.35,1.79,3.06,-0.02,-0.65,9059000.0,10.849101796407187,83500000,9.368835673329576,7822977.7872301955,-1.4802661230776106,-1236022.212769805,STD,UFA
8476473,Connor Murphy,D,2023,46,-0.11,-0.2,7.0,13.0,-3.38,-0.39,-0.08,-0.09,-0.51,4400000.0,5.269461077844311,83500000,3.7739623140710563,3151258.532249332,-1.4954987637732549,-1248741.4677506678,STD,UFA
8476292,Ondrej Palat,LW,2023,71,0.26,0.3,8.0,23.0,13.15,1.96,0.06,0.12,-0.48,6000000.0,7.18562874251497,83500000,5.6872619604361585,4748863.736964192,-1.4983667820788114,-1251136.2630358075,STD,UFA
8480950,Ilya Lyubushkin,D,2023,74,-0.15,-0.17,2.0,14.0,-0.53,0.14,-0.03,-0.26,-1.81,2750000.0,3.293413173652695,83500000,1.7728700702603888,1480346.5086674248,-1.5205431033923063,-1269653.4913325757,STD,UFA
8479991,Jake Leschyshyn,C,2023,1,0.0,0.0,0.0,0.0,-0.12,0.05,-0.0,0.0,0.0,766667.0,0.9181640718562873,83500000,-0.60568976043559,-505750.94996371766,-1.5238538322918773,-1272417.9499637175,STD,RFA
8482245,Artem Zub,D,2023,69,0.25,0.3,3.0,10.0,5.85,5.26,-0.16,0.15,-1.26,4600000.0,5.508982035928144,83500000,3.982013890339257,3324981.5984332794,-1.5269681455888868,-1275018.4015667206,STD,UFA
8477416,Oliver Bjorkstrand,RW,2023,82,0.36,0.36,20.0,45.0,4.59,0.49,2.18,0.0,1.94,5400000.0,6.467065868263473,83500000,4.936068938092037,4121617.5633068504,-1.5309969301714368,-1278382.4366931499,STD,RFA
8479346,Dillon Dube,LW,2023,43,0.1,0.19,18.0,45.0,-3.18,-2.5,0.0,0.01,0.43,2300000.0,2.754491017964072,83500000,1.1864443567746914,990681.0379068673,-1.5680466611893804,-1309318.9620931325,STD,RFA
8477942,Kevin Fiala,C,2023,82,0.84,0.84,23.0,72.0,19.41,2.48,1.56,-0.0,-1.26,7875000.0,9.431137724550897,83500000,7.857999622630372,6561429.68489636,-1.5731381019205255,-1313570.3151036387,STD,RFA
8477425,Miles Wood,LW,2023,74,0.13,0.14,13.0,27.0,-6.7,-3.92,-0.17,0.0,0.02,3200000.0,3.8323353293413174,83500000,2.2566519249796926,1884304.3573580433,-1.5756834043616248,-1315695.6426419567,STD,RFA
8475218,Mattias Ekholm,D,2023,79,0.26,0.27,9.0,32.0,34.04,5.48,-0.11,-0.05,-0.88,6250000.0,7.48502994011976,83500000,5.899713966442794,4926261.161979734,-1.5853159736769653,-1323738.838020266,STD,UFA
8477444,Andre Burakovsky,LW,2023,48,0.08,0.14,13.0,39.0,-2.77,-0.72,0.65,0.0,0.3,5500000.0,6.58682634730539,83500000,4.994097913096317,4170071.7574354243,-1.5927284342090733,-1329928.2425645762,STD,UFA
8475279,Ben Chiarot,D,2023,77,-0.43,-0.46,5.0,19.0,-3.69,-1.42,-0.12,-0.04,-2.27,4750000.0,5.688622754491018,83500000,4.048435965485609,3380444.0311804838,-1.6401867890054085,-1369555.9688195162,STD,UFA
8477499,Rasmus Ristolainen,D,2023,31,0.01,0.03,3.0,20.0,3.75,1.35,-0.32,-0.04,0.1,5100000.0,6.107784431137724,83500000,4.46672308815822,3729713.778612114,-1.641061342979504,-1370286.221387886,STD,UFA
8483597,Milos Kelemen,RW,2023,10,0.0,0.0,1.0,1.0,-1.44,-0.47,-0.0,0.0,0.01,817500.0,0.9790419161676646,83500000,-0.6846859824164309,-571712.7953177197,-1.6637278985840953,-1389212.7953177195,ELC,
8480355,Mark Kastelic,C,2023,63,0.02,0.03,7.0,11.0,-2.85,0.13,-0.05,0.0,-0.08,835000.0,1.0,83500000,-0.6672261133927311,-557133.8046829305,-1.667226113392731,-1392133.8046829305,STD,RFA
8483460,David Jiricek,D,2023,43,0.09,0.17,0.0,0.0,-1.11,-2.26,-0.01,0.0,-1.24,918333.0,1.0998,83500000,-0.5876897826382912,-490720.9685029731,-1.6874897826382913,-1409053.9685029732,ELC,
8478402,Connor McDavid,C,2023,76,2.44,2.63,64.0,153.0,41.09,3.25,6.74,0.08,4.55,12500000.0,14.97005988023952,83500000,13.27539057902935,11084951.133489508,-1.694669301210169,-1415048.8665104911,STD,RFA
8478463,Anthony Beauvillier,C,2023,60,0.09,0.12,18.0,40.0,-6.37,-2.0,-0.06,0.0,0.32,4150000.0,4.970059880239521,83500000,3.245596607333196,2710073.167123219,-1.7244632729063252,-1439926.8328767815,STD,RFA
8477527,Ross Johnston,LW,2023,68,0.01,0.01,0.0,2.0,-9.07,-0.09,-0.05,0.0,-1.26,1100000.0,1.3173652694610778,83500000,-0.4212538740655063,-351746.9848446978,-1.738619143526584,-1451746.9848446976,STD,UFA
8475455,Brenden Dillon,D,2023,76,-0.03,-0.03,2.0,23.0,3.13,-0.24,-0.17,0.15,-2.79,3900000.0,4.6706586826347305,83500000,2.9270932996662182,2444122.9052212923,-1.7435653829685123,-1455877.0947787077,STD,UFA
8476892,Colton Parayko,D,2023,82,-0.19,-0.19,4.0,27.0,-6.0,-2.37,-0.07,-0.02,-0.15,6500000.0,7.784431137724551,83500000,6.035572851841875,5039703.331287966,-1.748858285882676,-1460296.6687120344,STD,UFA
8479314,Matthew Tkachuk,LW,2023,80,1.96,2.01,40.0,109.0,8.98,-1.55,5.31,-0.0,2.65,9500000.0,11.377245508982035,83500000,9.580593970273084,7999795.965178025,-1.796651538708952,-1500204.0348219748,STD,RFA
8474053,Logan Couture,C,2023,6,0.02,0.27,27.0,67.0,-0.26,-0.22,-0.23,0.01,-0.15,8000000.0,9.580838323353294,83500000,7.784009007427533,6499647.521201991,-1.796829315925761,-1500352.4787980104,STD,UFA
8480801,Brady Tkachuk,LW,2023,81,0.94,0.95,35.0,83.0,20.3,-1.14,1.93,0.0,1.99,8223565.0,9.848580838323354,83500000,8.043516588423179,6716336.351333355,-1.805064249900175,-1507228.648666646,STD,RFA
8474574,Tyler Myers,D,2023,77,-0.33,-0.35,1.0,17.0,6.87,1.32,-0.38,-0.04,-3.81,6000000.0,7.18562874251497,83500000,5.372578960576012,4486103.43208097,-1.8130497819389575,-1513896.5679190296,STD,UFA
8475193,Tomas Tatar,LW,2023,70,0.07,0.08,20.0,48.0,2.47,2.42,-0.37,0.0,0.67,4500000.0,5.389221556886228,83500000,3.574954877762842,2985087.322931973,-1.814266679123386,-1514912.6770680272,STD,UFA
8482496,Nils Aman,C,2023,43,0.11,0.21,4.0,16.0,-1.49,1.85,-0.03,0.0,0.08,883750.0,1.0583832335329342,83500000,-0.7559763261418624,-631240.2323284551,-1.8143595596747966,-1514990.2323284552,ELC,
8477950,Tony DeAngelo,D,2023,31,-0.1,-0.26,11.0,42.0,2.31,-1.29,-0.46,0.01,-0.09,5000000.0,5.9880239520958085,83500000,4.170014296490502,3481961.9375695684,-1.818009655605307,-1518038.0624304311,STD,RFA
8475906,John Klingberg,D,2023,14,0.01,0.06,10.0,33.0,0.29,-1.55,-0.26,-0.0,-0.46,7000000.0,8.383233532934131,83500000,6.555239291136756,5473624.808099191,-1.8279942417973754,-1526375.1919008084,STD,UFA
8475753,Justin Faulk,D,2023,60,-0.01,-0.01,11.0,50.0,2.37,-4.7,-0.23,-0.01,-1.46,6500000.0,7.784431137724551,83500000,5.944235856057686,4963436.939808168,-1.8401952816668654,-1536563.0601918327,STD,UFA
8479398,Samuel Girard,D,2023,59,0.3,0.42,6.0,37.0,7.33,-2.7,-0.34,0.02,0.38,5000000.0,5.9880239520958085,83500000,4.1331259215788485,3451160.1445183386,-1.85489803051696,-1548839.8554816616,STD,RFA
8476960,Andreas Athanasiou,C,2023,28,0.04,0.12,20.0,40.0,-1.8,-1.61,-0.03,-0.0,0.75,4250000.0,5.089820359281437,83500000,3.232913880576838,2699483.09028166,-1.856906478704599,-1550516.9097183403,STD,UFA
8477454,Adam Erne,LW,2023,24,0.01,0.03,8.0,18.0,-0.73,0.15,-0.02,-0.0,-0.14,2100000.0,2.5149700598802394,83500000,0.6296858901009195,525787.7182342678,-1.88528416977932,-1574212.2817657322,STD,RFA
8480023,Robert Thomas,C,2023,82,0.32,0.32,18.0,65.0,17.19,-3.92,1.26,-0.02,-0.02,8125000.0,9.73053892215569,83500000,7.829844320371107,6537920.007509874,-1.9006946017845827,-1587079.9924901265,STD,RFA
8478975,Mason Marchment,LW,2023,81,0.24,0.24,12.0,31.0,7.62,2.04,1.1,0.0,0.56,4500000.0,5.389221556886228,83500000,3.470956399120702,2898248.593265786,-1.9182651577655259,-1601751.4067342142,STD,UFA
8482095,Tyler Kleven,D,2023,9,0.01,0.09,0.0,2.0,0.23,-0.41,-0.03,0.0,-0.15,916667.0,1.0978047904191617,83500000,-0.82199757640252,-686367.9762961041,-1.9198023668216817,-1603034.9762961043,ELC,
8480468,James Hamblin,LW,2023,31,0.02,0.05,0.0,0.0,-0.85,0.46,-0.02,0.0,0.39,807500.0,0.9670658682634731,83500000,-0.9674006511765594,-807779.5437324271,-1.9344665194400323,-1615279.543732427,ELC,
8480289,Morgan Barron,C,2023,80,0.08,0.08,8.0,21.0,-1.13,0.28,-0.05,0.0,-0.02,925000.0,1.1077844311377245,83500000,-0.8298711621850412,-692942.4204245093,-1.9376555933227657,-1617942.4204245096,ELC,
8480797,Joel Farabee,LW,2023,81,-0.42,-0.43,15.0,39.0,13.72,-1.68,-1.92,0.0,0.07,5000000.0,5.9880239520958085,83500000,4.044994176658896,3377570.137510178,-1.9430297754369121,-1622429.8624898216,STD,RFA
8478856,Conor Garland,RW,2023,82,0.25,0.25,17.0,46.0,11.96,4.22,-0.54,-0.0,2.26,4950000.0,5.92814371257485,83500000,3.9794691849864634,3322856.769463697,-1.9486745275883868,-1627143.230536303,STD,RFA
8475235,Nicolas Deslauriers,LW,2023,60,0.0,0.0,6.0,12.0,-10.32,0.81,-0.07,-0.0,-1.44,1750000.0,2.095808383233533,83500000,0.12044846245248486,100574.46614782485,-1.975359920781048,-1649425.533852175,STD,UFA
8479293,Brandon Tanev,LW,2023,66,0.28,0.35,16.0,35.0,-5.09,1.03,-0.08,0.06,1.03,3500000.0,4.191616766467066,83500000,2.201405693907226,1838173.754412534,-1.9902110725598394,-1661826.245587466,STD,UFA
8479344,Jesse Puljujarvi,RW,2023,22,0.02,0.07,5.0,16.0,0.21,0.66,-0.01,0.0,-0.47,3000000.0,3.592814371257485,83500000,1.6025139283785936,1338099.1301961257,-1.9903004428788913,-1661900.8698038743,STD,RFA
8477940,Nikolaj Ehlers,LW,2023,82,0.05,0.05,12.0,38.0,16.76,0.85,-0.66,0.0,1.94,6000000.0,7.18562874251497,83500000,5.158253832223915,4307141.9499069685,-2.027374910291055,-1692858.0500930308,STD,RFA
8479369,Andrew Peeke,D,2023,38,-0.07,-0.15,6.0,13.0,-3.46,-2.04,-0.0,-0.08,-0.57,2750000.0,3.293413173652695,83500000,1.2535787515152954,1046738.2575152717,-2.0398344221373996,-1703261.7424847288,STD,RFA
8475690,Christopher Tanev,D,2023,74,0.46,0.51,1.0,13.0,3.18,7.16,-0.07,-0.27,-1.09,4500000.0,5.389221556886228,83500000,3.311276335586383,2764915.7402146296,-2.077945221299845,-1735084.2597853704,STD,UFA
8478882,Vladislav Gavrikov,D,2023,77,0.15,0.16,6.0,19.0,15.47,1.69,-0.28,-0.16,0.12,5875000.0,7.0359281437125745,83500000,4.956476016837707,4138657.4740594854,-2.079452126874868,-1736342.5259405146,STD,UFA
8483808,Andrei Kuzmenko,LW,2023,72,0.26,0.3,39.0,74.0,8.05,-0.38,0.79,0.0,1.9,5500000.0,6.58682634730539,83500000,4.49745194706548,3755372.375799676,-2.08937440023991,-1744627.624200325,STD,UFA
8475225,Craig Smith,C,2023,75,0.1,0.11,9.0,16.0,3.45,2.92,-0.06,0.0,-1.05,3100000.0,3.7125748502994016,83500000,1.5843768984670916,1322954.7102200214,-2.12819795183231,-1777045.2897799788,STD,UFA
8474166,Alec Martinez,D,2023,55,0.18,0.27,3.0,14.0,6.86,2.07,-0.59,0.03,0.36,5250000.0,6.287425149700598,83500000,4.157966760672236,3471902.2451613173,-2.129458389028362,-1778097.7548386822,STD,UFA
8474716,Jared Spurgeon,D,2023,16,-0.12,-0.62,11.0,34.0,1.15,1.58,-0.74,-0.04,0.07,7575000.0,9.071856287425149,83500000,6.92525521411587,5782588.103786752,-2.146601073309279,-1792411.8962132481,STD,UFA
8476923,Damon Severson,D,2023,67,-0.18,-0.22,7.0,33.0,13.51,-1.64,-1.15,0.16,-2.46,6250000.0,7.48502994011976,83500000,5.332034372910028,4452248.701379874,-2.1529955672097314,-1797751.2986201257,STD,UFA
8476881,Tomas Hertl,C,2023,54,0.21,0.32,22.0,63.0,-1.71,-3.54,0.07,0.02,0.88,8137500.0,9.745508982035927,83500000,7.581512932540777,6330563.298671548,-2.1639960494951502,-1806936.7013284506,STD,UFA
8475913,Mark Stone,RW,2023,56,0.72,1.05,17.0,38.0,6.4,-1.24,0.52,0.17,0.37,9500000.0,11.377245508982035,83500000,9.210526751811111,7690789.837762278,-2.1667187571709245,-1809210.1622377222,STD,UFA
8477073,Kurtis MacDermid,LW,2023,43,0.01,0.02,1.0,6.0,-2.83,0.05,-0.01,0.0,-1.83,987500.0,1.1826347305389222,83500000,-0.993309182438324,-829413.1673360006,-2.175943912977246,-1816913.1673360004,STD,UFA
8477015,Connor Brown,RW,2023,71,0.07,0.08,0.0,0.0,-5.72,-0.69,-0.38,0.03,0.17,3600000.0,4.311377245508982,83500000,2.10867192870108,1760741.0604654015,-2.2027053168079025,-1839258.9395345985,STD,RFA
8476792,Torey Krug,D,2023,77,-0.08,-0.09,7.0,32.0,-5.91,-7.18,-1.25,0.04,0.14,6500000.0,7.784431137724551,83500000,5.571643732466908,4652322.516609869,-2.212787405257643,-1847677.483390132,STD,UFA
8482197,Adam Raska,RW,2023,5,0.0,0.0,0.0,0.0,-0.21,0.28,-0.0,0.0,0.35,848333.0,1.0159676646706588,83500000,-1.235265321951978,-1031446.5438299017,-2.251232986622637,-1879779.5438299018,ELC,
8476822,Luke Glendening,C,2023,81,0.14,0.14,3.0,6.0,-11.23,0.1,-0.02,-0.22,-0.85,1500000.0,1.7964071856287425,83500000,-0.493971168246814,-412465.92548608966,-2.2903783538755564,-1912465.9254860897,STD,UFA
8475722,Jason Zucker,LW,2023,69,0.23,0.27,27.0,48.0,5.36,-4.23,0.79,0.0,-0.33,5500000.0,6.58682634730539,83500000,4.252907954968736,3551178.1423988943,-2.3339183923366544,-1948821.8576011066,STD,RFA
8474618,Marco Scandella,D,2023,65,0.15,0.19,1.0,2.0,-2.75,-2.07,-0.02,-0.04,-0.02,3275000.0,3.922155688622755,83500000,1.5824628864485604,1321356.510184548,-2.3396928021741945,-1953643.4898154524,STD,UFA
8477492,Nathan MacKinnon,C,2023,82,1.18,1.18,42.0,111.0,44.32,-1.43,4.3,-0.0,2.89,12600000.0,15.089820359281436,83500000,12.749211174874981,10645591.331020609,-2.340609184406455,-1954408.66897939,STD,UFA
8484287,Cole McWard,D,2023,1,0.0,0.0,1.0,1.0,-0.13,-0.03,-0.0,0.0,0.0,922500.0,1.1047904191616766,83500000,-1.2418044543112412,-1036906.7193498864,-2.3465948734729176,-1959406.7193498863,ELC,
8476902,Esa Lindell,D,2023,82,0.45,0.45,8.0,24.0,8.63,3.57,-0.14,-0.14,-0.03,5800000.0,6.946107784431138,83500000,4.557935696973596,3805876.3069729526,-2.3881720874575425,-1994123.693027048,STD,RFA
8474037,James van Riemsdyk,LW,2023,71,0.28,0.32,12.0,29.0,-2.86,-1.0,1.02,0.0,-0.84,7000000.0,8.383233532934131,83500000,5.972849323095323,4987329.184784595,-2.410384209838808,-2012670.8152154048,STD,UFA
8478585,Derek Ryan,C,2023,70,0.09,0.11,13.0,20.0,-0.91,3.18,-0.02,0.0,2.51,900000.0,1.0778443113772456,83500000,-1.3694183430045523,-1143464.3164088014,-2.447262654381798,-2043464.3164088011,STD,UFA
8476856,Matt Dumba,D,2023,76,-0.1,-0.11,4.0,14.0,2.26,-2.29,-0.27,-0.21,-2.27,6000000.0,7.18562874251497,83500000,4.737747453671611,3956019.1238157954,-2.4478812888433588,-2043980.8761842044,STD,RFA
8479420,Tage Thompson,C,2023,71,0.15,0.17,47.0,94.0,10.41,-4.88,0.47,0.02,0.92,7142857.0,8.554319760479041,83500000,6.097656773455727,5091543.405835532,-2.4566629870233143,-2051313.5941644674,STD,RFA
8484254,Akito Hirose,D,2023,3,0.0,0.0,0.0,3.0,-0.25,0.09,-0.04,0.0,0.01,2026667.0,2.427146107784431,83500000,-0.030738794240635414,-25666.89319093057,-2.4578849020250666,-2052333.8931909306,ELC,
8478519,Anthony Cirelli,C,2023,79,0.16,0.17,11.0,29.0,2.45,6.34,0.05,-0.08,2.65,6250000.0,7.48502994011976,83500000,4.9964633442903885,4172046.892482475,-2.4885665958293712,-2077953.107517525,STD,RFA
8482157,Will Cuylle,LW,2023,81,0.09,0.09,0.0,0.0,-2.09,-0.57,0.42,0.0,0.17,828333.0,0.9920155688622754,83500000,-1.499247202945524,-1251871.4144595126,-2.4912627718077993,-2080204.4144595123,ELC,
8482147,Jean Luc Foudy,RW,2023,4,0.0,0.0,0.0,0.0,0.02,0.21,-0.0,0.0,0.0,847500.0,1.0149700598802396,83500000,-1.5163862419167753,-1266182.5120005074,-2.5313563017970147,-2113682.512000507,ELC,
8477493,Aleksander Barkov,C,2023,73,0.86,0.97,23.0,78.0,7.3,4.98,3.15,0.05,1.11,10000000.0,11.976047904191617,83500000,9.42285207460385,7868081.482294215,-2.553195829587766,-2131918.5177057846,STD,UFA
8480807,Mattias Samuelsson,D,2023,41,0.07,0.14,2.0,10.0,4.81,0.32,-0.01,-0.14,-1.38,4285714.0,5.132591616766467,83500000,2.563035849844292,2140134.934619984,-2.569555766922175,-2145579.065380016,STD,RFA
8476826,Yanni Gourde,C,2023,80,0.51,0.52,14.0,48.0,-10.42,2.61,-0.36,0.09,-0.59,5166667.0,6.187625149700598,83500000,3.6168172056248586,3020042.3666967573,-2.5708079440757396,-2146624.6333032427,STD,UFA
8477511,Anthony Mantha,RW,2023,74,-0.02,-0.02,11.0,27.0,15.64,0.48,-0.46,0.0,0.02,5700000.0,6.826347305389222,83500000,4.217113415238575,3521289.7017242108,-2.609233890150646,-2178710.2982757897,STD,RFA
8477956,David Pastrnak,RW,2023,82,1.23,1.23,61.0,113.0,29.93,-1.7,1.74,-0.0,2.51,11250000.0,13.47305389221557,83500000,10.845644877052232,9056113.472338613,-2.6274090151633374,-2193886.5276613864,STD,UFA
8481624,Ilya Mikheyev,RW,2023,78,0.16,0.17,13.0,28.0,1.34,0.22,-0.99,0.03,2.24,4750000.0,5.688622754491018,83500000,3.036810352925688,2535736.6446929495,-2.65181240156533,-2214263.3553070505,STD,UFA
8477930,Pierre Edouard Bellemare,C,2023,40,0.02,0.04,4.0,13.0,-1.83,2.17,-0.03,-0.05,0.41,1000000.0,1.1976047904191618,83500000,-1.4633835517307183,-1221925.2656951498,-2.66098834214988,-2221925.26569515,STD,UFA
8478109,Victor Olofsson,LW,2023,51,0.02,0.03,28.0,40.0,0.32,-3.02,-0.71,0.0,0.79,4750000.0,5.688622754491018,83500000,3.0208816074241582,2522436.142199172,-2.6677411470668595,-2227563.857800828,STD,RFA
8480145,Neal Pionk,D,2023,82,-0.3,-0.3,10.0,33.0,0.2,-4.64,-1.96,-0.21,-1.73,5875000.0,7.0359281437125745,83500000,4.348010807240382,3630589.0240457184,-2.687917336472193,-2244410.975954281,STD,RFA
8477989,Christian Dvorak,C,2023,30,-0.13,-0.36,10.0,28.0,-1.86,-1.56,-0.01,-0.03,-0.08,4450000.0,5.3293413173652695,83500000,2.631087285875134,2196957.883705737,-2.6982540314901353,-2253042.116294263,STD,RFA
8477429,Andrew Copp,C,2023,79,-0.28,-0.29,9.0,42.0,-7.7,1.4,-0.01,-0.04,-0.27,5625000.0,6.736526946107785,83500000,4.031063702256976,3365938.1913845744,-2.705463243850809,-2259061.8086154256,STD,UFA
8471214,Alex Ovechkin,LW,2023,79,-0.08,-0.08,42.0,75.0,12.71,-10.51,0.87,0.0,0.45,9500000.0,11.377245508982035,83500000,8.632924338762367,7208491.822866577,-2.744321170219669,-2291508.1771334233,STD,UFA
8478500,Ivan Provorov,D,2023,82,-0.15,-0.15,6.0,27.0,0.83,-8.26,-0.22,-0.33,0.33,6750000.0,8.08383233532934,83500000,5.312202190699368,4435688.829233973,-2.771630144629972,-2314311.1707660267,STD,RFA
8478469,Thomas Chabot,D,2023,51,-0.03,-0.05,11.0,41.0,8.79,-1.63,-0.84,0.02,0.05,8000000.0,9.580838323353294,83500000,6.782789148470913,5663628.938973213,-2.7980491748823813,-2336371.0610267883,STD,RFA
8475164,Jakob Silfverberg,RW,2023,81,-0.35,-0.35,10.0,26.0,-5.15,0.26,-1.77,0.06,0.53,5250000.0,6.287425149700598,83500000,3.4464642352940924,2877797.636470567,-2.840960914406506,-2372202.3635294326,STD,UFA
8479407,Jesper Bratt,LW,2023,82,0.41,0.41,32.0,73.0,7.94,-2.45,0.65,-0.02,2.5,7875000.0,9.431137724550897,83500000,6.544360737363222,5464541.215698291,-2.886776987187675,-2410458.7843017085,STD,RFA
8477944,Jakub Vrana,LW,2023,21,-0.03,-0.12,11.0,16.0,1.42,-2.07,-0.44,-0.0,-0.46,5250000.0,6.287425149700598,83500000,3.3727060292910327,2816209.534458012,-2.9147191204095657,-2433790.465541987,STD,RFA
8474565,Alex Pietrangelo,D,2023,64,-0.02,-0.03,11.0,54.0,9.46,-1.32,0.12,-0.1,0.96,8800000.0,10.538922155688622,83500000,7.619896909314134,6362613.919277301,-2.9190252463744883,-2437386.0807226975,STD,UFA
8475314,Anders Lee,LW,2023,81,0.24,0.24,28.0,50.0,-3.22,-0.5,0.08,0.0,-1.3,7000000.0,8.383233532934131,83500000,5.45180777683653,4552259.493658503,-2.9314257560976014,-2447740.506341497,STD,UFA
8476917,Adam Pelech,D,2023,57,0.28,0.4,6.0,21.0,-3.24,0.85,-0.08,-0.12,-0.12,5750000.0,6.88622754491018,83500000,3.872616213880381,3233634.5385901183,-3.013611331029799,-2516365.461409882,STD,RFA
8480027,Jason Robertson,LW,2023,82,0.42,0.42,46.0,109.0,9.2,7.43,0.28,0.0,0.96,7750000.0,9.281437125748502,83500000,6.216013923462322,5190371.626091039,-3.06542320228618,-2559628.3739089603,STD,RFA
8476624,Barclay Goodrow,C,2023,78,0.12,0.13,11.0,31.0,-8.7,-2.73,-0.05,0.28,-1.52,3641667.0,4.3612778443113775,83500000,1.267785327101441,1058600.7481297033,-3.0934925172099366,-2583066.251870297,STD,UFA
8475166,John Tavares,C,2023,80,1.36,1.39,36.0,80.0,-0.12,-2.57,1.63,0.0,1.45,11000000.0,13.17365269461078,83500000,10.07881195983425,8415807.986461598,-3.0948407347765308,-2584192.013538403,STD,UFA
8479325,Charlie McAvoy,D,2023,74,0.21,0.23,7.0,52.0,20.12,0.64,-0.85,0.33,0.68,9500000.0,11.377245508982035,83500000,8.256517726096815,6894192.301290841,-3.1207277828852202,-2605807.6987091587,STD,RFA
8482861,Vincent Iorio,D,2023,6,0.01,0.14,0.0,1.0,-0.65,0.24,-0.0,0.0,0.18,814167.0,0.9750502994011976,83500000,-2.1596895893556365,-1803340.8071119566,-3.134739888756834,-2617507.8071119566,ELC,
8476981,Josh Anderson,RW,2023,78,-0.18,-0.19,21.0,32.0,-7.04,-5.02,-1.41,0.0,0.9,5500000.0,6.58682634730539,83500000,3.4268316536008623,2861404.43075672,-3.159994693704528,-2638595.5692432807,STD,RFA
8478416,Erik Cernak,D,2023,69,0.15,0.18,2.0,16.0,3.45,-2.77,-0.05,-0.05,-1.8,5200000.0,6.227544910179641,83500000,3.054683425869058,2550660.6606006636,-3.172861484310583,-2649339.339399337,STD,RFA
8475168,Matt Duchene,C,2023,80,0.43,0.44,22.0,56.0,6.9,-2.13,1.97,-0.01,0.59,8000000.0,9.580838323353294,83500000,6.359846371930685,5310471.720562122,-3.2209919514226097,-2689528.279437879,STD,UFA
8480064,Josh Norris,C,2023,50,0.11,0.18,2.0,3.0,4.22,-1.41,0.08,-0.01,1.18,7950000.0,9.520958083832335,83500000,6.274349851785443,5239082.126240845,-3.246608232046892,-2710917.873759155,STD,RFA
8475848,Brendan Gallagher,RW,2023,77,0.03,0.03,8.0,14.0,3.78,-1.81,-0.69,-0.0,-0.31,6500000.0,7.784431137724551,83500000,4.518869835883491,3773256.3129627146,-3.2655613018410605,-2726743.6870372854,STD,UFA
8478449,Roope Hintz,C,2023,80,0.68,0.7,37.0,75.0,14.65,1.33,1.3,0.11,1.44,8450000.0,10.119760479041915,83500000,6.832302168090441,5704972.310355519,-3.2874583109514735,-2745027.6896444806,STD,RFA
8478233,Andrew Mangiapane,C,2023,75,0.08,0.09,17.0,43.0,1.01,0.0,-0.62,0.05,-0.8,5800000.0,6.946107784431138,83500000,3.6346516164801344,3034934.099760912,-3.311456167951004,-2765065.900239088,STD,RFA
8478445,Mathew Barzal,C,2023,80,-0.01,-0.01,14.0,51.0,10.97,2.7,-0.22,0.0,1.83,9150000.0,10.958083832335328,83500000,7.639418928926398,6378914.805653542,-3.31866490340893,-2771085.1943464563,STD,RFA
8473507,Jeff Petry,D,2023,73,-0.04,-0.04,5.0,31.0,1.11,0.42,-0.25,0.19,-1.28,6250000.0,7.48502994011976,83500000,4.114126806018689,3435295.8830256057,-3.370903134101071,-2814704.116974394,STD,UFA
8479323,Adam Fox,D,2023,72,0.25,0.28,12.0,72.0,15.35,2.06,-0.43,0.04,0.82,9500000.0,11.377245508982035,83500000,7.987374234598766,6669457.48588997,-3.3898712743832693,-2830542.51411003,STD,RFA
8475171,Oliver Ekman Larsson,D,2023,80,0.08,0.08,2.0,22.0,8.8,-4.23,0.08,-0.09,-2.28,8250000.0,9.880239520958083,83500000,6.3659414642640915,5315561.122660516,-3.514298056693992,-2934438.877339483,STD,UFA
8481540,Cole Caufield,LW,2023,82,0.1,0.1,26.0,36.0,3.53,-3.99,-0.03,0.0,2.16,7850000.0,9.401197604790418,83500000,5.876627853324257,4906984.257525754,-3.524569751466162,-2943015.742474245,STD,RFA
8480830,Andrei Svechnikov,RW,2023,59,0.38,0.53,23.0,55.0,8.13,-0.66,2.09,-0.0,-2.2,7750000.0,9.281437125748502,83500000,5.719542593837973,4775818.065854708,-3.5618945319105286,-2974181.9341452913,STD,RFA
8478099,Kevin Labanc,RW,2023,46,-0.02,-0.04,15.0,33.0,-4.46,-2.11,0.22,0.0,-0.41,4725000.0,5.658682634730539,83500000,2.0810284326421478,1737658.7412561935,-3.5776542020883912,-2987341.2587438067,STD,RFA
8481528,Dylan Cozens,C,2023,79,0.14,0.15,31.0,68.0,2.14,-2.93,0.41,-0.01,1.44,7100000.0,8.502994011976048,83500000,4.900773486749733,4092145.861436027,-3.602220525226315,-3007854.138563973,STD,RFA
8475784,Jeff Skinner,C,2023,74,0.57,0.63,35.0,82.0,15.23,-8.23,0.35,0.0,1.07,9000000.0,10.778443113772456,83500000,7.162651245601856,5980813.790077549,-3.6157918681706,-3019186.209922451,STD,UFA
8474563,Drew Doughty,D,2023,82,-0.58,-0.58,9.0,52.0,9.39,-1.71,-1.46,-0.27,-1.14,11000000.0,13.17365269461078,83500000,9.54139512440132,7967064.928875103,-3.6322575702094593,-3032935.0711248987,STD,UFA
8477495,Seth Jones,D,2023,67,-0.27,-0.33,12.0,35.0,-4.12,-0.42,-2.47,-0.09,-1.39,9500000.0,11.377245508982035,83500000,7.721475643414367,6447432.162250997,-3.6557698655676685,-3052567.8377490034,STD,UFA
8475763,Kevin Hayes,C,2023,79,-0.24,-0.25,18.0,54.0,0.47,-1.72,-1.33,0.0,3.1,7142857.0,8.554319760479041,83500000,4.7252272771215456,3945564.7763964906,-3.8290924833574955,-3197292.223603509,STD,UFA
8478483,Mitchell Marner,RW,2023,69,0.97,1.15,30.0,99.0,13.85,0.69,3.89,0.27,1.12,10901333.0,13.05548862275449,83500000,9.170415688094222,7657297.099558675,-3.8850729346602684,-3244035.9004413243,STD,RFA
8474578,Erik Karlsson,D,2023,82,-0.03,-0.03,25.0,101.0,26.63,-6.39,-0.45,0.01,-1.16,11500000.0,13.77245508982036,83500000,9.883769126672997,8252947.220771952,-3.8886859631473634,-3247052.7792280484,STD,UFA
8479318,Auston Matthews,C,2023,81,1.23,1.25,40.0,85.0,39.56,0.19,2.71,0.04,2.52,11639000.0,13.938922155688624,83500000,10.04727581949261,8389475.30927633,-3.8916463361960147,-3249524.6907236725,STD,RFA
8479385,Jordan Kyrou,C,2023,82,0.26,0.26,37.0,73.0,15.51,-4.49,0.34,-0.0,0.79,8125000.0,9.73053892215569,83500000,5.836397287285417,4873391.734883322,-3.894141634870273,-3251608.265116678,STD,RFA
8480829,Jesperi Kotkaniemi,C,2023,79,0.02,0.02,18.0,43.0,0.85,-0.42,-0.56,0.0,-0.66,4820000.0,5.772455089820359,83500000,1.8335609043179328,1531023.355105474,-3.938894185502426,-3288976.644894526,STD,RFA
8476346,Johnny Gaudreau,LW,2023,81,0.43,0.44,21.0,74.0,10.37,-4.16,0.85,0.0,2.32,9750000.0,11.676646706586826,83500000,7.6840821280426415,6416208.576915605,-3.992564578544185,-3333791.423084394,STD,UFA
8478403,Jack Eichel,C,2023,63,0.21,0.27,27.0,66.0,17.93,3.19,1.57,0.08,2.96,10000000.0,11.976047904191617,83500000,7.935589638505869,6626217.348152401,-4.040458265685748,-3373782.6518475995,STD,RFA
8477220,Nate Schmidt,D,2023,63,-0.08,-0.1,7.0,19.0,-0.6,5.4,-0.93,0.02,-0.32,5950000.0,7.1257485029940115,83500000,3.0697745913964596,2563261.7838160438,-4.055973911597552,-3386738.216183956,STD,UFA
8477498,Darnell Nurse,D,2023,81,-0.17,-0.17,12.0,43.0,24.44,0.94,-0.61,-0.06,-2.73,9250000.0,11.077844311377245,83500000,6.9532632146096365,5805974.784199047,-4.124581096767608,-3444025.2158009526,STD,UFA
8478460,Zach Werenski,D,2023,70,-0.05,-0.06,3.0,8.0,7.42,-8.06,-1.52,0.03,-1.05,9583333.0,11.477045508982036,83500000,7.194348107624405,6007280.669866378,-4.28269740135763,-3576052.330133621,STD,RFA
8478414,Timo Meier,RW,2023,69,0.3,0.36,40.0,66.0,12.01,-2.3,1.5,0.0,-0.12,8800000.0,10.538922155688622,83500000,6.167479750880188,5149845.591984957,-4.371442404808434,-3650154.408015042,STD,RFA
8475794,Tyler Seguin,C,2023,68,0.39,0.47,21.0,50.0,18.17,-3.79,0.86,-0.04,-0.98,9850000.0,11.796407185628741,83500000,7.330511239329022,6120976.884839734,-4.465895946299719,-3729023.115160266,STD,UFA
8471709,Marc Edouard Vlasic,D,2023,57,0.33,0.47,1.0,18.0,1.86,-6.04,-0.02,0.09,-0.51,7000000.0,8.383233532934131,83500000,3.8986735369706587,3255392.4033705,-4.4845599959634725,-3744607.5966294995,STD,UFA
8473563,Nicklas Backstrom,C,2023,8,-0.01,-0.1,7.0,21.0,-1.7,0.36,-0.1,-0.0,0.19,9200000.0,11.017964071856287,83500000,6.502120319521408,5429270.466800376,-4.515843752334879,-3770729.533199624,STD,UFA
8476885,Jacob Trouba,D,2023,68,0.08,0.1,8.0,30.0,0.78,-2.35,-0.01,-0.13,-1.09,8000000.0,9.580838323353294,83500000,4.999863663748334,4174886.1592298592,-4.58097465960496,-3825113.840770142,STD,RFA
8479410,Mikhail Sergachev,D,2023,34,0.23,0.55,10.0,64.0,3.23,-0.4,0.93,-0.05,-0.54,8500000.0,10.179640718562874,83500000,5.5715076369408525,4652208.876845612,-4.608133081622022,-3847791.123154388,STD,RFA
8476462,Dougie Hamilton,D,2023,20,0.0,0.0,22.0,74.0,5.93,-0.41,0.52,-0.0,-1.62,9000000.0,10.778443113772456,83500000,6.105755863173565,5098306.145749927,-4.672687250598891,-3901693.854250074,STD,UFA
8471218,Blake Wheeler,RW,2023,54,0.02,0.03,16.0,55.0,-1.81,-1.06,-0.49,-0.0,-1.06,8250000.0,9.880239520958083,83500000,4.964657104658768,4145488.682390071,-4.915582416299316,-4104511.3176099285,STD,UFA
8479400,Pierre Luc Dubois,C,2023,82,0.21,0.21,27.0,63.0,5.85,1.02,0.03,-0.0,0.07,8500000.0,10.179640718562874,83500000,5.122044836254089,4276907.438272164,-5.057595882308785,-4223092.561727836,STD,RFA
8478550,Artemi Panarin,LW,2023,82,0.65,0.65,29.0,92.0,35.42,-2.79,4.1,0.0,1.83,11642857.0,13.943541317365268,83500000,8.870915568512077,7407214.499707583,-5.072625748853191,-4235642.500292415,STD,UFA
8479339,Patrik Laine,LW,2023,18,0.03,0.14,22.0,52.0,-0.05,-0.68,-0.43,-0.0,1.07,8700000.0,10.419161676646707,83500000,5.139245968969428,4291270.384089473,-5.279915707677279,-4408729.615910528,STD,RFA
8476456,Jonathan Huberdeau,LW,2023,81,0.24,0.24,15.0,55.0,0.0,1.18,1.26,0.0,0.43,10500000.0,12.574850299401197,83500000,6.591729631912441,5504094.242646888,-5.983120667488755,-4995905.757353111,STD,UFA
8477950,Tony DeAngelo,D,2024,35,-0.16,-0.37,3.0,11.0,5.75,-7.82,-1.18,0.05,-0.19,1675000.0,1.903409090909091,88000000,7.532833983147176,6628893.905169515,5.629424892238085,4953893.905169516,STD,UFA
8477494,Jonathan Drouin,LW,2024,43,-0.14,-0.27,19.0,56.0,5.92,-5.07,0.72,0.0,-0.03,825000.0,0.9375,88000000,6.160148551609735,5420930.725416567,5.222648551609735,4595930.725416566,STD,UFA
8476474,Stefan Noesen,RW,2024,78,0.5,0.53,14.0,37.0,-3.12,4.59,2.05,-0.01,-0.96,762500.0,0.8664772727272727,88000000,5.556426931966408,4889655.700130439,4.689949659239136,4127155.7001304394,STD,UFA
8482740,Wyatt Johnston,C,2024,82,1.0,1.0,32.0,65.0,15.2,-5.25,3.59,0.05,1.14,894167.0,1.0160988636363637,88000000,5.028662052351949,4425222.606069715,4.0125631887155855,3531055.6060697157,ELC,
8475168,Matt Duchene,C,2024,82,0.64,0.64,25.0,65.0,32.02,-4.39,3.07,-0.0,0.6,3000000.0,3.4090909090909087,88000000,7.213419172247827,6347808.871578088,3.804328263156918,3347808.8715780876,STD,UFA
8480803,Evan Bouchard,D,2024,82,-0.11,-0.11,18.0,82.0,24.03,-0.48,-1.4,0.01,1.2,3900000.0,4.431818181818182,88000000,8.210102592277492,7224890.281204193,3.7782844104593103,3324890.281204193,STD,RFA
8476454,Ryan Nugent Hopkins,C,2024,78,0.17,0.18,18.0,67.0,9.01,5.16,1.37,-0.09,-0.41,5125000.0,5.823863636363636,88000000,9.560825838076097,8413526.737506965,3.736962201712461,3288526.737506966,STD,UFA
8481604,Pavel Dorofeyev,LW,2024,82,0.53,0.53,13.0,24.0,10.33,0.04,1.51,0.0,-0.26,825000.0,0.9375,88000000,4.623826663623477,4068967.46398866,3.6863266636234773,3243967.46398866,STD,RFA
8482122,Brock Faber,D,2024,78,-0.29,-0.3,8.0,47.0,11.89,2.5,-0.97,0.0,-0.31,925000.0,1.0511363636363635,88000000,4.699001709049858,4135121.5039638747,3.6478653454134946,3210121.503963875,ELC,
8475149,Marcus Johansson,C,2024,72,0.05,0.06,11.0,30.0,7.79,2.75,-0.74,-0.01,0.9,2000000.0,2.272727272727273,88000000,5.749711738786905,5059746.330132476,3.476984466059632,3059746.3301324765,STD,UFA
8480039,Martin Necas,C,2024,79,0.66,0.69,24.0,53.0,7.21,-14.31,3.52,0.0,2.83,3000000.0,3.4090909090909087,88000000,6.882802628731158,6056866.313283419,3.473711719640249,3056866.3132834192,STD,RFA
8475171,Oliver Ekman Larsson,D,2024,77,-0.08,-0.09,9.0,32.0,-14.17,-0.83,-0.38,-0.07,-1.74,2250000.0,2.556818181818182,88000000,5.8587328033110655,5155684.866913738,3.3019146214928834,2905684.8669137373,STD,UFA
8475179,Dmitry Kulikov,D,2024,70,0.14,0.16,1.0,20.0,6.19,-2.23,-0.11,-0.45,-0.26,1000000.0,1.1363636363636365,88000000,4.4302066779531994,3898581.8765988154,3.2938430415895628,2898581.8765988154,STD,UFA
8481546,Cam York,D,2024,66,0.03,0.04,10.0,30.0,21.74,2.03,-0.17,0.03,-1.28,1600000.0,1.8181818181818181,88000000,5.034196397231623,4430092.829563828,3.216014579049805,2830092.829563828,STD,RFA
8476905,Chandler Stephenson,C,2024,78,-0.23,-0.24,16.0,51.0,-1.62,-11.61,-0.26,0.08,0.96,2750000.0,3.125,88000000,6.3155595177123605,5557692.375586877,3.1905595177123605,2807692.375586877,STD,RFA
8476979,Erik Gustafsson,D,2024,60,0.05,0.07,6.0,31.0,4.43,3.2,0.32,0.0,-0.84,825000.0,0.9375,88000000,4.080013053722551,3590411.487275845,3.142513053722551,2765411.487275845,STD,UFA
8476994,Vinnie Hinostroza,RW,2024,38,0.23,0.5,1.0,3.0,-1.91,0.53,0.86,0.0,0.09,775000.0,0.8806818181818181,88000000,3.9651246687017956,3489309.7084575803,3.0844428505199772,2714309.70845758,STD,UFA
8477987,Ryan Donato,C,2024,80,0.29,0.3,12.0,30.0,19.25,-8.44,1.41,0.0,0.41,2000000.0,2.272727272727273,88000000,5.3197678415017275,4681395.70052152,3.0470405687744546,2681395.7005215203,STD,UFA
8478136,Jacob Middleton,D,2024,66,0.29,0.36,7.0,25.0,10.84,-10.08,-0.09,0.09,-0.07,2450000.0,2.784090909090909,88000000,5.821993799710052,5123354.543744845,3.0379028906191428,2673354.5437448453,STD,RFA
8475786,Zach Hyman,C,2024,73,0.64,0.72,54.0,77.0,13.5,-2.95,0.32,0.0,0.42,5500000.0,6.25,88000000,9.264781182187585,8153007.440325075,3.014781182187585,2653007.440325075,STD,UFA
8480014,Gabriel Vilardi,C,2024,71,0.71,0.82,22.0,36.0,13.13,2.24,2.57,0.0,2.11,3437500.0,3.90625,88000000,6.9085936580187255,6079562.419056479,3.0023436580187255,2642062.4190564784,STD,RFA
8482667,William Eklund,LW,2024,77,0.24,0.26,16.0,45.0,2.54,-11.6,-0.08,0.0,2.49,863333.0,0.9810602272727273,88000000,3.9507148898457025,3476629.103064218,2.9696546625729754,2613296.1030642185,ELC,
8476875,Michael Matheson,D,2024,80,-0.11,-0.11,11.0,62.0,5.17,-13.07,-0.61,0.21,-0.48,4875000.0,5.5397727272727275,88000000,8.400522288032976,7392459.613469019,2.8607495607602482,2517459.6134690186,STD,RFA
8478178,Darren Raddysh,D,2024,73,0.0,0.0,6.0,33.0,16.19,-9.02,-0.71,0.0,0.06,975000.0,1.1079545454545454,88000000,3.8901582760557574,3423339.2829290666,2.782203730601212,2448339.2829290666,STD,UFA
8474037,James van Riemsdyk,LW,2024,71,0.05,0.06,11.0,38.0,9.19,2.12,-0.2,0.0,0.5,1000000.0,1.1363636363636365,88000000,3.9045522508724595,3436005.9807677646,2.768188614508823,2436005.980767764,STD,UFA
8480865,Noah Dobson,D,2024,71,-0.08,-0.09,10.0,70.0,18.89,6.29,-0.37,0.0,-0.55,4000000.0,4.545454545454546,88000000,7.280624213044527,6406949.307479184,2.7351696675899815,2406949.3074791837,STD,RFA
8481605,Jackson LaCombe,D,2024,75,0.19,0.21,2.0,17.0,5.37,-3.84,-0.57,0.0,-0.37,925000.0,1.0511363636363635,88000000,3.7846816113890043,3330519.818022324,2.733545247752641,2405519.8180223242,ELC,
8478450,Parker Wotherspoon,D,2024,55,0.22,0.33,0.0,8.0,-1.64,-2.22,-0.11,0.0,0.69,800000.0,0.9090909090909091,88000000,3.5830680658163736,3153099.8979184087,2.6739771567254644,2353099.8979184087,STD,UFA
8475158,Ryan O'Reilly,C,2024,79,0.59,0.61,26.0,69.0,7.59,-1.0,1.16,-0.08,0.96,4500000.0,5.113636363636364,88000000,7.708634429456383,6783598.2979216175,2.594998065820019,2283598.2979216166,STD,UFA
8480192,Johnathan Kovacevic,D,2024,81,0.19,0.19,6.0,13.0,1.56,-0.16,-0.1,-0.01,-2.76,766667.0,0.8712125,88000000,3.4321590071968835,3020299.9263332575,2.5609465071968835,2253632.9263332575,STD,RFA
8476480,Vladislav Namestnikov,C,2024,78,0.06,0.06,11.0,37.0,4.52,-4.79,0.27,0.13,0.22,2000000.0,2.272727272727273,88000000,4.83222958805486,4252362.037488277,2.559502315327587,2252362.0374882766,STD,UFA
8475798,Mikael Granlund,C,2024,83,0.15,0.15,12.0,60.0,5.08,1.87,-0.1,-0.18,0.64,5000000.0,5.681818181818182,88000000,8.219207669596491,7232902.7492449125,2.5373894877783094,2232902.749244912,STD,UFA
8475343,Nic Dowd,C,2024,82,0.09,0.09,12.0,22.0,-1.1,1.02,-0.05,0.1,-0.11,1300000.0,1.4772727272727273,88000000,3.987345334500956,3508863.8943608413,2.5100726072282287,2208863.8943608413,STD,UFA
8480849,Barrett Hayton,C,2024,82,0.39,0.39,3.0,10.0,-6.17,-3.24,1.94,-0.04,1.26,1775000.0,2.0170454545454546,88000000,4.518964894654006,3976689.1072955257,2.501919440108552,2201689.1072955257,STD,RFA
8484144,Connor Bedard,C,2024,82,0.3,0.3,22.0,61.0,-6.02,2.05,1.28,0.0,-1.73,950000.0,1.0795454545454546,88000000,3.509561066038085,3088413.7381135146,2.4300156114926303,2138413.7381135146,ELC,
8476967,Brett Kulak,D,2024,82,0.37,0.37,3.0,16.0,16.48,-12.4,-0.21,-0.05,-0.37,2750000.0,3.125,88000000,5.550148773816142,4884130.920958204,2.425148773816142,2134130.920958205,STD,UFA
8475151,Kyle Palmieri,RW,2024,82,0.18,0.18,30.0,54.0,13.78,-4.99,-0.28,-0.01,0.96,5000000.0,5.681818181818182,88000000,8.059963219454483,7092767.633119945,2.378145037636301,2092767.6331199452,STD,UFA
8480049,Dylan Samberg,D,2024,60,0.47,0.64,1.0,18.0,5.4,6.77,0.34,0.08,-0.28,1400000.0,1.5909090909090908,88000000,3.9583709867729873,3483366.468360229,2.3674618958638964,2083366.468360229,STD,RFA
8477446,Michael McCarron,RW,2024,74,0.22,0.24,12.0,22.0,-2.6,0.54,-0.04,0.05,-0.32,900000.0,1.0227272727272727,88000000,3.3114031667685975,2914034.786756366,2.288675894041325,2014034.786756366,STD,UFA
8482679,Matt Coronato,RW,2024,77,0.07,0.07,3.0,9.0,3.17,-5.88,0.07,0.0,0.93,925000.0,1.0511363636363635,88000000,3.3209056830039607,2922397.0010434855,2.2697693193675974,1997397.0010434855,ELC,
8477938,Haydn Fleury,D,2024,39,0.17,0.36,1.0,5.0,-1.9,0.32,-0.06,0.0,-0.4,762500.0,0.8664772727272727,88000000,3.111150930976489,2737812.81925931,2.2446736582492166,1975312.8192593108,STD,UFA
8475810,Bryan Rust,RW,2024,71,0.19,0.22,28.0,56.0,25.58,-3.73,2.73,0.01,0.6,5125000.0,5.823863636363636,88000000,8.029918193030573,7066328.0098669045,2.2060545566669374,1941328.009866905,STD,UFA
8476879,Cody Ceci,D,2024,85,0.35,0.34,5.0,25.0,-2.48,0.56,-0.14,-0.07,-0.01,3250000.0,3.6931818181818183,88000000,5.895607890351622,5188134.943509427,2.2024260721698035,1938134.9435094271,STD,UFA
8480188,Fabian Zetterlund,LW,2024,84,0.13,0.13,24.0,44.0,0.25,-4.6,-0.63,0.0,2.12,1450000.0,1.6477272727272725,88000000,3.848569828245731,3386741.4488562434,2.2008425555184585,1936741.4488562434,STD,RFA
8482660,Kent Johnson,C,2024,68,0.01,0.01,6.0,16.0,13.83,-1.29,1.6,0.0,-0.46,925000.0,1.0511363636363635,88000000,3.2499982249616295,2859998.437966234,2.198861861325266,1934998.4379662343,ELC,
8475188,Brayden McNabb,D,2024,82,0.29,0.29,4.0,26.0,18.3,8.14,-0.01,-0.08,-1.4,2850000.0,3.2386363636363638,88000000,5.420569166048969,4770100.866123092,2.181932802412605,1920100.8661230924,STD,UFA
8476422,Mike Reilly,D,2024,18,-0.04,-0.18,6.0,24.0,3.36,0.09,-0.46,-0.0,0.22,1000000.0,1.1363636363636365,88000000,3.3108392374961735,2913538.528996633,2.174475601132537,1913538.5289966324,STD,UFA
8482665,Matty Beniers,C,2024,82,0.06,0.06,15.0,37.0,-3.43,-5.13,-0.92,0.0,2.83,897500.0,1.0198863636363635,88000000,3.175844700622836,2794743.3365480956,2.1559583369864725,1897243.3365480958,ELC,
8478454,Noah Juulsen,D,2024,35,0.13,0.3,1.0,7.0,-4.03,-1.65,-0.02,-0.04,-0.24,775000.0,0.8806818181818181,88000000,3.013776476490513,2652123.2993116514,2.1330946583086945,1877123.299311651,STD,UFA
8475726,Tyler Toffoli,RW,2024,78,0.26,0.27,33.0,55.0,6.07,-17.41,-0.3,0.0,2.28,4250000.0,4.829545454545454,88000000,6.946415475507395,6112845.6184465075,2.116870020961941,1862845.6184465082,STD,UFA
8483515,Juraj Slafkovsky,RW,2024,79,0.11,0.11,20.0,50.0,2.1,-2.61,-0.53,0.0,-0.26,950000.0,1.0795454545454546,88000000,3.187580257552886,2805070.6266465397,2.1080348030074316,1855070.62664654,ELC,
8483431,Logan Cooley,C,2024,75,0.4,0.44,20.0,44.0,8.37,-0.5,1.72,0.0,-0.09,950000.0,1.0795454545454546,88000000,3.162667860917834,2783147.7176076937,2.083122406372379,1833147.7176076937,ELC,
8477426,Nick Paul,LW,2024,75,0.11,0.12,24.0,46.0,9.3,3.49,-0.2,0.02,0.4,3150000.0,3.5795454545454546,88000000,5.647524302160855,4969821.385901553,2.0679788476154006,1819821.3859015526,STD,UFA
8479987,Morgan Geekie,C,2024,77,0.07,0.07,17.0,39.0,5.46,-2.76,0.01,-0.0,0.24,2000000.0,2.272727272727273,88000000,4.324961431636423,3805966.059840052,2.0522341589091497,1805966.0598400517,STD,UFA
8479371,Dante Fabbro,D,2024,68,0.19,0.23,3.0,13.0,10.55,9.07,-0.08,-0.05,-1.1,2500000.0,2.840909090909091,88000000,4.892780706466025,4305647.021690102,2.0518716155569345,1805647.0216901023,STD,RFA
8480459,Pius Suter,C,2024,81,0.25,0.25,14.0,29.0,8.42,0.72,-0.73,-0.04,-0.42,1600000.0,1.8181818181818181,88000000,3.811812150778831,3354394.6926853713,1.9936303325970128,1754394.6926853713,STD,UFA
8482720,Matthew Knies,LW,2024,78,0.18,0.19,15.0,35.0,12.79,4.63,1.94,0.0,0.78,925000.0,1.0511363636363635,88000000,3.02605601808472,2662929.2959145536,1.9749196544483565,1737929.2959145538,ELC,
8475177,Calvin de Haan,D,2024,47,0.12,0.21,3.0,10.0,-2.74,5.62,-0.0,-0.0,-0.21,775000.0,0.8806818181818181,88000000,2.854010667240278,2511529.3871714445,1.9733288490584597,1736529.3871714447,STD,UFA
8477505,Alexander Wennberg,C,2024,77,0.02,0.02,10.0,30.0,-3.91,0.96,-1.03,-0.13,2.48,4500000.0,5.113636363636364,88000000,7.068904443808078,6220635.910551109,1.955268080171714,1720635.9105511084,STD,UFA
8473533,Jordan Staal,C,2024,75,0.47,0.51,10.0,30.0,11.66,-4.08,-0.08,-0.04,0.21,2900000.0,3.295454545454545,88000000,5.24116081525465,4612221.517424092,1.9457062698001053,1712221.5174240926,STD,UFA
8478854,Ryan Shea,D,2024,39,0.1,0.21,1.0,1.0,0.06,0.89,0.37,0.0,-0.39,775000.0,0.8806818181818181,88000000,2.7893062891133145,2454589.534419717,1.9086244709314963,1679589.5344197168,STD,UFA
8478493,Joel Eriksson Ek,C,2024,46,0.44,0.78,30.0,64.0,-0.76,0.53,1.2,-0.13,1.02,5250000.0,5.965909090909091,88000000,7.831966071330827,6892130.142771128,1.8660569804217362,1642130.1427711279,STD,RFA
8482745,Mason McTavish,C,2024,76,-0.12,-0.13,19.0,42.0,7.29,-1.46,-0.87,-0.0,0.92,894167.0,1.0160988636363637,88000000,2.8795956660105233,2534044.1860892605,1.8634968023741596,1639877.1860892605,ELC,
8479345,Jakob Chychrun,D,2024,73,0.39,0.44,14.0,41.0,23.16,-7.37,1.93,0.0,-2.26,4600000.0,5.227272727272727,88000000,7.084502200958321,6234361.936843322,1.857229473685594,1634361.9368433228,STD,RFA
8478397,Rasmus Andersson,D,2024,81,0.02,0.02,9.0,39.0,17.46,-10.6,-1.19,0.3,-0.83,4550000.0,5.170454545454546,88000000,7.016503680673095,6174523.238992323,1.846049135218549,1624523.2389923232,STD,RFA
8479977,Kailer Yamamoto,RW,2024,12,0.04,0.27,8.0,16.0,3.67,0.58,0.56,0.0,0.37,1500000.0,1.7045454545454544,88000000,3.5491559881442925,3123257.2695669774,1.844610533598838,1623257.2695669774,STD,UFA
8480860,Kevin Bahl,D,2024,73,0.22,0.25,1.0,11.0,-10.43,3.05,0.08,0.0,-0.56,1050000.0,1.1931818181818183,88000000,3.0283433604472325,2664942.157193565,1.8351615422654142,1614942.1571935646,STD,RFA
8476483,Rickard Rakell,C,2024,81,0.23,0.23,15.0,37.0,5.24,4.57,1.66,-0.0,0.8,5000000.0,5.681818181818182,88000000,7.478042978248856,6580677.8208589945,1.7962247964306748,1580677.8208589936,STD,UFA
8470621,Corey Perry,RW,2024,81,0.19,0.19,12.0,22.0,2.52,5.24,0.22,0.0,1.03,775000.0,0.8806818181818181,88000000,2.6670964810519155,2347044.9033256858,1.7864146628700974,1572044.9033256858,STD,UFA
8481716,Dmitri Voronkov,LW,2024,73,0.25,0.28,18.0,34.0,1.91,1.39,1.03,0.0,-1.81,925000.0,1.0511363636363635,88000000,2.8267838205455593,2487569.7620800924,1.7756474569091958,1562569.7620800924,ELC,
8480009,Eeli Tolvanen,RW,2024,81,0.08,0.08,16.0,41.0,5.01,-5.53,0.23,-0.0,0.38,1450000.0,1.6477272727272725,88000000,3.409246997297341,3000137.35762166,1.7615197245700687,1550137.3576216605,STD,RFA
8475760,Nick Bjugstad,C,2024,66,0.06,0.07,22.0,45.0,2.57,1.95,-0.33,-0.0,0.32,2100000.0,2.3863636363636367,88000000,4.142990403612135,3645831.555178679,1.7566267672484983,1545831.5551786786,STD,UFA
8478851,Alexandre Carrier,D,2024,79,0.41,0.43,4.0,20.0,0.25,-0.92,-0.17,-0.14,-0.55,2500000.0,2.840909090909091,88000000,4.587611478247217,4037098.1008575507,1.746702387338126,1537098.100857551,STD,RFA
8482511,Mason Lohrei,D,2024,77,0.13,0.14,4.0,13.0,4.96,-3.04,-0.54,0.0,0.45,925000.0,1.0511363636363635,88000000,2.795150198994966,2459732.17511557,1.7440138353586023,1534732.17511557,ELC,
8479362,Riley Tufte,LW,2024,6,0.0,0.0,1.0,2.0,-0.88,0.04,-0.04,0.0,-0.16,775000.0,0.8806818181818181,88000000,2.619748738769216,2305378.8901169105,1.7390669205873979,1530378.8901169102,STD,UFA
8477015,Connor Brown,RW,2024,82,0.24,0.24,4.0,12.0,-9.51,-1.66,-0.02,0.04,0.04,775000.0,0.8806818181818181,88000000,2.6007194811751653,2288633.1434341455,1.7200376629933471,1513633.1434341453,STD,UFA
8476393,Nick Cousins,C,2024,49,0.09,0.15,7.0,15.0,-4.15,-1.9,-0.08,0.0,-0.57,1100000.0,1.25,88000000,2.9664238911943297,2610453.0242510103,1.7164238911943297,1510453.02425101,STD,UFA
8478013,Jake Walman,D,2024,65,-0.31,-0.39,12.0,21.0,-4.74,1.89,-0.63,-0.04,-1.43,3400000.0,3.8636363636363633,88000000,5.555011343347024,4888409.982145381,1.6913749797106608,1488409.9821453816,STD,UFA
8479718,Alex Barre Boulet,C,2024,2,0.0,0.0,6.0,9.0,-0.06,-0.24,-0.1,0.0,-0.17,758333.0,0.8617420454545454,88000000,2.5293371713163157,2225816.710758358,1.6675951258617703,1467483.7107583578,STD,RFA
8480001,Urho Vaakanainen,D,2024,51,0.04,0.06,1.0,14.0,-4.02,-3.09,-0.02,0.0,-0.02,850000.0,0.9659090909090908,88000000,2.6247409041582337,2309771.9956592456,1.6588318132491429,1459771.9956592456,STD,RFA
8478831,Kevin Stenlund,C,2024,82,0.1,0.1,11.0,15.0,3.19,-2.83,-0.05,-0.11,-0.12,1000000.0,1.1363636363636365,88000000,2.7792646204367397,2445752.865984331,1.6429009840731033,1445752.8659843307,STD,UFA
8482475,Yegor Chinakhov,RW,2024,30,0.02,0.05,16.0,29.0,4.01,-1.65,0.4,0.0,0.26,2100000.0,2.3863636363636367,88000000,4.021670916931113,3539070.406899379,1.635307280567476,1439070.4068993789,STD,RFA
8478046,Danton Heinen,LW,2024,79,0.09,0.09,17.0,36.0,0.83,1.51,-0.54,0.01,-0.14,775000.0,0.8806818181818181,88000000,2.508773778871028,2207720.9254065044,1.6280919606892097,1432720.9254065044,STD,UFA
8479351,Sam Steel,C,2024,79,0.41,0.43,9.0,24.0,-3.23,-4.27,-0.2,-0.17,1.4,1200000.0,1.3636363636363635,88000000,2.9825653278700344,2624657.4885256304,1.6189289642336708,1424657.4885256302,STD,UFA
8479968,Vinni Lettieri,C,2024,26,0.0,0.0,5.0,9.0,-2.1,-0.09,-0.33,0.0,0.23,775000.0,0.8806818181818181,88000000,2.476029424684004,2178905.8937219237,1.5953476065021859,1403905.8937219235,STD,UFA
8480823,Alexander Alexeyev,D,2024,8,0.03,0.31,1.0,3.0,2.54,-0.35,-0.0,0.0,0.02,825000.0,0.9375,88000000,2.527919394398305,2224569.0670705084,1.590419394398305,1399569.0670705084,STD,RFA
8480028,Morgan Frost,C,2024,81,-0.02,-0.02,13.0,41.0,3.53,6.47,-0.04,0.0,0.23,2100000.0,2.3863636363636367,88000000,3.973973073080673,3497096.304310992,1.5876094367170364,1397096.3043109921,STD,RFA
8482142,Jamie Drysdale,D,2024,70,-0.23,-0.27,3.0,10.0,5.83,-0.48,-1.92,0.0,-0.59,2300000.0,2.6136363636363633,88000000,4.193802766190039,3690546.4342472344,1.580166402553676,1390546.4342472348,STD,RFA
8477951,Nick Schmaltz,C,2024,82,0.43,0.43,22.0,61.0,25.52,-0.67,1.8,0.02,1.47,5850000.0,6.647727272727273,88000000,8.220057188039126,7233650.325474431,1.5723299153118528,1383650.3254744303,STD,RFA
8476453,Nikita Kucherov,RW,2024,78,1.68,1.77,44.0,144.0,28.8,-3.92,5.4,0.0,2.34,9500000.0,10.795454545454545,88000000,12.365001706622538,10881201.501827832,1.5695471611679928,1381201.5018278337,STD,RFA
8481524,Bowen Byram,D,2024,82,0.07,0.07,11.0,29.0,15.68,3.32,-1.37,-0.0,-0.85,3850000.0,4.375,88000000,5.912065361218717,5202617.517872471,1.5370653612187173,1352617.5178724711,STD,RFA
8478021,William Lagesson,D,2024,7,0.02,0.23,0.0,4.0,-0.91,-0.45,-0.0,0.0,-0.15,775000.0,0.8806818181818181,88000000,2.417069635011085,2127021.278809755,1.536387816829267,1352021.278809755,STD,UFA
8477380,Jonny Brodzinski,C,2024,51,0.0,0.0,6.0,19.0,1.36,-1.98,-0.34,0.0,0.62,787500.0,0.8948863636363636,88000000,2.4306870860133447,2139004.6356917433,1.535800722376981,1351504.6356917433,STD,UFA
8482684,Luke Hughes,D,2024,71,0.21,0.24,9.0,47.0,-8.31,3.37,1.11,0.0,-0.4,925000.0,1.0511363636363635,88000000,2.580657346207934,2270978.4646629817,1.5295209825715703,1345978.464662982,ELC,
8477018,Ben Hutton,D,2024,11,0.02,0.15,2.0,10.0,-0.43,0.4,-0.03,0.0,0.03,975000.0,1.1079545454545454,88000000,2.63007026845402,2314461.836239537,1.5221157229994744,1339461.8362395375,STD,UFA
8481708,Zac Jones,D,2024,46,-0.02,-0.04,2.0,9.0,0.62,-3.83,-1.02,0.0,-1.04,812500.0,0.9232954545454546,88000000,2.430290140992721,2138655.3240735945,1.5069946864472663,1326155.3240735943,STD,RFA
8476389,Vincent Trocheck,C,2024,82,0.85,0.85,25.0,77.0,-9.79,-1.58,-0.27,0.42,1.68,5625000.0,6.392045454545454,88000000,7.871814550786029,6927196.804691705,1.4797690962405747,1302196.8046917059,STD,UFA
8478017,Mark Friedman,D,2024,5,0.02,0.33,0.0,1.0,-0.55,-0.08,-0.0,0.0,0.01,775000.0,0.8806818181818181,88000000,2.3405519207256695,2059685.6902385892,1.4598701025438514,1284685.6902385892,STD,UFA
8478859,Niko Mikkola,D,2024,76,0.42,0.45,3.0,17.0,4.75,5.98,-0.15,0.01,-1.93,2500000.0,2.840909090909091,88000000,4.300682486035814,3784600.587711517,1.4597733951267235,1284600.5877115168,STD,UFA
8477392,Hudson Fasching,RW,2024,43,0.06,0.11,4.0,14.0,-1.84,2.46,-0.02,0.0,0.26,775000.0,0.8806818181818181,88000000,2.3353304893965667,2055090.8306689786,1.4546486712147486,1280090.8306689789,STD,UFA
8474574,Tyler Myers,D,2024,70,-0.4,-0.47,5.0,29.0,-2.57,1.24,-0.64,-0.04,-3.3,3000000.0,3.4090909090909087,88000000,4.857075803262292,4274226.706870818,1.4479848941713835,1274226.7068708176,STD,UFA
8477508,Curtis Lazar,C,2024,48,0.08,0.14,7.0,25.0,-3.48,0.6,-0.08,-0.06,0.09,1000000.0,1.1363636363636365,88000000,2.5650415304546854,2257236.5468001235,1.428677894091049,1257236.546800123,STD,UFA
8480246,Nick Perbix,D,2024,74,0.2,0.22,2.0,24.0,17.2,-7.16,-0.02,0.0,-0.48,1125000.0,1.278409090909091,88000000,2.688838228241911,2366177.6408528816,1.4104291373328202,1241177.6408528818,STD,RFA
8478440,Dylan Strome,C,2024,82,0.73,0.73,27.0,67.0,11.42,-6.4,2.23,0.0,-0.42,5000000.0,5.681818181818182,88000000,7.087751963557833,6237221.727930894,1.4059337817396518,1237221.7279308937,STD,RFA
8474612,Travis Hamonic,D,2024,59,0.05,0.07,2.0,6.0,4.01,-3.45,-0.04,0.04,-0.32,1100000.0,1.25,88000000,2.655509608650558,2336848.455612491,1.4055096086505579,1236848.455612491,STD,UFA
8477810,Joel Hanley,D,2024,53,0.32,0.5,1.0,5.0,0.48,1.36,-0.08,0.0,-0.5,787500.0,0.8948863636363636,88000000,2.2726542014978133,1999935.6973180757,1.3777678378614495,1212435.6973180757,STD,UFA
8479619,Michael Carcone,C,2024,53,0.07,0.11,21.0,29.0,6.28,-1.06,-0.57,0.0,-0.06,775000.0,0.8806818181818181,88000000,2.2321545092230135,1964295.968116252,1.3514726910411954,1189295.968116252,STD,UFA
8476858,Phillip Di Giuseppe,LW,2024,20,0.04,0.16,5.0,10.0,-1.09,0.52,-0.0,0.0,0.38,775000.0,0.8806818181818181,88000000,2.205130291633367,1940514.6566373627,1.3244484734515487,1165514.656637363,STD,UFA
8476918,Jimmy Vesey,LW,2024,43,0.07,0.13,13.0,26.0,2.02,1.87,-0.01,-0.01,0.76,800000.0,0.9090909090909091,88000000,2.205049133993109,1940443.237913936,1.2959582249021997,1140443.2379139357,STD,UFA
8476874,Olli Maatta,D,2024,77,0.44,0.47,4.0,18.0,-5.35,0.63,-0.07,0.18,0.62,3000000.0,3.4090909090909087,88000000,4.70207663736546,4137827.440881605,1.2929857282745512,1137827.440881605,STD,UFA
8480070,Ian Mitchell,D,2024,15,0.02,0.11,0.0,2.0,-2.57,0.01,-0.22,0.0,0.21,775000.0,0.8806818181818181,88000000,2.164186471389911,1904484.0948231218,1.283504653208093,1129484.0948231218,STD,RFA
8480058,Pierre Olivier Joseph,D,2024,47,0.11,0.19,2.0,11.0,-2.66,-0.9,-0.03,0.0,-1.4,825000.0,0.9375,88000000,2.21927280710476,1952960.0702521887,1.28177280710476,1127960.070252189,STD,RFA
8479378,Logan Stanley,D,2024,63,0.01,0.01,1.0,2.0,-0.21,0.84,-0.02,-0.02,-2.03,1000000.0,1.1363636363636365,88000000,2.4169620669559926,2126926.6189212734,1.2805984305923561,1126926.6189212734,STD,RFA
8476457,Adam Larsson,D,2024,82,0.26,0.26,4.0,18.0,-0.11,-4.38,-0.14,0.26,-1.38,4000000.0,4.545454545454546,88000000,5.821726848004518,5123119.626243976,1.2762723025499723,1123119.6262439755,STD,UFA
8480043,Timothy Liljegren,D,2024,68,-0.08,-0.1,3.0,23.0,6.08,7.28,-1.15,0.01,-1.8,3000000.0,3.4090909090909087,88000000,4.681238862275114,4119490.1988021,1.2721479531842053,1119490.1988021005,STD,RFA
8476442,Matt Nieto,LW,2024,32,0.1,0.26,1.0,4.0,-5.01,0.42,-0.02,-0.01,-0.1,900000.0,1.0227272727272727,88000000,2.2617294161933685,1990321.8862501644,1.2390021434660958,1090321.8862501644,STD,UFA
8475766,Austin Watson,LW,2024,13,0.0,0.0,2.0,4.0,-0.27,-0.43,-0.01,-0.0,-0.15,776665.0,0.8825738636363637,88000000,2.11902402353536,1864741.1407111168,1.2364501598989963,1088076.1407111168,STD,UFA
8474567,Zach Bogosian,D,2024,81,0.04,0.04,3.0,14.0,-4.56,-3.08,-0.03,0.17,-2.14,1250000.0,1.4204545454545454,88000000,2.6568500785849185,2338028.069154728,1.236395533130373,1088028.0691547282,STD,UFA
8477476,Artturi Lehkonen,LW,2024,69,-0.02,-0.02,16.0,34.0,6.86,-1.8,-0.99,-0.0,-0.59,4500000.0,5.113636363636364,88000000,6.32623705807775,5567088.6111084195,1.2126006944413854,1067088.6111084193,STD,RFA
8477353,Tyler Motte,C,2024,55,0.2,0.3,6.0,9.0,-4.24,0.29,-0.05,0.08,1.47,800000.0,0.9090909090909091,88000000,2.113403357428142,1859794.954536765,1.204312448337233,1059794.9545367649,STD,UFA
8476331,Dylan DeMelo,D,2024,82,0.02,0.02,3.0,31.0,29.62,-4.5,-0.11,-0.01,-0.36,4900000.0,5.568181818181818,88000000,6.762522119029688,5951019.464746125,1.1943403008478697,1051019.4647461253,STD,UFA
8477409,Carter Verhaeghe,C,2024,81,0.53,0.54,34.0,72.0,2.31,-2.39,1.24,-0.0,-0.92,4166667.0,4.734848863636364,88000000,5.9252420550382485,5214213.008433659,1.1903931914018848,1047546.0084336586,STD,RFA
8477969,Marcus Pettersson,D,2024,78,0.3,0.32,4.0,30.0,27.38,7.66,-0.17,0.13,-1.39,4025175.0,4.5740625,88000000,5.751679987564627,5061478.389056872,1.1776174875646266,1036303.3890568714,STD,RFA
8471677,Jack Johnson,D,2024,41,0.09,0.18,3.0,16.0,-0.32,0.08,-0.01,-0.11,0.1,775000.0,0.8806818181818181,88000000,2.0571434229173047,1810286.2121672283,1.1764616047354866,1035286.2121672281,STD,UFA
8476906,Shayne Gostisbehere,D,2024,70,-0.01,-0.01,10.0,56.0,14.1,3.9,0.01,-0.0,-1.8,4125000.0,4.6875,88000000,5.855302148047395,5152665.890281708,1.1678021480473948,1027665.8902817074,STD,UFA
8476897,Oskar Sundqvist,C,2024,67,0.02,0.02,6.0,21.0,-3.02,2.32,0.07,0.01,0.33,1500000.0,1.7045454545454544,88000000,2.852478241641924,2510180.852644893,1.1479327870964695,1010180.8526448932,STD,UFA
8474090,Brendan Smith,D,2024,32,0.09,0.23,5.0,15.0,1.74,-1.63,-0.02,0.01,0.08,1100000.0,1.25,88000000,2.3960465145880807,2108520.932837511,1.1460465145880807,1008520.9328375111,STD,UFA
8480084,Nick DeSimone,D,2024,20,0.06,0.25,2.0,7.0,4.04,0.07,-0.0,0.0,0.06,775000.0,0.8806818181818181,88000000,1.970748718639845,1734258.8724030633,1.0900669004580268,959258.8724030636,STD,UFA
8477949,Alex Tuch,RW,2024,82,0.19,0.19,22.0,59.0,0.82,-4.88,0.11,-0.08,-0.73,4750000.0,5.3977272727272725,88000000,6.483448606481206,5705434.773703461,1.0857213337539333,955434.7737034613,STD,RFA
8477998,Warren Foegele,LW,2024,82,0.48,0.48,20.0,41.0,15.11,-6.86,-0.4,-0.05,0.58,2750000.0,3.125,88000000,4.199053845897646,3695167.3843899285,1.0740538458976463,945167.3843899288,STD,RFA
8477960,Adrian Kempe,C,2024,81,0.54,0.55,28.0,75.0,20.93,-5.43,1.92,0.08,0.63,5500000.0,6.25,88000000,7.301750681296026,6425540.599540504,1.051750681296026,925540.5995405028,STD,RFA
8475225,Craig Smith,C,2024,59,0.01,0.01,11.0,20.0,5.5,0.08,-0.07,0.0,-0.9,1000000.0,1.1363636363636365,88000000,2.1711378810006536,1910601.3352805753,1.0347742446370172,910601.3352805751,STD,UFA
8474679,Gustav Nyquist,C,2024,79,0.08,0.08,23.0,75.0,2.15,0.75,-0.78,0.0,1.26,3185000.0,3.6193181818181817,88000000,4.643721353949134,4086474.7914752383,1.0244031721309526,901474.7914752382,STD,UFA
8475184,Chris Kreider,LW,2024,68,0.92,1.11,39.0,75.0,-1.03,2.71,0.05,0.07,-1.32,6500000.0,7.386363636363637,88000000,8.404280839788699,7395767.139014055,1.0179172034250623,895767.1390140549,STD,UFA
8474013,Ian Cole,D,2024,82,0.41,0.41,2.0,11.0,-2.21,5.71,-0.04,0.06,-4.11,3000000.0,3.4090909090909087,88000000,4.416752148404024,3886741.890595541,1.0076612393131152,886741.8905955415,STD,UFA
8476921,Jordan Martinook,C,2024,79,0.73,0.76,14.0,32.0,0.52,1.86,-0.06,-0.04,-0.12,1800000.0,2.0454545454545454,88000000,3.047803497302258,2682067.077625987,1.0023489518477127,882067.0776259871,STD,UFA
8484304,Uvis Balinskis,D,2024,76,0.28,0.3,1.0,3.0,1.72,1.67,0.93,0.0,0.55,850000.0,0.9659090909090908,88000000,1.9456622663821026,1712182.7944162502,0.9797531754730118,862182.7944162503,STD,UFA
8480208,Drake Batherson,RW,2024,82,0.88,0.88,28.0,66.0,2.16,-0.59,3.86,0.0,1.29,4975000.0,5.653409090909091,88000000,6.6315303909748575,5835746.744057874,0.9781213000657667,860746.7440578747,STD,RFA
8477851,Jordan Oesterle,D,2024,37,0.11,0.24,0.0,2.0,0.82,1.62,-0.15,-0.0,0.12,925000.0,1.0511363636363635,88000000,2.0264652741868296,1783289.4412844102,0.9753289105504661,858289.4412844102,STD,UFA
8481006,Tyler Tucker,D,2024,38,0.11,0.24,1.0,2.0,4.29,0.46,-0.03,0.0,-1.09,800000.0,0.9090909090909091,88000000,1.8684594935002803,1644244.3542802467,0.9593685844093712,844244.3542802468,STD,RFA
8478133,Jake Evans,C,2024,82,-0.21,-0.21,7.0,28.0,-5.15,5.18,-0.03,-0.32,3.29,1700000.0,1.9318181818181817,88000000,2.8794648359080064,2533929.0555990455,0.9476466540898247,833929.0555990458,STD,RFA
8481059,Scott Perunovich,D,2024,35,0.01,0.02,0.0,17.0,1.58,0.39,-0.59,0.0,0.27,1150000.0,1.3068181818181817,88000000,2.248315969753321,1978518.0533829227,0.9414977879351394,828518.0533829227,STD,RFA
8482155,Alex Laferriere,RW,2024,77,0.0,0.0,12.0,23.0,4.34,2.91,-0.82,0.0,0.74,875000.0,0.9943181818181818,88000000,1.9288313213821269,1697371.5628162716,0.9345131395639451,822371.5628162717,ELC,
8470600,Ryan Suter,D,2024,82,0.49,0.49,2.0,17.0,-2.51,7.38,-0.11,0.07,-1.07,3650000.0,4.147727272727273,88000000,5.079079339632743,4469589.818876814,0.93135206690547,819589.8188768135,STD,UFA
8479671,Mathieu Olivier,RW,2024,82,0.07,0.07,5.0,12.0,4.57,-5.17,-0.27,0.0,-2.5,1100000.0,1.25,88000000,2.1719052813855537,1911276.6476192873,0.9219052813855537,811276.6476192873,STD,RFA
8484153,Leo Carlsson,C,2024,76,-0.05,-0.05,12.0,29.0,6.0,-5.04,-1.2,0.0,1.59,950000.0,1.0795454545454546,88000000,1.9987538348822493,1758903.3746963795,0.9192083803367948,808903.3746963793,ELC,
8480035,Henri Jokiharju,D,2024,60,0.11,0.15,3.0,20.0,8.5,-1.95,-0.32,-0.04,-0.65,2500000.0,2.840909090909091,88000000,3.755004830422042,3304404.2507713963,0.914095739512951,804404.2507713969,STD,RFA
8478211,Dryden Hunt,LW,2024,5,0.0,0.0,3.0,8.0,-0.52,-0.02,-0.01,0.0,0.18,775000.0,0.8806818181818181,88000000,1.7912192795836255,1576272.9660335905,0.9105374614018074,801272.9660335905,STD,UFA
8477447,Shea Theodore,D,2024,67,0.36,0.44,5.0,42.0,-2.71,0.47,1.51,-0.0,-0.75,5200000.0,5.909090909090909,88000000,6.8072208781969135,5990354.372813284,0.8981299691060043,790354.3728132837,STD,RFA
8480003,Jesper Boqvist,C,2024,78,0.26,0.27,6.0,14.0,-1.83,0.91,-0.14,0.05,0.7,775000.0,0.8806818181818181,88000000,1.772500645220516,1559800.567794054,0.891818827038698,784800.5677940542,STD,UFA
8484166,Adam Fantilli,C,2024,82,-0.09,-0.09,12.0,27.0,14.39,-7.16,-1.3,0.0,2.13,950000.0,1.0795454545454546,88000000,1.9636922358688178,1728049.1675645597,0.8841467813233632,778049.1675645596,ELC,
8475714,Calle Jarnkrok,C,2024,19,0.04,0.17,10.0,21.0,-1.89,0.13,0.24,0.0,0.05,2100000.0,2.3863636363636367,88000000,3.269550328615921,2877204.28918201,0.8831866922522842,777204.2891820101,STD,UFA
8477346,MacKenzie Weegar,D,2024,81,0.53,0.54,20.0,52.0,0.53,0.68,0.6,0.19,0.02,6250000.0,7.1022727272727275,88000000,7.9783059724752246,7020909.255778198,0.876033245202497,770909.2557781974,STD,UFA
8476988,Matt Benning,D,2024,7,0.0,0.0,0.0,2.0,1.06,-0.43,-0.0,-0.0,0.02,1250000.0,1.4204545454545454,88000000,2.2943020915522077,2018985.8405659427,0.8738475460976622,768985.8405659428,STD,UFA
8481028,Martin Pospisil,C,2024,81,0.08,0.08,8.0,24.0,-10.54,-1.04,-0.16,0.0,0.72,1000000.0,1.1363636363636365,88000000,2.0038312996321554,1763371.543676297,0.867467663268519,763371.5436762967,STD,RFA
8481564,Ryan Johnson,D,2024,3,0.0,0.0,0.0,7.0,0.28,-0.54,-0.0,0.0,-0.33,925000.0,1.0511363636363635,88000000,1.9169031657004911,1686874.7858164322,0.8657668020641276,761874.7858164322,ELC,
8475799,Nino Niederreiter,RW,2024,82,0.23,0.23,18.0,34.0,-0.83,-0.36,1.38,0.0,0.56,4000000.0,4.545454545454546,88000000,5.394883137499724,4747497.160999757,0.8494285920451778,747497.1609997564,STD,UFA
8479390,Taylor Raddysh,RW,2024,80,0.09,0.09,5.0,14.0,-2.03,3.6,-0.22,0.0,0.52,758333.0,0.8617420454545454,88000000,1.7083306597259647,1503330.980558849,0.8465886142714193,744997.980558849,STD,RFA
8479941,Justin Danforth,RW,2024,61,0.0,0.0,10.0,26.0,1.46,1.56,0.04,0.0,-0.86,1100000.0,1.25,88000000,2.0811686077887295,1831428.3748540818,0.8311686077887295,731428.3748540819,STD,UFA
8480789,Oliver Wahlstrom,RW,2024,43,-0.04,-0.08,2.0,6.0,-3.57,0.86,-0.6,0.0,-0.26,874125.0,0.9933238636363636,88000000,1.8201025765545094,1601690.2673679683,0.8267787129181458,727565.2673679682,STD,RFA
8481093,Rafael Harvey Pinard,LW,2024,1,0.0,0.0,2.0,10.0,-0.26,0.07,-0.0,-0.0,0.0,1100000.0,1.25,88000000,2.036690819503807,1792287.9211633503,0.7866908195038071,692287.9211633502,STD,RFA
8476392,Adam Lowry,C,2024,73,0.01,0.01,12.0,35.0,10.05,1.51,-0.07,0.11,0.72,3250000.0,3.6931818181818183,88000000,4.450004734813463,3916004.1666358477,0.7568229166316449,666004.1666358475,STD,UFA
8480205,Emil Bemstrom,C,2024,14,0.01,0.06,8.0,16.0,-1.64,0.62,-0.05,0.0,0.19,900000.0,1.0227272727272727,88000000,1.7698655747672518,1557481.7057951817,0.7471383020399791,657481.7057951816,STD,UFA
8481014,Alexander Romanov,D,2024,64,0.14,0.18,7.0,22.0,-3.4,-3.56,-0.11,-0.07,0.09,2500000.0,2.840909090909091,88000000,3.586143378654091,3155806.1732156,0.7452342877450002,655806.1732156002,STD,RFA
8479994,Jaret Anderson Dolan,C,2024,7,0.0,0.0,1.0,4.0,0.45,0.39,-0.0,0.0,-0.33,775000.0,0.8806818181818181,88000000,1.615100151693376,1421288.133490171,0.7344183335115579,646288.1334901709,STD,UFA
8480879,Jacob Bernard Docker,D,2024,40,0.08,0.16,4.0,14.0,1.22,2.81,-0.04,0.0,-0.58,805000.0,0.9147727272727273,88000000,1.6361319716806886,1439796.1350790062,0.7213592444079613,634796.135079006,STD,RFA
8475193,Tomas Tatar,LW,2024,74,0.06,0.07,9.0,24.0,-7.05,1.96,-0.07,0.0,-0.36,1500000.0,1.7045454545454544,88000000,2.4203924855832373,2129945.3873132486,0.7158470310377829,629945.3873132489,STD,UFA
8480813,Joe Veleno,C,2024,74,0.02,0.02,12.0,28.0,-2.78,-0.44,-0.05,0.0,0.17,825000.0,0.9375,88000000,1.649664530267959,1451704.786635804,0.7121645302679589,626704.7866358039,STD,RFA
8478466,Daniel Sprong,RW,2024,30,0.01,0.03,18.0,43.0,-2.96,1.26,0.02,-0.0,0.24,2000000.0,2.272727272727273,88000000,2.9790439790662084,2621558.701578263,0.7063167063389355,621558.7015782632,STD,UFA
8476872,Scott Laughton,C,2024,80,0.01,0.01,13.0,39.0,-4.0,2.33,-0.17,-0.01,-0.13,3000000.0,3.4090909090909087,88000000,4.1077376101824825,3614809.0969605846,0.6986467010915738,614809.0969605849,STD,UFA
8477501,Valeri Nichushkin,RW,2024,43,0.26,0.5,28.0,53.0,2.13,-2.77,0.3,0.06,0.16,6125000.0,6.9602272727272725,88000000,7.656267386466601,6737515.300090608,0.6960401137393282,612515.3000906088,STD,UFA
8478420,Mikko Rantanen,C,2024,82,0.79,0.79,42.0,104.0,14.43,-2.67,1.03,0.0,-0.53,9250000.0,10.511363636363637,88000000,11.187088020382935,9844637.457936984,0.6757243840192988,594637.457936983,STD,RFA
8482055,Drew O'Connor,LW,2024,84,0.24,0.23,16.0,33.0,-11.8,1.01,0.24,0.0,0.39,925000.0,1.0511363636363635,88000000,1.7230851686084936,1516314.9483754744,0.67194880497213,591314.9483754744,STD,RFA
8476432,Boone Jenner,C,2024,26,0.04,0.13,22.0,35.0,1.4,-1.55,0.08,-0.03,0.77,3750000.0,4.261363636363636,88000000,4.932037347624094,4340192.865909203,0.6706737112604584,590192.8659092033,STD,UFA
8480834,Ty Emberson,D,2024,76,0.33,0.36,1.0,10.0,-1.64,3.73,-0.04,0.0,0.89,775000.0,0.8806818181818181,88000000,1.5471357835627657,1361479.489535234,0.6664539653809476,586479.4895352338,STD,RFA
8479328,Julien Gauthier,RW,2024,1,0.0,0.0,5.0,9.0,-0.17,-0.08,-0.0,0.0,0.0,787500.0,0.8948863636363636,88000000,1.5556791400465482,1368997.6432409624,0.6607927764101845,581497.6432409624,STD,UFA
8477407,Anthony Duclair,C,2024,44,0.06,0.11,24.0,42.0,3.52,-1.86,-0.34,0.0,0.8,3000000.0,3.4090909090909087,88000000,4.065717657490346,3577831.5385915046,0.6566267483994372,577831.5385915048,STD,RFA
8477947,Sonny Milano,LW,2024,3,0.0,0.0,15.0,23.0,0.79,-0.42,-0.01,-0.0,0.17,1900000.0,2.159090909090909,88000000,2.806939949028436,2470107.1551450235,0.647849039937527,570107.1551450237,STD,UFA
8483490,Pavel Mintyukov,D,2024,68,0.06,0.07,4.0,28.0,8.44,-3.17,-0.14,0.0,-0.63,918333.0,1.0435602272727273,88000000,1.688353630405249,1485751.1947566194,0.6447934031325218,567418.1947566192,ELC,
8480817,K'Andre Miller,D,2024,74,0.48,0.53,8.0,30.0,11.99,9.7,-0.41,0.15,-0.38,3872000.0,4.3999999999999995,88000000,5.036577957766918,4432188.602834888,0.6365779577669182,560188.602834888,STD,RFA
8479976,Juuso Valimaki,D,2024,43,0.09,0.17,2.0,17.0,0.91,1.91,-0.17,-0.01,0.64,2000000.0,2.272727272727273,88000000,2.9044535158413893,2555919.0939404224,0.6317262431141164,555919.0939404224,STD,RFA
8474150,Mikael Backlund,C,2024,76,-0.09,-0.1,15.0,39.0,4.77,3.74,0.01,0.05,-1.27,4500000.0,5.113636363636364,88000000,5.745006278227349,5055605.524840067,0.6313699145909846,555605.5248400664,STD,UFA
8475754,Brock Nelson,C,2024,80,-0.08,-0.08,34.0,69.0,7.54,7.25,-1.34,-0.02,1.64,6000000.0,6.8181818181818175,88000000,7.4345713360704035,6542422.775741954,0.6163895178885861,542422.7757419557,STD,UFA
8478401,Pavel Zacha,C,2024,82,0.23,0.23,21.0,59.0,-11.53,-0.44,-0.32,0.16,0.29,4750000.0,5.3977272727272725,88000000,6.00989602589002,5288708.5027832175,0.6121687531627478,538708.502783218,STD,UFA
8481554,Kaapo Kakko,RW,2024,79,0.0,0.0,13.0,19.0,-2.18,-4.61,-0.04,-0.0,0.23,2400000.0,2.727272727272727,88000000,3.337516024369526,2937014.1014451827,0.6102432970967988,537014.1014451829,STD,RFA
8482705,Cole Sillinger,C,2024,66,-0.09,-0.11,13.0,32.0,-9.6,-4.74,-0.08,-0.02,0.04,925000.0,1.0511363636363635,88000000,1.649344870409145,1451423.4859600475,0.5982085067727814,526423.4859600476,ELC,
8477507,Nikita Zadorov,D,2024,81,0.14,0.14,6.0,20.0,-9.5,-13.36,-0.18,-0.04,-3.94,3750000.0,4.261363636363636,88000000,4.8583163360109705,4275318.375689654,0.5969526996473347,525318.3756896545,STD,UFA
8477952,Robby Fabbri,C,2024,44,0.05,0.09,18.0,32.0,2.42,-5.65,-0.65,0.0,-0.21,4000000.0,4.545454545454546,88000000,5.119954137688852,4505559.64116619,0.5744995922343064,505559.64116618957,STD,UFA
8475172,Nazem Kadri,C,2024,82,0.76,0.76,29.0,75.0,9.01,-0.58,1.25,0.0,3.01,7000000.0,7.954545454545454,88000000,8.520070287699854,7497661.853175871,0.5655248331543996,497661.85317587166,STD,UFA
8480068,Ryan Poehling,C,2024,67,0.22,0.27,11.0,28.0,2.31,5.58,0.14,0.02,0.0,1900000.0,2.159090909090909,88000000,2.7076631979763146,2382743.614219157,0.5485722888854054,482743.6142191568,STD,RFA
8478408,Travis Dermott,D,2024,19,0.05,0.22,2.0,7.0,-2.36,-0.5,-0.02,0.0,0.04,800000.0,0.9090909090909091,88000000,1.4524533485603381,1278158.9467330975,0.5433624394694291,478158.9467330976,STD,UFA
8481600,Tobias Bjornfot,D,2024,14,0.03,0.18,0.0,0.0,0.13,0.51,-0.0,-0.0,0.03,775000.0,0.8806818181818181,88000000,1.4187275836362936,1248480.2735999385,0.5380457654544755,473480.2735999384,STD,RFA
8480995,Pontus Holmberg,C,2024,68,0.08,0.1,7.0,17.0,-6.71,4.66,-0.09,0.0,2.88,800000.0,0.9090909090909091,88000000,1.4468470084832319,1273225.3674652441,0.5377560993923228,473225.3674652441,STD,RFA
8479393,Noah Gregor,LW,2024,52,0.08,0.13,6.0,12.0,-7.93,0.3,-0.05,0.0,-0.4,775000.0,0.8806818181818181,88000000,1.4156401549941808,1245763.336394879,0.5349583368123627,470763.33639487915,STD,UFA
8480220,Noah Cates,LW,2024,78,0.29,0.3,6.0,18.0,4.14,-5.64,0.14,0.04,1.25,2625000.0,2.9829545454545454,88000000,3.509370786087004,3088246.291756564,0.5264162406324586,463246.2917565636,STD,RFA
8476891,Matt Grzelcyk,D,2024,82,-0.02,-0.02,2.0,11.0,-14.18,2.94,-0.34,0.03,-0.2,3687500.0,4.190340909090909,88000000,4.710554616771043,4145288.0627585184,0.5202137076801341,457788.06275851803,STD,RFA
8474102,David Perron,LW,2024,43,0.11,0.21,17.0,47.0,4.69,-2.26,0.37,0.0,-0.06,4750000.0,5.3977272727272725,88000000,5.899637380380147,5191680.89473453,0.5019101076528747,441680.8947345297,STD,UFA
8475762,Derek Forbort,D,2024,54,0.36,0.55,0.0,4.0,-8.27,7.49,-0.04,0.02,-0.17,3000000.0,3.4090909090909087,88000000,3.9109202784620525,3441609.845046606,0.5018293693711438,441609.8450466065,STD,UFA
8479370,Tyson Jost,C,2024,39,0.01,0.02,3.0,6.0,2.79,1.35,-0.37,-0.01,-0.27,2000000.0,2.272727272727273,88000000,2.773327750081945,2440528.4200721118,0.5006004773546722,440528.42007211153,STD,UFA
8479353,Brett Howden,C,2024,80,-0.07,-0.07,8.0,19.0,-0.35,-0.95,-0.14,-0.1,-0.12,1900000.0,2.159090909090909,88000000,2.659415249954444,2340285.4199599107,0.5003243408635347,440285.41995991056,STD,RFA
8478366,Frank Vatrano,C,2024,81,0.02,0.02,37.0,60.0,5.51,-6.11,-1.3,0.02,-1.44,3650000.0,4.147727272727273,88000000,4.645343321300439,4087902.1227443866,0.49761604857316577,437902.12274438585,STD,UFA
8478434,Keegan Kolesar,RW,2024,82,0.14,0.14,8.0,18.0,3.52,-4.85,-0.01,0.0,0.03,1400000.0,1.5909090909090908,88000000,2.078136573879629,1828760.1850140733,0.4872274829705381,428760.1850140735,STD,RFA
8475750,Jon Merrill,D,2024,70,0.09,0.11,4.0,11.0,-6.86,-2.96,-0.02,0.02,-0.84,1200000.0,1.3636363636363635,88000000,1.8379665763236321,1617410.5871647962,0.4743302126872686,417410.5871647964,STD,UFA
8478840,William Borgen,D,2024,84,0.38,0.37,3.0,25.0,13.4,-9.33,-0.05,0.13,0.09,2700000.0,3.0681818181818183,88000000,3.5404911697945707,3115632.229419222,0.47230935161275234,415632.2294192221,STD,RFA
8474586,Jordan Eberle,RW,2024,42,0.08,0.16,17.0,44.0,5.34,-2.61,0.52,0.0,-0.21,4750000.0,5.3977272727272725,88000000,5.8686790720114015,5164437.583370033,0.470951799284129,414437.58337003354,STD,UFA
8478891,Mason Appleton,C,2024,71,0.21,0.24,14.0,36.0,0.1,-3.64,0.14,0.02,0.36,2166667.0,2.4621215909090908,88000000,2.9315455389499103,2579760.074275921,0.46942394804081955,413093.07427592116,STD,RFA
8479365,Trent Frederic,C,2024,58,0.08,0.11,18.0,40.0,-2.21,-1.13,0.04,0.0,-0.87,2300000.0,2.6136363636363633,88000000,3.0753818841835905,2706336.05808156,0.4617455205472272,406336.0580815599,STD,RFA
8478542,Evan Rodrigues,C,2024,82,0.21,0.21,12.0,39.0,8.49,7.12,-0.42,-0.0,0.06,3000000.0,3.4090909090909087,88000000,3.8652675043570994,3401435.403834247,0.4561765952661907,401435.4038342478,STD,UFA
8476372,Nick Seeler,D,2024,77,0.57,0.61,1.0,13.0,-4.74,2.88,-0.02,0.09,-0.44,2700000.0,3.0681818181818183,88000000,3.5174801094032624,3095382.496274871,0.44929829122144405,395382.49627487076,STD,UFA
8476479,Phillip Danault,C,2024,80,0.03,0.03,17.0,47.0,12.2,-2.74,-1.42,-0.13,0.94,5500000.0,6.25,88000000,6.692214143102268,5889148.445929996,0.4422141431022677,389148.44592999556,STD,UFA
8476931,Jake McCabe,D,2024,66,0.26,0.32,8.0,28.0,-0.28,-5.77,-0.2,-0.02,0.09,4000000.0,4.545454545454546,88000000,4.975698804505209,4378614.9479645835,0.43024425905066277,378614.9479645833,STD,UFA
8471724,Kris Letang,D,2024,74,0.28,0.31,10.0,51.0,12.61,-7.28,0.97,0.03,-1.21,6100000.0,6.931818181818182,88000000,7.3618854429672975,6478459.189811222,0.43006726114911586,378459.1898112219,STD,UFA
8476869,Brady Skjei,D,2024,82,0.62,0.62,13.0,47.0,0.07,0.68,0.17,0.17,-1.54,5250000.0,5.965909090909091,88000000,6.37895733915658,5613482.45845779,0.4130482482474891,363482.45845779043,STD,RFA
8476880,Tom Wilson,RW,2024,81,0.57,0.58,18.0,35.0,16.75,-8.58,1.52,0.03,0.79,6500000.0,7.386363636363637,88000000,7.798553361093523,6862726.9577623,0.41218972472988646,362726.9577623001,STD,UFA
8477935,Sam Bennett,C,2024,76,0.5,0.54,20.0,41.0,3.29,-4.54,1.15,0.0,-2.14,4425000.0,5.028409090909091,88000000,5.436475711128525,4784098.625793101,0.40806662021943385,359098.6257931018,STD,RFA
8478439,Travis Konecny,RW,2024,82,0.08,0.08,33.0,68.0,-0.41,0.36,-0.14,0.07,0.48,5500000.0,6.25,88000000,6.64806427578929,5850296.562694575,0.3980642757892898,350296.56269457506,STD,RFA
8480007,Jonas Rondbjerg,RW,2024,13,0.02,0.13,1.0,3.0,-1.06,0.29,-0.0,0.0,0.19,766667.0,0.8712125,88000000,1.2616091318411762,1110216.036020235,0.39039663184117623,343549.0360202351,STD,RFA
8477384,Josh Brown,D,2024,10,0.01,0.08,3.0,10.0,-0.86,-0.14,-0.0,-0.01,-0.32,1275000.0,1.4488636363636362,88000000,1.817694021686746,1599570.7390843364,0.36883038532310986,324570.7390843367,STD,UFA
8477504,Josh Morrissey,D,2024,80,-0.03,-0.03,10.0,69.0,5.28,13.61,-0.39,-0.02,0.36,6250000.0,7.1022727272727275,88000000,7.455151232882995,6560533.084937036,0.3528785056102679,310533.08493703575,STD,RFA
8475181,Nick Leddy,D,2024,31,0.09,0.24,3.0,28.0,-0.66,0.12,-0.04,-0.02,0.45,4000000.0,4.545454545454546,88000000,4.880848851983179,4295146.989745198,0.33539430652863356,295146.9897451975,STD,UFA
8480073,Erik Brannstrom,D,2024,28,0.0,0.0,3.0,20.0,-0.11,0.22,-0.25,0.0,0.08,2000000.0,2.272727272727273,88000000,2.5934631307503704,2282247.5550603257,0.32073585802309745,282247.5550603258,STD,RFA
8481032,Paul Cotter,C,2024,79,0.04,0.04,7.0,25.0,-6.9,2.56,-0.51,0.0,-0.83,775000.0,0.8806818181818181,88000000,1.2009571058363537,1056842.2531359913,0.3202752876545356,281842.25313599134,STD,RFA
8475745,Charlie Coyle,C,2024,83,0.08,0.08,25.0,60.0,7.22,-5.41,-1.4,0.03,0.77,5250000.0,5.965909090909091,88000000,6.281546043063676,5527760.517896034,0.315636952154585,277760.5178960348,STD,UFA
8473453,Trevor Lewis,C,2024,59,0.14,0.19,8.0,16.0,-6.26,-0.18,-0.04,0.02,-1.25,775000.0,0.8806818181818181,88000000,1.1917319754253537,1048724.1383743114,0.3110501572435356,273724.1383743113,STD,UFA
8475287,Erik Haula,LW,2024,69,0.22,0.26,16.0,35.0,0.06,-0.42,0.87,0.01,-1.51,3150000.0,3.5795454545454546,88000000,3.8872597281828867,3420788.5608009403,0.3077142736374321,270788.56080094026,STD,UFA
8481568,Alex Vlasic,D,2024,82,0.2,0.2,2.0,16.0,1.2,-6.85,-0.02,0.0,0.52,4600000.0,5.227272727272727,88000000,5.531787983028396,4867973.425064988,0.3045152557556694,267973.4250649891,STD,RFA
8480802,Ryan McLeod,C,2024,79,0.6,0.62,12.0,30.0,-8.57,5.0,-0.16,-0.01,0.58,2100000.0,2.3863636363636367,88000000,2.6842492909751954,2362139.376058172,0.2978856546115587,262139.37605817165,STD,RFA
8477971,Andreas Englund,D,2024,35,0.06,0.14,1.0,10.0,-1.96,0.98,-0.0,0.0,-0.42,1000000.0,1.1363636363636365,88000000,1.4342335563895041,1262125.5296227636,0.29786992002586765,262125.5296227635,STD,UFA
8480800,Quinn Hughes,D,2024,68,0.53,0.64,17.0,92.0,10.38,4.06,1.9,0.01,1.68,7850000.0,8.920454545454545,88000000,9.210324618771525,8105085.664518941,0.28987007331697967,255085.66451894213,STD,RFA
8478970,Jalen Chatfield,D,2024,79,0.4,0.42,8.0,22.0,15.19,1.19,-0.04,0.0,-1.26,3000000.0,3.4090909090909087,88000000,3.6893908745714192,3246663.969622849,0.2802999654805105,246663.96962284925,STD,UFA
8481567,Henry Thrun,D,2024,60,0.11,0.15,3.0,11.0,-4.85,-5.06,-0.24,0.0,-1.0,912500.0,1.0369318181818183,88000000,1.3119554308843835,1154520.7791782573,0.27502361270256515,242020.77917825733,ELC,
8479542,Brandon Hagel,LW,2024,82,-0.01,-0.01,26.0,75.0,25.68,4.27,-0.97,0.18,0.65,6500000.0,7.386363636363637,88000000,7.64529112207679,6727856.187427576,0.25892748571315316,227856.18742757477,STD,RFA
8480848,Ty Dellandrea,C,2024,68,0.02,0.02,2.0,9.0,-10.75,-5.35,-0.04,0.04,-1.55,900000.0,1.0227272727272727,88000000,1.2721527863314073,1119494.4519716385,0.24942551360413456,219494.45197163842,STD,RFA
8477496,Elias Lindholm,C,2024,82,0.28,0.28,15.0,44.0,-18.03,10.0,-0.38,0.19,1.12,4850000.0,5.511363636363637,88000000,5.7485051951112265,5058684.57169788,0.2371415587475898,208684.571697879,STD,RFA
8479591,Michael Eyssimont,C,2024,77,0.07,0.07,11.0,25.0,-8.06,5.28,-0.06,0.0,-0.87,800000.0,0.9090909090909091,88000000,1.1183098357397387,984112.65545097,0.20921892664882968,184112.6554509701,STD,UFA
8471685,Anze Kopitar,C,2024,81,0.41,0.42,26.0,70.0,19.07,-3.55,1.02,-0.15,1.98,7000000.0,7.954545454545454,88000000,8.162588216815022,7183077.63079722,0.2080427622695682,183077.63079722002,STD,UFA
8478432,Christian Fischer,RW,2024,46,0.03,0.05,5.0,19.0,-6.44,-0.53,-0.03,-0.02,0.77,1125000.0,1.278409090909091,88000000,1.4797089648133515,1302143.8890357492,0.2012998739042604,177143.88903574916,STD,UFA
8478462,Nicolas Roy,C,2024,71,0.15,0.17,13.0,41.0,7.85,1.91,0.16,0.01,-0.82,3000000.0,3.4090909090909087,88000000,3.60806827894797,3175100.0854742136,0.19897736985706116,175100.08547421385,STD,RFA
8477919,Frederick Gaudreau,C,2024,82,-0.28,-0.28,5.0,15.0,4.36,2.03,-0.23,-0.07,0.24,2100000.0,2.3863636363636367,88000000,2.584138267797325,2274041.675661646,0.19777463143368834,174041.67566164577,STD,UFA
8474189,Lars Eller,C,2024,80,0.25,0.26,15.0,31.0,-3.21,-4.95,0.13,0.11,-0.48,2450000.0,2.784090909090909,88000000,2.972414186573376,2615724.4841845706,0.1883232774824668,165724.48418457079,STD,UFA
8480796,Martin Fehervary,D,2024,81,0.32,0.32,3.0,16.0,8.97,1.35,-0.05,-0.02,-0.23,2675000.0,3.0397727272727275,88000000,3.2134457106787124,2827832.225397267,0.17367298340598492,152832.22539726674,STD,RFA
8479520,Brandon Duhaime,RW,2024,82,0.2,0.2,5.0,13.0,-7.14,3.36,-0.03,0.0,0.37,1100000.0,1.25,88000000,1.4190859672607576,1248795.6511894667,0.16908596726075764,148795.65118946673,STD,RFA
8479368,Max Jones,LW,2024,26,0.02,0.06,5.0,15.0,-3.25,-0.85,-0.0,-0.0,-1.15,1295000.0,1.471590909090909,88000000,1.6257128842900403,1430627.3381752355,0.1541219751991314,135627.33817523564,STD,RFA
8480011,Klim Kostin,RW,2024,35,-0.02,-0.05,8.0,14.0,-4.19,-2.61,-0.37,0.0,-0.44,2000000.0,2.272727272727273,88000000,2.425333561530607,2134293.5341469343,0.15260628880333416,134293.53414693408,STD,UFA
8480855,Jack McBain,C,2024,82,0.1,0.1,8.0,26.0,7.29,-1.27,0.23,-0.02,-0.65,1599999.0,1.8181806818181818,88000000,1.9654086355396778,1729559.5992749166,0.147227953721496,129560.59927491647,STD,RFA
8481186,Logan O'Connor,RW,2024,80,0.25,0.26,13.0,25.0,-7.46,10.18,-0.07,-0.05,2.42,1050000.0,1.1931818181818183,88000000,1.3307066407446158,1171021.8438552618,0.1375248225627974,121021.84385526173,STD,RFA
8482126,Emil Andrae,D,2024,42,0.06,0.12,0.0,0.0,6.21,-0.9,-0.43,0.0,-0.72,903333.0,1.0265147727272728,88000000,1.1604903202894299,1021231.4818546983,0.13397554756215713,117898.48185469827,ELC,
8476469,Joel Armia,RW,2024,81,-0.1,-0.1,17.0,25.0,-4.46,-1.34,0.3,0.08,0.21,3400000.0,3.8636363636363633,88000000,3.9961932676775174,3516650.0755562154,0.13255690404115406,116650.07555621557,STD,UFA
8478047,Michael Bunting,LW,2024,76,0.4,0.43,19.0,55.0,6.48,3.76,1.81,0.0,0.05,4500000.0,5.113636363636364,88000000,5.195950796093642,4572436.700562405,0.08231443245727821,72436.70056240483,STD,UFA
8475208,Brian Dumoulin,D,2024,80,0.36,0.37,6.0,16.0,-12.48,-8.7,-0.04,-0.14,1.14,3150000.0,3.5795454545454546,88000000,3.6545204228364963,3215977.9720961167,0.07497496829104167,65977.97209611666,STD,UFA
8482062,Cole Smith,LW,2024,71,-0.07,-0.08,9.0,23.0,-4.68,1.26,-0.03,-0.0,0.18,1000000.0,1.1363636363636365,88000000,1.199604597600933,1055652.0458888211,0.06324096123729661,55652.04588882102,STD,UFA
8483466,Kevin Korchinski,D,2024,16,0.01,0.05,5.0,15.0,1.15,-1.51,-0.22,0.0,-0.29,918333.0,1.0435602272727273,88000000,1.1066024046855532,973810.1161232869,0.0630421774128258,55477.11612328671,ELC,
8481534,Raphael Lavoie,C,2024,9,0.0,0.0,0.0,0.0,-0.57,-0.05,-0.08,0.0,0.02,874125.0,0.9933238636363636,88000000,1.05435493876087,927832.3461095656,0.06103107512450634,53707.34610956558,STD,RFA
8475768,Jaden Schwartz,LW,2024,81,0.35,0.35,13.0,30.0,-3.11,1.45,0.42,0.0,0.1,5500000.0,6.25,88000000,6.307014715115299,5550172.949301463,0.0570147151152991,50172.9493014632,STD,UFA
8471215,Evgeni Malkin,C,2024,68,0.19,0.23,27.0,67.0,6.79,-15.19,1.68,0.0,1.24,6100000.0,6.931818181818182,88000000,6.983536196865865,6145511.853241961,0.05171801504768325,45511.85324196126,STD,UFA
8482713,Mackie Samoskevich,RW,2024,72,0.16,0.18,0.0,0.0,5.36,-1.2,0.75,0.0,1.37,925000.0,1.0511363636363635,88000000,1.100038065723563,968033.4978367356,0.04890170208719957,43033.49783673563,ELC,
8477369,Carson Soucy,D,2024,75,0.03,0.03,2.0,6.0,-8.51,-1.58,-0.16,0.04,-2.13,3250000.0,3.6931818181818183,88000000,3.7226078497504016,3275894.907780353,0.029426031568583255,25894.907780353264,STD,UFA
8476419,Jean Gabriel Pageau,C,2024,79,-0.06,-0.06,11.0,33.0,7.19,0.93,-0.69,0.15,1.61,5000000.0,5.681818181818182,88000000,5.709815711113846,5024637.825780184,0.027997529295664236,24637.82578018453,STD,UFA
8478399,Jonas Siegenthaler,D,2024,55,0.42,0.63,1.0,9.0,3.15,3.98,-0.03,0.01,-0.65,3400000.0,3.8636363636363633,88000000,3.8894418018630414,3422708.7856394765,0.025805438226678135,22708.78563947676,STD,RFA
8481618,Alex Newhook,C,2024,82,-0.14,-0.14,15.0,34.0,6.63,-5.5,-1.06,0.0,-0.28,2900000.0,3.295454545454545,88000000,3.3197314158133615,2921363.6459157583,0.024276870358816538,21363.645915758552,STD,RFA
8475825,Jani Hakanpaa,D,2024,2,0.0,0.0,2.0,12.0,-0.24,-0.11,-0.0,0.0,0.01,1500000.0,1.7045454545454544,88000000,1.6939314967189851,1490659.717112707,-0.010613957826469234,-9340.282887292926,STD,UFA
8481068,Yegor Sharangovich,C,2024,73,0.16,0.18,31.0,59.0,-6.06,-1.77,-0.27,-0.01,0.56,3100000.0,3.5227272727272725,88000000,3.508855389723408,3087792.742956599,-0.01387188300386466,-12207.2570434009,STD,RFA
8477021,Alexander Kerfoot,C,2024,81,0.27,0.27,13.0,45.0,4.65,-2.35,-0.45,0.18,1.76,3500000.0,3.977272727272727,88000000,3.9628157206184316,3487277.8341442198,-0.014457006654295501,-12722.165855780042,STD,UFA
8477887,Patrick Brown,C,2024,15,0.02,0.11,0.0,1.0,-3.4,-0.35,-0.01,-0.01,-0.48,800000.0,0.9090909090909091,88000000,0.8611820248645294,757840.181880786,-0.04790888422637962,-42159.81811921407,STD,UFA
8475197,Tyson Barrie,D,2024,13,0.03,0.19,1.0,15.0,0.19,-0.11,0.44,0.0,-0.13,4500000.0,5.113636363636364,88000000,5.0655193716361016,4457657.04703977,-0.04811699200026265,-42342.95296023113,STD,UFA
8477955,Jared McCann,C,2024,82,0.61,0.61,29.0,62.0,-2.28,-0.55,-0.13,0.25,2.3,5000000.0,5.681818181818182,88000000,5.632403949481217,4956515.475543471,-0.0494142323369644,-43484.52445652868,STD,RFA
8479402,Jake Bean,D,2024,64,0.12,0.15,4.0,13.0,-1.83,-2.78,-0.07,-0.0,0.18,2333333.0,2.6515147727272725,88000000,2.5992590390868173,2287347.954396399,-0.052255733640455215,-45985.045603600585,STD,RFA
8482117,Lukas Reichel,C,2024,70,-0.12,-0.14,5.0,16.0,0.01,-2.88,-0.74,0.0,-0.36,1200000.0,1.3636363636363635,88000000,1.2982918590743058,1142496.835985389,-0.06534450456205776,-57503.16401461083,STD,RFA
8478502,Dennis Gilbert,D,2024,29,0.05,0.14,1.0,7.0,-2.66,0.32,-0.0,0.0,-0.62,762500.0,0.8664772727272727,88000000,0.7868333560470901,692413.3533214394,-0.07964391668018256,-70086.64667856066,STD,UFA
8478468,Jeremy Lauzon,D,2024,28,0.06,0.18,6.0,14.0,-1.63,0.3,-0.03,0.02,-0.76,2000000.0,2.272727272727273,88000000,2.19104238404546,1928117.2979600045,-0.08168488868181312,-71882.70203999555,STD,RFA
8474149,Evgenii Dadonov,RW,2024,80,0.23,0.24,12.0,23.0,-1.89,-6.66,0.62,0.0,0.54,2250000.0,2.556818181818182,88000000,2.4730739194057776,2176305.0490770843,-0.08374426241240451,-73694.95092291597,STD,UFA
8476913,Devin Shore,C,2024,55,0.07,0.1,1.0,4.0,-4.87,-1.44,-0.01,-0.01,0.26,775000.0,0.8806818181818181,88000000,0.7913168683981411,696358.8441903642,-0.08936494978367704,-78641.15580963579,STD,UFA
8479379,Givani Smith,RW,2024,13,0.0,0.0,1.0,4.0,-1.99,-0.34,-0.01,0.0,-0.49,800000.0,0.9090909090909091,88000000,0.8072746358251184,710401.6795261042,-0.10181627326579068,-89598.3204738958,STD,UFA
8478856,Conor Garland,RW,2024,81,0.28,0.28,20.0,47.0,-9.88,7.37,0.14,-0.0,2.32,4950000.0,5.625,88000000,5.520255366595324,4857824.7226038845,-0.10474463340467643,-92175.27739611526,STD,RFA
8476958,Jaccob Slavin,D,2024,80,1.23,1.26,6.0,37.0,8.89,-13.03,-0.19,0.2,0.49,5300000.0,6.0227272727272725,88000000,5.917651812467378,5207533.594971293,-0.10507546025989445,-92466.40502870713,STD,RFA
8474709,Matt Martin,LW,2024,32,0.02,0.05,4.0,8.0,-5.18,0.16,-0.02,0.0,0.22,1500000.0,1.7045454545454544,88000000,1.5991225533083089,1407227.8469113118,-0.10542290123714548,-92772.15308868802,STD,UFA
8481553,Bobby Brink,RW,2024,79,-0.29,-0.3,11.0,23.0,-4.42,-1.79,-1.69,0.0,-0.12,925000.0,1.0511363636363635,88000000,0.9417960400031227,828780.5152027479,-0.10934032363324087,-96219.48479725196,ELC,
8475692,Mats Zuccarello,RW,2024,69,0.23,0.27,12.0,63.0,-5.35,3.81,-0.16,-0.0,2.63,4125000.0,4.6875,88000000,4.574302873419926,4025386.528609535,-0.11319712658007397,-99613.4713904651,STD,UFA
8481122,Simon Benoit,D,2024,78,-0.06,-0.06,1.0,5.0,-6.39,-0.18,-0.02,-0.22,-1.97,1350000.0,1.5340909090909092,88000000,1.416793346343093,1246778.144781922,-0.11729756274781611,-103221.85521807818,STD,RFA
8480845,Rasmus Kupari,C,2024,59,0.05,0.07,0.0,1.0,-6.65,-0.86,-0.0,-0.03,0.45,1000000.0,1.1363636363636365,88000000,1.0182907119188496,896095.8264885877,-0.1180729244447869,-103904.17351141247,STD,RFA
8479983,Mario Ferraro,D,2024,78,-0.13,-0.14,3.0,21.0,-6.76,-7.98,-0.09,0.13,-1.73,3250000.0,3.6931818181818183,88000000,3.5709502616084183,3142436.230215408,-0.12223155657340001,-107563.769784592,STD,RFA
8479772,Zack MacEwen,C,2024,21,0.0,0.0,2.0,3.0,0.27,0.29,-0.02,0.0,0.03,775000.0,0.8806818181818181,88000000,0.7577618482976529,666830.4265019345,-0.1229199698841652,-108169.5734980654,STD,UFA
8478444,Brock Boeser,RW,2024,74,0.34,0.38,40.0,73.0,0.03,-1.64,1.1,0.0,0.08,6650000.0,7.556818181818182,88000000,7.402742589569547,6514413.478821201,-0.15407559224863476,-135586.5211787986,STD,RFA
8476925,Colton Sissons,C,2024,72,-0.39,-0.44,15.0,35.0,1.64,-3.86,0.09,-0.18,-0.49,2857143.0,3.246753409090909,88000000,3.0894541250893877,2718719.6300786613,-0.1572992840015215,-138423.36992133892,STD,RFA
8475764,Cam Fowler,D,2024,68,-0.41,-0.49,5.0,39.0,3.7,-1.0,-1.03,-0.02,-0.75,6500000.0,7.386363636363637,88000000,7.217683550039128,6351561.524034432,-0.1686800863245086,-148438.47596556754,STD,UFA
8478055,Gustav Forsling,D,2024,80,0.19,0.19,10.0,39.0,24.78,0.36,-0.37,-0.37,0.68,5750000.0,6.534090909090909,88000000,6.358388428752923,5595381.817302573,-0.17570248033798652,-154618.18269742816,STD,UFA
8482652,Walker Duehr,RW,2024,24,0.01,0.03,2.0,7.0,-0.63,-0.25,-0.02,0.0,0.04,825000.0,0.9375,88000000,0.7516679592934157,661467.8041782058,-0.18583204070658432,-163532.1958217942,STD,RFA
8482133,Thomas Bordeleau,C,2024,1,0.0,0.0,6.0,11.0,0.15,0.12,-0.01,0.0,0.0,916667.0,1.0416670454545454,88000000,0.8155333768421489,717669.371621091,-0.22613366861239648,-198997.62837890888,ELC,
8478398,Kyle Connor,LW,2024,82,0.55,0.55,34.0,61.0,12.32,-6.48,1.99,-0.01,0.31,7142857.0,8.116882954545455,88000000,7.887070764388207,6940622.272661623,-0.2298121901572472,-202234.72733837753,STD,RFA
8475722,Jason Zucker,LW,2024,73,0.68,0.76,14.0,32.0,-0.54,-0.04,3.72,0.0,0.04,5300000.0,6.0227272727272725,88000000,5.785261423603059,5091030.052770692,-0.23746584912421387,-208969.9472293082,STD,UFA
8478438,Thomas Novak,C,2024,54,0.08,0.12,18.0,45.0,8.6,1.78,0.44,0.0,0.47,3500000.0,3.977272727272727,88000000,3.732778010152048,3284844.648933802,-0.24449471712067927,-215155.3510661978,STD,UFA
8476473,Connor Murphy,D,2024,68,0.16,0.19,2.0,8.0,-6.14,-2.61,-0.07,-0.13,-0.93,4400000.0,5.0,88000000,4.754630802082724,4184075.1058327975,-0.24536919791727563,-215924.89416720255,STD,UFA
8478424,Jansen Harkins,C,2024,62,0.21,0.28,0.0,4.0,-8.09,0.61,-0.03,0.0,1.14,850000.0,0.9659090909090908,88000000,0.7144354287246806,628703.1772777189,-0.25147366218441025,-221296.822722281,STD,RFA
8481206,John Ludvig,D,2024,8,0.02,0.2,3.0,5.0,0.16,-0.45,-0.0,0.0,-0.32,775000.0,0.8806818181818181,88000000,0.6269977798264375,551758.046247265,-0.25368403835538067,-223241.953752735,STD,RFA
8477451,Ryan Hartman,RW,2024,69,0.23,0.27,21.0,45.0,-9.17,1.95,0.81,-0.0,0.87,4000000.0,4.545454545454546,88000000,4.289297039885483,3774581.3950992245,-0.256157505569063,-225418.60490077548,STD,UFA
8476856,Matt Dumba,D,2024,63,-0.03,-0.04,4.0,12.0,9.11,-4.6,-0.56,-0.02,-2.37,3900000.0,4.431818181818182,88000000,4.167015837596415,3666973.937084845,-0.26480234422176707,-233026.06291515502,STD,UFA
8480281,Alexei Toropchenko,RW,2024,80,0.06,0.06,14.0,21.0,-10.11,0.73,-0.09,0.0,-0.16,1250000.0,1.4204545454545454,88000000,1.142163757094508,1005104.106243167,-0.2782907883600374,-244895.89375683293,STD,RFA
8480074,Alexandre Texier,LW,2024,31,-0.02,-0.05,12.0,30.0,-0.97,-1.32,0.23,0.0,-0.1,2100000.0,2.3863636363636367,88000000,2.1029141344808338,1850564.4383431335,-0.28344950188280293,-249435.56165686657,STD,RFA
8478904,Steven Lorentz,C,2024,80,0.24,0.25,1.0,3.0,-4.53,-0.25,-0.04,0.02,0.84,1050000.0,1.1931818181818183,88000000,0.9054251007661094,796774.0886741763,-0.28775671741570896,-253225.91132582386,STD,RFA
8474568,Luke Schenn,D,2024,76,0.19,0.2,1.0,7.0,4.2,-2.15,-0.03,-0.19,-0.97,2750000.0,3.125,88000000,2.8314307690533767,2491659.0767669715,-0.29356923094662335,-258340.92323302856,STD,UFA
8484321,Nikolas Matinpalo,D,2024,41,0.08,0.16,0.0,0.0,-1.44,-1.61,-0.0,0.0,-1.09,775000.0,0.8806818181818181,88000000,0.5869187927987181,516488.5376628719,-0.29376302538310006,-258511.46233712806,STD,RFA
8479414,Nathan Bastian,RW,2024,59,0.04,0.06,5.0,12.0,-10.07,-1.89,0.14,-0.01,0.12,1350000.0,1.5340909090909092,88000000,1.2060272202432074,1061303.9538140227,-0.32806368884770176,-288696.0461859775,STD,UFA
8477402,Pavel Buchnevich,C,2024,76,0.12,0.13,27.0,63.0,2.94,-4.81,0.04,0.07,-0.07,5800000.0,6.59090909090909,88000000,6.261787614332748,5510373.100612818,-0.3291214765763417,-289626.89938718075,STD,RFA
8474590,John Carlson,D,2024,79,-0.17,-0.18,10.0,52.0,8.11,-4.01,-1.28,-0.01,-0.17,8000000.0,9.090909090909092,88000000,8.744974020747302,7695577.138257626,-0.34593507016179004,-304422.86174237524,STD,UFA
8479996,Cody Glass,C,2024,65,0.06,0.08,6.0,13.0,-2.17,1.43,-0.13,-0.01,0.16,2500000.0,2.840909090909091,88000000,2.476808770577362,2179591.7181080785,-0.3641003203317288,-320408.2818919213,STD,RFA
8475231,Casey Cizikas,C,2024,82,0.12,0.12,10.0,23.0,-12.15,-0.64,0.34,0.01,0.71,2500000.0,2.840909090909091,88000000,2.4764854376159793,2179307.185102062,-0.36442365329311155,-320692.81489793817,STD,UFA
8481523,Kirby Dach,C,2024,57,-0.23,-0.33,0.0,2.0,-1.65,-2.98,-0.98,-0.0,-0.01,3362500.0,3.821022727272727,88000000,3.4543183405613167,3039800.1396939587,-0.36670438671141037,-322699.86030604114,STD,RFA
8482176,Wyatt Kaiser,D,2024,57,0.22,0.32,0.0,7.0,3.72,-1.2,-0.05,0.0,0.53,916667.0,1.0416670454545454,88000000,0.6717276446810132,591120.3273192915,-0.36993940077353216,-325546.6726807083,ELC,
8476458,Ryan Strome,C,2024,82,-0.39,-0.39,11.0,41.0,3.06,-5.43,-1.52,0.01,-2.3,5000000.0,5.681818181818182,88000000,5.307242034072923,4670372.989984171,-0.37457614774525894,-329627.0100158279,STD,UFA
8480336,Sean Walker,D,2024,82,0.25,0.25,10.0,29.0,3.77,-3.27,-0.24,0.06,-2.13,2650000.0,3.0113636363636362,88000000,2.630572153718271,2314903.4952720786,-0.38079148264536533,-335096.5047279215,STD,RFA
8481557,Matt Boldy,LW,2024,82,0.62,0.62,29.0,69.0,7.42,-2.93,0.89,-0.0,-0.88,7000000.0,7.954545454545454,88000000,7.569149439371701,6660851.506647097,-0.385396015173753,-339148.49335290265,STD,RFA
8477070,Liam O'Brien,LW,2024,28,0.01,0.03,5.0,14.0,-1.44,0.99,-0.01,0.0,-0.46,1000000.0,1.1363636363636365,88000000,0.7482948086360857,658499.4315997554,-0.3880688277275508,-341500.5684002447,STD,UFA
8477503,Max Domi,C,2024,74,-0.15,-0.17,9.0,47.0,-3.93,-3.59,0.32,0.0,-2.36,3750000.0,4.261363636363636,88000000,3.8690774847301785,3404788.1865625572,-0.39228615163345726,-345211.8134374424,STD,UFA
8484145,Zach Benson,C,2024,75,0.16,0.17,11.0,30.0,-6.67,3.61,0.0,0.0,0.37,950000.0,1.0795454545454546,88000000,0.6797937016788964,598218.4574774288,-0.3997517528665582,-351781.54252257117,ELC,
8477506,Ryan Pulock,D,2024,73,0.38,0.43,5.0,19.0,4.0,4.38,-0.78,-0.01,0.46,6150000.0,6.988636363636363,88000000,6.58880941055803,5798152.281291067,-0.3998269530783336,-351847.71870893356,STD,UFA
8479343,Clayton Keller,RW,2024,81,0.52,0.53,33.0,76.0,10.39,-0.73,1.98,0.0,2.66,7150000.0,8.125,88000000,7.70845564265773,6783440.965538803,-0.4165443573422696,-366559.03446119727,STD,RFA
8476463,Jonas Brodin,D,2024,50,0.09,0.15,7.0,27.0,-3.09,5.66,-0.13,-0.1,-0.81,6000000.0,6.8181818181818175,88000000,6.393326143564684,5626127.006336922,-0.4248556746171337,-373872.99366307765,STD,UFA
8480355,Mark Kastelic,C,2024,61,0.06,0.08,5.0,10.0,-3.37,1.65,-0.1,0.0,-0.73,835000.0,0.9488636363636364,88000000,0.5126673018754229,451147.22565037216,-0.4361963344882135,-383852.7743496279,STD,RFA
8473512,Claude Giroux,C,2024,81,-0.27,-0.27,21.0,64.0,-0.03,-1.75,1.04,-0.04,0.78,6500000.0,7.386363636363637,88000000,6.939584761076164,6106834.589747024,-0.44677887528747284,-393165.41025297606,STD,UFA
8477425,Miles Wood,LW,2024,37,0.02,0.04,9.0,26.0,-2.98,-0.97,-0.04,0.0,-0.77,2500000.0,2.840909090909091,88000000,2.3624301043569673,2078938.491834131,-0.4784789865521235,-421061.50816586864,STD,UFA
8479369,Andrew Peeke,D,2024,76,0.1,0.11,1.0,10.0,-7.78,0.62,-0.1,-0.18,-0.25,2750000.0,3.125,88000000,2.6380650543018316,2321497.247785612,-0.4869349456981684,-428502.7522143882,STD,RFA
8475906,John Klingberg,D,2024,11,0.02,0.15,0.0,5.0,1.15,-0.51,-0.04,-0.0,-0.65,4150000.0,4.715909090909091,88000000,4.226094381041641,3718963.0553166443,-0.4898147098674501,-431036.9446833561,STD,UFA
8477839,Conor Sheary,LW,2024,5,0.01,0.16,4.0,15.0,-0.08,-0.05,-0.0,0.0,0.01,2000000.0,2.272727272727273,88000000,1.7754281309609272,1562376.755245616,-0.4972991417663457,-437623.2447543842,STD,UFA
8481535,Nils Hoglander,LW,2024,72,0.04,0.05,24.0,36.0,-0.36,0.5,-0.27,-0.0,0.84,1100000.0,1.25,88000000,0.7509629750671998,660847.4180591358,-0.4990370249328002,-439152.58194086415,STD,RFA
8475170,Brayden Schenn,C,2024,82,0.16,0.16,20.0,46.0,-5.51,-1.11,0.38,-0.01,-1.27,6500000.0,7.386363636363637,88000000,6.875390984981339,6050344.066783578,-0.5109726513822981,-449655.93321642233,STD,UFA
8481019,David Gustafsson,C,2024,36,0.04,0.09,3.0,7.0,-0.36,2.27,-0.0,0.0,0.06,775000.0,0.8806818181818181,88000000,0.3599743310645849,316777.4113368347,-0.5207074871172332,-458222.5886631652,STD,RFA
8478413,Jordan Greenway,C,2024,34,0.01,0.02,10.0,28.0,2.98,-0.7,-0.03,0.01,0.09,3000000.0,3.4090909090909087,88000000,2.8831764379059397,2537195.265357227,-0.525914471184969,-462804.73464277276,STD,RFA
8475324,Nick Jensen,D,2024,71,0.01,0.01,1.0,14.0,-16.11,3.36,-0.3,0.11,1.45,4050000.0,4.602272727272727,88000000,4.074477672143148,3585540.3514859704,-0.5277950551295785,-464459.6485140291,STD,UFA
8478115,Pierre Engvall,LW,2024,62,0.05,0.07,10.0,28.0,1.87,-2.11,-0.04,0.0,-0.72,3000000.0,3.4090909090909087,88000000,2.8740747721623823,2529185.7995028966,-0.5350161369285265,-470814.2004971033,STD,UFA
8480069,Cale Makar,D,2024,80,0.42,0.43,21.0,90.0,17.38,12.1,3.45,0.11,3.44,9000000.0,10.227272727272728,88000000,9.671854507187666,8511231.966325145,-0.5554182200850626,-488768.0336748551,STD,RFA
8475765,Vladimir Tarasenko,RW,2024,80,0.24,0.25,23.0,55.0,-5.58,7.38,-0.39,0.0,1.58,5000000.0,5.681818181818182,88000000,5.1239149240592905,4509045.133172176,-0.5579032577588912,-490954.86682782427,STD,UFA
8481167,Brayden Pachal,D,2024,76,0.15,0.16,2.0,7.0,-10.45,0.26,-0.02,0.0,-2.01,775000.0,0.8806818181818181,88000000,0.28709030806433233,252639.47109661245,-0.5935915101174858,-522360.5289033875,STD,RFA
8476374,Sean Kuraly,C,2024,82,0.11,0.11,9.0,18.0,-4.88,0.27,-0.09,0.0,-0.5,2500000.0,2.840909090909091,88000000,2.2085357481696963,1943511.4583893328,-0.6323733427393945,-556488.5416106671,STD,UFA
8480002,Nico Hischier,C,2024,75,1.25,1.37,27.0,67.0,13.36,0.91,5.66,0.02,3.51,7250000.0,8.238636363636363,88000000,7.595513687024772,6684052.044581799,-0.6431226766115916,-565947.9554182006,STD,RFA
8479442,Troy Stecher,D,2024,66,0.07,0.09,1.0,7.0,-4.05,-1.84,-0.02,0.0,-1.19,1100000.0,1.25,88000000,0.6033968859471468,530989.2596334892,-0.6466031140528532,-569010.7403665108,STD,UFA
8480880,Jakub Lauko,C,2024,56,0.04,0.06,2.0,10.0,-8.29,-1.52,-0.01,0.0,-0.57,787500.0,0.8948863636363636,88000000,0.2447401490617498,215371.33117433984,-0.6501462145746139,-572128.6688256603,STD,RFA
8480196,Jacob Bryson,D,2024,48,0.12,0.2,1.0,8.0,-3.11,-3.33,-0.01,-0.02,-0.21,1850000.0,2.102272727272727,88000000,1.4366871205149447,1264284.6660531515,-0.6655856067577823,-585715.3339468485,STD,RFA
8475790,Erik Gudbranson,D,2024,16,0.05,0.26,6.0,26.0,0.72,-0.8,-0.02,-0.05,-0.29,4000000.0,4.545454545454546,88000000,3.8743839454432596,3409457.871990069,-0.6710706000112863,-590542.1280099319,STD,UFA
8477335,Kyle Burroughs,D,2024,33,0.03,0.07,2.0,8.0,-0.49,0.71,-0.03,-0.01,-1.82,1100000.0,1.25,88000000,0.5721854241837558,503523.1732817052,-0.6778145758162442,-596476.8267182949,STD,UFA
8480950,Ilya Lyubushkin,D,2024,80,-0.01,-0.01,0.0,8.0,10.34,-0.96,-0.03,-0.25,-1.1,2750000.0,3.125,88000000,2.445898862098133,2152390.998646357,-0.679101137901867,-597609.001353643,STD,UFA
8475233,David Savard,D,2024,75,-0.1,-0.11,6.0,24.0,1.41,-1.79,-0.01,-0.26,-0.45,3500000.0,3.977272727272727,88000000,3.2883379060932896,2893737.357362095,-0.6889348211794375,-606262.642637905,STD,UFA
8476399,Blake Coleman,LW,2024,82,0.33,0.33,30.0,54.0,-13.93,6.98,-0.21,0.24,-0.58,4900000.0,5.568181818181818,88000000,4.857308325477428,4274431.326420137,-0.7108734927043905,-625568.6735798636,STD,UFA
8480871,Adam Boqvist,D,2024,35,0.03,0.07,1.0,10.0,3.99,-1.96,0.41,0.0,-0.59,2600000.0,2.9545454545454546,88000000,2.2336977624505003,1965654.0309564404,-0.7208476920949543,-634345.9690435597,STD,RFA
8479316,Luke Kunin,C,2024,75,-0.21,-0.23,11.0,18.0,-9.12,-2.05,-0.65,-0.19,-1.33,2750000.0,3.125,88000000,2.403696126118117,2115252.590983943,-0.7213038738818831,-634747.4090160572,STD,RFA
8478109,Victor Olofsson,LW,2024,55,0.07,0.1,7.0,15.0,8.1,0.42,0.36,0.0,-0.53,4750000.0,5.3977272727272725,88000000,4.665230469847154,4105402.8134654956,-0.7324968028801182,-644597.186534504,STD,RFA
8476459,Mika Zibanejad,C,2024,82,1.23,1.23,26.0,72.0,0.89,-3.54,2.97,0.08,1.13,8500000.0,9.659090909090908,88000000,8.891650781168531,7824652.687428307,-0.7674401279223773,-675347.3125716919,STD,UFA
8478507,John Marino,D,2024,35,0.12,0.28,4.0,25.0,2.79,-0.54,-0.18,0.03,0.31,4400000.0,5.0,88000000,4.226645925211216,3719448.41418587,-0.7733540747887844,-680551.5858141303,STD,RFA
8478010,Brayden Point,C,2024,77,1.57,1.67,46.0,90.0,11.74,-11.49,4.46,-0.0,1.98,9500000.0,10.795454545454545,88000000,10.019428479453138,8817097.061918762,-0.7760260660014069,-682902.9380812381,STD,RFA
8478975,Mason Marchment,LW,2024,62,0.34,0.45,22.0,53.0,9.2,-1.87,1.11,0.0,-1.52,4500000.0,5.113636363636364,88000000,4.323272263517623,3804479.5918955086,-0.7903641001187411,-695520.4081044921,STD,UFA
8480798,Philipp Kurashev,C,2024,51,0.19,0.31,18.0,54.0,-8.43,-1.86,-0.02,-0.01,0.3,2250000.0,2.556818181818182,88000000,1.7623820742426943,1550896.2253335712,-0.7944361075754878,-699103.7746664293,STD,RFA
8479543,Michael Pezzetta,LW,2024,25,0.0,0.0,3.0,12.0,-0.28,1.11,-0.0,0.0,-0.99,812500.0,0.9232954545454546,88000000,0.11932084148330802,105002.34050531105,-0.8039746130621466,-707497.659494689,STD,RFA
8479992,Michael Rasmussen,C,2024,77,-0.05,-0.05,13.0,33.0,-4.83,-0.09,0.34,-0.05,0.53,3200000.0,3.6363636363636362,88000000,2.827743958713487,2488414.6836678684,-0.8086196776501491,-711585.3163321312,STD,RFA
8474600,Roman Josi,D,2024,53,0.58,0.9,23.0,85.0,5.3,-0.08,1.78,-0.04,0.07,9059000.0,10.294318181818182,88000000,9.48053887824823,8342874.212858443,-0.8137793035699517,-716125.7871415576,STD,UFA
8479675,Trevor Moore,C,2024,71,0.3,0.35,31.0,57.0,1.36,-1.65,0.08,0.12,1.07,4200000.0,4.772727272727273,88000000,3.9351565744228196,3462937.785492081,-0.8375706983044537,-737062.2145079194,STD,UFA
8477933,Sam Reinhart,C,2024,79,1.17,1.21,57.0,94.0,-3.38,3.17,4.11,0.07,1.32,8625000.0,9.801136363636363,88000000,8.961308186504867,7885951.204124283,-0.8398281771314959,-739048.7958757164,STD,UFA
8477931,Tomas Nosek,LW,2024,59,0.14,0.19,2.0,6.0,-0.41,1.75,0.1,0.0,0.45,1000000.0,1.1363636363636365,88000000,0.2870395153913634,252594.7735443998,-0.8493241209722731,-747405.2264556004,STD,UFA
8475462,Radko Gudas,D,2024,81,-0.06,-0.06,6.0,18.0,6.05,5.72,-0.02,0.01,-2.59,4000000.0,4.545454545454546,88000000,3.685955591640658,3243640.920643779,-0.8594989538138877,-756359.0793562212,STD,UFA
8476889,Radek Faksa,C,2024,70,0.12,0.14,7.0,19.0,-7.75,4.1,-0.12,0.04,-0.85,3250000.0,3.6931818181818183,88000000,2.810808872804378,2473511.8080678526,-0.8823729453774405,-776488.1919321476,STD,RFA
8477527,Ross Johnston,LW,2024,43,0.0,0.0,1.0,4.0,-3.56,-0.61,-0.01,0.0,-1.63,1100000.0,1.25,88000000,0.36467648095502625,320915.3032404231,-0.8853235190449738,-779084.6967595768,STD,UFA
8481656,Aliaksei Protas,C,2024,76,0.55,0.59,6.0,29.0,6.84,-5.52,0.24,0.0,1.08,3375000.0,3.835227272727273,88000000,2.937405419594599,2584916.7692432473,-0.8978218531326738,-790083.2307567529,STD,RFA
8482964,Arber Xhekaj,D,2024,70,-0.02,-0.02,3.0,10.0,4.49,-4.48,-0.04,0.0,-2.87,828333.0,0.9412874999999999,88000000,0.028570831281493625,25142.33152771439,-0.9127166687185063,-803190.6684722855,ELC,
8481477,Nico Sturm,C,2024,61,0.06,0.08,5.0,13.0,3.66,-2.02,-0.05,0.0,0.29,2000000.0,2.272727272727273,88000000,1.3526343769723486,1190318.2517356668,-0.9200928957549244,-809681.7482643335,STD,UFA
8475235,Nicolas Deslauriers,LW,2024,31,0.01,0.03,1.0,4.0,-1.83,0.91,-0.01,-0.0,0.04,1750000.0,1.9886363636363635,88000000,1.0636763973986785,936035.229710837,-0.9249599662376851,-813964.7702891629,STD,UFA
8477948,Travis Sanheim,D,2024,82,0.19,0.19,10.0,44.0,-8.59,-2.42,-0.3,-0.2,-0.31,6250000.0,7.1022727272727275,88000000,6.174086676493355,5433196.275314152,-0.9281860507793729,-816803.7246858481,STD,UFA
8479998,Mikey Anderson,D,2024,77,0.22,0.23,2.0,18.0,-10.75,3.64,-0.08,-0.32,-0.19,4125000.0,4.6875,88000000,3.74771914353874,3297992.8463140912,-0.93978085646126,-827007.1536859089,STD,RFA
8483505,Matthew Poitras,C,2024,33,0.02,0.05,5.0,15.0,0.46,0.58,-0.45,0.0,1.44,870000.0,0.9886363636363635,88000000,0.03566329295353299,31383.69779910903,-0.9529730706828305,-838616.302200891,ELC,
8479420,Tage Thompson,C,2024,76,0.19,0.2,29.0,56.0,29.15,-0.59,0.88,0.0,-0.08,7142857.0,8.116882954545455,88000000,7.163254118571084,6303663.624342554,-0.9536288359743708,-839193.3756574462,STD,RFA
8473422,Nick Foligno,LW,2024,78,0.37,0.39,17.0,37.0,3.96,-6.29,-0.12,0.02,-0.28,4500000.0,5.113636363636364,88000000,4.145890815676408,3648383.9177952386,-0.9677455479599564,-851616.0822047616,STD,UFA
8475314,Anders Lee,LW,2024,82,0.41,0.41,20.0,37.0,4.04,-0.25,0.73,0.0,-0.76,7000000.0,7.954545454545454,88000000,6.983120064296029,6145145.656580506,-0.9714253902494248,-854854.3434194938,STD,UFA
8476460,Mark Scheifele,C,2024,82,0.57,0.57,25.0,72.0,12.9,-6.55,2.41,-0.01,1.5,8500000.0,9.659090909090908,88000000,8.683101760705165,7641129.549420546,-0.975989148385743,-858870.4505794538,STD,UFA
8476438,Brandon Saad,LW,2024,72,0.12,0.14,26.0,42.0,6.53,2.32,-0.41,0.06,1.39,4500000.0,5.113636363636364,88000000,4.135997497465912,3639677.7977700024,-0.9776388661704525,-860322.2022299982,STD,UFA
8479398,Samuel Girard,D,2024,73,0.15,0.17,3.0,18.0,8.89,-8.23,-0.82,0.02,0.62,5000000.0,5.681818181818182,88000000,4.702578495453286,4138269.075998892,-0.9792396863648953,-861730.9240011078,STD,RFA
8480835,Jack Drury,C,2024,72,0.14,0.16,8.0,27.0,-6.01,3.08,-0.06,0.0,-1.02,925000.0,1.0511363636363635,88000000,0.0679738599110209,59816.996721698386,-0.9831625037253426,-865183.0032783014,ELC,
8478443,Brandon Carlo,D,2024,83,0.44,0.43,4.0,14.0,0.35,1.12,-0.04,0.12,-1.41,4100000.0,4.659090909090909,88000000,3.6658419923082644,3225940.9532312728,-0.9932489167826448,-874059.0467687275,STD,RFA
8479980,Nicolas Hague,D,2024,68,0.23,0.28,2.0,12.0,-0.89,-5.6,-0.02,0.04,-0.13,2294150.0,2.6069886363636363,88000000,1.6093916432359343,1416264.6460476222,-0.997596993127702,-877885.3539523778,STD,RFA
8481711,Matias Maccelli,LW,2024,55,0.09,0.13,17.0,57.0,7.26,0.89,0.24,-0.0,0.48,3425000.0,3.892045454545454,88000000,2.855287744045503,2512653.2147600427,-1.036757710499951,-912346.7852399569,STD,RFA
8475279,Ben Chiarot,D,2024,81,-0.77,-0.78,5.0,20.0,-10.23,0.06,0.21,-0.04,-1.21,4750000.0,5.3977272727272725,88000000,4.359915086822772,3836725.2764040395,-1.0378121859045004,-913274.7235959604,STD,UFA
8478882,Vladislav Gavrikov,D,2024,82,0.33,0.33,6.0,23.0,8.92,-1.84,-0.12,-0.22,-1.01,5875000.0,6.676136363636363,88000000,5.621588997169178,4946998.317508876,-1.054547366467185,-928001.6824911229,STD,UFA
8476902,Esa Lindell,D,2024,80,0.89,0.91,5.0,26.0,3.33,-1.62,0.04,-0.14,0.84,5800000.0,6.59090909090909,88000000,5.526126847412536,4862991.625723031,-1.0647822434965537,-937008.3742769673,STD,RFA
8480036,Miro Heiskanen,D,2024,50,0.12,0.2,9.0,54.0,14.3,-0.05,-2.67,0.05,0.74,8450000.0,9.602272727272727,88000000,8.529365123820062,7505841.308961655,-1.0729076034526646,-944158.6910383449,STD,RFA
8476467,Jamie Oleksiak,D,2024,82,0.17,0.17,2.0,15.0,-17.59,-0.02,-0.1,-0.33,0.28,4600000.0,5.227272727272727,88000000,4.146958762415112,3649323.7109252987,-1.0803139648576146,-950676.2890747008,STD,UFA
8477942,Kevin Fiala,C,2024,81,0.37,0.37,29.0,73.0,23.46,-5.5,1.65,-0.0,-0.23,7875000.0,8.948863636363637,88000000,7.86716422712645,6923104.519871276,-1.0816994092371868,-951895.4801287242,STD,RFA
8483482,Tristan Luneau,D,2024,6,0.02,0.27,1.0,3.0,-0.04,-1.39,-0.04,0.0,-0.15,865000.0,0.9829545454545455,88000000,-0.09935367455509336,-87431.23360848216,-1.0823082200096388,-952431.2336084822,ELC,
8478864,Kirill Kaprizov,LW,2024,41,0.85,1.7,46.0,96.0,5.58,-4.46,2.15,0.0,0.68,9000000.0,10.227272727272728,88000000,9.140333816989708,8043493.758950943,-1.0869389102830205,-956506.241049058,STD,RFA
8471817,Ryan Reaves,RW,2024,35,0.01,0.02,4.0,6.0,-3.3,-1.16,-0.01,0.0,-0.12,1350000.0,1.5340909090909092,88000000,0.4381136581077776,385540.0191348443,-1.0959772509831316,-964459.9808651558,STD,UFA
8475191,Reilly Smith,RW,2024,79,0.24,0.25,13.0,40.0,8.69,-5.28,0.02,0.24,-0.63,5000000.0,5.681818181818182,88000000,4.584189651898926,4034086.893671055,-1.0976285299192554,-965913.1063289448,STD,UFA
8478508,Yakov Trenin,C,2024,76,0.06,0.06,12.0,17.0,-13.28,1.71,0.06,0.05,0.18,1700000.0,1.9318181818181817,88000000,0.8327497161125361,732819.7501790317,-1.0990684657056455,-967180.249820968,STD,RFA
8480289,Morgan Barron,C,2024,74,0.14,0.16,11.0,18.0,-3.09,1.78,-0.06,0.0,0.82,1350000.0,1.5340909090909092,88000000,0.4322930013637212,380417.84120007465,-1.101797907727188,-969582.1587999255,STD,RFA
8477946,Dylan Larkin,C,2024,82,0.48,0.48,33.0,69.0,11.18,-1.47,2.93,-0.02,1.32,8700000.0,9.886363636363637,88000000,8.779768183851546,7726196.001789361,-1.1065954525120905,-973803.9982106396,STD,UFA
8477500,Bo Horvat,C,2024,81,-0.17,-0.17,33.0,68.0,23.41,2.45,-1.93,-0.09,0.81,8500000.0,9.659090909090908,88000000,8.551169673769342,7525029.312917021,-1.107921235321566,-974970.6870829781,STD,UFA
8477964,Ivan Barbashev,C,2024,70,0.1,0.12,19.0,45.0,7.27,8.84,0.01,0.0,1.41,5000000.0,5.681818181818182,88000000,4.57238027523511,4023694.6422068966,-1.1094379065830715,-976305.357793103,STD,UFA
8478057,Dakota Joshua,LW,2024,57,0.08,0.12,18.0,32.0,-7.82,-0.46,-0.11,0.0,-0.54,3250000.0,3.6931818181818183,88000000,2.5793726021105208,2269847.889857258,-1.1138092160712976,-980152.1101427419,STD,UFA
8475718,Justin Holl,D,2024,73,0.14,0.16,0.0,5.0,15.28,-1.56,-0.01,0.06,-0.65,3400000.0,3.8636363636363633,88000000,2.742454026048854,2413359.542922992,-1.1211823375875092,-986640.4570770081,STD,UFA
8476854,Hampus Lindholm,D,2024,17,0.08,0.39,3.0,26.0,1.71,1.22,-0.05,0.06,0.24,6500000.0,7.386363636363637,88000000,6.264835985090373,5513055.666879529,-1.1215276512732633,-986944.3331204717,STD,UFA
8478569,Noel Acciari,C,2024,79,0.21,0.22,4.0,7.0,-6.1,-1.2,-0.02,-0.23,1.9,2000000.0,2.272727272727273,88000000,1.144054875003805,1006768.2900033485,-1.1286723977234678,-993231.7099966517,STD,UFA
8477365,Connor Clifton,D,2024,73,0.18,0.2,4.0,18.0,-1.15,-2.95,-0.01,0.11,-1.65,3333333.0,3.7878784090909092,88000000,2.6520593264578345,2333812.2072828943,-1.1358190826330747,-999520.7927171058,STD,UFA
8477450,Jason Dickinson,C,2024,59,-0.09,-0.13,22.0,35.0,-8.83,-0.65,-0.04,-0.13,0.68,4250000.0,4.829545454545454,88000000,3.691109160058158,3248176.0608511786,-1.1384362944872963,-1001823.9391488207,STD,UFA
8473446,Erik Johnson,D,2024,36,0.11,0.25,5.0,6.0,3.69,0.01,-0.0,-0.04,-0.58,3250000.0,3.6931818181818183,88000000,2.5436758664048043,2238434.762436228,-1.149505951777014,-1011565.2375637725,STD,UFA
8479336,Carl Grundstrom,LW,2024,55,0.04,0.06,8.0,12.0,-7.59,1.38,-0.04,-0.0,-0.75,1300000.0,1.4772727272727273,88000000,0.28877292559052314,254120.17451966036,-1.1884998016822041,-1045879.8254803396,STD,RFA
8477479,Tyler Bertuzzi,LW,2024,82,0.45,0.45,21.0,43.0,-7.44,-0.83,2.21,0.0,1.43,5500000.0,6.25,88000000,5.045239047320182,4439810.36164176,-1.204760952679818,-1060189.6383582398,STD,UFA
8476448,William Karlsson,C,2024,53,0.33,0.51,30.0,60.0,4.36,0.52,0.61,0.12,1.19,5900000.0,6.704545454545455,88000000,5.481992194640158,4824153.131283339,-1.2225532599052968,-1075846.8687166611,STD,RFA
8476892,Colton Parayko,D,2024,64,0.09,0.12,10.0,26.0,5.05,8.2,-0.47,-0.01,0.45,6500000.0,7.386363636363637,88000000,6.148834697135177,5410974.533478956,-1.2375289392284596,-1089025.4665210445,STD,UFA
8480172,Jan Rutta,D,2024,54,0.04,0.06,5.0,19.0,-5.19,-2.75,-0.01,-0.01,-1.36,2750000.0,3.125,88000000,1.8844097651584946,1658280.5933394753,-1.2405902348415054,-1091719.4066605247,STD,UFA
8476887,Filip Forsberg,C,2024,82,0.55,0.55,48.0,94.0,14.47,-5.87,1.99,0.0,1.64,8500000.0,9.659090909090908,88000000,8.409213984717942,7400108.306551789,-1.2498769243729662,-1099891.6934482101,STD,UFA
8483489,Fraser Minten,C,2024,21,0.03,0.12,0.0,0.0,-2.2,-0.62,0.24,0.0,-0.12,816666.0,0.9280295454545454,88000000,-0.3250670424693265,-286058.99737300735,-1.253096587923872,-1102724.9973730072,ELC,
8477845,Trevor van Riemsdyk,D,2024,82,0.6,0.6,0.0,14.0,-6.9,7.96,-0.06,-0.07,-1.09,3000000.0,3.4090909090909087,88000000,2.1375549944823664,1881048.3951444824,-1.2715359146085423,-1118951.6048555174,STD,UFA
8474151,Ryan McDonagh,D,2024,82,0.36,0.36,3.0,32.0,2.34,6.79,-0.23,0.08,-1.05,6750000.0,7.670454545454546,88000000,6.380783550739698,5615089.524650934,-1.2896709947148475,-1134910.4753490658,STD,UFA
8480078,Filip Chytil,C,2024,56,-0.01,-0.01,0.0,6.0,6.52,-5.31,0.25,-0.0,1.51,4437500.0,5.042613636363636,88000000,3.737139878425957,3288683.093014842,-1.305473757937679,-1148816.9069851574,STD,RFA
8476429,Scott Mayfield,D,2024,66,-0.06,-0.07,0.0,5.0,2.74,0.64,-0.03,-0.0,0.04,3500000.0,3.977272727272727,88000000,2.666577439270432,2346588.1465579798,-1.3106952880022953,-1153411.85344202,STD,UFA
8481556,John Beecher,C,2024,78,0.0,0.0,7.0,10.0,-5.07,-0.02,0.02,0.0,-0.01,925000.0,1.0511363636363635,88000000,-0.2738488014069933,-240986.94523815412,-1.3249851650433568,-1165986.945238154,ELC,
8480873,Rasmus Sandin,D,2024,82,0.17,0.17,3.0,23.0,3.41,4.94,-0.26,0.01,0.46,4600000.0,5.227272727272727,88000000,3.8972545051114054,3429583.964498037,-1.3300182221613213,-1170416.0355019628,STD,RFA
8480887,Jordan Harris,D,2024,33,0.06,0.15,3.0,14.0,-2.83,-2.01,-0.05,0.0,0.24,1400000.0,1.5909090909090908,88000000,0.25506529557889834,224457.46010943057,-1.3358437953301925,-1175542.5398905694,STD,RFA
8480018,Nick Suzuki,C,2024,82,0.28,0.28,33.0,77.0,13.47,0.37,1.18,0.04,1.66,7875000.0,8.948863636363637,88000000,7.592620944104167,6681506.430811667,-1.3562426922594693,-1193493.569188333,STD,RFA
8477416,Oliver Bjorkstrand,RW,2024,79,0.36,0.37,20.0,59.0,6.09,5.87,1.14,0.0,0.39,5400000.0,6.136363636363637,88000000,4.775028412675647,4202025.003154569,-1.3613352236879894,-1197974.9968454307,STD,RFA
8480144,David Kampf,C,2024,59,0.17,0.24,8.0,19.0,-5.02,-0.52,-0.04,0.01,0.13,2400000.0,2.727272727272727,88000000,1.3580807916599191,1195111.0966607288,-1.369191935612808,-1204888.903339271,STD,UFA
8480185,Eetu Luostarinen,C,2024,80,0.35,0.36,12.0,27.0,-10.02,0.19,-0.51,-0.08,0.23,3000000.0,3.4090909090909087,88000000,2.0090674081739888,1767979.31919311,-1.40002350091692,-1232020.6808068897,STD,RFA
8482095,Tyler Kleven,D,2024,79,0.19,0.2,0.0,1.0,-1.81,0.82,-0.09,0.0,0.21,916667.0,1.0416670454545454,88000000,-0.38692610223732693,-340494.9699688477,-1.4285931476918723,-1257161.9699688477,ELC,
8477953,Kasperi Kapanen,C,2024,67,0.09,0.11,6.0,22.0,-1.9,-3.1,-0.3,-0.01,0.83,3200000.0,3.6363636363636362,88000000,2.188519466355231,1925897.1303926033,-1.447844170008405,-1274102.8696073964,STD,RFA
8475455,Brenden Dillon,D,2024,82,-0.22,-0.22,8.0,20.0,3.94,-5.48,-0.12,0.19,-2.27,3900000.0,4.431818181818182,88000000,2.981149112924532,2623411.2193735885,-1.4506690688936494,-1276588.7806264115,STD,UFA
8478500,Ivan Provorov,D,2024,82,0.05,0.05,5.0,32.0,9.83,-14.78,-0.45,-0.3,0.35,6750000.0,7.670454545454546,88000000,6.20792897431514,5462977.497397323,-1.4625255711394063,-1287022.5026026776,STD,RFA
8477940,Nikolaj Ehlers,LW,2024,69,0.75,0.89,25.0,61.0,-2.1,-4.85,4.19,0.0,2.75,6000000.0,6.8181818181818175,88000000,5.3449672391427665,4703571.170445634,-1.473214579039051,-1296428.829554365,STD,RFA
8476312,Josh Manson,D,2024,48,0.02,0.03,8.0,25.0,-2.3,-5.14,-0.02,0.02,-0.35,4500000.0,5.113636363636364,88000000,3.599014683579421,3167132.9215498907,-1.5146216800569432,-1332867.07845011,STD,UFA
8476853,Morgan Rielly,D,2024,82,-0.05,-0.05,7.0,58.0,4.29,-3.8,-1.29,0.0,-0.36,7500000.0,8.522727272727272,88000000,6.995556224220136,6156089.477313721,-1.5271710485071353,-1343910.522686279,STD,UFA
8478396,Noah Hanifin,D,2024,80,0.35,0.36,13.0,47.0,24.24,-5.36,0.86,0.03,-0.19,7350000.0,8.352272727272728,88000000,6.816962560760603,5998927.053469331,-1.5353101665121258,-1351072.9465306706,STD,UFA
8483808,Andrei Kuzmenko,LW,2024,66,0.23,0.29,22.0,46.0,6.1,-0.09,0.75,0.0,1.72,5500000.0,6.25,88000000,4.6786362969896675,4117199.9413509076,-1.5713637030103325,-1382800.0586490927,STD,UFA
8477493,Aleksander Barkov,C,2024,67,0.45,0.55,23.0,80.0,16.3,3.94,1.0,0.03,0.93,10000000.0,11.363636363636363,88000000,9.78457555375598,8610426.487305261,-1.5790608098803833,-1389573.5126947374,STD,UFA
8476881,Tomas Hertl,C,2024,73,0.88,0.99,17.0,38.0,3.85,-0.9,3.34,0.0,-0.11,8137500.0,9.24715909090909,88000000,7.667530416098208,6747426.7661664225,-1.5796286748108823,-1390073.2338335766,STD,UFA
8479525,Ross Colton,C,2024,61,0.16,0.22,17.0,40.0,-2.03,5.89,0.06,0.0,0.5,4000000.0,4.545454545454546,88000000,2.961832442342498,2606412.549261398,-1.5836221031120479,-1393587.450738602,STD,RFA
8478873,Troy Terry,C,2024,77,0.3,0.32,20.0,54.0,6.9,-2.45,-0.11,-0.0,3.16,7000000.0,7.954545454545454,88000000,6.370084480239948,5605674.342611154,-1.5844609743055065,-1394325.6573888457,STD,RFA
8478038,Devon Toews,D,2024,76,-0.04,-0.04,12.0,50.0,12.1,-12.9,-1.0,-0.05,0.17,7250000.0,8.238636363636363,88000000,6.651130188128098,5852994.565552727,-1.5875061755082651,-1397005.4344472734,STD,UFA
8479999,Casey Mittelstadt,C,2024,81,0.03,0.03,18.0,57.0,-1.76,-3.8,0.29,0.0,-1.11,5750000.0,6.534090909090909,88000000,4.9280519252093296,4336685.69418421,-1.6060389838815796,-1413314.30581579,STD,RFA
8475753,Justin Faulk,D,2024,78,-0.13,-0.14,2.0,30.0,-8.97,26.57,-0.43,-0.02,-1.55,6500000.0,7.386363636363637,88000000,5.777309837546747,5084032.657041137,-1.6090537988168894,-1415967.3429588624,STD,UFA
8483460,David Jiricek,D,2024,12,0.02,0.14,1.0,10.0,-0.28,-0.14,-0.08,0.0,-0.14,918333.0,1.0435602272727273,88000000,-0.5720922086262643,-503441.1435911126,-1.6156524358989917,-1421774.1435911127,ELC,
8475218,Mattias Ekholm,D,2024,64,0.31,0.4,11.0,45.0,11.26,4.3,0.25,-0.04,-1.09,6250000.0,7.1022727272727275,88000000,5.475427980634636,4818376.62295848,-1.626844746638091,-1431623.3770415203,STD,UFA
8478402,Connor McDavid,C,2024,66,1.9,2.36,32.0,132.0,16.05,0.13,5.33,0.02,2.14,12500000.0,14.204545454545455,88000000,12.569874534114208,11061489.590020504,-1.6346709204312475,-1438510.4099794978,STD,RFA
8475690,Christopher Tanev,D,2024,74,0.38,0.42,2.0,19.0,2.87,-9.34,-0.05,-0.26,-0.24,4500000.0,5.113636363636364,88000000,3.4738309372062144,3056971.224741469,-1.6398054264301498,-1443028.775258532,STD,UFA
8482245,Artem Zub,D,2024,56,0.05,0.07,5.0,25.0,2.5,6.13,-0.12,0.11,-0.81,4600000.0,5.227272727272727,88000000,3.5838716949466107,3153807.0915530175,-1.643401032326116,-1446192.908446982,STD,UFA
8475791,Taylor Hall,LW,2024,77,0.13,0.14,2.0,4.0,4.29,-3.06,0.8,0.0,-0.3,6000000.0,6.8181818181818175,88000000,5.1738915523932985,4553024.566106102,-1.644290265788519,-1446975.4338938966,STD,UFA
8475913,Mark Stone,RW,2024,66,0.82,1.02,16.0,53.0,10.28,0.66,3.37,0.14,1.08,9500000.0,10.795454545454545,88000000,9.121065831280562,8026537.931526896,-1.6743887141739826,-1473462.0684731049,STD,UFA
8475220,Marcus Foligno,LW,2024,77,0.08,0.09,10.0,22.0,-5.94,5.29,-0.24,0.01,-0.64,4000000.0,4.545454545454546,88000000,2.8567741002547553,2513961.208224185,-1.6886804451997905,-1486038.7917758157,STD,UFA
8481541,Samuel Bolduc,D,2024,1,0.0,0.0,2.0,5.0,-0.03,0.04,-0.0,0.0,0.0,800000.0,0.9090909090909091,88000000,-0.7873253757843877,-692846.3306902611,-1.6964162848752968,-1492846.3306902612,STD,RFA
8478474,Lawson Crouse,LW,2024,81,-0.09,-0.09,23.0,42.0,-1.87,1.14,-0.91,-0.09,-0.14,4300000.0,4.886363636363637,88000000,3.1583249969443283,2779325.997311009,-1.7280386394193084,-1520674.0026889914,STD,RFA
8477903,Garnet Hathaway,RW,2024,67,0.31,0.38,7.0,17.0,-0.78,-2.57,-0.08,0.13,1.51,2375000.0,2.6988636363636362,88000000,0.9310198754783983,819297.4904209904,-1.767843760885238,-1555702.5095790094,STD,UFA
8482105,Jake Sanderson,D,2024,80,-0.24,-0.25,10.0,38.0,20.82,-7.25,0.64,0.01,0.53,8050000.0,9.147727272727273,88000000,7.3526754122361435,6470354.362767806,-1.7950518604911299,-1579645.6372321944,STD,RFA
8478472,Mathieu Joseph,RW,2024,60,0.11,0.15,11.0,35.0,-4.68,-3.06,-0.04,0.02,0.3,2950000.0,3.3522727272727275,88000000,1.545900290098773,1360392.2552869204,-1.8063724371739545,-1589607.7447130799,STD,RFA
8482088,Justin Sourdif,RW,2024,1,0.0,0.0,0.0,0.0,0.06,0.14,-0.0,0.0,0.0,847500.0,0.9630681818181818,88000000,-0.8639372337782056,-760264.765724821,-1.8270054155963873,-1607764.765724821,ELC,
8478460,Zach Werenski,D,2024,81,0.37,0.37,11.0,57.0,6.66,-5.72,0.31,0.05,0.57,9583333.0,10.890151136363636,88000000,9.048726234517082,7962879.086375033,-1.8414249018465547,-1620453.913624968,STD,RFA
8477073,Kurtis MacDermid,LW,2024,23,0.0,0.0,2.0,3.0,-2.37,0.35,-0.02,0.0,-0.66,1150000.0,1.3068181818181817,88000000,-0.5357759591650719,-471482.8440652633,-1.8425941409832536,-1621482.8440652632,STD,UFA
8481624,Ilya Mikheyev,RW,2024,80,0.44,0.45,11.0,31.0,-0.39,0.92,-0.22,0.08,-0.28,4750000.0,5.3977272727272725,88000000,3.537573708207102,3113064.86322225,-1.8601535645201706,-1636935.1367777502,STD,UFA
8479337,Alex DeBrincat,RW,2024,82,1.3,1.3,27.0,67.0,10.86,3.9,4.77,-0.0,2.48,7875000.0,8.948863636363637,88000000,7.072980479241059,6224222.821732132,-1.875883157122578,-1650777.1782678685,STD,RFA
8480145,Neal Pionk,D,2024,69,-0.05,-0.06,5.0,33.0,4.52,5.78,1.09,-0.19,-1.76,5875000.0,6.676136363636363,88000000,4.779131878471416,4205636.053054846,-1.8970044851649472,-1669363.9469451534,STD,RFA
8477444,Andre Burakovsky,LW,2024,79,0.15,0.16,7.0,16.0,-8.11,-1.54,0.35,0.0,1.4,5500000.0,6.25,88000000,4.332494904731055,3812595.5161633287,-1.917505095268945,-1687404.4838366716,STD,UFA
8476923,Damon Severson,D,2024,70,0.01,0.01,9.0,28.0,15.7,-6.4,-0.56,0.17,-1.62,6250000.0,7.1022727272727275,88000000,5.120673629576958,4506192.794027722,-1.9815990976957698,-1743807.2059722773,STD,UFA
8478519,Anthony Cirelli,C,2024,80,0.34,0.35,20.0,45.0,-1.45,-2.87,0.26,-0.07,1.81,6250000.0,7.1022727272727275,88000000,5.114259329314203,4500548.2097964985,-1.9880133979585244,-1749451.7902035015,STD,RFA
8478585,Derek Ryan,C,2024,36,0.04,0.09,5.0,12.0,-1.9,1.03,-0.0,0.0,-0.45,900000.0,1.0227272727272727,88000000,-0.9782212061219067,-860834.6613872779,-2.000948478849179,-1760834.6613872775,STD,UFA
8481789,Tye Kartye,LW,2024,63,0.08,0.1,11.0,20.0,1.12,0.82,-0.06,0.0,0.45,859167.0,0.9763261363636363,88000000,-1.0336527492338377,-909614.4193257771,-2.009978885597474,-1768781.419325777,ELC,
8478463,Anthony Beauvillier,C,2024,81,0.16,0.16,5.0,17.0,-5.84,4.21,0.25,0.0,1.72,4150000.0,4.715909090909091,88000000,2.6737484211877387,2352898.61064521,-2.042160669721352,-1797101.3893547899,STD,RFA
8479410,Mikhail Sergachev,D,2024,77,0.15,0.16,2.0,19.0,16.33,6.77,-0.32,-0.15,-1.68,8500000.0,9.659090909090908,88000000,7.609931053451968,6696739.327037732,-2.0491598556389405,-1803260.6729622679,STD,RFA
8476624,Barclay Goodrow,C,2024,76,0.17,0.18,4.0,12.0,-9.38,-9.94,-0.54,0.28,-1.5,3641667.0,4.1382579545454545,88000000,2.0773745661710876,1828089.618230557,-2.060883388374367,-1813577.381769443,STD,UFA
8479407,Jesper Bratt,LW,2024,81,0.54,0.55,27.0,83.0,16.05,2.99,1.63,-0.03,1.13,7875000.0,8.948863636363637,88000000,6.8736719830478545,6048831.345082113,-2.075191653315782,-1826168.6549178883,STD,RFA
8474166,Alec Martinez,D,2024,44,0.15,0.28,4.0,17.0,2.41,2.32,-0.4,0.03,-0.36,5250000.0,5.965909090909091,88000000,3.884399195259782,3418271.291828608,-2.081509895649309,-1831728.7081713919,STD,UFA
8481559,Jack Hughes,C,2024,62,0.6,0.79,27.0,74.0,14.16,2.81,1.68,0.02,1.6,8000000.0,9.090909090909092,88000000,6.970256193950286,6133825.450676252,-2.1206528969588057,-1866174.549323749,STD,RFA
8476822,Luke Glendening,C,2024,77,0.13,0.14,10.0,11.0,-10.92,-2.07,-0.02,-0.16,0.49,800000.0,0.9090909090909091,88000000,-1.2399010668429078,-1091112.9388217588,-2.148991975933817,-1891112.9388217588,STD,UFA
8480801,Brady Tkachuk,LW,2024,72,0.93,1.06,37.0,74.0,-1.47,4.47,2.63,0.0,-1.29,8223565.0,9.344960227272727,88000000,7.182068404218663,6320220.195712423,-2.162891823054064,-1903344.8042875766,STD,RFA
8480113,Alex Iafallo,LW,2024,82,0.06,0.06,11.0,27.0,5.83,2.24,1.64,-0.21,0.37,4000000.0,4.545454545454546,88000000,2.3656114477760823,2081738.0740429524,-2.1798430976784635,-1918261.925957048,STD,UFA
8480015,Owen Tippett,RW,2024,77,-0.06,-0.06,28.0,53.0,10.8,1.96,-0.57,-0.0,0.74,6200000.0,7.045454545454545,88000000,4.855574703657277,4272905.739218404,-2.189879841797268,-1927094.2607815957,STD,RFA
8477511,Anthony Mantha,RW,2024,13,-0.03,-0.19,23.0,44.0,0.45,0.41,-0.16,0.0,-0.31,5700000.0,6.4772727272727275,88000000,4.284848732698663,3770666.884774823,-2.1924239945740647,-1929333.115225177,STD,RFA
8473986,Alex Killorn,LW,2024,82,-0.57,-0.57,18.0,36.0,0.08,-1.08,-1.87,0.08,-0.25,6250000.0,7.1022727272727275,88000000,4.88613636318428,4299799.999602166,-2.216136364088448,-1950200.0003978342,STD,UFA
8477492,Nathan MacKinnon,C,2024,79,1.13,1.17,51.0,140.0,27.11,-4.47,4.12,-0.0,2.2,12600000.0,14.318181818181818,88000000,12.075038131614955,10626033.55582116,-2.2431436865668637,-1973966.44417884,STD,UFA
8477989,Christian Dvorak,C,2024,82,-0.09,-0.09,5.0,9.0,1.71,0.3,0.28,-0.12,0.74,4450000.0,5.056818181818182,88000000,2.798661946781566,2462822.513167778,-2.2581562350366156,-1987177.4868322217,STD,RFA
8479293,Brandon Tanev,LW,2024,79,0.25,0.26,7.0,16.0,-1.65,-0.48,-0.08,0.05,0.87,3500000.0,3.977272727272727,88000000,1.7149023576854727,1509114.0747632158,-2.2623703695872543,-1990885.9252367837,STD,UFA
8476461,Sean Couturier,C,2024,79,0.1,0.1,11.0,38.0,6.64,-4.43,-0.52,-0.04,-0.26,7750000.0,8.806818181818182,88000000,6.52768910085585,5744366.408753148,-2.2791290809623312,-2005633.5912468515,STD,UFA
8478449,Roope Hintz,C,2024,75,1.0,1.09,30.0,65.0,10.93,-10.28,3.12,0.12,0.75,8450000.0,9.602272727272727,88000000,7.312959802440558,6435404.626147691,-2.289312924832169,-2014595.3738523086,STD,RFA
8474673,TJ Brodie,D,2024,54,0.19,0.29,1.0,26.0,1.96,1.98,-0.04,-0.02,-0.86,5000000.0,5.681818181818182,88000000,3.390908264832534,2983999.2730526305,-2.2909099169856475,-2016000.7269473698,STD,UFA
8476960,Andreas Athanasiou,C,2024,8,0.01,0.1,2.0,9.0,-0.62,-0.63,-0.01,-0.0,0.01,4250000.0,4.829545454545454,88000000,2.5317852351099166,2227971.006896727,-2.2977602194355375,-2022028.993103273,STD,UFA
8479661,Tanner Jeannot,LW,2024,66,0.02,0.02,7.0,14.0,-4.7,-0.65,-0.07,-0.0,-0.88,2665000.0,3.028409090909091,88000000,0.6283246545825723,552925.6960326636,-2.4000844363265186,-2112074.303967336,STD,RFA
8475848,Brendan Gallagher,RW,2024,82,0.08,0.08,16.0,31.0,8.31,-2.15,0.26,-0.0,0.38,6500000.0,7.386363636363637,88000000,4.9827045848548455,4384780.034672264,-2.4036590515087912,-2115219.9653277365,STD,UFA
8478427,Sebastian Aho,C,2024,79,1.02,1.06,36.0,89.0,13.8,-0.53,1.57,0.26,0.12,9750000.0,11.079545454545455,88000000,8.67441801002334,7633487.848820539,-2.4051274445221154,-2116512.1511794613,STD,UFA
8480027,Jason Robertson,LW,2024,82,0.29,0.29,29.0,80.0,12.04,11.13,0.25,0.0,2.14,7750000.0,8.806818181818182,88000000,6.38495216492298,5618757.905132223,-2.4218660168952013,-2131242.094867777,STD,RFA
8476917,Adam Pelech,D,2024,60,0.19,0.26,1.0,16.0,-7.78,-2.78,-0.15,-0.1,-1.13,5750000.0,6.534090909090909,88000000,4.0793252158565885,3589806.189953798,-2.4547656932343207,-2160193.810046202,STD,RFA
8475166,John Tavares,C,2024,75,0.83,0.91,29.0,65.0,8.45,3.92,1.58,0.0,-1.11,11000000.0,12.5,88000000,10.036519747613438,8832137.377899826,-2.463480252386562,-2167862.6221001744,STD,UFA
8479314,Matthew Tkachuk,LW,2024,52,1.08,1.7,26.0,88.0,11.8,-1.51,3.83,-0.0,0.17,9500000.0,10.795454545454545,88000000,8.331923725757663,7332092.878666744,-2.4635308196968815,-2167907.121333256,STD,RFA
8477435,Ryan Graves,D,2024,61,0.24,0.32,3.0,14.0,1.38,5.66,-0.01,0.0,0.68,4500000.0,5.113636363636364,88000000,2.647300320863348,2329624.2823597463,-2.4663360427730163,-2170375.717640254,STD,UFA
8480829,Jesperi Kotkaniemi,C,2024,78,-0.1,-0.11,12.0,27.0,11.24,-0.94,-0.91,0.0,-0.82,4820000.0,5.4772727272727275,88000000,3.0013813827270486,2641215.6167998025,-2.475891344545679,-2178784.3832001975,STD,RFA
8476826,Yanni Gourde,C,2024,57,0.3,0.43,11.0,33.0,-6.17,4.74,0.13,0.03,-0.17,5166667.0,5.8712124999999995,88000000,3.326217061086485,2927071.013756107,-2.5449954389135145,-2239595.986243893,STD,UFA
8476292,Ondrej Palat,LW,2024,77,0.11,0.12,11.0,31.0,0.11,-8.48,-0.36,0.08,2.06,6000000.0,6.8181818181818175,88000000,4.251541688815182,3741356.6861573607,-2.566640129366635,-2258643.3138426393,STD,UFA
8478483,Mitchell Marner,RW,2024,81,1.16,1.17,26.0,85.0,11.18,1.12,4.3,0.32,2.19,10901333.0,12.38787840909091,88000000,9.810055211609436,8632848.586216304,-2.5778231974814734,-2268484.4137836965,STD,RFA
8480434,Sean Durzi,D,2024,30,0.05,0.14,9.0,41.0,5.66,-0.54,-0.31,0.0,-0.4,6000000.0,6.8181818181818175,88000000,4.232786251667681,3724851.9014675594,-2.585395566514136,-2275148.0985324397,STD,RFA
8478469,Thomas Chabot,D,2024,80,-0.28,-0.29,9.0,30.0,8.82,-5.07,-1.07,0.11,-0.17,8000000.0,9.090909090909092,88000000,6.466456849763061,5690482.027791494,-2.624452241146031,-2309517.9722085074,STD,RFA
8479425,Filip Hronek,D,2024,61,0.08,0.11,5.0,48.0,5.16,-3.43,-0.42,-0.18,-1.43,7250000.0,8.238636363636363,88000000,5.555970895258097,4889254.387827125,-2.682665468378266,-2360745.612172874,STD,RFA
8474565,Alex Pietrangelo,D,2024,71,0.17,0.2,4.0,33.0,11.97,-0.94,-0.58,-0.08,0.29,8800000.0,10.0,88000000,7.301451678255747,6425277.476865057,-2.698548321744253,-2374722.5231349426,STD,UFA
8480797,Joel Farabee,LW,2024,81,0.01,0.01,22.0,50.0,-4.05,8.26,-0.55,0.01,0.56,5000000.0,5.681818181818182,88000000,2.9547548004535944,2600184.224399163,-2.7270633813645873,-2399815.7756008366,STD,RFA
8477429,Andrew Copp,C,2024,56,-0.16,-0.23,13.0,33.0,-2.81,-5.1,0.2,-0.01,0.32,5625000.0,6.392045454545454,88000000,3.6128131665951067,3179275.5866036937,-2.7792322879503475,-2445724.413396306,STD,UFA
8471214,Alex Ovechkin,LW,2024,65,-0.11,-0.14,31.0,65.0,23.09,-9.27,0.68,0.0,-0.47,9500000.0,10.795454545454545,88000000,7.990366395997247,7031522.428477578,-2.8050881494572977,-2468477.5715224217,STD,UFA
8479323,Adam Fox,D,2024,74,0.42,0.47,17.0,73.0,13.2,10.8,0.57,0.06,-0.36,9500000.0,10.795454545454545,88000000,7.975659203015118,7018580.098653303,-2.819795342439427,-2481419.901346696,STD,RFA
8478407,Vince Dunn,D,2024,62,-0.13,-0.17,11.0,46.0,6.83,-8.37,-1.43,0.0,0.25,7350000.0,8.352272727272728,88000000,5.516103917432945,4854171.447340991,-2.8361688098397835,-2495828.5526590096,STD,RFA
8480807,Mattias Samuelsson,D,2024,62,0.11,0.15,1.0,7.0,0.29,2.09,0.38,-0.21,0.22,4285714.0,4.870129545454546,88000000,2.0273579505830117,1784074.9965130503,-2.842771594871534,-2501639.00348695,STD,RFA
8481533,Trevor Zegras,C,2024,57,-0.32,-0.46,6.0,15.0,0.75,-4.02,-0.69,-0.0,-0.5,5750000.0,6.534090909090909,88000000,3.6871718172125068,3244711.199147006,-2.8469190918784024,-2505288.800852994,STD,RFA
8479385,Jordan Kyrou,C,2024,82,0.57,0.57,31.0,67.0,22.87,-6.14,1.6,-0.0,2.3,8125000.0,9.232954545454545,88000000,6.337219003137578,5576752.722761069,-2.8957355423169666,-2548247.2772389306,STD,RFA
8480830,Andrei Svechnikov,RW,2024,72,0.25,0.28,19.0,52.0,0.64,-4.33,1.3,-0.0,-0.62,7750000.0,8.806818181818182,88000000,5.817429627914086,5119338.072564395,-2.989388553904096,-2630661.9274356044,STD,RFA
8481540,Cole Caufield,LW,2024,82,0.21,0.21,28.0,65.0,13.31,-4.74,0.25,0.0,2.31,7850000.0,8.920454545454545,88000000,5.89116448329885,5184224.745302987,-3.0292900621556953,-2665775.254697012,STD,RFA
8480064,Josh Norris,C,2024,56,-0.26,-0.38,16.0,30.0,4.59,-2.87,0.11,-0.05,0.02,7950000.0,9.03409090909091,88000000,5.991267770145219,5272315.637727793,-3.042823138945691,-2677684.362272208,STD,RFA
8477956,David Pastrnak,RW,2024,82,0.28,0.28,47.0,110.0,21.68,-2.13,0.03,-0.0,2.51,11250000.0,12.784090909090908,88000000,9.685947609183247,8523633.896081258,-3.0981432999076617,-2726366.1039187424,STD,UFA
8477495,Seth Jones,D,2024,63,0.23,0.3,8.0,31.0,2.86,-6.99,2.0,-0.1,-0.73,9500000.0,10.795454545454545,88000000,7.694747024992923,6771377.381993772,-3.100707520461622,-2728622.6180062275,STD,UFA
8480023,Robert Thomas,C,2024,70,0.06,0.07,26.0,86.0,7.76,0.93,2.27,-0.01,0.94,8125000.0,9.232954545454545,88000000,6.123318144452087,5388519.967117837,-3.109636401002458,-2736480.032882163,STD,RFA
8478403,Jack Eichel,C,2024,77,0.55,0.59,31.0,68.0,21.96,-14.28,2.3,0.08,2.16,10000000.0,11.363636363636363,88000000,8.250607052859669,7260534.206516509,-3.113029310776694,-2739465.7934834906,STD,RFA
8478416,Erik Cernak,D,2024,75,0.3,0.33,2.0,13.0,-4.49,-2.17,-0.04,-0.05,-0.93,5200000.0,5.909090909090909,88000000,2.7030698765315577,2378701.4913477707,-3.2060210325593514,-2821298.5086522293,STD,RFA
8481528,Dylan Cozens,C,2024,82,-0.04,-0.04,18.0,47.0,-0.49,-2.68,-0.05,-0.01,-1.27,7100000.0,8.068181818181818,88000000,4.858298919811544,4275303.049434159,-3.2098828983702745,-2824696.9505658415,STD,RFA
8478445,Mathew Barzal,C,2024,30,-0.02,-0.05,23.0,80.0,3.96,0.19,-0.2,0.0,0.62,9150000.0,10.397727272727272,88000000,7.155598008743942,6296926.247694669,-3.2421292639833297,-2853073.75230533,STD,RFA
8479400,Pierre Luc Dubois,C,2024,82,0.36,0.36,16.0,40.0,15.78,-0.22,1.3,-0.0,-0.76,8500000.0,9.659090909090908,88000000,6.307317266510333,5550439.194529093,-3.351773642580575,-2949560.805470906,STD,RFA
8473507,Jeff Petry,D,2024,44,-0.02,-0.04,3.0,24.0,1.36,-0.82,0.28,0.08,-0.7,6250000.0,7.1022727272727275,88000000,3.7220102715086636,3275369.0389276235,-3.380262455764064,-2974630.961072376,STD,UFA
8477944,Jakub Vrana,LW,2024,39,0.0,0.0,2.0,6.0,4.57,-2.53,0.67,-0.0,0.07,5250000.0,5.965909090909091,88000000,2.5270915193871435,2223840.5370606864,-3.4388175715219473,-3026159.4629393136,STD,RFA
8479325,Charlie McAvoy,D,2024,50,-0.1,-0.16,12.0,47.0,14.98,-1.78,-1.04,0.18,-1.31,9500000.0,10.795454545454545,88000000,7.329878633134685,6450293.197158522,-3.46557591231986,-3049706.8028414766,STD,RFA
8478099,Kevin Labanc,RW,2024,34,-0.02,-0.05,2.0,9.0,-0.71,0.66,-0.31,0.0,-0.61,4725000.0,5.369318181818182,88000000,1.9004190088235458,1672368.7277647203,-3.468899172994636,-3052631.2722352794,STD,RFA
8474715,Cam Atkinson,RW,2024,39,-0.01,-0.02,13.0,28.0,-2.89,-1.9,-0.33,0.0,0.06,5875000.0,6.676136363636363,88000000,3.1945851676869736,2811234.947564537,-3.4815511959493897,-3063765.052435463,STD,UFA
8476981,Josh Anderson,RW,2024,81,0.02,0.02,9.0,20.0,0.72,0.05,-0.09,0.11,-1.15,5500000.0,6.25,88000000,2.663322834026948,2343724.093943714,-3.586677165973052,-3156275.906056286,STD,RFA
8477220,Nate Schmidt,D,2024,80,0.1,0.1,2.0,14.0,5.37,8.19,0.11,0.02,-0.27,5950000.0,6.761363636363636,88000000,3.1179431476812685,2743789.969959516,-3.6434204886823673,-3206210.0300404835,STD,UFA
8475794,Tyler Seguin,C,2024,20,0.16,0.66,25.0,52.0,5.11,-0.47,0.3,-0.01,-0.11,9850000.0,11.193181818181818,88000000,7.464353788449772,6568631.333835799,-3.728828029732046,-3281368.6661642003,STD,UFA
8477939,William Nylander,C,2024,82,0.47,0.47,40.0,98.0,22.39,-14.82,1.75,0.0,0.8,11500000.0,13.068181818181818,88000000,9.27201139370908,8159370.02646399,-3.796170424472738,-3340629.973536009,STD,UFA
8476885,Jacob Trouba,D,2024,77,0.28,0.3,3.0,22.0,-2.52,-8.62,-0.16,-0.12,-2.09,8000000.0,9.090909090909092,88000000,5.26044163514449,4629188.638927151,-3.8304674557646017,-3370811.3610728495,STD,RFA
8476462,Dougie Hamilton,D,2024,64,0.02,0.03,5.0,16.0,6.79,-1.34,0.64,-0.01,-1.13,9000000.0,10.227272727272728,88000000,6.395783357102028,5628289.354249785,-3.8314893701707007,-3371710.6457502167,STD,UFA
8478414,Timo Meier,RW,2024,80,0.39,0.4,28.0,52.0,11.1,-5.39,1.29,0.0,0.94,8800000.0,10.0,88000000,6.13731777824003,5400839.644851226,-3.86268222175997,-3399160.3551487736,STD,RFA
8478233,Andrew Mangiapane,C,2024,81,0.07,0.07,14.0,40.0,3.77,-3.14,-0.34,0.01,1.21,5800000.0,6.59090909090909,88000000,2.679760253805556,2358189.0233488893,-3.911148837103534,-3441810.97665111,STD,RFA
8474578,Erik Karlsson,D,2024,82,-0.07,-0.07,11.0,56.0,28.28,-7.16,-0.7,0.05,0.01,11500000.0,13.068181818181818,88000000,9.085359825612121,7995116.646538667,-3.982821992569697,-3504883.353461333,STD,UFA
8475763,Kevin Hayes,C,2024,64,-0.09,-0.12,13.0,29.0,3.6,-2.64,-0.18,0.01,0.48,7142857.0,8.116882954545455,88000000,4.0267188189705365,3543512.560694072,-4.090164135574918,-3599344.439305928,STD,UFA
8477498,Darnell Nurse,D,2024,76,-0.22,-0.24,10.0,32.0,-0.28,-7.48,-0.64,-0.04,-1.9,9250000.0,10.511363636363637,88000000,6.378385422816473,5612979.172078497,-4.1329782135471635,-3637020.827921504,STD,UFA
8475200,Dmitry Orlov,D,2024,76,0.79,0.85,6.0,26.0,5.92,-0.96,0.36,0.1,0.28,7750000.0,8.806818181818182,88000000,4.610527027364379,4057263.784080653,-4.196291154453803,-3692736.2159193465,STD,UFA
8476456,Jonathan Huberdeau,LW,2024,81,0.58,0.59,12.0,52.0,-4.61,-0.93,1.61,0.11,1.31,10500000.0,11.931818181818182,88000000,7.725508414162695,6798447.404463171,-4.206309767655487,-3701552.5955368285,STD,UFA
8474563,Drew Doughty,D,2024,30,-0.08,-0.22,15.0,50.0,4.48,2.82,-0.77,-0.07,-1.57,11000000.0,12.5,88000000,8.092881126852804,7121735.391630467,-4.407118873147196,-3878264.608369532,STD,UFA
8471709,Marc Edouard Vlasic,D,2024,27,0.08,0.24,6.0,12.0,-1.94,-0.47,-0.01,0.02,0.07,7000000.0,7.954545454545454,88000000,3.26902385199166,2876740.9897526605,-4.685521602553794,-4123259.0102473386,STD,UFA
8478550,Artemi Panarin,LW,2024,80,0.69,0.71,49.0,120.0,30.26,-2.5,1.61,0.0,0.97,11642857.0,13.230519318181818,88000000,8.498473738404224,7478656.889795717,-4.732045579777594,-4164200.1102042827,STD,UFA
8480839,Rasmus Dahlin,D,2024,73,0.2,0.22,20.0,59.0,10.72,-5.22,0.75,0.0,-0.01,11000000.0,12.5,88000000,7.59883181477632,6686971.997003162,-4.90116818522368,-4313028.002996839,STD,RFA
8482671,Owen Power,D,2024,79,-0.05,-0.05,6.0,33.0,7.39,0.13,-1.25,0.06,-0.03,8350000.0,9.488636363636363,88000000,4.5653914614078825,4017544.486038937,-4.923244902228481,-4332455.513961064,STD,RFA
8479339,Patrik Laine,LW,2024,52,0.25,0.39,6.0,9.0,4.83,-2.22,2.41,-0.0,-0.03,8700000.0,9.886363636363637,88000000,4.92324879654347,4332458.940958254,-4.963114839820166,-4367541.059041747,STD,RFA
8475784,Jeff Skinner,C,2024,72,0.2,0.23,24.0,46.0,10.51,-1.84,-0.47,0.0,1.19,9000000.0,10.227272727272728,88000000,5.22617383183656,4599032.9720161725,-5.001098895436169,-4400967.027983828,STD,UFA
8479318,Auston Matthews,C,2024,67,1.07,1.31,69.0,107.0,9.94,1.14,4.06,0.08,1.27,13250000.0,15.056818181818182,88000000,9.673117836922009,8512343.696491368,-5.383700344896173,-4737656.303508632,STD,UFA
8480012,Elias Pettersson,C,2024,64,0.2,0.26,34.0,89.0,0.97,-3.7,0.94,0.03,2.77,11600000.0,13.18181818181818,88000000,6.501311364963977,5721154.0011682995,-6.680506816854203,-5878845.9988317,STD,RFA
8478427,Sebastian Aho,D,2025,66,0.74,0.92,29.0,74.0,11.05,-1.04,1.1,0.22,0.58,775000.0,0.8115183246073299,95500000,6.637811064312322,6339109.566418267,5.826292739704992,5564109.566418268,STD,UFA
8477950,Tony DeAngelo,D,2025,67,-0.08,-0.1,4.0,19.0,1.14,-5.18,-0.08,0.02,-0.61,775000.0,0.8115183246073299,95500000,5.96452185353653,5696118.370127386,5.1530035289292,4921118.370127386,STD,UFA
8478178,Darren Raddysh,D,2025,58,0.04,0.06,6.0,37.0,12.87,0.11,0.89,0.0,-1.29,975000.0,1.0209424083769634,95500000,5.989936098346044,5720388.973920472,4.968993689969081,4745388.973920473,STD,UFA
8481605,Jackson LaCombe,D,2025,66,-0.31,-0.39,14.0,43.0,3.01,-2.31,-0.88,0.0,0.98,925000.0,0.968586387434555,95500000,5.7081640369358855,5451296.65527377,4.739577649501331,4526296.655273771,STD,RFA
8476454,Ryan Nugent Hopkins,C,2025,57,-0.08,-0.12,20.0,49.0,13.43,0.05,1.72,-0.06,-0.31,5125000.0,5.366492146596859,95500000,9.758452764804934,9319322.390388712,4.391960618208075,4194322.390388712,STD,UFA
8482624,Daniil Miromanov,D,2025,1,0.0,0.0,2.0,9.0,-0.37,-0.11,-0.0,0.0,0.0,1250000.0,1.3089005235602094,95500000,5.606775212029552,5354470.327488222,4.297874688469342,4104470.3274882217,STD,UFA
8475786,Zach Hyman,C,2025,48,0.45,0.77,27.0,44.0,17.1,-2.49,1.45,0.0,0.35,5500000.0,5.7591623036649215,95500000,9.979362540636275,9530291.226307644,4.220200236971354,4030291.226307643,STD,UFA
8481604,Pavel Dorofeyev,LW,2025,67,0.85,1.04,35.0,52.0,14.18,1.38,4.47,0.0,-0.29,1835000.0,1.9214659685863875,95500000,6.127532631838607,5851793.663405869,4.206066663252219,4016793.663405869,STD,RFA
8475906,John Klingberg,D,2025,50,-0.31,-0.51,1.0,4.0,7.43,-2.12,-1.43,-0.0,-0.32,1755056.0,1.8377549738219896,95500000,5.919484181137809,5653107.392986608,4.08172920731582,3898051.392986608,STD,UFA
8484144,Connor Bedard,C,2025,53,0.35,0.54,23.0,67.0,2.54,-5.38,2.01,0.0,-0.82,950000.0,0.9947643979057591,95500000,4.9839088390667765,4759632.941308771,3.9891444411610175,3809632.9413087717,ELC,
8475149,Marcus Johansson,C,2025,60,0.1,0.14,11.0,34.0,7.27,1.27,0.29,-0.04,1.19,800000.0,0.8376963350785341,95500000,4.703089665928241,4491450.63096147,3.865393330849707,3691450.6309614703,STD,UFA
8474141,Patrick Kane,RW,2025,52,0.23,0.36,21.0,59.0,1.48,-0.03,-0.59,0.0,-0.34,3000000.0,3.1413612565445024,95500000,6.9312777723372445,6619370.272582069,3.789916515792742,3619370.2725820686,STD,UFA
8473512,Claude Giroux,C,2025,65,0.17,0.21,15.0,50.0,4.46,0.81,0.11,-0.02,-0.31,2000000.0,2.094240837696335,95500000,5.879333864821218,5614763.840904263,3.785093027124883,3614763.840904264,STD,UFA
8476979,Erik Gustafsson,D,2025,2,0.0,0.0,2.0,18.0,0.03,-0.24,-0.03,0.0,-0.16,2000000.0,2.094240837696335,95500000,5.8636867281638825,5599820.825396508,3.7694458904675474,3599820.8253965075,STD,UFA
8478109,Victor Olofsson,LW,2025,64,0.02,0.03,15.0,29.0,2.0,-0.4,-0.38,0.0,0.5,1075000.0,1.1256544502617802,95500000,4.607509668800345,4400171.7337043295,3.481855218538565,3325171.7337043295,STD,UFA
8480014,Gabriel Vilardi,C,2025,65,0.58,0.73,27.0,61.0,9.14,-2.26,1.66,0.0,2.94,3437500.0,3.599476439790576,95500000,7.047899483530626,6730744.006771748,3.4484230437400503,3293244.006771748,STD,RFA
8481546,Cam York,D,2025,59,0.09,0.13,4.0,17.0,-7.55,0.38,-0.13,0.03,-1.11,1600000.0,1.6753926701570683,95500000,5.102647623723632,4873028.480656069,3.427254953566564,3273028.4806560683,STD,RFA
8475810,Bryan Rust,RW,2025,59,0.75,1.04,31.0,65.0,6.36,-3.5,2.76,0.01,0.56,5125000.0,5.366492146596859,95500000,8.730971619222254,8338077.896357252,3.364479472625395,3213077.8963572523,STD,UFA
8477015,Connor Brown,RW,2025,59,0.15,0.21,13.0,30.0,-4.8,-0.92,-0.05,0.03,0.01,1000000.0,1.0471204188481675,95500000,4.37760308786646,4180610.9489124687,3.3304826690182923,3180610.9489124687,STD,UFA
8478463,Anthony Beauvillier,C,2025,68,0.21,0.25,15.0,25.0,2.75,-4.42,-0.56,0.01,-0.99,1250000.0,1.3089005235602094,95500000,4.626656693736399,4418457.1425182605,3.3177561701761893,3168457.142518261,STD,UFA
8470621,Corey Perry,RW,2025,55,0.4,0.6,19.0,30.0,-2.8,0.36,1.4,0.0,-0.54,1150000.0,1.2041884816753925,95500000,4.51664358924066,4313394.62772483,3.3124551075652677,3163394.627724831,STD,UFA
8475158,Ryan O'Reilly,C,2025,64,0.67,0.86,21.0,53.0,8.53,0.58,2.3,-0.13,0.07,4500000.0,4.712041884816754,95500000,8.014884952185758,7654215.129337399,3.302843067369004,3154215.129337399,STD,UFA
8478854,Ryan Shea,D,2025,66,0.42,0.52,2.0,5.0,7.85,-0.74,-0.19,0.0,0.91,900000.0,0.9424083769633508,95500000,4.175925130889986,3988008.4999999367,3.2335167539266356,3088008.499999937,STD,UFA
8473994,Jamie Benn,LW,2025,44,0.12,0.22,16.0,49.0,5.65,0.53,0.01,-0.0,-1.25,1000000.0,1.0471204188481675,95500000,4.214912322100428,4025241.2676059087,3.167791903252261,3025241.267605909,STD,UFA
8478493,Joel Eriksson Ek,C,2025,61,0.85,1.14,14.0,29.0,1.26,1.11,1.95,-0.16,0.9,5250000.0,5.49738219895288,95500000,8.63150472789904,8243087.0151435835,3.1341225289461603,2993087.015143583,STD,RFA
8475166,John Tavares,C,2025,67,0.49,0.6,38.0,74.0,-2.24,-0.42,0.57,0.0,0.22,4389280.0,4.5961047120418845,95500000,7.723583715825873,7376022.448613709,3.1274790037839884,2986742.448613709,STD,UFA
8477494,Jonathan Drouin,LW,2025,57,-0.06,-0.09,11.0,37.0,-3.29,-1.64,-0.79,0.0,1.03,2500000.0,2.6178010471204187,95500000,5.672868316164829,5417589.241937411,3.05506726904441,2917589.241937412,STD,UFA
8474037,James van Riemsdyk,LW,2025,58,0.24,0.34,16.0,36.0,0.0,-1.2,1.73,0.0,0.3,900000.0,0.9424083769633508,95500000,3.9858348479672756,3806472.279808748,3.043426471003925,2906472.279808748,STD,UFA
8481601,Simon Holmstrom,RW,2025,65,-0.1,-0.13,20.0,45.0,3.87,-3.25,-0.42,0.0,1.39,850000.0,0.8900523560209425,95500000,3.9292737512661144,3752456.4324591393,3.039221395245172,2902456.4324591393,STD,RFA
8482684,Luke Hughes,D,2025,56,0.23,0.34,7.0,44.0,2.2,-3.33,0.26,0.0,-0.61,925000.0,0.968586387434555,95500000,3.963647823596295,3785283.671534462,2.9950614361617403,2860283.671534462,ELC,
8483565,Nick Blankenburg,D,2025,51,0.33,0.53,4.0,16.0,5.46,-0.2,0.63,0.0,0.84,775000.0,0.8115183246073299,95500000,3.764496767673764,3595094.4131284445,2.952978443066434,2820094.4131284445,STD,UFA
8477446,Michael McCarron,RW,2025,64,0.26,0.33,5.0,14.0,-4.39,0.59,-0.04,0.05,-0.51,900000.0,0.9424083769633508,95500000,3.8771661458191478,3702693.669257286,2.934757768855797,2802693.669257286,STD,UFA
8479362,Riley Tufte,LW,2025,4,0.0,0.0,0.0,0.0,0.8,-0.12,0.18,0.0,0.01,775000.0,0.8115183246073299,95500000,3.7312557337362584,3563349.225718127,2.9197374091289285,2788349.225718127,STD,UFA
8477220,Nate Schmidt,D,2025,67,0.25,0.31,5.0,19.0,8.87,1.5,-0.71,0.05,0.08,800000.0,0.8376963350785341,95500000,3.686384388935437,3520497.091433342,2.848688053856903,2720497.091433342,STD,UFA
8475171,Oliver Ekman Larsson,D,2025,64,-0.27,-0.35,4.0,29.0,5.77,-3.62,-1.74,-0.02,-1.45,3500000.0,3.664921465968586,95500000,6.5073923477385005,6214559.692090267,2.8424708817699145,2714559.6920902682,STD,UFA
8476483,Rickard Rakell,C,2025,45,0.44,0.8,35.0,70.0,-2.48,-0.96,0.24,-0.0,1.01,5000000.0,5.2356020942408374,95500000,8.009755672694434,7649316.667423184,2.7741535784535962,2649316.6674231845,STD,UFA
8478458,Jack Roslovic,C,2025,54,0.14,0.21,22.0,39.0,6.68,-1.66,0.98,-0.0,0.84,2800000.0,2.931937172774869,95500000,5.6759854477595315,5420566.102610352,2.7440482749846624,2620566.1026103524,STD,UFA
8480049,Dylan Samberg,D,2025,49,0.34,0.57,6.0,20.0,-0.95,0.18,-0.1,0.06,0.19,1400000.0,1.4659685863874345,95500000,4.170118116771176,3982462.8015164738,2.7041495303837415,2582462.8015164733,STD,RFA
8484153,Leo Carlsson,C,2025,54,0.01,0.02,20.0,44.0,7.05,-2.57,0.66,0.0,1.04,950000.0,0.9947643979057591,95500000,3.580329495278324,3419214.6679907995,2.585565097372565,2469214.6679907995,ELC,
8473533,Jordan Staal,C,2025,63,0.23,0.3,13.0,36.0,5.06,-1.7,0.22,-0.03,1.04,2900000.0,3.0366492146596857,95500000,5.548988380132167,5299283.903026219,2.5123391654724814,2399283.90302622,STD,UFA
8480748,Kiefer Sherwood,C,2025,54,0.14,0.21,19.0,40.0,4.42,-1.59,1.72,0.0,1.19,1500000.0,1.5706806282722512,95500000,4.048028337227851,3865867.0620525978,2.4773477089556,2365867.062052598,STD,UFA
8476867,Brendan Gaunce,C,2025,25,0.05,0.16,0.0,1.0,-2.47,0.22,-0.02,-0.01,-0.63,775000.0,0.8115183246073299,95500000,3.2608255407276427,3114088.391394899,2.449307216120313,2339088.3913948988,STD,UFA
8479378,Logan Stanley,D,2025,62,0.03,0.04,1.0,14.0,5.74,-4.25,-0.54,-0.01,-2.7,1250000.0,1.3089005235602094,95500000,3.7270087331443627,3559293.3401528667,2.4181082095841533,2309293.340152866,STD,RFA
8482142,Jamie Drysdale,D,2025,63,-0.34,-0.44,7.0,20.0,3.42,1.6,-1.26,0.0,-0.09,2300000.0,2.408376963350785,95500000,4.817702533999276,4600905.919969308,2.4093255706484906,2300905.9199693087,STD,RFA
8476906,Shayne Gostisbehere,D,2025,45,0.04,0.07,7.0,45.0,8.21,0.97,0.18,-0.0,1.18,3200000.0,3.3507853403141366,95500000,5.725618673504657,5467965.833196947,2.3748333331905207,2267965.8331969474,STD,UFA
8482077,Dylan Holloway,C,2025,43,0.1,0.19,26.0,63.0,1.86,0.47,-0.73,0.0,0.65,2290457.0,2.3983842931937174,95500000,4.76936101067176,4554739.765191531,2.370976717478043,2264282.765191531,STD,RFA
8477479,Tyler Bertuzzi,LW,2025,63,1.09,1.42,23.0,46.0,6.57,-3.82,3.19,0.0,1.4,5500000.0,5.7591623036649215,95500000,8.124015942235635,7758435.224835032,2.3648536385707137,2258435.2248350317,STD,UFA
8477953,Kasperi Kapanen,C,2025,26,0.04,0.13,6.0,14.0,1.89,0.41,-0.06,-0.0,-0.1,1300000.0,1.3612565445026177,95500000,3.6664208727779144,3501431.9335029083,2.3051643282752967,2201431.9335029083,STD,UFA
8475151,Kyle Palmieri,RW,2025,25,0.13,0.43,24.0,48.0,-3.14,-0.23,0.35,-0.01,0.09,4750000.0,4.973821989528796,95500000,7.243940623759217,6917963.295690052,2.270118634230421,2167963.295690052,STD,UFA
8476878,Zemgus Girgensons,C,2025,58,-0.1,-0.14,2.0,6.0,-4.06,1.77,-0.04,-0.28,-0.52,850000.0,0.8900523560209425,95500000,3.1543265466419594,3012381.852043071,2.264274190621017,2162381.8520430713,STD,UFA
8476927,Teddy Blueger,C,2025,19,0.08,0.35,8.0,26.0,-0.95,-0.5,-0.05,0.04,-0.11,1800000.0,1.8848167539267016,95500000,4.1023507454429,3917744.9618979692,2.2175339915161985,2117744.9618979692,STD,UFA
8478452,Caleb Jones,D,2025,7,0.02,0.23,0.0,0.0,1.03,-0.57,-0.02,-0.0,0.19,775000.0,0.8115183246073299,95500000,3.028238342425224,2891967.617016089,2.2167200178178943,2116967.617016089,STD,UFA
8477505,Alexander Wennberg,C,2025,64,-0.27,-0.35,10.0,35.0,-2.76,-0.65,0.55,-0.16,1.77,5000000.0,5.2356020942408374,95500000,7.4135734331850625,7079962.628691735,2.177971338944225,2079962.6286917347,STD,UFA
8479977,Kailer Yamamoto,RW,2025,45,0.1,0.18,2.0,3.0,2.05,2.55,-0.36,0.0,0.61,775000.0,0.8115183246073299,95500000,2.971186520203233,2837483.1267940872,2.159668195595903,2062483.1267940875,STD,UFA
8480849,Barrett Hayton,C,2025,62,0.35,0.46,20.0,46.0,-3.2,0.86,-0.1,-0.01,-0.34,2650000.0,2.774869109947644,95500000,4.920735790955254,4699302.680362267,2.1458666810076097,2049302.6803622674,STD,RFA
8483431,Logan Cooley,C,2025,39,0.09,0.19,25.0,65.0,8.85,-0.55,0.15,0.0,-0.05,950000.0,0.9947643979057591,95500000,3.1071689175808412,2967346.3162897034,2.1124045196750822,2017346.3162897034,ELC,
8476873,Mark Jankowski,C,2025,53,0.15,0.23,12.0,17.0,5.29,1.69,-0.19,0.06,-0.4,800000.0,0.8376963350785341,95500000,2.946577631213936,2813981.6378093087,2.1088812961354018,2013981.637809309,STD,UFA
8471215,Evgeni Malkin,C,2025,46,0.59,1.05,16.0,50.0,3.29,-3.03,0.84,0.0,-1.04,6100000.0,6.387434554973822,95500000,8.480524893396163,8098901.273193336,2.093090338422341,1998901.2731933356,STD,UFA
8481617,Vasily Podkolzin,RW,2025,67,0.04,0.05,8.0,24.0,8.78,-1.73,0.28,0.0,0.02,1000000.0,1.0471204188481675,95500000,3.1172946385883193,2977016.379851845,2.070174219740152,1977016.3798518453,STD,RFA
8479395,Dennis Cholowski,D,2025,15,0.03,0.16,3.0,10.0,-1.37,-0.01,-0.03,0.0,-0.13,775000.0,0.8115183246073299,95500000,2.8445705253241105,2716564.851684525,2.0330522007167806,1941564.8516845254,STD,RFA
8480459,Pius Suter,C,2025,49,0.18,0.3,25.0,46.0,0.82,-0.85,-0.32,-0.02,-0.36,1600000.0,1.6753926701570683,95500000,3.6777198249492464,3512222.4328265307,2.0023271547921784,1912222.4328265302,STD,UFA
8480028,Morgan Frost,C,2025,66,0.1,0.12,14.0,37.0,-0.47,1.13,0.42,0.0,0.19,2100000.0,2.1989528795811517,95500000,4.1995546792384015,4010574.718672673,2.00060179965725,1910574.7186726737,STD,RFA
8475179,Dmitry Kulikov,D,2025,8,0.02,0.2,4.0,13.0,-0.27,0.19,-0.01,-0.04,0.19,1150000.0,1.2041884816753925,95500000,3.19587108128016,3052056.8826225526,1.9916825996047673,1902056.8826225528,STD,UFA
8475798,Mikael Granlund,C,2025,42,-0.21,-0.41,22.0,66.0,3.78,-1.04,-0.58,-0.1,0.83,5000000.0,5.2356020942408374,95500000,7.223240722616927,6898194.890099164,1.9876386283760894,1898194.8900991653,STD,UFA
8478859,Niko Mikkola,D,2025,65,0.55,0.69,6.0,22.0,1.42,-2.66,-0.12,0.01,-0.61,2500000.0,2.6178010471204187,95500000,4.6049841520390355,4397759.8651972795,1.9871831049186168,1897759.865197279,STD,UFA
8484166,Adam Fantilli,C,2025,66,-0.15,-0.19,31.0,54.0,3.67,-2.39,-0.58,0.0,0.91,950000.0,0.9947643979057591,95500000,2.9424645017047073,2810053.5991279953,1.9477001037989483,1860053.5991279958,ELC,
8478397,Rasmus Andersson,D,2025,66,0.29,0.36,11.0,31.0,3.14,-2.55,-0.59,0.23,-1.08,4550000.0,4.7643979057591626,95500000,6.671132284499118,6370931.331696657,1.906734378739955,1820931.3316966572,STD,RFA
8481591,Sam Poulin,C,2025,2,0.0,0.0,0.0,1.0,-0.2,0.11,-0.0,0.0,0.01,775000.0,0.8115183246073299,95500000,2.7045274399469346,2582823.7051493223,1.8930091153396047,1807823.7051493223,STD,RFA
8484304,Uvis Balinskis,D,2025,54,0.23,0.35,4.0,18.0,0.83,-2.22,0.21,0.0,-0.18,850000.0,0.8900523560209425,95500000,2.770250778768114,2645589.493723549,1.8801984227471715,1795589.493723549,STD,UFA
8481577,Philip Tomasino,C,2025,9,0.02,0.18,11.0,24.0,-0.99,0.26,-0.04,0.0,0.02,825000.0,0.8638743455497382,95500000,2.7393804476105394,2616108.327468065,1.8755061020608013,1791108.327468065,STD,RFA
8474586,Jordan Eberle,RW,2025,63,0.48,0.62,9.0,26.0,-4.37,0.06,1.55,0.0,-0.63,4750000.0,4.973821989528796,95500000,6.843207137494074,6535262.816306841,1.8693851479652785,1785262.816306841,STD,UFA
8479533,Joona Koppanen,C,2025,10,0.04,0.33,1.0,1.0,-0.09,-0.21,-0.0,0.0,0.02,775000.0,0.8115183246073299,95500000,2.66477261028057,2544857.8428179445,1.8532542856732404,1769857.8428179445,STD,UFA
8479370,Tyson Jost,C,2025,52,0.11,0.17,4.0,9.0,-2.65,-0.12,0.01,-0.04,0.45,775000.0,0.8115183246073299,95500000,2.663573443022141,2543712.638086145,1.8520551184148113,1768712.6380861448,STD,UFA
8482073,Braden Schneider,D,2025,66,0.38,0.47,6.0,21.0,-3.83,0.43,-0.42,0.0,-0.26,2200000.0,2.3036649214659684,95500000,4.146390482879259,3959802.911149692,1.8427255614132902,1759802.911149692,STD,RFA
8478440,Dylan Strome,C,2025,66,0.27,0.34,29.0,82.0,7.09,-2.25,1.36,0.0,-0.29,5000000.0,5.2356020942408374,95500000,7.074902088120412,6756531.494154993,1.8392999938795747,1756531.4941549937,STD,RFA
8477933,Sam Reinhart,C,2025,64,1.51,1.93,39.0,81.0,-5.22,0.84,4.89,0.07,0.59,8625000.0,9.031413612565444,95500000,10.854447400294523,10365997.26728127,1.823033787729079,1740997.2672812706,STD,UFA
8476875,Michael Matheson,D,2025,62,-0.23,-0.3,6.0,31.0,3.19,-6.45,-0.3,0.19,0.11,4875000.0,5.104712041884817,95500000,6.925391510262214,6613748.892300415,1.8206794683773975,1738748.8923004144,STD,RFA
8476882,Teuvo Teravainen,C,2025,59,0.27,0.38,15.0,58.0,1.24,-1.97,0.95,0.29,0.54,5400000.0,5.654450261780105,95500000,7.472394487002765,7136136.735087641,1.8179442252226599,1736136.7350876401,STD,UFA
8476278,Colin Blackwell,C,2025,55,0.19,0.28,6.0,17.0,-4.4,1.09,-0.01,0.06,0.12,775000.0,0.8115183246073299,95500000,2.6271311262146924,2508910.2255350314,1.8156128016073625,1733910.2255350312,STD,UFA
8474567,Zach Bogosian,D,2025,34,0.08,0.19,4.0,16.0,2.41,-1.64,-0.03,0.03,-0.59,1250000.0,1.3089005235602094,95500000,3.1192855097547074,2978917.6618157453,1.810384986194498,1728917.6618157455,STD,UFA
8481580,Connor McMichael,C,2025,64,0.06,0.08,26.0,57.0,-0.68,-2.58,-0.51,0.0,-0.48,2100000.0,2.1989528795811517,95500000,4.004161818193582,3823974.536374871,1.8052089386124304,1723974.536374871,STD,RFA
8481572,Ville Heinola,D,2025,3,0.0,0.0,0.0,1.0,0.34,0.05,-0.09,0.0,0.18,800000.0,0.8376963350785341,95500000,2.6394532764546597,2520677.8790142,1.8017569413761256,1720677.8790141998,STD,RFA
8481553,Bobby Brink,RW,2025,57,0.03,0.04,12.0,41.0,-3.23,0.26,0.64,0.0,0.67,1500000.0,1.5706806282722512,95500000,3.369723322768788,3218085.773244193,1.799042694496537,1718085.7732441928,STD,RFA
8482259,Bobby McMann,C,2025,61,0.03,0.04,20.0,34.0,4.46,-1.66,0.52,0.0,-0.51,1350000.0,1.4136125654450262,95500000,3.1963511088983836,3052515.308997956,1.7827385434533574,1702515.3089979563,STD,UFA
8479550,Tanner Laczynski,C,2025,10,0.01,0.08,1.0,1.0,-1.05,0.13,0.3,0.0,0.02,775000.0,0.8115183246073299,95500000,2.592339598433803,2475684.316504282,1.780821273826473,1700684.3165042817,STD,UFA
8477018,Ben Hutton,D,2025,51,0.12,0.19,0.0,2.0,1.66,1.16,-0.22,0.0,0.31,975000.0,1.0209424083769634,95500000,2.7931700300088522,2667477.378658454,1.7722276216318888,1692477.378658454,STD,UFA
8477949,Alex Tuch,RW,2025,65,0.1,0.13,36.0,67.0,14.75,-1.61,0.7,-0.07,-0.62,4750000.0,4.973821989528796,95500000,6.738780587936498,6435535.461479356,1.764958598407702,1685535.4614793553,STD,RFA
8475184,Chris Kreider,LW,2025,60,0.39,0.53,22.0,30.0,7.68,-0.76,0.63,0.02,-1.34,6500000.0,6.806282722513089,95500000,8.566223510073188,8180743.452119895,1.7599407875600992,1680743.4521198948,STD,UFA
8480208,Drake Batherson,RW,2025,62,0.82,1.08,26.0,68.0,10.96,1.53,3.27,0.0,0.88,4975000.0,5.209424083769633,95500000,6.955213638018622,6642229.024307784,1.7457895542489883,1667229.024307784,STD,RFA
8477938,Haydn Fleury,D,2025,24,0.09,0.31,0.0,7.0,-2.79,-2.01,-0.02,0.0,-0.45,950000.0,0.9947643979057591,95500000,2.7347145983566783,2611652.441430628,1.7399502004509193,1661652.4414306278,STD,UFA
8480878,Nils Lundkvist,D,2025,39,0.08,0.17,0.0,5.0,3.28,1.34,-0.06,-0.0,-0.22,1250000.0,1.3089005235602094,95500000,3.046617901002916,2909520.095457785,1.7377173774427068,1659520.0954577848,STD,RFA
8475287,Erik Haula,LW,2025,65,0.1,0.13,11.0,21.0,2.2,-2.83,-0.24,0.01,-2.35,3150000.0,3.298429319371728,95500000,5.02532857088247,4799188.785192759,1.7268992515107424,1649188.7851927592,STD,UFA
8480802,Ryan McLeod,C,2025,67,0.26,0.32,20.0,53.0,5.07,-2.01,0.06,-0.01,0.22,2100000.0,2.1989528795811517,95500000,3.887741163212951,3712792.810868368,1.6887882836317991,1612792.810868368,STD,RFA
8477951,Nick Schmaltz,C,2025,67,0.41,0.5,20.0,63.0,6.02,-0.2,1.27,0.04,1.09,5850000.0,6.12565445026178,95500000,7.80894529533335,7457542.75704335,1.6832908450715705,1607542.7570433498,STD,RFA
8477380,Jonny Brodzinski,C,2025,43,0.03,0.06,12.0,19.0,-5.15,-1.04,-0.41,0.0,0.6,787500.0,0.824607329842932,95500000,2.501939775946875,2389352.4860292654,1.677332446103943,1601852.4860292654,STD,UFA
8479402,Jake Bean,D,2025,16,0.04,0.2,2.0,7.0,2.1,0.88,-0.02,-0.0,-0.46,1750000.0,1.832460732984293,95500000,3.5092613425097188,3351344.5820967816,1.6768006095254258,1601344.5820967816,STD,UFA
8481606,Jordan Spence,D,2025,56,0.08,0.12,4.0,28.0,9.91,2.98,-0.91,0.0,-0.67,1500000.0,1.5706806282722512,95500000,3.237468515938602,3091782.432721365,1.6667878876663507,1591782.4327213648,STD,RFA
8480893,Kirill Marchenko,RW,2025,60,0.3,0.41,31.0,74.0,13.62,-3.06,0.73,0.0,0.04,3850000.0,4.031413612565445,95500000,5.695004476240973,5438729.274810129,1.6635908636755277,1588729.274810129,STD,RFA
8478874,Adam Gaudette,C,2025,51,-0.09,-0.14,19.0,26.0,1.31,-0.79,0.28,-0.0,-0.4,775000.0,0.8115183246073299,95500000,2.4328458606878822,2323367.7969569275,1.6213275360805524,1548367.7969569275,STD,UFA
8475755,Alex Petrovic,D,2025,51,0.13,0.21,0.0,0.0,1.26,-2.12,-0.01,0.08,-1.21,775000.0,0.8115183246073299,95500000,2.42147388458282,2312507.5597765935,1.6099555599754902,1537507.5597765932,STD,UFA
8481592,Jakob Pelletier,LW,2025,2,0.0,0.0,7.0,19.0,-0.25,0.2,-0.01,0.0,0.0,800000.0,0.8376963350785341,95500000,2.427137403278145,2317916.220130629,1.5894410681996112,1517916.2201306284,STD,RFA
8481524,Bowen Byram,D,2025,67,-0.14,-0.17,7.0,38.0,10.26,-2.6,-1.01,-0.0,-0.74,3850000.0,4.031413612565445,95500000,5.611578431379675,5359057.40196759,1.5801648188142297,1509057.401967589,STD,RFA
8476372,Nick Seeler,D,2025,64,0.56,0.72,3.0,20.0,2.36,0.64,-0.03,0.1,-0.13,2700000.0,2.8272251308900525,95500000,4.407276472217573,4208949.030967782,1.5800513413275206,1508949.030967782,STD,UFA
8481581,Thomas Harley,D,2025,54,0.38,0.58,16.0,50.0,3.3,-0.23,0.94,0.0,-0.79,4000000.0,4.18848167539267,95500000,5.738690380785998,5480449.313650629,1.5502087053933282,1480449.3136506286,STD,RFA
8476897,Oskar Sundqvist,C,2025,48,0.08,0.14,6.0,20.0,-4.73,-0.26,-0.56,0.02,-0.39,1500000.0,1.5706806282722512,95500000,3.116958393357832,2976695.2656567297,1.5462777650855808,1476695.2656567297,STD,UFA
8480039,Martin Necas,C,2025,62,0.15,0.2,27.0,83.0,21.56,-0.36,0.13,0.0,1.6,6500000.0,6.806282722513089,95500000,8.32224925712769,7947748.040556944,1.5159665346146003,1447748.0405569433,STD,RFA
8479351,Sam Steel,C,2025,66,0.2,0.25,6.0,25.0,-2.05,-0.3,0.08,-0.15,1.05,2100000.0,2.1989528795811517,95500000,3.7101875475556803,3543229.1079156743,1.5112346679745285,1443229.1079156748,STD,UFA
8479442,Troy Stecher,D,2025,51,0.13,0.21,3.0,7.0,-0.87,-2.43,-0.03,0.0,-0.84,787500.0,0.824607329842932,95500000,2.3300971079188812,2225242.7380625317,1.5054897780759493,1437742.7380625317,STD,UFA
8479985,Cale Fleury,D,2025,19,0.08,0.35,0.0,1.0,-0.57,-0.53,-0.09,0.0,0.57,890000.0,0.9319371727748691,95500000,2.4114955268705387,2302978.228161365,1.4795583540956696,1412978.2281613643,STD,RFA
8476422,Mike Reilly,D,2025,33,0.06,0.15,0.0,2.0,4.93,-0.05,-0.09,-0.01,-0.59,1250000.0,1.3089005235602094,95500000,2.779333142609932,2654263.151192485,1.4704326190497228,1404263.1511924851,STD,UFA
8482088,Justin Sourdif,RW,2025,64,0.12,0.15,1.0,1.0,4.64,-0.19,-0.02,0.0,1.7,825000.0,0.8638743455497382,95500000,2.3335221893465334,2228513.690825939,1.4696478437967953,1403513.6908259394,STD,RFA
8480058,Pierre Olivier Joseph,D,2025,24,0.04,0.14,0.0,3.0,-0.95,-0.38,-0.02,0.0,-0.11,950000.0,0.9947643979057591,95500000,2.444755663776828,2334741.6589068705,1.449991265871069,1384741.658906871,STD,UFA
8475762,Derek Forbort,D,2025,2,0.02,0.82,2.0,11.0,-0.39,-0.23,-0.0,0.0,-0.16,2000000.0,2.094240837696335,95500000,3.5329197748210923,3373938.3849541433,1.4386789371247573,1373938.3849541433,STD,UFA
8477508,Curtis Lazar,C,2025,38,0.01,0.02,2.0,5.0,0.15,0.61,-0.01,-0.04,-0.28,1000000.0,1.0471204188481675,95500000,2.432957711140528,2323474.614139204,1.3858372922923603,1323474.6141392041,STD,UFA
8482713,Mackie Samoskevich,RW,2025,63,0.49,0.64,15.0,31.0,-4.39,-2.68,0.95,0.0,2.37,925000.0,0.968586387434555,95500000,2.3410167514211278,2235670.997607177,1.3724303639865727,1310670.997607177,ELC,
8477511,Anthony Mantha,RW,2025,66,-0.14,-0.17,4.0,7.0,15.42,-2.64,0.16,0.0,0.69,3500000.0,3.664921465968586,95500000,5.026060339469575,4799887.624193445,1.3611388735009893,1299887.6241934448,STD,UFA
8476994,Vinnie Hinostroza,RW,2025,50,0.1,0.16,5.0,10.0,-4.64,-2.36,0.09,0.0,0.94,775000.0,0.8115183246073299,95500000,2.164758009337829,2067343.8989176268,1.3532396847304993,1292343.8989176268,STD,UFA
8475791,Taylor Hall,LW,2025,66,0.15,0.19,18.0,42.0,9.59,-0.39,0.37,0.0,0.68,3166667.0,3.31588167539267,95500000,4.666966397448425,4456952.909563246,1.351084722055755,1290285.909563246,STD,UFA
8481527,Kaedan Korczak,D,2025,67,0.22,0.27,0.0,10.0,3.77,2.11,-0.06,0.0,-0.82,825000.0,0.8638743455497382,95500000,2.2115237237344676,2112005.1561664166,1.3476493781847294,1287005.1561664166,STD,RFA
8476393,Nick Cousins,C,2025,64,0.1,0.13,6.0,15.0,1.72,2.37,-0.05,0.0,-0.55,825000.0,0.8638743455497382,95500000,2.210819707352087,2111332.820521243,1.3469453618023488,1286332.8205212431,STD,UFA
8479372,Josh Mahura,D,2025,21,0.08,0.31,0.0,9.0,-3.7,0.6,-0.03,0.0,-0.45,907500.0,0.9502617801047121,95500000,2.2955343968267155,2192235.348969513,1.3452726167220033,1284735.348969513,STD,UFA
8479353,Brett Howden,C,2025,43,0.01,0.02,23.0,40.0,1.34,1.11,-0.27,-0.06,0.46,2500000.0,2.6178010471204187,95500000,3.9624702954310855,3784159.1321366867,1.3446692483106668,1284159.132136687,STD,UFA
8478401,Pavel Zacha,C,2025,63,0.3,0.39,14.0,47.0,-0.4,-2.28,0.49,0.07,-0.99,4750000.0,4.973821989528796,95500000,6.311252327642249,6027245.972898347,1.3374303381134531,1277245.9728983478,STD,UFA
8476967,Brett Kulak,D,2025,66,0.22,0.27,7.0,25.0,-1.97,1.2,-0.19,-0.03,-2.15,2750000.0,2.8795811518324608,95500000,4.216876787039267,4027117.3316225,1.337295635206806,1277117.3316224995,STD,UFA
8475760,Nick Bjugstad,C,2025,45,-0.01,-0.02,8.0,19.0,1.01,0.67,-0.06,-0.01,-0.08,2100000.0,2.1989528795811517,95500000,3.5134617280990863,3355355.950334627,1.3145088485179346,1255355.9503346274,STD,UFA
8474574,Tyler Myers,D,2025,61,-0.17,-0.23,6.0,24.0,-3.68,-2.45,-0.1,-0.04,-1.31,3000000.0,3.1413612565445024,95500000,4.455460399221062,4254964.681256114,1.3140991426765596,1254964.6812561145,STD,UFA
8477451,Ryan Hartman,RW,2025,63,0.16,0.21,11.0,26.0,3.57,-0.1,0.4,-0.0,1.89,4000000.0,4.18848167539267,95500000,5.482352548328246,5235646.683653475,1.2938708729355755,1235646.6836534746,STD,UFA
8478020,Michael Amadio,C,2025,65,0.26,0.33,11.0,27.0,4.87,2.41,-0.08,0.01,1.38,2600000.0,2.7225130890052354,95500000,4.0085607898656,3828175.554321648,1.2860477008603644,1228175.554321648,STD,UFA
8476453,Nikita Kucherov,RW,2025,61,0.97,1.3,37.0,121.0,25.94,-1.04,3.76,0.0,1.25,9500000.0,9.947643979057592,95500000,11.232006622771754,10726566.324747026,1.2843626437141626,1226566.3247470255,STD,RFA
8478398,Kyle Connor,LW,2025,65,0.58,0.73,41.0,97.0,9.73,-3.84,1.31,-0.01,0.6,7142857.0,7.4794314136125655,95500000,8.757440749777023,8363355.9160370575,1.278009336164458,1220498.9160370573,STD,RFA
8480817,K'Andre Miller,D,2025,58,0.2,0.28,7.0,27.0,9.34,2.62,-0.33,0.1,-1.97,3872000.0,4.054450261780105,95500000,5.33224893723313,5092297.735057639,1.2777986754530248,1220297.7350576387,STD,RFA
8475784,Jeff Skinner,C,2025,31,0.03,0.08,16.0,29.0,1.89,-0.93,0.04,0.0,1.26,3000000.0,3.1413612565445024,95500000,4.4189946507224125,4220139.8914399035,1.27763339417791,1220139.8914399042,STD,UFA
8476871,Tanner Pearson,LW,2025,53,0.05,0.08,12.0,27.0,0.98,-0.91,-0.15,-0.01,-1.08,775000.0,0.8115183246073299,95500000,2.0868883463562113,1992978.3707701818,1.2753700217488815,1217978.3707701818,STD,UFA
8477476,Artturi Lehkonen,LW,2025,59,0.11,0.15,27.0,45.0,8.26,-0.68,-0.77,-0.0,0.88,4500000.0,4.712041884816754,95500000,5.965573835198098,5697123.012614184,1.253531950381344,1197123.0126141836,STD,RFA
8480068,Ryan Poehling,C,2025,59,0.25,0.35,12.0,31.0,1.66,-1.33,-0.15,0.03,1.01,1900000.0,1.9895287958115182,95500000,3.226483609948531,3081291.8475008467,1.2369548141370126,1181291.847500847,STD,RFA
8481560,Arthur Kaliyev,RW,2025,2,0.0,0.0,3.0,4.0,0.46,-0.32,-0.02,0.0,0.0,825000.0,0.8638743455497382,95500000,2.0713238058503727,1978114.234587106,1.2074494603006345,1153114.234587106,STD,RFA
8476389,Vincent Trocheck,C,2025,51,0.18,0.29,26.0,59.0,-2.95,-3.33,-0.17,0.22,-0.48,5625000.0,5.890052356020942,95500000,7.0919698142529395,6772831.172611557,1.2019174582319971,1147831.1726115572,STD,UFA
8478542,Evan Rodrigues,C,2025,64,0.13,0.17,15.0,32.0,4.01,-1.29,-0.17,-0.05,0.54,3000000.0,3.1413612565445024,95500000,4.341536447999092,4146167.307839133,1.2001751914545893,1146167.3078391328,STD,UFA
8480879,Jacob Bernard Docker,D,2025,51,0.0,0.0,2.0,8.0,-1.06,1.37,-0.02,0.0,-0.71,805000.0,0.8429319371727748,95500000,2.042273998263994,1950371.6683421144,1.199342061091219,1145371.6683421144,STD,RFA
8482155,Alex Laferriere,RW,2025,66,-0.02,-0.02,19.0,42.0,-3.64,0.6,-0.99,0.0,1.24,875000.0,0.9162303664921465,95500000,2.1154737220076463,2020277.4045173023,1.1992433555154998,1145277.4045173023,ELC,
8476459,Mika Zibanejad,C,2025,65,1.1,1.39,20.0,62.0,3.95,1.02,4.3,0.06,0.76,8500000.0,8.900523560209423,95500000,10.094820493167449,9640553.570974914,1.194296932958025,1140553.5709749141,STD,UFA
8481056,Spencer Stastney,D,2025,63,0.19,0.25,0.0,3.0,3.21,-2.6,-0.05,0.0,0.18,825000.0,0.8638743455497382,95500000,2.0577804386798846,1965180.3189392895,1.1939060931301464,1140180.3189392898,STD,RFA
8480245,Olle Lycksell,C,2025,7,0.0,0.0,0.0,5.0,-0.57,0.14,-0.0,0.0,0.18,787500.0,0.824607329842932,95500000,2.0040687233100893,1913885.6307611354,1.1794613934671574,1126385.6307611354,STD,RFA
8477960,Adrian Kempe,C,2025,66,0.28,0.35,35.0,73.0,1.76,-1.97,-0.79,0.03,-2.32,5500000.0,5.7591623036649215,95500000,6.937747290946843,6625548.662854236,1.1785849872819218,1125548.6628542354,STD,RFA
8475722,Jason Zucker,LW,2025,48,0.49,0.84,21.0,53.0,11.08,-2.63,1.71,0.0,0.65,4750000.0,4.973821989528796,95500000,6.146080329151678,5869506.714339852,1.172258339622882,1119506.7143398523,STD,UFA
8480007,Jonas Rondbjerg,RW,2025,4,0.0,0.0,0.0,0.0,0.31,0.16,-0.0,0.0,0.01,766667.0,0.8027926701570681,95500000,1.9609213046825609,1872679.8459718458,1.1581286345254926,1106012.8459718456,STD,RFA
8477503,Max Domi,C,2025,65,0.08,0.1,8.0,33.0,3.86,-2.69,1.37,0.0,-0.16,3750000.0,3.926701570680628,95500000,5.083644736124777,4854880.722999162,1.1569431654441487,1104880.722999162,STD,UFA
8481567,Henry Thrun,D,2025,4,0.01,0.2,2.0,12.0,-0.72,-0.17,-0.0,0.0,0.01,1000000.0,1.0471204188481675,95500000,2.2015564529228744,2102486.412541345,1.1544360340747069,1102486.412541345,STD,RFA
8481598,Philip Broberg,D,2025,64,0.55,0.7,8.0,29.0,0.53,-2.88,-0.51,0.0,1.64,4580917.0,4.796771727748691,95500000,5.950972953557253,5683179.170647176,1.1542012258085617,1102262.1706471764,STD,RFA
8479705,Jeffrey Viel,LW,2025,29,0.03,0.08,0.0,0.0,1.65,-0.72,-0.06,0.0,-0.11,775000.0,0.8115183246073299,95500000,1.9620818518980698,1873788.1685626565,1.15056352729074,1098788.1685626567,STD,UFA
8478498,Jake DeBrusk,LW,2025,65,0.94,1.19,28.0,48.0,-6.61,-2.87,2.27,0.03,0.88,5500000.0,5.7591623036649215,95500000,6.9060645600422905,6595291.654840388,1.146902256377369,1095291.6548403874,STD,UFA
8476525,Colin Miller,D,2025,15,0.03,0.16,4.0,15.0,-0.93,-0.54,-0.14,0.0,0.38,1500000.0,1.5706806282722512,95500000,2.717238704074303,2594962.9623909593,1.1465580758020517,1094962.9623909595,STD,UFA
8477573,Nathan Walker,LW,2025,41,0.04,0.08,8.0,16.0,-2.7,-0.18,-0.03,0.0,-0.59,775000.0,0.8115183246073299,95500000,1.942902462980788,1855471.8521466525,1.1313841383734582,1080471.8521466525,STD,UFA
8477931,Tomas Nosek,LW,2025,5,0.03,0.49,1.0,9.0,-0.4,0.08,-0.0,0.0,0.01,775000.0,0.8115183246073299,95500000,1.9307344791103898,1843851.4275504223,1.11921615450306,1068851.4275504223,STD,UFA
8473419,Brad Marchand,LW,2025,52,0.37,0.58,23.0,51.0,14.08,-4.37,1.44,0.14,1.02,5250000.0,5.49738219895288,95500000,6.6096562407068955,6312221.709875085,1.1122740417540156,1062221.709875085,STD,UFA
8477947,Sonny Milano,LW,2025,31,0.02,0.05,0.0,0.0,2.18,-0.63,-0.47,-0.0,0.22,1900000.0,1.9895287958115182,95500000,3.095917181103605,2956600.907953943,1.1063883852920868,1056600.907953943,STD,UFA
8476391,TJ Tynan,C,2025,1,0.0,0.0,0.0,1.0,-0.11,-0.26,-0.0,0.0,0.0,775000.0,0.8115183246073299,95500000,1.9165462813580252,1830301.6986969141,1.1050279567506953,1055301.698696914,STD,UFA
8477979,Nicolas Aube Kubel,RW,2025,4,0.0,0.0,1.0,2.0,-0.26,0.1,-0.0,0.0,-0.33,1500000.0,1.5706806282722512,95500000,2.6662425668127163,2546261.6513061444,1.0955619385404651,1046261.6513061442,STD,UFA
8480800,Quinn Hughes,D,2025,61,0.21,0.28,16.0,76.0,2.96,-2.43,0.44,0.0,1.84,7850000.0,8.219895287958115,95500000,9.308932091675805,8890030.147550393,1.0890368037176898,1040030.1475503937,STD,RFA
8476880,Tom Wilson,RW,2025,58,0.01,0.01,33.0,65.0,16.66,0.25,0.64,0.03,0.04,6500000.0,6.806282722513089,95500000,7.858234778919778,7504614.213868387,1.051952056406689,1004614.2138683881,STD,UFA
8481754,Nikita Nesterenko,C,2025,29,0.04,0.11,4.0,6.0,-0.05,0.31,-0.04,0.0,0.24,787500.0,0.824607329842932,95500000,1.8749004768874507,1790529.9554275153,1.0502931470445187,1003029.9554275153,STD,RFA
8479576,Vincent Desharnais,D,2025,37,0.31,0.69,0.0,3.0,-2.3,0.55,-0.02,0.0,-0.9,2000000.0,2.094240837696335,95500000,3.143222788309208,3001777.7628352935,1.0489819506128728,1001777.7628352935,STD,UFA
8479390,Taylor Raddysh,RW,2025,60,0.14,0.19,7.0,27.0,-2.29,-0.39,0.21,0.01,-0.21,1000000.0,1.0471204188481675,95500000,2.0928135819287093,1998636.9707419174,1.0456931630805417,998636.9707419174,STD,UFA
8477504,Josh Morrissey,D,2025,60,-0.12,-0.16,14.0,62.0,8.78,1.07,0.04,-0.01,-0.24,6250000.0,6.544502617801047,95500000,7.589605053622533,7248072.826209519,1.0451024358214855,998072.8262095187,STD,RFA
8482117,Lukas Reichel,C,2025,19,0.0,0.0,8.0,22.0,-0.73,-0.86,-0.09,0.0,-0.47,1200000.0,1.256544502617801,95500000,2.2988772465908482,2195427.77049426,1.0423327439730472,995427.7704942601,STD,RFA
8484145,Zach Benson,C,2025,50,0.11,0.18,10.0,28.0,3.22,-0.74,-0.22,0.0,0.32,950000.0,0.9947643979057591,95500000,2.03066633958195,1939286.3543007623,1.0359019416761912,989286.3543007626,ELC,
8482634,Alex Steeves,C,2025,40,0.07,0.14,1.0,2.0,2.39,0.31,0.2,0.0,0.43,775000.0,0.8115183246073299,95500000,1.8290819041682216,1746773.2184806517,1.0175635795608917,971773.2184806516,STD,RFA
8476988,Matt Benning,D,2025,1,0.0,0.0,0.0,0.0,-0.05,0.15,-0.0,-0.0,0.0,1250000.0,1.3089005235602094,95500000,2.3242873001510276,2219694.3716442315,1.0153867765908182,969694.3716442315,STD,UFA
8477955,Jared McCann,C,2025,41,0.29,0.58,22.0,61.0,4.96,0.45,1.06,0.01,1.66,5000000.0,5.2356020942408374,95500000,6.244689692505654,5963678.656342899,1.0090875982648164,963678.6563428997,STD,RFA
8481582,Nicholas Robertson,LW,2025,62,0.03,0.04,15.0,22.0,5.85,-1.27,-0.14,0.0,1.51,875000.0,0.9162303664921465,95500000,1.9177143407587085,1831417.1954245667,1.001483974266562,956417.1954245666,STD,RFA
8480848,Ty Dellandrea,C,2025,42,-0.13,-0.25,1.0,8.0,-7.73,-1.87,-0.07,0.06,1.47,1300000.0,1.3612565445026177,95500000,2.3530577148540655,2247170.117685633,0.9918011703514478,947170.1176856327,STD,RFA
8480835,Jack Drury,C,2025,65,0.16,0.2,8.0,18.0,2.13,2.91,-0.15,0.0,-0.16,1725000.0,1.8062827225130889,95500000,2.7962073687674938,2670378.0371729564,0.9899246462544049,945378.0371729566,STD,RFA
8475799,Nino Niederreiter,RW,2025,55,0.11,0.16,17.0,37.0,-4.23,-0.44,-0.78,0.0,0.31,4000000.0,4.18848167539267,95500000,5.173401611538564,4940598.539019329,0.9849199361458938,940598.5390193287,STD,UFA
8480043,Timothy Liljegren,D,2025,46,-0.25,-0.45,6.0,17.0,3.31,-0.11,0.21,0.04,-1.02,3000000.0,3.1413612565445024,95500000,4.1208978550966595,3935457.4516173094,0.9795365985521571,935457.45161731,STD,RFA
8478476,Kyle Capobianco,D,2025,31,0.03,0.08,0.0,0.0,-0.05,-0.44,-0.19,0.0,-0.1,775000.0,0.8115183246073299,95500000,1.7882606903889116,1707788.9593214104,0.9767423657815817,932788.9593214105,STD,UFA
8478013,Jake Walman,D,2025,38,-0.08,-0.17,7.0,40.0,4.6,-2.86,-0.41,-0.01,-0.2,3400000.0,3.56020942408377,95500000,4.530875655946579,4326986.251428982,0.970666231862809,926986.2514289826,STD,UFA
8480035,Henri Jokiharju,D,2025,35,0.04,0.09,3.0,10.0,1.75,-1.11,0.03,-0.03,-0.39,3000000.0,3.1413612565445024,95500000,4.093681902778984,3909466.2171539296,0.9523206462344818,909466.2171539301,STD,UFA
8480336,Sean Walker,D,2025,66,0.23,0.29,5.0,16.0,10.88,1.72,-0.43,0.11,-1.77,3600000.0,3.769633507853403,95500000,4.715468540471024,4503272.456149828,0.9458350326176208,903272.4561498279,STD,UFA
8482062,Cole Smith,LW,2025,46,0.02,0.04,4.0,12.0,-3.34,0.2,-0.02,-0.0,-1.24,1000000.0,1.0471204188481675,95500000,1.9831808923726033,1893937.7522158362,0.9360604735244358,893937.7522158362,STD,UFA
8477993,Justin Kirkland,C,2025,20,0.04,0.16,2.0,8.0,-0.24,0.45,-0.01,0.0,-0.13,900000.0,0.9424083769633508,95500000,1.8768163184063926,1792359.5840781047,0.9344079414430418,892359.5840781049,STD,UFA
8481532,Alex Turcotte,C,2025,58,0.11,0.16,9.0,25.0,-0.12,0.46,0.14,0.0,0.29,775000.0,0.8115183246073299,95500000,1.7414653515756608,1663099.4107547563,0.929947026968331,888099.4107547561,STD,RFA
8480980,Connor Dewar,C,2025,66,0.43,0.53,4.0,10.0,0.89,-0.85,0.0,0.21,1.36,1180000.0,1.2356020942408377,95500000,2.160898835420893,2063658.3878269526,0.9252967411800552,883658.3878269529,STD,RFA
8479368,Max Jones,LW,2025,9,0.0,0.0,1.0,2.0,-0.6,0.43,-0.0,-0.0,0.18,1000000.0,1.0471204188481675,95500000,1.9606754509617978,1872445.0556685168,0.9135550321136303,872445.0556685169,STD,UFA
8478856,Conor Garland,RW,2025,55,0.34,0.51,19.0,50.0,3.86,-1.65,1.65,-0.0,1.55,4950000.0,5.183246073298429,95500000,6.0945451923120135,5820290.658657973,0.9112991190135844,870290.658657973,STD,RFA
8481013,Jonatan Berggren,RW,2025,39,0.04,0.08,12.0,24.0,0.55,-0.08,0.01,0.0,1.12,1825000.0,1.9109947643979057,95500000,2.8213854259964,2694423.081826562,0.9103906615984945,869423.0818265623,STD,RFA
8478424,Jansen Harkins,C,2025,39,0.05,0.11,2.0,6.0,-1.93,-0.13,-0.17,0.0,1.26,787500.0,0.824607329842932,95500000,1.7294312570443573,1651606.8504773614,0.9048239272014253,864106.8504773611,STD,UFA
8476879,Cody Ceci,D,2025,66,0.09,0.11,4.0,24.0,-0.43,1.75,-0.01,-0.05,-0.81,3250000.0,3.4031413612565444,95500000,4.306920822525797,4113109.385512136,0.9037794612692522,863109.3855121358,STD,UFA
8480448,Parker Kelly,C,2025,65,0.1,0.13,8.0,19.0,4.3,0.86,-0.05,-0.02,0.83,825000.0,0.8638743455497382,95500000,1.7632090291932592,1683864.6228795627,0.899334683643521,858864.6228795626,STD,UFA
8475745,Charlie Coyle,C,2025,66,0.06,0.07,17.0,35.0,-0.41,-0.5,1.06,0.02,2.26,5250000.0,5.49738219895288,95500000,6.382651901216503,6095432.56566176,0.8852697022636233,845432.5656617603,STD,UFA
8476480,Vladislav Namestnikov,C,2025,57,-0.03,-0.04,11.0,38.0,0.14,0.64,-0.8,0.08,0.49,3000000.0,3.1413612565445024,95500000,4.012819510501124,3832242.6325285737,0.871458253956622,832242.632528574,STD,UFA
8477426,Nick Paul,LW,2025,35,0.01,0.02,22.0,41.0,-4.14,0.66,-0.52,0.01,0.09,3150000.0,3.298429319371728,95500000,4.165824048146673,3978361.965980073,0.8673947287749453,828361.9659800727,STD,UFA
8477401,John Hayden,C,2025,3,0.0,0.0,1.0,2.0,-0.63,0.05,-0.0,-0.0,-0.16,775000.0,0.8115183246073299,95500000,1.658887750220961,1584237.8014610177,0.847369425613631,809237.8014610177,STD,UFA
8475172,Nazem Kadri,C,2025,65,0.32,0.4,35.0,67.0,-1.78,-3.52,-0.53,0.0,2.95,7000000.0,7.329842931937172,95500000,8.176732394900453,7808779.437129932,0.846889462963281,808779.4371299334,STD,UFA
8475795,Dylan McIlrath,D,2025,12,0.02,0.14,0.0,2.0,-1.05,0.31,-0.0,0.0,0.02,800000.0,0.8376963350785341,95500000,1.6704037586042322,1595235.5894670417,0.832707423525698,795235.5894670417,STD,UFA
8475764,Cam Fowler,D,2025,66,-0.08,-0.1,9.0,40.0,3.1,-0.65,0.86,-0.01,-0.42,6500000.0,6.806282722513089,95500000,7.635092774851428,7291513.599983114,0.8288100523383388,791513.5999831136,STD,UFA
8479388,Riley Stillman,D,2025,4,0.0,0.0,0.0,0.0,-0.05,-0.35,-0.0,-0.0,0.01,775000.0,0.8115183246073299,95500000,1.6395076224243645,1565729.7794152682,0.8279892978170347,790729.7794152682,STD,UFA
8480798,Philipp Kurashev,C,2025,40,0.07,0.14,7.0,14.0,-1.07,0.16,-0.22,-0.0,0.29,2250000.0,2.356020942408377,95500000,3.1827576966158926,3039533.6002681777,0.8267367542075155,789533.6002681773,STD,RFA
8477497,Sean Monahan,C,2025,62,-0.04,-0.05,19.0,57.0,1.47,-2.28,-0.03,-0.03,0.88,5500000.0,5.7591623036649215,95500000,6.58421231461673,6287922.760458977,0.8250500109518084,787922.7604589771,STD,UFA
8480259,Ben Jones,C,2025,26,0.02,0.06,0.0,0.0,-1.8,-0.79,-0.02,0.0,0.72,775000.0,0.8115183246073299,95500000,1.6301844608821785,1556826.1601424804,0.8186661362748486,781826.1601424805,STD,UFA
8476469,Joel Armia,RW,2025,53,0.0,0.0,11.0,29.0,-3.65,2.06,-0.22,0.03,-1.39,3400000.0,3.56020942408377,95500000,4.366415748384613,4169927.0397073054,0.806206324300843,769927.0397073051,STD,UFA
8478402,Connor McDavid,C,2025,67,2.36,2.89,26.0,100.0,22.36,-0.91,6.52,0.23,4.7,12500000.0,13.089005235602095,95500000,13.894566513023017,13269311.019936983,0.8055612774209227,769311.0199369811,STD,RFA
8483490,Pavel Mintyukov,D,2025,61,0.05,0.07,5.0,19.0,7.58,-2.83,-0.52,0.0,1.22,918333.0,0.9616052356020942,95500000,1.759359290202962,1680188.1221438285,0.7977540546008678,761855.1221438287,ELC,
8476474,Stefan Noesen,RW,2025,38,0.16,0.35,22.0,41.0,-4.82,-0.94,-0.17,-0.0,-0.77,2750000.0,2.8795811518324608,95500000,3.6753506369772584,3509959.858313282,0.7957694851447976,759959.8583132817,STD,UFA
8480289,Morgan Barron,C,2025,56,0.23,0.34,8.0,15.0,-1.49,-0.8,-0.03,0.0,-0.04,1350000.0,1.4136125654450262,95500000,2.2055177230337897,2106269.4254972693,0.7919051575887635,756269.425497269,STD,RFA
8480009,Eeli Tolvanen,RW,2025,64,0.07,0.09,23.0,35.0,-8.94,-2.32,0.56,-0.0,-0.15,3475000.0,3.638743455497382,95500000,4.42864193279439,4229353.045818643,0.7898984772970081,754353.0458186428,STD,RFA
8476902,Esa Lindell,D,2025,66,0.39,0.48,5.0,26.0,9.73,2.91,-0.72,-0.13,-0.39,5250000.0,5.49738219895288,95500000,6.2871811161197595,6004257.96589437,0.7897989171668796,754257.9658943699,STD,UFA
8482070,Mitchell Chaffee,RW,2025,7,0.0,0.0,12.0,18.0,0.3,-0.06,-0.14,0.0,0.01,800000.0,0.8376963350785341,95500000,1.613649305063868,1541035.0863359938,0.7759529699853339,741035.086335994,STD,UFA
8475191,Reilly Smith,RW,2025,60,0.22,0.3,13.0,40.0,2.15,0.16,-0.08,0.11,0.66,2000000.0,2.094240837696335,95500000,2.8633487178524035,2734498.0255490453,0.7691078801560685,734498.0255490454,STD,UFA
8481522,Peyton Krebs,C,2025,67,0.09,0.11,10.0,28.0,-4.48,-2.79,-0.07,-0.0,0.68,1450000.0,1.5183246073298429,95500000,2.2852131256876067,2182378.535031664,0.7668885183577638,732378.5350316645,STD,RFA
8477034,Jaycob Megna,D,2025,4,0.0,0.0,0.0,0.0,-0.21,-0.27,-0.0,0.0,-0.16,775000.0,0.8115183246073299,95500000,1.549690881074115,1479954.7914257797,0.7381725564667851,704954.7914257798,STD,UFA
8482660,Kent Johnson,C,2025,63,-0.07,-0.09,24.0,57.0,-2.76,0.86,-0.81,0.0,-0.18,1800000.0,1.8848167539267016,95500000,2.6098016419797982,2492360.5680907075,0.7249848880530967,692360.5680907074,STD,RFA
8478970,Jalen Chatfield,D,2025,59,0.36,0.5,7.0,18.0,5.81,-2.28,-0.03,0.0,-0.46,3000000.0,3.1413612565445024,95500000,3.8659185938572236,3691952.2571336483,0.7245573373127212,691952.2571336487,STD,UFA
8476872,Scott Laughton,C,2025,48,-0.1,-0.17,13.0,31.0,0.53,1.11,-0.13,-0.01,0.63,3000000.0,3.1413612565445024,95500000,3.8614859129754446,3687719.0468915496,0.7201246564309423,687719.0468915498,STD,UFA
8477406,Mattias Janmark,C,2025,43,0.05,0.1,2.0,18.0,1.02,-0.41,-0.01,0.05,0.09,1450000.0,1.5183246073298429,95500000,2.2199822062917924,2120083.007008662,0.7016575989619496,670083.0070086619,STD,UFA
8478502,Dennis Gilbert,D,2025,2,0.0,0.0,0.0,6.0,0.82,0.04,-0.0,0.0,0.0,825000.0,0.8638743455497382,95500000,1.5470904766663214,1477471.405216337,0.6832161311165832,652471.405216337,STD,UFA
8481557,Matt Boldy,LW,2025,63,0.47,0.61,27.0,73.0,14.73,-0.09,1.56,-0.01,1.6,7000000.0,7.329842931937172,95500000,8.009558843050682,7649128.695113401,0.6797159111135098,649128.6951134019,STD,RFA
8479639,Dylan Coghlan,D,2025,3,0.0,0.0,0.0,0.0,-0.04,0.02,-0.01,0.0,-0.16,775000.0,0.8115183246073299,95500000,1.4876678025978176,1420722.7514809158,0.6761494779904877,645722.7514809158,STD,RFA
8480871,Adam Boqvist,D,2025,21,0.04,0.16,4.0,14.0,0.21,-1.42,-0.09,0.0,-0.46,850000.0,0.8900523560209425,95500000,1.565209622184355,1494775.1891860592,0.6751572661634125,644775.1891860589,STD,RFA
8478864,Kirill Kaprizov,LW,2025,67,1.27,1.55,25.0,56.0,6.47,-0.01,2.37,0.0,0.62,9000000.0,9.424083769633508,95500000,10.091855225366507,9637721.740225013,0.6677714557329981,637721.7402250132,STD,RFA
8474612,Travis Hamonic,D,2025,25,0.05,0.16,1.0,7.0,-1.7,-0.13,-0.02,0.02,-0.95,1100000.0,1.1518324607329842,95500000,1.8101266334268349,1728670.9349226274,0.6582941726938507,628670.9349226274,STD,UFA
8482149,Cole Perfetti,C,2025,51,0.21,0.34,18.0,50.0,-7.05,0.46,0.17,0.0,-0.37,3250000.0,3.4031413612565444,95500000,4.058204593890165,3875585.387165108,0.655063232633621,625585.387165108,STD,RFA
8480069,Cale Makar,D,2025,65,0.49,0.62,30.0,92.0,18.99,-2.31,-0.37,0.09,1.83,9000000.0,9.424083769633508,95500000,10.07776611792808,9624266.642621316,0.6536823482945717,624266.642621316,STD,RFA
8481481,Blake Lizotte,C,2025,55,0.5,0.75,11.0,20.0,2.11,-0.48,-0.04,0.1,0.14,1850000.0,1.93717277486911,95500000,2.5818225567938704,2465640.541738146,0.6446497819247603,615640.5417381461,STD,UFA
8481006,Tyler Tucker,D,2025,59,0.11,0.15,3.0,7.0,-0.01,-0.9,-0.04,0.0,-0.52,925000.0,0.968586387434555,95500000,1.6049207499453875,1532699.316197845,0.6363343625108324,607699.3161978449,STD,RFA
8482159,Tyson Foerster,RW,2025,21,0.03,0.12,25.0,43.0,1.38,0.7,-0.36,0.0,-0.44,3750000.0,3.926701570680628,95500000,4.5576814997619675,4352585.832272679,0.6309799290813394,602585.8322726791,STD,RFA
8477499,Rasmus Ristolainen,D,2025,28,0.05,0.15,4.0,19.0,-2.81,0.12,-0.23,-0.08,-0.06,5100000.0,5.340314136125655,95500000,5.969333005606975,5700713.020354661,0.6290188694813201,600713.0203546607,STD,UFA
8475842,Sam Carrick,C,2025,65,0.02,0.03,6.0,20.0,-5.14,0.08,-0.01,0.01,-0.22,1000000.0,1.0471204188481675,95500000,1.6622652238081077,1587463.288736743,0.6151448049599402,587463.2887367428,STD,UFA
8475765,Vladimir Tarasenko,RW,2025,60,0.12,0.16,11.0,33.0,1.98,0.21,0.21,0.0,1.35,4750000.0,4.973821989528796,95500000,5.583848235129905,5332575.064549059,0.6100262456011087,582575.0645490589,STD,UFA
8477444,Andre Burakovsky,LW,2025,60,0.22,0.3,10.0,37.0,1.24,-4.18,0.38,0.0,0.36,5500000.0,5.7591623036649215,95500000,6.3607348208685135,6074501.753929431,0.601572517203592,574501.7539294304,STD,UFA
8480874,Adam Ginning,D,2025,5,0.01,0.16,0.0,0.0,-1.01,0.14,-0.0,0.0,0.01,787500.0,0.824607329842932,95500000,1.4194350288071682,1355560.4525108456,0.5948276989642363,568060.4525108456,STD,RFA
8478904,Steven Lorentz,C,2025,56,0.09,0.13,8.0,19.0,-4.53,-0.11,-0.02,0.03,0.29,1350000.0,1.4136125654450262,95500000,2.003605951152595,1913443.6833507284,0.589993385707569,563443.6833507284,STD,UFA
8476891,Matt Grzelcyk,D,2025,66,0.02,0.02,1.0,40.0,-0.88,-3.61,-0.11,0.01,-0.64,2750000.0,2.8795811518324608,95500000,3.4437674800361986,3288797.9434345695,0.5641863282037378,538797.9434345696,STD,UFA
8476438,Brandon Saad,LW,2025,46,0.16,0.29,13.0,30.0,-1.73,1.03,-0.02,0.06,-0.57,2000000.0,2.094240837696335,95500000,2.658116623207931,2538501.3751635742,0.5638757855115961,538501.3751635742,STD,UFA
8475188,Brayden McNabb,D,2025,48,0.32,0.55,5.0,20.0,2.01,2.1,-0.01,-0.06,0.18,3650000.0,3.8219895287958114,95500000,4.377942620899146,4180935.202958685,0.5559530921033349,530935.2029586848,STD,UFA
8482475,Yegor Chinakhov,RW,2025,57,-0.03,-0.04,7.0,15.0,8.96,-1.03,-0.51,0.0,0.81,2100000.0,2.1989528795811517,95500000,2.727575664994328,2604834.760069583,0.5286227854131762,504834.76006958325,STD,RFA
8481556,John Beecher,C,2025,32,0.04,0.1,3.0,11.0,-2.32,-1.48,-0.03,0.0,0.4,900000.0,0.9424083769633508,95500000,1.4702181683718845,1404058.3507951498,0.5278097914085337,504058.3507951497,STD,RFA
8481517,Brett Leason,RW,2025,6,0.0,0.0,5.0,17.0,-0.53,0.16,0.01,0.0,0.01,1050000.0,1.0994764397905759,95500000,1.61840156870481,1545573.4981130934,0.518925128914234,495573.4981130935,STD,UFA
8474102,David Perron,LW,2025,50,-0.06,-0.1,9.0,16.0,3.47,3.04,-0.79,0.0,0.12,4000000.0,4.18848167539267,95500000,4.705348050133852,4493607.387877828,0.5168663747411815,493607.38787782827,STD,UFA
8479387,Keaton Middleton,D,2025,3,0.0,0.0,0.0,2.0,-0.41,-0.29,-0.0,0.0,-0.16,775000.0,0.8115183246073299,95500000,1.325842382302529,1266179.4750989152,0.5143240576951991,491179.4750989151,STD,UFA
8483570,Ben Meyers,C,2025,40,-0.05,-0.1,0.0,0.0,2.02,-0.28,-0.03,0.0,0.6,775000.0,0.8115183246073299,95500000,1.325372113637366,1265730.3685236846,0.5138537890300361,490730.36852368445,STD,RFA
8478133,Jake Evans,C,2025,50,-0.08,-0.13,13.0,36.0,-2.21,0.8,-0.05,-0.21,0.99,2850000.0,2.984293193717278,95500000,3.492744341351905,3335570.845991069,0.5084511476346272,485570.8459910689,STD,UFA
8482097,Jack Quinn,RW,2025,67,-0.05,-0.06,15.0,39.0,8.32,-4.29,-0.8,0.0,0.19,3375000.0,3.5340314136125657,95500000,4.039080403103936,3857321.784964259,0.5050489894913706,482321.7849642589,STD,RFA
8480834,Ty Emberson,D,2025,60,0.21,0.29,2.0,13.0,-3.37,-0.36,-0.01,0.0,-0.68,1300000.0,1.3612565445026177,95500000,1.866160392270059,1782183.174617906,0.5049038477674412,482183.1746179064,STD,RFA
8478147,Bokondji Imama,LW,2025,2,0.0,0.0,1.0,1.0,0.14,0.12,-0.0,0.0,0.0,775000.0,0.8115183246073299,95500000,1.3149473725672038,1255774.7408016797,0.503429047959874,480774.7408016796,STD,UFA
8476432,Boone Jenner,C,2025,51,0.15,0.24,7.0,19.0,1.28,-2.04,-0.39,-0.06,-0.19,3750000.0,3.926701570680628,95500000,4.425798935720524,4226637.9836131,0.49909736503989555,476637.98361310025,STD,UFA
8477463,Steven Santini,D,2025,10,0.02,0.16,0.0,0.0,-0.97,0.56,-0.0,0.0,-0.15,775000.0,0.8115183246073299,95500000,1.3020694848602208,1243476.358041511,0.4905511602528909,468476.3580415108,STD,UFA
8478831,Kevin Stenlund,C,2025,66,0.0,0.0,14.0,28.0,-8.24,-1.97,-0.29,-0.1,-0.5,2000000.0,2.094240837696335,95500000,2.5815079725142844,2465340.1137511414,0.48726713481794937,465340.1137511416,STD,UFA
8480001,Urho Vaakanainen,D,2025,31,0.05,0.13,2.0,16.0,-1.88,0.17,-0.01,0.0,-0.6,1550000.0,1.6230366492146597,95500000,2.1098213083926307,2014879.3495149624,0.486784659177971,464879.3495149623,STD,RFA
8476374,Sean Kuraly,C,2025,66,0.17,0.21,6.0,17.0,-5.17,-1.76,-0.04,0.0,-0.18,2500000.0,2.6178010471204187,95500000,3.099665804449021,2960180.8432488153,0.48186475732860234,460180.8432488152,STD,UFA
8481656,Aliaksei Protas,C,2025,64,0.22,0.28,30.0,66.0,8.59,-2.83,-0.54,0.0,0.73,3375000.0,3.5340314136125657,95500000,4.0150732051095,3834394.910879573,0.4810417914969345,459394.91087957245,STD,RFA
8480084,Nick DeSimone,D,2025,37,0.1,0.22,1.0,6.0,1.48,0.62,-0.02,0.0,-0.41,800000.0,0.8376963350785341,95500000,1.3110536077965644,1252056.1954457192,0.4733572727180303,452056.19544571894,STD,UFA
8482110,Dawson Mercer,C,2025,66,0.35,0.43,19.0,36.0,-3.8,-0.88,0.61,-0.0,0.39,4000000.0,4.18848167539267,95500000,4.645067164254742,4436039.141863279,0.4565854888620722,436039.1418632789,STD,RFA
8479393,Noah Gregor,LW,2025,24,0.02,0.07,4.0,7.0,-1.34,0.03,-0.04,0.0,-0.3,850000.0,0.8900523560209425,95500000,1.331146819019141,1271245.2121632795,0.44109446299819843,421245.2121632795,STD,UFA
8481028,Martin Pospisil,C,2025,12,0.01,0.07,4.0,25.0,-0.09,-0.16,-0.01,0.0,0.19,1000000.0,1.0471204188481675,95500000,1.4813921377964743,1414729.491595633,0.43427171894830674,414729.491595633,STD,RFA
8482176,Wyatt Kaiser,D,2025,61,0.28,0.38,4.0,8.0,0.96,-1.88,-0.07,0.0,0.22,916667.0,0.9598607329842933,95500000,1.3846199685578302,1322312.069972728,0.4247592355735369,405645.06997272774,ELC,
8477932,Aaron Ekblad,D,2025,63,0.01,0.01,3.0,33.0,4.96,-1.14,-0.52,0.11,-1.78,6100000.0,6.387434554973822,95500000,6.80757877854,6501237.7335057,0.42014422356617764,401237.7335056996,STD,UFA
8478211,Dryden Hunt,LW,2025,3,0.0,0.0,0.0,3.0,-0.07,0.12,-0.0,0.0,0.0,825000.0,0.8638743455497382,95500000,1.2689664150639839,1211862.9263861047,0.4050920695142457,386862.92638610466,STD,UFA
8481043,Cole Koepke,LW,2025,49,0.04,0.07,10.0,17.0,-1.75,-1.0,-0.0,0.0,0.94,775000.0,0.8115183246073299,95500000,1.2163495890386251,1161613.857531887,0.40483126443129525,386613.8575318869,STD,UFA
8476392,Adam Lowry,C,2025,53,0.14,0.22,16.0,34.0,-5.29,0.33,-0.09,0.07,0.65,3250000.0,3.4031413612565444,95500000,3.8075532827002725,3636213.3849787605,0.40441192144372806,386213.3849787603,STD,UFA
8481600,Tobias Bjornfot,D,2025,11,0.02,0.15,0.0,0.0,0.18,0.95,-0.0,-0.0,0.02,775000.0,0.8115183246073299,95500000,1.2114187847107587,1156904.9393987746,0.39990046010342883,381904.9393987746,STD,RFA
8483524,Shane Wright,C,2025,65,0.17,0.21,19.0,44.0,3.17,0.92,0.03,0.0,0.17,886666.0,0.9284460732984292,95500000,1.3188032384115917,1259457.09268307,0.39035716511316254,372791.0926830702,ELC,
8478468,Jeremy Lauzon,D,2025,53,0.16,0.25,0.0,1.0,-3.25,0.5,-0.02,0.03,-0.51,2000000.0,2.094240837696335,95500000,2.4741341724489416,2362798.134688739,0.37989333475260656,362798.13468873926,STD,RFA
8479996,Cody Glass,C,2025,54,0.09,0.14,6.0,22.0,2.28,0.59,0.41,-0.0,0.48,2500000.0,2.6178010471204187,95500000,2.9932154852447947,2858520.788408779,0.375414438124376,358520.7884087791,STD,RFA
8482072,Jack Ahcan,D,2025,9,0.02,0.18,0.0,0.0,1.91,-0.23,-0.0,0.0,0.02,775000.0,0.8115183246073299,95500000,1.1838003221392537,1130529.3076429872,0.3722819975319238,355529.30764298723,STD,UFA
8478891,Mason Appleton,C,2025,57,0.2,0.29,10.0,22.0,-4.16,-1.62,-0.08,0.02,0.82,2166667.0,2.2687612565445026,95500000,2.6353388106991638,2516748.564217701,0.3665775541546612,350081.56421770144,STD,RFA
8480855,Jack McBain,C,2025,67,0.01,0.01,13.0,27.0,1.21,-2.62,-0.2,-0.01,-1.53,1599999.0,1.675391623036649,95500000,2.0412620058355557,1949405.2155729556,0.3658703827989067,349406.2155729559,STD,RFA
8482705,Cole Sillinger,C,2025,65,-0.1,-0.13,11.0,33.0,-0.97,-0.81,-0.29,-0.01,-1.01,2250000.0,2.356020942408377,95500000,2.719548421300088,2597168.7423415836,0.36352747889171066,347168.74234158365,STD,RFA
8481641,Joel Kiviranta,LW,2025,35,0.06,0.14,16.0,23.0,0.89,1.36,-0.05,0.03,0.07,775000.0,0.8115183246073299,95500000,1.1748684211125298,1121999.342162466,0.3633500965051999,346999.3421624659,STD,UFA
8479026,Philippe Myers,D,2025,32,0.05,0.13,2.0,5.0,-1.87,-0.94,-0.0,-0.01,-1.28,850000.0,0.8900523560209425,95500000,1.2497289859519682,1193491.1815841298,0.3596766299310258,343491.18158412963,STD,UFA
8482496,Nils Aman,C,2025,2,0.0,0.0,1.0,6.0,-0.03,0.13,-0.0,0.0,0.0,825000.0,0.8638743455497382,95500000,1.2233674042719613,1168315.871079723,0.35949305872222315,343315.8710797231,STD,RFA
8479421,Jacob Moverare,D,2025,14,0.02,0.12,1.0,8.0,1.47,0.35,-0.0,0.0,0.02,775000.0,0.8115183246073299,95500000,1.166169701955594,1113692.0653675923,0.35465137734826424,338692.0653675923,STD,UFA
8475170,Brayden Schenn,C,2025,65,-0.02,-0.03,18.0,50.0,0.03,-1.91,-0.89,-0.0,-0.65,6500000.0,6.806282722513089,95500000,7.149514601042574,6827786.443995658,0.343231878529485,327786.4439956582,STD,UFA
8476331,Dylan DeMelo,D,2025,65,0.15,0.19,3.0,19.0,4.21,1.99,-0.14,-0.01,-0.76,4900000.0,5.130890052356021,95500000,5.473330191414904,5227030.332801233,0.3424401390588834,327030.3328012336,STD,UFA
8482111,Justin Barron,D,2025,38,0.09,0.19,6.0,13.0,0.73,0.04,-0.17,0.0,-0.58,1150000.0,1.2041884816753925,95500000,1.5360181096707457,1466897.294735562,0.3318296279953532,316897.29473556235,STD,RFA
8482623,Josh Dunne,C,2025,31,0.02,0.05,0.0,0.0,-1.92,0.3,-0.02,0.0,0.56,775000.0,0.8115183246073299,95500000,1.1370928830520235,1085923.7033146825,0.32557455844469363,310923.7033146824,STD,UFA
8484321,Nikolas Matinpalo,D,2025,33,0.08,0.2,1.0,4.0,-1.07,1.01,-0.0,0.0,-0.08,875000.0,0.9162303664921465,95500000,1.2376779587412,1181982.450597846,0.3214475922490534,306982.450597846,STD,RFA
8475181,Nick Leddy,D,2025,18,0.04,0.18,2.0,5.0,-1.26,-1.23,-0.03,-0.03,-0.45,4000000.0,4.18848167539267,95500000,4.486456754471883,4284566.200520648,0.2979750790792126,284566.20052064804,STD,UFA
8478444,Brock Boeser,RW,2025,58,0.2,0.28,25.0,50.0,-5.43,-3.49,0.49,0.01,0.89,6650000.0,6.963350785340314,95500000,7.260874703058528,6934135.3414208945,0.2975239177182143,284135.34142089466,STD,RFA
8474090,Brendan Smith,D,2025,15,0.02,0.11,1.0,6.0,-0.79,-0.12,-0.0,0.0,-0.31,1000000.0,1.0471204188481675,95500000,1.3389347403642962,1278682.677047903,0.2918143215161286,278682.67704790283,STD,UFA
8476460,Mark Scheifele,C,2025,65,0.35,0.44,39.0,87.0,14.17,-2.88,0.5,-0.02,2.13,8500000.0,8.900523560209423,95500000,9.174910345603054,8762039.380050916,0.2743867853936308,262039.38005091742,STD,UFA
8481596,Shane Pinto,C,2025,55,0.11,0.16,21.0,37.0,2.28,3.17,-0.75,0.0,-0.15,3750000.0,3.926701570680628,95500000,4.199473331333488,4010497.0314234807,0.2727717606528599,260497.0314234812,STD,RFA
8475208,Brian Dumoulin,D,2025,66,0.37,0.46,3.0,22.0,-1.41,-0.99,-0.12,-0.08,-0.12,3150000.0,3.298429319371728,95500000,3.5669228052778656,3406411.2790403613,0.26849348590613786,256411.27904036167,STD,UFA
8479343,Clayton Keller,RW,2025,67,0.46,0.56,30.0,90.0,2.76,1.72,0.33,0.0,1.25,7150000.0,7.486910994764398,95500000,7.7536980938947995,7404781.679669534,0.26678709913040155,254781.67966953348,STD,RFA
8477501,Valeri Nichushkin,RW,2025,56,0.25,0.37,21.0,34.0,5.61,1.51,-1.12,0.1,1.21,6125000.0,6.4136125654450264,95500000,6.680082000466038,6379478.310445067,0.26646943502101195,254478.31044506643,STD,UFA
8480185,Eetu Luostarinen,C,2025,57,0.3,0.43,9.0,24.0,-3.48,0.15,-0.33,-0.06,1.53,3000000.0,3.1413612565445024,95500000,3.394948873596414,3242176.1742845755,0.2535876170519118,242176.17428457574,STD,RFA
8480990,Declan Chisholm,D,2025,26,0.06,0.19,2.0,12.0,1.1,-1.73,-0.14,0.0,0.41,1600000.0,1.6753926701570683,95500000,1.920677653076801,1834247.158688345,0.24528498291973277,234247.1586883448,STD,RFA
8475768,Jaden Schwartz,LW,2025,42,0.28,0.55,26.0,49.0,-5.08,0.15,0.23,0.01,-0.38,5500000.0,5.7591623036649215,95500000,5.99394090206439,5724213.561471492,0.23477859839946813,224213.56147149205,STD,UFA
8478399,Jonas Siegenthaler,D,2025,66,0.43,0.53,2.0,9.0,-2.44,-2.09,-0.05,0.01,-1.29,3400000.0,3.56020942408377,95500000,3.785348181606624,3615007.513434326,0.22513875752285406,215007.51343432564,STD,RFA
8482092,Ridly Greig,C,2025,60,0.09,0.12,13.0,34.0,-0.93,0.59,-0.18,0.0,0.69,3250000.0,3.4031413612565444,95500000,3.6160126309808405,3453292.0625867024,0.21287126972429604,203292.06258670273,STD,RFA
8474679,Gustav Nyquist,C,2025,43,0.15,0.29,11.0,28.0,-2.81,-1.04,0.53,0.0,0.27,3185000.0,3.335078534031414,95500000,3.5454605302157454,3385914.8063560366,0.2103819961843314,200914.80635603648,STD,UFA
8474013,Ian Cole,D,2025,67,0.2,0.24,1.0,17.0,2.6,1.91,-0.02,0.05,-1.3,2800000.0,2.931937172774869,95500000,3.1412350635317186,2999879.4856727915,0.20929789075684946,199879.48567279123,STD,UFA
8480074,Alexandre Texier,LW,2025,41,-0.06,-0.12,6.0,11.0,2.86,-1.48,-0.16,0.01,0.27,2100000.0,2.1989528795811517,95500000,2.4047527208735673,2296538.848434257,0.20579984129241558,196538.84843425688,STD,RFA
8480144,David Kampf,C,2025,38,0.05,0.11,5.0,13.0,-1.01,-0.48,-0.03,0.0,0.11,2400000.0,2.513089005235602,95500000,2.7062249317166653,2584444.8097894154,0.19313592648106326,184444.80978941542,STD,UFA
8482470,Ilya Solovyov,D,2025,25,0.05,0.16,0.0,1.0,4.83,0.63,-0.01,0.0,-0.96,775000.0,0.8115183246073299,95500000,0.9974828774982125,952596.1480107929,0.18596455289088265,177596.14801079294,STD,RFA
8474150,Mikael Backlund,C,2025,66,0.12,0.15,15.0,32.0,-3.89,-0.4,0.22,0.05,-0.12,4500000.0,4.712041884816754,95500000,4.896759502280686,4676405.324678055,0.18471761746393156,176405.32467805463,STD,UFA
8475168,Matt Duchene,C,2025,41,0.26,0.52,30.0,82.0,1.2,-0.19,1.0,-0.0,0.8,4500000.0,4.712041884816754,95500000,4.894003444309286,4673773.289315368,0.18196155949253168,173773.28931536776,STD,UFA
8480727,Zach Whitecloud,D,2025,62,0.36,0.48,4.0,13.0,-3.83,1.07,-0.07,-0.07,-0.8,2750000.0,2.8795811518324608,95500000,3.0487195544877004,2911527.1745357537,0.1691384026552396,161527.17453575382,STD,RFA
8476856,Matt Dumba,D,2025,11,0.01,0.07,1.0,10.0,-0.2,-0.09,-0.0,-0.0,-0.31,3750000.0,3.926701570680628,95500000,4.095700995455058,3911394.4506595805,0.16899942477442975,161394.4506595804,STD,UFA
8477425,Miles Wood,LW,2025,43,0.06,0.11,4.0,8.0,0.07,-1.39,-0.02,0.0,-0.07,2500000.0,2.6178010471204187,95500000,2.7834396716170797,2658184.886394311,0.165638624496661,158184.88639431127,STD,UFA
8479420,Tage Thompson,C,2025,67,0.37,0.45,44.0,72.0,18.48,-2.29,1.52,0.0,1.26,7142857.0,7.4794314136125655,95500000,7.637683811005514,7293988.039510267,0.15825239739294883,151131.03951026613,STD,RFA
8481032,Paul Cotter,C,2025,63,0.05,0.07,16.0,22.0,-7.49,-2.94,-0.12,0.0,1.49,775000.0,0.8115183246073299,95500000,0.9691778834083085,925564.8786549347,0.1576595588009786,150564.87865493455,STD,RFA
8478047,Michael Bunting,LW,2025,65,0.35,0.44,19.0,38.0,4.91,-1.3,1.22,0.0,2.39,4500000.0,4.712041884816754,95500000,4.869519506822696,4650391.129015675,0.15747762200594195,150391.12901567455,STD,UFA
8482095,Tyler Kleven,D,2025,60,0.19,0.26,4.0,10.0,2.02,1.16,-0.07,0.0,-1.18,1600000.0,1.6753926701570683,95500000,1.8311496371953737,1748747.903521582,0.15575696703830544,148747.9035215817,STD,RFA
8480891,Michael Kesselring,D,2025,32,0.05,0.13,7.0,29.0,0.83,-0.39,-0.0,0.0,-1.45,1400000.0,1.4659685863874345,95500000,1.6187234869341651,1545880.930022128,0.15275490054673058,145880.93002212772,STD,RFA
8477541,Dakota Mermis,D,2025,11,0.02,0.15,0.0,1.0,0.53,0.12,-0.0,0.0,-0.14,775000.0,0.8115183246073299,95500000,0.9588208010890948,915673.8650400856,0.14730247648176498,140673.86504008557,STD,UFA
8475343,Nic Dowd,C,2025,60,0.0,0.0,14.0,27.0,-3.37,-0.42,-0.06,0.07,-0.85,3000000.0,3.1413612565445024,95500000,3.2842786255170218,3136486.0873687556,0.1429173689725194,136486.087368756,STD,UFA
8480002,Nico Hischier,C,2025,66,0.99,1.23,35.0,69.0,1.96,-1.42,1.29,0.02,1.27,7250000.0,7.591623036649215,95500000,7.727832468578233,7380080.007492213,0.1362094319290188,130080.00749221294,STD,RFA
8477478,William Carrier,LW,2025,54,0.08,0.12,4.0,11.0,2.2,1.06,-0.01,0.0,0.62,2000000.0,2.094240837696335,95500000,2.1977055449724947,2098808.7954487326,0.10346470727615964,98808.79544873245,STD,UFA
8480355,Mark Kastelic,C,2025,66,0.16,0.2,5.0,14.0,-0.4,-3.32,0.3,0.0,-0.69,1566667.0,1.640489005235602,95500000,1.738641970462849,1660403.081792021,0.09815296522724704,93736.08179202091,STD,RFA
8478438,Thomas Novak,C,2025,66,0.14,0.17,13.0,22.0,6.75,0.55,0.66,0.0,-0.85,3500000.0,3.664921465968586,95500000,3.7630432908616385,3593706.3427728643,0.09812182489305243,93706.34277286507,STD,UFA
8479414,Nathan Bastian,RW,2025,31,0.03,0.08,4.0,10.0,0.55,0.99,-0.01,-0.0,-0.8,1350000.0,1.4136125654450262,95500000,1.508079255532225,1440215.689033275,0.09446669008719888,90215.68903327493,STD,UFA
8475714,Calle Jarnkrok,C,2025,43,0.02,0.04,1.0,7.0,-2.76,0.26,-0.07,0.02,0.09,2100000.0,2.1989528795811517,95500000,2.2822451359011833,2179544.10478563,0.08329225632003157,79544.10478563014,STD,UFA
8474189,Lars Eller,C,2025,51,0.1,0.16,10.0,22.0,-4.88,1.52,-0.41,0.06,0.45,2450000.0,2.5654450261780104,95500000,2.645317531147814,2526278.2422461626,0.07987250496980369,76278.24224616252,STD,UFA
8477948,Travis Sanheim,D,2025,66,0.21,0.26,8.0,30.0,2.47,2.72,-0.5,-0.22,0.63,6250000.0,6.544502617801047,95500000,6.617195490949387,6319421.693856664,0.07269287314833939,69421.69385666412,STD,UFA
8480196,Jacob Bryson,D,2025,38,0.07,0.15,0.0,7.0,1.27,-0.99,-0.0,-0.0,-0.61,900000.0,0.9424083769633508,95500000,1.0097544551690874,964315.5046864784,0.06734607820573657,64315.50468647842,STD,UFA
8477407,Anthony Duclair,C,2025,57,0.14,0.2,7.0,11.0,2.46,-2.74,0.43,0.0,-0.03,3500000.0,3.664921465968586,95500000,3.688211234833517,3522241.7292660084,0.02328976886493095,22241.729266009057,STD,UFA
8478042,Viktor Arvidsson,LW,2025,54,0.18,0.27,15.0,27.0,4.18,-2.24,-0.07,0.0,0.48,4000000.0,4.18848167539267,95500000,4.195222566549694,4006437.551054958,0.006740891157023476,6437.551054957419,STD,UFA
8481534,Raphael Lavoie,C,2025,1,0.0,0.0,0.0,0.0,-0.06,-0.07,-0.0,0.0,0.0,775000.0,0.8115183246073299,95500000,0.814862490917541,778193.6788262516,0.003344166310211172,3193.6788262516693,STD,RFA
8475231,Casey Cizikas,C,2025,66,0.14,0.17,7.0,17.0,-1.98,-0.04,-0.04,0.02,-0.2,2500000.0,2.6178010471204187,95500000,2.609901708105003,2492456.131240278,-0.00789933901541584,-7543.868759722128,STD,UFA
8475753,Justin Faulk,D,2025,65,0.03,0.04,4.0,32.0,3.47,1.43,-0.32,-0.02,-1.43,6500000.0,6.806282722513089,95500000,6.798351585428241,6492425.764083971,-0.007931137084847606,-7574.235916029464,STD,UFA
8478851,Alexandre Carrier,D,2025,65,-0.06,-0.08,3.0,25.0,5.43,-3.41,-0.03,-0.18,-0.79,3750000.0,3.926701570680628,95500000,3.912778176511786,3736703.1585687553,-0.01392339416884214,-13296.841431244246,STD,UFA
8477839,Conor Sheary,LW,2025,46,0.06,0.11,0.0,0.0,-3.28,0.76,-0.23,0.01,0.8,2000000.0,2.094240837696335,95500000,2.0791074789593367,1985547.6424061665,-0.015133358736998392,-14452.357593833463,STD,UFA
8479369,Andrew Peeke,D,2025,63,0.04,0.05,1.0,17.0,-6.53,-2.75,-0.03,-0.21,-0.45,2750000.0,2.8795811518324608,95500000,2.8579537511197213,2729345.8323193337,-0.021627400712739497,-20654.167680666218,STD,RFA
8481704,Juuso Parssinen,C,2025,19,0.02,0.09,6.0,16.0,-2.13,0.31,-0.0,0.0,-0.14,1250000.0,1.3089005235602094,95500000,1.282010970934632,1224320.4772425734,-0.026889552625577462,-25679.52275742648,STD,RFA
8482113,Anton Lundell,C,2025,61,0.14,0.19,17.0,45.0,3.04,0.49,0.07,-0.16,1.07,5000000.0,5.2356020942408374,95500000,5.1999968911442185,4965997.031042729,-0.035605203096618965,-34002.968957271114,STD,RFA
8476826,Yanni Gourde,C,2025,65,0.42,0.53,7.0,31.0,-3.06,2.22,-0.18,0.07,-0.14,2333333.0,2.4432806282722512,95500000,2.398429926336135,2290500.579651009,-0.04485070193611618,-42832.42034899095,STD,UFA
8478173,Hayden Hodgson,RW,2025,8,0.0,0.0,0.0,0.0,0.25,-0.2,-0.0,0.0,-0.33,775000.0,0.8115183246073299,95500000,0.7569760923089959,722912.168155091,-0.05454223229833399,-52087.83184490896,STD,UFA
8480807,Mattias Samuelsson,D,2025,64,0.14,0.18,4.0,14.0,10.17,-2.35,-0.06,-0.22,0.27,4285714.0,4.487658638743455,95500000,4.430972844264192,4231579.0662723025,-0.056685794479263585,-54134.93372769673,STD,RFA
8481122,Simon Benoit,D,2025,59,-0.04,-0.06,1.0,10.0,-9.94,-1.0,-0.01,-0.14,-0.66,1350000.0,1.4136125654450262,95500000,1.355573158779622,1294572.366634539,-0.05803940666540419,-55427.633365461,STD,RFA
8475790,Erik Gudbranson,D,2025,21,0.13,0.51,0.0,4.0,-1.69,-0.56,-0.0,-0.08,-0.1,4000000.0,4.18848167539267,95500000,4.126058988910417,3940386.3344094483,-0.06242268648225302,-59613.66559055163,STD,UFA
8477810,Joel Hanley,D,2025,62,0.23,0.3,2.0,9.0,0.34,0.91,-0.03,0.0,-1.19,787500.0,0.824607329842932,95500000,0.7548485042740332,720880.3215817017,-0.06975882556889879,-66619.67841829834,STD,UFA
8471724,Kris Letang,D,2025,60,0.21,0.29,9.0,30.0,7.61,-1.77,1.12,0.01,-1.46,6100000.0,6.387434554973822,95500000,6.311329919025658,6027320.072669504,-0.0761046359481643,-72679.92733049691,STD,UFA
8481609,Vladislav Kolyachonok,D,2025,13,0.02,0.13,2.0,7.0,0.41,0.51,-0.0,0.0,0.2,775000.0,0.8115183246073299,95500000,0.7278343354203525,695081.7903264366,-0.08368398918697739,-79918.20967356341,STD,RFA
8471685,Anze Kopitar,C,2025,51,0.19,0.31,21.0,67.0,-1.45,-0.02,0.41,-0.07,0.18,7000000.0,7.329842931937172,95500000,7.245811410934541,6919749.897442487,-0.08403152100263078,-80250.10255751241,STD,UFA
8482089,Jake Neighbours,LW,2025,53,0.05,0.08,22.0,46.0,4.15,-0.65,-0.14,0.0,-0.02,3750000.0,3.926701570680628,95500000,3.841414601662855,3668550.9445880265,-0.0852869690177731,-81449.05541197331,STD,RFA
8478474,Lawson Crouse,LW,2025,66,-0.09,-0.11,12.0,18.0,6.62,-0.98,-0.92,-0.29,0.03,4300000.0,4.502617801047121,95500000,4.412852215915104,4214273.866198924,-0.08976558513201738,-85726.13380107659,STD,RFA
8478507,John Marino,D,2025,67,0.18,0.22,1.0,14.0,7.13,1.17,-0.08,0.05,0.42,4400000.0,4.607329842931937,95500000,4.514073170922673,4310939.878231153,-0.09325667200926357,-89060.12176884671,STD,RFA
8479314,Matthew Tkachuk,LW,2025,18,0.62,2.82,22.0,57.0,0.37,0.24,1.78,-0.0,0.57,9500000.0,9.947643979057592,95500000,9.853076452925249,9409688.012543613,-0.09456752613234265,-90311.98745638723,STD,RFA
8480281,Alexei Toropchenko,RW,2025,50,0.18,0.3,4.0,18.0,-5.97,0.64,-0.03,0.0,-0.23,1700000.0,1.780104712041885,95500000,1.6811691884931736,1605516.5750109807,-0.09893552354871127,-94483.42498901926,STD,RFA
8482126,Emil Andrae,D,2025,47,0.13,0.23,1.0,7.0,0.24,0.48,0.08,0.0,0.31,903333.0,0.9458984293193717,95500000,0.8461205708339126,808045.1451463866,-0.09977785848545917,-95287.85485361352,ELC,
8481167,Brayden Pachal,D,2025,32,0.06,0.15,3.0,12.0,1.32,0.72,-0.0,0.0,-0.26,1187500.0,1.243455497382199,95500000,1.1425422495454551,1091127.8483159097,-0.10091324783674382,-96372.15168409035,STD,RFA
8483505,Matthew Poitras,C,2025,3,0.0,0.0,1.0,11.0,-0.08,-0.28,-0.04,0.0,0.18,870000.0,0.9109947643979057,95500000,0.7986412474598605,762702.3913241668,-0.11235351693804518,-107297.60867583315,ELC,
8476463,Jonas Brodin,D,2025,48,0.24,0.41,4.0,20.0,0.52,3.25,0.35,-0.12,1.03,6000000.0,6.282722513089005,95500000,6.162105916613493,5884811.150365886,-0.1206165964755117,-115188.84963411368,STD,UFA
8476399,Blake Coleman,LW,2025,54,0.1,0.15,15.0,39.0,2.43,0.4,-0.75,0.16,-0.68,4900000.0,5.130890052356021,95500000,5.008305896788153,4782932.131432686,-0.12258415556786773,-117067.86856731368,STD,UFA
8482516,Matthew Kessel,D,2025,27,0.06,0.18,0.0,3.0,-1.06,0.48,-0.0,0.0,-0.28,800000.0,0.8376963350785341,95500000,0.7081258810702025,676260.2164220434,-0.12957045400833167,-123739.78357795675,STD,RFA
8480036,Miro Heiskanen,D,2025,64,0.37,0.47,5.0,25.0,5.31,4.13,0.14,0.3,0.64,8450000.0,8.848167539267015,95500000,8.702028354964815,8310437.078991398,-0.14613918430219996,-139562.92100860097,STD,RFA
8481618,Alex Newhook,C,2025,25,-0.01,-0.03,15.0,26.0,0.33,-0.02,0.35,0.0,0.58,2900000.0,3.0366492146596857,95500000,2.8890372339773567,2759030.5584483757,-0.14761198068232906,-140969.44155162424,STD,RFA
8479983,Mario Ferraro,D,2025,64,-0.36,-0.46,5.0,17.0,1.9,-2.75,-0.05,0.14,-0.6,3250000.0,3.4031413612565444,95500000,3.248057725581644,3101895.1279304703,-0.15508363567490058,-148104.87206953007,STD,RFA
8477369,Carson Soucy,D,2025,61,0.01,0.01,4.0,13.0,-4.2,-0.67,-0.03,0.03,-1.86,3250000.0,3.4031413612565444,95500000,3.2390125509827588,3093256.9861885346,-0.16412881027378567,-156743.01381146532,STD,UFA
8481655,Cole Schwindt,RW,2025,22,0.02,0.07,1.0,8.0,0.45,1.1,-0.05,0.0,0.04,800000.0,0.8376963350785341,95500000,0.6697762636925351,639636.331826371,-0.16792007138599907,-160363.66817362912,STD,RFA
8477507,Nikita Zadorov,D,2025,65,0.27,0.34,4.0,22.0,-0.45,-2.69,0.03,-0.04,-2.98,5000000.0,5.2356020942408374,95500000,5.055681996550776,4828176.306705991,-0.17992009769006145,-171823.6932940087,STD,UFA
8482055,Drew O'Connor,LW,2025,66,0.07,0.09,10.0,25.0,-0.79,-2.7,-0.17,0.0,-0.34,2500000.0,2.6178010471204187,95500000,2.434491246639247,2324939.140540481,-0.18330980048117151,-175060.85945951878,STD,UFA
8476931,Jake McCabe,D,2025,65,0.15,0.19,2.0,23.0,-6.65,-1.45,-0.25,-0.02,-1.6,4513102.0,4.725761256544503,95500000,4.535310535028701,4331221.56095241,-0.190450721515802,-181880.43904759092,STD,UFA
8480027,Jason Robertson,LW,2025,66,0.49,0.61,35.0,80.0,17.02,1.41,2.73,0.0,1.09,7750000.0,8.115183246073299,95500000,7.924414884527186,7567816.214723463,-0.19076836154611243,-182183.78527653735,STD,RFA
8476457,Adam Larsson,D,2025,65,-0.08,-0.1,7.0,28.0,2.32,-2.23,-0.07,0.2,-2.46,5250000.0,5.49738219895288,95500000,5.303868991397044,5065194.886784177,-0.1935132075558359,-184805.11321582328,STD,UFA
8479981,Jonah Gadjovich,LW,2025,10,0.0,0.0,4.0,4.0,-0.78,0.51,-0.01,0.0,-0.16,775000.0,0.8115183246073299,95500000,0.612844863070336,585266.8442321708,-0.19867346153699383,-189733.1557678291,STD,RFA
8476854,Hampus Lindholm,D,2025,52,0.2,0.32,3.0,7.0,1.0,0.8,-0.68,0.16,-2.34,6500000.0,6.806282722513089,95500000,6.603983180930639,6306803.93778876,-0.20229954158245,-193196.06221123974,STD,UFA
8479772,Zack MacEwen,C,2025,3,0.0,0.0,2.0,3.0,-0.26,0.25,-0.0,0.0,0.0,775000.0,0.8115183246073299,95500000,0.606783858333646,579478.5847086319,-0.20473446627368386,-195521.4152913681,STD,UFA
8483464,Marco Kasper,C,2025,66,0.0,0.0,19.0,37.0,-5.17,-0.26,-0.12,0.0,0.17,886666.0,0.9284460732984292,95500000,0.7113503430780757,679339.5776395623,-0.21709573022035356,-207326.42236043763,ELC,
8480220,Noah Cates,LW,2025,66,0.48,0.6,16.0,37.0,-10.4,1.95,0.78,0.04,0.37,4000000.0,4.18848167539267,95500000,3.9586008493969,3780463.8111740397,-0.2298808259957701,-219536.18882596045,STD,RFA
8475913,Mark Stone,RW,2025,45,0.96,1.75,19.0,67.0,7.13,2.82,4.79,0.11,1.86,9500000.0,9.947643979057592,95500000,9.709872795765454,9272928.51995601,-0.23777118329213742,-227071.4800439912,STD,UFA
8482408,Jeff Malott,LW,2025,49,0.03,0.05,0.0,1.0,0.97,-0.34,-0.01,0.0,-0.26,775000.0,0.8115183246073299,95500000,0.5686528189861342,543063.4421317581,-0.2428655056211957,-231936.55786824189,STD,UFA
8478046,Danton Heinen,LW,2025,31,0.04,0.11,9.0,29.0,-1.04,1.93,-0.0,0.0,-0.62,2250000.0,2.356020942408377,95500000,2.111583740829614,2016562.4724922816,-0.24443720157876303,-233437.52750771868,STD,UFA
8477998,Warren Foegele,LW,2025,50,0.23,0.38,24.0,46.0,-2.82,0.13,-0.32,-0.03,0.14,3500000.0,3.664921465968586,95500000,3.417203301166305,3263429.1526138214,-0.24771816480228104,-236570.84738617842,STD,UFA
8477346,MacKenzie Weegar,D,2025,65,0.11,0.14,8.0,47.0,-5.8,-3.55,-1.34,0.15,-2.28,6250000.0,6.544502617801047,95500000,6.287744621761243,6004796.113781987,-0.25675799603980387,-245203.88621801272,STD,UFA
8477450,Jason Dickinson,C,2025,52,0.06,0.09,7.0,16.0,-1.68,-0.99,-0.06,-0.1,-0.19,4250000.0,4.450261780104712,95500000,4.193110013242213,4004420.062646314,-0.2571517668624983,-245579.93735368585,STD,UFA
8477365,Connor Clifton,D,2025,35,0.11,0.26,1.0,16.0,3.75,0.36,-0.0,0.04,-1.93,3333333.0,3.4904010471204185,95500000,3.2276623623044127,3082417.556000714,-0.2627386848160058,-250915.44399928555,STD,UFA
8475692,Mats Zuccarello,RW,2025,47,-0.22,-0.38,19.0,54.0,1.79,2.04,-1.05,-0.0,1.18,4125000.0,4.319371727748691,95500000,4.045790773061061,3863730.188273313,-0.2735809546876302,-261269.81172668686,STD,UFA
8479359,Beck Malenstyn,LW,2025,66,0.2,0.25,4.0,10.0,-5.91,0.46,-0.02,0.0,0.98,1350000.0,1.4136125654450262,95500000,1.1279119366449386,1077155.8994959162,-0.2857006288000876,-272844.1005040837,STD,RFA
8476887,Filip Forsberg,C,2025,65,0.55,0.69,31.0,76.0,10.21,0.25,2.02,0.0,1.08,8500000.0,8.900523560209423,95500000,8.604840464700429,8217622.64378891,-0.29568309550899485,-282377.3562110901,STD,UFA
8480018,Nick Suzuki,C,2025,65,0.47,0.59,30.0,89.0,3.15,2.22,3.17,0.03,0.42,7875000.0,8.24607329842932,95500000,7.9405403734764395,7583216.056670001,-0.30553292495288,-291783.9433300004,STD,RFA
8474641,Adam Henrique,C,2025,50,-0.06,-0.1,12.0,27.0,-7.84,1.22,0.41,0.09,-0.73,3000000.0,3.1413612565445024,95500000,2.8155440970517684,2688844.612684439,-0.32581715949273393,-311155.3873155609,STD,UFA
8471675,Sidney Crosby,C,2025,56,0.84,1.23,33.0,91.0,9.0,-1.64,2.36,-0.0,0.03,8700000.0,9.109947643979059,95500000,8.78369288306787,8388426.7033298155,-0.32625476091118877,-311573.2966701853,STD,UFA
8475324,Nick Jensen,D,2025,61,0.16,0.22,3.0,21.0,2.68,0.89,-0.05,0.04,-0.32,4050000.0,4.2408376963350785,95500000,3.9112546666116703,3735248.206614145,-0.32958302972340814,-314751.7933858548,STD,UFA
8478055,Gustav Forsling,D,2025,65,0.1,0.13,11.0,31.0,5.38,1.01,-0.2,-0.33,-1.26,5750000.0,6.020942408376963,95500000,5.674135936175501,5418799.819047604,-0.3468064722014619,-331200.1809523961,STD,UFA
8475413,Justin Dowling,C,2025,2,0.0,0.0,2.0,7.0,-0.24,-0.12,-0.0,0.0,0.0,775000.0,0.8115183246073299,95500000,0.4524872044084205,432125.2802100416,-0.35903112019890937,-342874.71978995844,STD,UFA
8477149,Scott Sabourin,RW,2025,18,0.0,0.0,0.0,0.0,0.38,0.42,-0.01,0.0,-0.99,775000.0,0.8115183246073299,95500000,0.44353036886862185,423571.5022695338,-0.367987955738708,-351428.49773046613,STD,UFA
8481711,Matias Maccelli,LW,2025,56,0.04,0.06,8.0,18.0,5.74,0.31,-0.09,-0.0,-0.02,3425000.0,3.586387434554974,95500000,3.214078478729091,3069444.9471862814,-0.3723089558258832,-355555.05281371844,STD,RFA
8483808,Andrei Kuzmenko,LW,2025,52,0.07,0.11,11.0,37.0,6.88,1.14,-0.49,0.0,1.33,4300000.0,4.502617801047121,95500000,4.121291521523462,3935833.403054906,-0.38132627952365894,-364166.5969450943,STD,UFA
8476479,Phillip Danault,C,2025,59,0.11,0.15,8.0,43.0,-4.83,-0.34,-0.69,-0.1,0.85,5500000.0,5.7591623036649215,95500000,5.37608599370269,5134162.123986068,-0.38307630996223185,-365837.8760139314,STD,UFA
8475235,Nicolas Deslauriers,LW,2025,24,0.01,0.03,2.0,3.0,-2.93,1.18,-0.0,-0.0,-0.64,1750000.0,1.832460732984293,95500000,1.4303461805528919,1365980.6024280116,-0.40211455243140115,-384019.3975719881,STD,UFA
8477070,Liam O'Brien,LW,2025,32,0.01,0.03,0.0,2.0,-2.43,0.16,-0.01,0.0,-0.12,1000000.0,1.0471204188481675,95500000,0.636105987999402,607481.2185394289,-0.41101443084876554,-392518.78146057104,STD,UFA
8477919,Frederick Gaudreau,C,2025,51,-0.15,-0.24,18.0,37.0,-8.73,-0.81,1.12,-0.05,0.66,2100000.0,2.1989528795811517,95500000,1.7870535216895842,1706636.1132135529,-0.4118993578915675,-393363.886786447,STD,UFA
8478975,Mason Marchment,LW,2025,53,-0.05,-0.08,22.0,47.0,1.54,1.83,-1.19,0.0,-0.85,4500000.0,4.712041884816754,95500000,4.2916619351415335,4098537.148060165,-0.42037994967522074,-401462.8519398358,STD,UFA
8479987,Morgan Geekie,C,2025,65,0.03,0.04,33.0,57.0,15.99,-1.56,1.27,-0.0,1.91,5500000.0,5.7591623036649215,95500000,5.334265803459763,5094223.842304074,-0.42489650020515857,-405776.15769592643,STD,RFA
8479336,Carl Grundstrom,LW,2025,37,0.03,0.07,3.0,9.0,-2.9,0.54,-0.02,-0.01,-0.26,1800000.0,1.8848167539267016,95500000,1.4547685790409286,1389303.9929840867,-0.43004817488577296,-410696.00701591314,STD,RFA
8480813,Joe Veleno,C,2025,49,0.04,0.07,8.0,17.0,-2.47,0.67,-0.03,0.0,0.11,2275000.0,2.3821989528795813,95500000,1.9375033944728965,1850315.7417216161,-0.44469555840668473,-424684.25827838393,STD,RFA
8478462,Nicolas Roy,C,2025,64,0.18,0.23,15.0,31.0,-6.04,-0.32,0.31,0.02,0.34,3000000.0,3.1413612565445024,95500000,2.6945250861382526,2573271.4572620313,-0.4468361704062498,-426728.54273796856,STD,RFA
8477971,Andreas Englund,D,2025,3,0.0,0.0,1.0,3.0,0.5,0.09,-0.0,0.0,0.0,775000.0,0.8115183246073299,95500000,0.3601686426201951,343961.0537022863,-0.45134968198713477,-431038.9462977137,STD,UFA
8474590,John Carlson,D,2025,55,-0.26,-0.39,5.0,51.0,7.09,-2.53,-1.22,-0.01,-1.13,8000000.0,8.37696335078534,95500000,7.908432744964605,7552553.271441198,-0.46853060582073525,-447446.72855880216,STD,UFA
8476905,Chandler Stephenson,C,2025,63,-0.3,-0.39,13.0,51.0,-4.81,-3.68,-0.6,0.06,0.91,6250000.0,6.544502617801047,95500000,6.073327939229435,5800028.18196411,-0.47117467857161266,-449971.8180358901,STD,UFA
8481523,Kirby Dach,C,2025,31,-0.02,-0.05,10.0,22.0,1.34,-0.22,0.36,-0.0,0.42,3362500.0,3.520942408376963,95500000,3.0469290194611744,2909817.2135854214,-0.4740133889157887,-452682.7864145782,STD,RFA
8478043,Sam Lafferty,C,2025,22,0.01,0.04,4.0,7.0,-2.3,0.68,-0.01,0.0,-0.14,2000000.0,2.094240837696335,95500000,1.618666773554919,1545826.7687449476,-0.4755740641414161,-454173.2312550524,STD,UFA
8476921,Jordan Martinook,C,2025,63,0.25,0.33,15.0,36.0,2.53,-0.67,-0.05,-0.03,-0.17,3050000.0,3.193717277486911,95500000,2.71070709788016,2588725.2784755533,-0.48301017960675097,-461274.72152444714,STD,UFA
8477404,Jake Guentzel,LW,2025,65,0.82,1.03,41.0,80.0,8.14,-0.18,1.08,0.03,0.92,9000000.0,9.424083769633508,95500000,8.930239481288025,8528378.704630064,-0.49384428834548366,-471621.2953699369,STD,UFA
8477500,Bo Horvat,C,2025,53,-0.09,-0.14,28.0,57.0,14.46,-1.59,0.2,-0.11,-0.31,8500000.0,8.900523560209423,95500000,8.402979968341048,8024845.869765701,-0.49754359186837505,-475154.1302342982,STD,UFA
8477021,Alexander Kerfoot,C,2025,19,-0.01,-0.04,11.0,28.0,-1.61,0.43,-0.02,0.02,-0.81,3000000.0,3.1413612565445024,95500000,2.6416970670746807,2522820.69905632,-0.4996641894698217,-477179.3009436797,STD,UFA
8477946,Dylan Larkin,C,2025,63,0.51,0.66,30.0,70.0,0.86,-2.12,1.17,-0.02,0.91,8700000.0,9.109947643979059,95500000,8.609099836190884,8221690.343562294,-0.5008478077881744,-478309.65643770655,STD,UFA
8478569,Noel Acciari,C,2025,51,0.24,0.39,5.0,12.0,2.27,1.8,-0.02,-0.17,0.3,2000000.0,2.094240837696335,95500000,1.5917567566686142,1520127.7026185268,-0.5024840810277209,-479872.2973814735,STD,UFA
8480078,Filip Chytil,C,2025,12,0.01,0.07,13.0,26.0,0.55,-0.07,-0.19,-0.0,-0.48,4437500.0,4.646596858638744,95500000,4.139216536577669,3952951.792431674,-0.5073803220610751,-484548.20756832673,STD,RFA
8480762,Eric Robinson,LW,2025,53,0.13,0.2,14.0,32.0,9.35,0.01,-0.04,0.01,0.62,1700000.0,1.780104712041885,95500000,1.2711839012652923,1213980.6257083542,-0.5089208107765926,-486019.37429164595,STD,UFA
8482511,Mason Lohrei,D,2025,61,0.05,0.07,5.0,33.0,3.59,-2.28,0.0,0.0,-0.32,3200000.0,3.3507853403141366,95500000,2.8236637961898943,2696598.9253613492,-0.5271215441242423,-503401.0746386514,STD,RFA
8478449,Roope Hintz,C,2025,53,1.14,1.76,28.0,67.0,-1.32,1.45,2.83,0.04,0.68,8450000.0,8.848167539267015,95500000,8.314835885406728,7940668.2705634255,-0.5333316538602872,-509331.72943657433,STD,RFA
8476312,Josh Manson,D,2025,65,0.12,0.15,1.0,15.0,7.87,0.9,-0.04,0.05,-3.02,4500000.0,4.712041884816754,95500000,4.171215717053178,3983511.0097857844,-0.5408261677635764,-516488.9902142154,STD,UFA
8475718,Justin Holl,D,2025,2,0.0,0.0,2.0,8.0,1.37,0.1,-0.0,0.0,-0.16,3400000.0,3.56020942408377,95500000,3.015581466273762,2879880.3002914423,-0.544627957810008,-520119.6997085576,STD,UFA
8479542,Brandon Hagel,LW,2025,60,-0.19,-0.26,35.0,90.0,18.73,-0.76,-0.24,0.17,1.07,6500000.0,6.806282722513089,95500000,6.245994053535076,5964924.321125998,-0.5602886689780124,-535075.6788740018,STD,RFA
8477964,Ivan Barbashev,C,2025,67,0.11,0.13,23.0,51.0,13.34,-0.41,-0.33,0.0,1.05,5000000.0,5.2356020942408374,95500000,4.662635545475327,4452816.945928938,-0.5729665487655105,-547183.0540710625,STD,UFA
8476925,Colton Sissons,C,2025,51,-0.14,-0.23,7.0,21.0,-5.05,1.08,-0.22,-0.09,0.45,2857143.0,2.99177277486911,95500000,2.418332286352774,2309507.333466899,-0.573440488516336,-547635.6665331009,STD,RFA
8476853,Morgan Rielly,D,2025,64,-0.27,-0.35,7.0,41.0,7.92,-4.07,-1.62,0.01,-0.43,7500000.0,7.853403141361256,95500000,7.279471682418906,6951895.4567100555,-0.5739314589423499,-548104.5432899441,STD,UFA
8475279,Ben Chiarot,D,2025,67,-0.37,-0.45,4.0,13.0,-3.07,-3.27,-0.12,-0.04,-1.78,4750000.0,4.973821989528796,95500000,4.389283893201876,4191766.118007791,-0.58453809632692,-558233.8819922087,STD,UFA
8481178,Egor Zamula,D,2025,28,0.06,0.18,3.0,15.0,-1.57,0.02,-0.0,0.0,-0.27,1700000.0,1.780104712041885,95500000,1.1908145410720437,1137227.8867238017,-0.5892901709698413,-562772.1132761984,STD,RFA
8476419,Jean Gabriel Pageau,C,2025,59,-0.06,-0.08,14.0,42.0,1.32,-2.88,-0.18,0.16,0.68,5000000.0,5.2356020942408374,95500000,4.621922380938729,4413935.873796486,-0.6136797133021084,-586064.1262035135,STD,UFA
8477506,Ryan Pulock,D,2025,64,0.17,0.22,5.0,23.0,2.38,-2.03,0.28,-0.01,-0.43,6150000.0,6.439790575916231,95500000,5.792772340853373,5532097.585514972,-0.6470182350628573,-617902.4144850287,STD,UFA
8478136,Jacob Middleton,D,2025,60,0.11,0.15,8.0,21.0,-0.47,0.01,-0.02,0.08,-1.5,4350000.0,4.554973821989529,95500000,3.906915251295926,3731104.0649876096,-0.6480585706936033,-618895.9350123912,STD,UFA
8481533,Trevor Zegras,C,2025,66,-0.1,-0.12,12.0,32.0,8.08,-1.72,0.66,-0.0,0.23,5750000.0,6.020942408376963,95500000,5.370482200262662,5128810.501250843,-0.6504602081143007,-621189.4987491572,STD,RFA
8478472,Mathieu Joseph,RW,2025,40,0.14,0.29,4.0,14.0,-3.39,0.8,-0.03,0.02,1.45,2950000.0,3.0890052356020945,95500000,2.4279502751273245,2318692.512746595,-0.66105496047477,-631307.4872534054,STD,RFA
8479675,Trevor Moore,C,2025,53,0.3,0.46,18.0,40.0,-2.43,1.27,-0.48,0.09,0.16,4200000.0,4.397905759162303,95500000,3.727044182140089,3559327.1939437855,-0.6708615770222144,-640672.8060562147,STD,UFA
8480873,Rasmus Sandin,D,2025,61,0.14,0.19,4.0,30.0,2.72,2.06,-0.48,0.02,0.04,4600000.0,4.81675392670157,95500000,4.136210743560264,3950081.260100052,-0.6805431831413058,-649918.7398999471,STD,RFA
8477987,Ryan Donato,C,2025,66,0.08,0.1,31.0,62.0,-2.84,-1.67,-0.94,0.0,0.18,4000000.0,4.18848167539267,95500000,3.50593709058502,3348169.921508694,-0.6825445848076503,-651830.078491306,STD,UFA
8475754,Brock Nelson,C,2025,65,0.07,0.09,26.0,56.0,21.99,0.63,0.59,-0.03,0.74,7500000.0,7.853403141361256,95500000,7.16928010854677,6846662.503662165,-0.6841230328144858,-653337.496337834,STD,UFA
8478057,Dakota Joshua,LW,2025,44,0.08,0.15,7.0,14.0,0.36,-0.26,-0.04,0.0,0.95,3250000.0,3.4031413612565444,95500000,2.7136170011445735,2591504.2360930676,-0.6895243601119709,-658495.7639069322,STD,UFA
8477447,Shea Theodore,D,2025,55,0.26,0.39,7.0,57.0,2.84,4.23,-0.15,-0.03,0.24,7425000.0,7.774869109947644,95500000,7.054586116124485,6737129.740898883,-0.720282993823159,-687870.2591011168,STD,UFA
8479520,Brandon Duhaime,RW,2025,68,0.0,0.0,9.0,21.0,-3.93,0.26,0.09,0.0,-0.71,1850000.0,1.93717277486911,95500000,1.2152637909093027,1160576.9203183842,-0.7219089839598074,-689423.079681616,STD,UFA
8479998,Mikey Anderson,D,2025,64,0.38,0.49,6.0,24.0,-3.34,0.79,-0.05,-0.21,1.09,4125000.0,4.319371727748691,95500000,3.5947331986263436,3432970.2046881584,-0.7246385291223474,-692029.7953118418,STD,RFA
8477527,Ross Johnston,LW,2025,62,-0.01,-0.01,1.0,4.0,-2.08,-0.82,-0.03,0.0,-1.76,1100000.0,1.1518324607329842,95500000,0.4032747415245481,385127.3781559434,-0.7485577192084361,-714872.6218440564,STD,UFA
8478840,William Borgen,D,2025,59,0.22,0.31,5.0,15.0,-1.57,-0.23,-0.04,0.15,-0.99,4100000.0,4.293193717277487,95500000,3.5264845083395304,3367792.705464252,-0.7667092089379564,-732207.2945357483,STD,UFA
8476441,Joel Edmundson,D,2025,66,0.15,0.19,6.0,20.0,-6.63,-0.37,0.34,0.16,0.05,3850000.0,4.031413612565445,95500000,3.234315963768367,3088771.74539879,-0.7970976487970782,-761228.2546012098,STD,UFA
8479371,Dante Fabbro,D,2025,58,0.01,0.01,9.0,26.0,7.17,-2.45,-0.03,-0.04,-0.34,4125000.0,4.319371727748691,95500000,3.520148502781508,3361741.8201563405,-0.7992232249671831,-763258.17984366,STD,UFA
8479337,Alex DeBrincat,RW,2025,67,0.98,1.2,39.0,70.0,7.89,0.23,1.1,-0.0,1.08,7875000.0,8.24607329842932,95500000,7.4392260433856645,7104460.87143331,-0.806847255043655,-770539.1285666904,STD,RFA
8478434,Keegan Kolesar,RW,2025,67,0.13,0.16,12.0,30.0,-1.11,0.99,-0.08,0.0,-0.2,2500000.0,2.6178010471204187,95500000,1.8099304525833944,1728483.5822171415,-0.8078705945370244,-771516.4177828584,STD,UFA
8476881,Tomas Hertl,C,2025,66,0.7,0.87,32.0,61.0,-4.95,1.31,2.35,0.0,1.06,8137500.0,8.520942408376964,95500000,7.706318513135583,7359534.180044482,-0.8146238952413807,-777965.8199555186,STD,UFA
8479671,Mathieu Olivier,RW,2025,53,0.01,0.02,18.0,32.0,4.65,-0.46,-0.03,0.0,0.14,3000000.0,3.1413612565445024,95500000,2.319936580063377,2215539.4339605253,-0.8214246764811253,-784460.5660394746,STD,UFA
8476458,Ryan Strome,C,2025,38,-0.12,-0.26,10.0,41.0,4.72,0.17,-0.54,0.0,-0.42,5000000.0,5.2356020942408374,95500000,4.374863424849826,4177994.5707315835,-0.8607386693910115,-822005.429268416,STD,UFA
8476429,Scott Mayfield,D,2025,65,0.13,0.16,3.0,9.0,-3.83,-0.92,-0.02,-0.0,-0.65,3500000.0,3.664921465968586,95500000,2.801288821770969,2675230.8247912754,-0.863632644197617,-824769.1752087243,STD,UFA
8482192,Isaak Phillips,D,2025,3,0.0,0.0,1.0,1.0,-0.74,0.21,-0.0,0.0,0.01,775000.0,0.8115183246073299,95500000,-0.05611531901922184,-53590.129663356856,-0.8676336436265517,-828590.1296633568,STD,RFA
8483489,Fraser Minten,C,2025,66,0.0,0.0,3.0,5.0,2.64,-1.53,0.47,0.0,0.52,816666.0,0.8551476439790576,95500000,-0.013759372111007195,-13140.200366011872,-0.8689070160900648,-829806.2003660119,ELC,
8481542,Moritz Seider,D,2025,67,0.0,0.0,8.0,46.0,9.41,3.51,0.82,-0.15,-1.21,8550000.0,8.952879581151832,95500000,8.07411623201993,7710781.001579033,-0.8787633491319014,-839218.9984209657,STD,RFA
8480003,Jesper Boqvist,C,2025,56,0.1,0.15,12.0,23.0,-4.56,0.91,0.06,0.01,1.3,1500000.0,1.5706806282722512,95500000,0.6812474254983165,650591.2913508923,-0.8894332027739347,-849408.7086491076,STD,RFA
8474600,Roman Josi,D,2025,53,0.28,0.43,9.0,38.0,0.58,-0.77,0.44,-0.03,0.58,9059000.0,9.48586387434555,95500000,8.590262556862745,8203700.741803921,-0.8956013174828055,-855299.2581960793,STD,UFA
8480797,Joel Farabee,LW,2025,66,0.07,0.09,11.0,25.0,6.46,0.13,-0.22,0.02,2.08,5000000.0,5.2356020942408374,95500000,4.336098852110844,4140974.403765856,-0.8995032421299936,-859025.5962341438,STD,RFA
8478443,Brandon Carlo,D,2025,44,0.08,0.15,1.0,12.0,2.34,-2.01,-0.01,0.07,-1.2,4100000.0,4.293193717277487,95500000,3.3869016936888343,3234491.117472837,-0.9062920235886525,-865508.882527163,STD,RFA
8482245,Artem Zub,D,2025,64,0.18,0.23,2.0,13.0,7.53,1.41,-0.1,0.14,-2.31,4600000.0,4.81675392670157,95500000,3.8914706214020534,3716354.4434389607,-0.9252833052995166,-883645.5565610384,STD,UFA
8475726,Tyler Toffoli,RW,2025,64,0.35,0.45,30.0,54.0,-3.18,-1.06,0.87,0.0,0.18,6000000.0,6.282722513089005,95500000,5.351563542433238,5110743.183023742,-0.9311589706557664,-889256.8169762569,STD,UFA
8476889,Radek Faksa,C,2025,56,0.11,0.16,5.0,15.0,-8.58,1.48,-0.01,0.06,0.12,3250000.0,3.4031413612565444,95500000,2.446062776514051,2335989.951570919,-0.9570785847424936,-914010.0484290813,STD,RFA
8471817,Ryan Reaves,RW,2025,49,0.02,0.03,0.0,2.0,-2.48,-0.5,-0.02,0.0,-0.27,1350000.0,1.4136125654450262,95500000,0.44430204780411664,424308.45565293136,-0.9693105176409096,-925691.5443470686,STD,UFA
8476467,Jamie Oleksiak,D,2025,63,-0.06,-0.08,4.0,17.0,-7.97,-0.55,-0.02,-0.17,-0.31,4600000.0,4.81675392670157,95500000,3.8436972801266602,3670730.9025209607,-0.9730566465749098,-929269.0974790388,STD,UFA
8476869,Brady Skjei,D,2025,65,0.44,0.56,10.0,33.0,-1.85,-2.65,-1.03,0.15,-0.58,7000000.0,7.329842931937172,95500000,6.356083766508748,6070059.997015854,-0.9737591654284241,-929940.0029841451,STD,UFA
8474716,Jared Spurgeon,D,2025,67,-0.02,-0.02,7.0,32.0,4.77,2.46,-0.49,-0.07,0.24,7575000.0,7.9319371727748695,95500000,6.947231282525907,6634605.874812241,-0.9847058902489625,-940394.1251877592,STD,UFA
8481624,Ilya Mikheyev,RW,2025,61,0.42,0.56,20.0,34.0,-3.73,-2.02,-0.06,0.08,0.54,4750000.0,4.973821989528796,95500000,3.9859227011758325,3806556.17962292,-0.9878992883529634,-943443.8203770801,STD,UFA
8481161,Jake Christiansen,D,2025,35,0.05,0.12,1.0,8.0,1.62,-0.03,-0.0,0.0,-0.27,975000.0,1.0209424083769634,95500000,0.029934717835327973,28587.655532738216,-0.9910076905416354,-946412.3444672617,STD,RFA
8480113,Alex Iafallo,LW,2025,65,0.07,0.09,15.0,31.0,-0.42,-0.21,-0.62,-0.11,0.18,3666666.0,3.8394408376963347,95500000,2.8389018357102582,2711151.2531032967,-1.0005390019860765,-955514.746896703,STD,UFA
8481559,Jack Hughes,C,2025,45,0.55,1.0,27.0,70.0,5.13,0.07,3.12,0.01,1.7,8000000.0,8.37696335078534,95500000,7.376205647336105,7044276.393205981,-1.000757703449235,-955723.6067940195,STD,RFA
8474564,Steven Stamkos,C,2025,65,-0.13,-0.16,27.0,53.0,7.79,0.02,0.66,0.0,-0.64,8000000.0,8.37696335078534,95500000,7.362039001402428,7030747.246339318,-1.0149243493829125,-969252.7536606815,STD,UFA
8477488,Brett Pesce,D,2025,37,0.42,0.93,3.0,17.0,1.13,-0.46,-0.06,0.03,0.65,5500000.0,5.7591623036649215,95500000,4.730728282915601,4517845.510184399,-1.0284340207493203,-982154.4898156008,STD,UFA
8481477,Nico Sturm,C,2025,42,-0.08,-0.16,7.0,14.0,0.1,-0.34,-0.01,0.0,-0.77,2000000.0,2.094240837696335,95500000,1.048845864983324,1001647.8010590746,-1.045394972713011,-998352.1989409255,STD,UFA
8482124,Quinton Byfield,C,2025,63,0.19,0.25,23.0,54.0,-1.4,1.11,-0.32,0.0,1.59,6250000.0,6.544502617801047,95500000,5.4981217095212624,5250706.232592805,-1.0463809082797848,-999293.7674071945,STD,RFA
8478396,Noah Hanifin,D,2025,56,0.51,0.75,10.0,39.0,2.34,2.74,0.6,0.04,-0.44,7350000.0,7.696335078534032,95500000,6.6498469116961,6350603.800669775,-1.046488166837932,-999396.199330225,STD,UFA
8474568,Luke Schenn,D,2025,48,0.16,0.27,1.0,7.0,-5.83,-0.02,-0.0,-0.14,-0.73,2750000.0,2.8795811518324608,95500000,1.8092875860163904,1727869.6446456527,-1.0702935658160704,-1022130.3553543471,STD,UFA
8477492,Nathan MacKinnon,C,2025,64,0.93,1.19,32.0,116.0,29.92,-2.47,2.62,-0.0,1.11,12600000.0,13.193717277486911,95500000,12.116527390292282,11571283.657729128,-1.0771898871946295,-1028716.3422708712,STD,UFA
8479992,Michael Rasmussen,C,2025,61,-0.02,-0.03,11.0,21.0,-4.07,-0.54,-0.22,-0.06,0.48,3200000.0,3.3507853403141366,95500000,2.2654503072541576,2163505.0434277207,-1.085335033059979,-1036494.9565722798,STD,RFA
8477416,Oliver Bjorkstrand,RW,2025,65,0.18,0.23,21.0,46.0,-2.69,0.87,1.03,0.0,1.36,5400000.0,5.654450261780105,95500000,4.567122178084377,4361601.68007058,-1.087328083695728,-1038398.3199294202,STD,RFA
8477969,Marcus Pettersson,D,2025,66,0.03,0.04,4.0,29.0,-6.51,-2.57,-0.01,0.12,-2.8,5500000.0,5.7591623036649215,95500000,4.663300672817035,4453452.142540269,-1.0958616308478861,-1046547.8574597313,STD,UFA
8476892,Colton Parayko,D,2025,61,0.21,0.28,16.0,36.0,-4.34,3.41,-0.21,-0.02,0.42,6500000.0,6.806282722513089,95500000,5.6805833994938535,5424957.14651663,-1.1256993230192354,-1075042.8534833698,STD,UFA
8476923,Damon Severson,D,2025,65,-0.07,-0.09,6.0,25.0,13.72,1.63,-0.04,0.07,-2.3,6250000.0,6.544502617801047,95500000,5.4154500802892915,5171754.826676273,-1.1290525375117557,-1078245.1733237267,STD,UFA
8475218,Mattias Ekholm,D,2025,67,0.07,0.09,9.0,33.0,19.83,1.03,-0.47,-0.04,-0.76,6250000.0,6.544502617801047,95500000,5.4128041402321525,5169227.9539217055,-1.1316984775688947,-1080772.0460782945,STD,UFA
8473422,Nick Foligno,LW,2025,40,0.06,0.12,15.0,35.0,-3.25,0.85,-0.35,0.01,0.44,4500000.0,4.712041884816754,95500000,3.5754501957049545,3414554.9368982315,-1.1365916891117998,-1085445.0631017687,STD,UFA
8482740,Wyatt Johnston,C,2025,66,1.19,1.48,33.0,71.0,14.56,-3.38,5.76,0.02,0.92,8400000.0,8.795811518324607,95500000,7.6265105355881335,7283317.561486668,-1.1693009827364733,-1116682.438513332,STD,RFA
8478460,Zach Werenski,D,2025,59,-0.1,-0.14,23.0,82.0,22.91,-0.99,0.41,0.03,0.63,9583333.0,10.034903664921465,95500000,8.859675145267753,8460989.763730703,-1.1752285196537127,-1122343.2362692954,STD,RFA
8480801,Brady Tkachuk,LW,2025,45,0.91,1.66,29.0,55.0,2.93,0.6,3.66,0.0,1.16,8223565.0,8.611062827225131,95500000,7.399174383392927,7066211.536140245,-1.2118884438322048,-1157353.4638597555,STD,RFA
8480015,Owen Tippett,RW,2025,66,0.02,0.02,20.0,43.0,3.05,1.82,-1.14,-0.01,1.9,6200000.0,6.492146596858639,95500000,5.2301310097161835,4994775.114278955,-1.2620155871424554,-1205224.885721045,STD,RFA
8478911,Matt Roy,D,2025,65,0.21,0.26,3.0,24.0,2.52,-1.28,-0.14,-0.08,0.76,5750000.0,6.020942408376963,95500000,4.746287868914765,4532704.9148136005,-1.2746545394621984,-1217295.0851863995,STD,UFA
8478873,Troy Terry,C,2025,46,0.15,0.27,21.0,55.0,1.16,0.03,0.55,-0.02,0.33,7000000.0,7.329842931937172,95500000,6.0494925429079185,5777265.378477062,-1.2803503890292536,-1222734.6215229372,STD,RFA
8478508,Yakov Trenin,C,2025,67,0.13,0.16,7.0,15.0,0.03,-2.69,-0.02,0.05,-0.35,3500000.0,3.664921465968586,95500000,2.375978350298981,2269059.324535527,-1.2889431156696052,-1230940.675464473,STD,UFA
8479345,Jakob Chychrun,D,2025,66,0.02,0.02,20.0,47.0,20.01,-3.09,-0.91,0.02,-1.58,9000000.0,9.424083769633508,95500000,8.133947840832738,7767920.187995264,-1.2901359288007708,-1232079.8120047362,STD,UFA
8482078,Lucas Raymond,LW,2025,65,0.62,0.78,27.0,80.0,9.05,0.74,1.96,0.0,2.26,8075000.0,8.455497382198953,95500000,7.147878248041723,6826223.726879845,-1.30761913415723,-1248776.2731201546,STD,RFA
8477496,Elias Lindholm,C,2025,53,0.35,0.54,17.0,47.0,-6.4,-1.66,0.7,0.06,-0.85,7750000.0,8.115183246073299,95500000,6.7989001335351755,6492949.627526092,-1.3162831125381231,-1257050.3724739077,STD,UFA
8477942,Kevin Fiala,C,2025,56,0.03,0.04,35.0,60.0,5.72,2.09,-0.2,-0.0,0.37,7875000.0,8.24607329842932,95500000,6.924732658708235,6613119.689066364,-1.3213406397210843,-1261880.3109336356,STD,RFA
8477845,Trevor van Riemsdyk,D,2025,54,0.26,0.39,1.0,21.0,5.26,-0.71,-0.07,-0.05,-0.35,3000000.0,3.1413612565445024,95500000,1.7543524282513498,1675406.5689800393,-1.3870088282931525,-1324593.4310199607,STD,UFA
8479999,Casey Mittelstadt,C,2025,56,0.01,0.01,15.0,40.0,6.31,-0.97,0.01,0.0,1.35,5750000.0,6.020942408376963,95500000,4.622971141337684,4414937.4399774885,-1.3979712670392788,-1335062.5600225113,STD,RFA
8482964,Arber Xhekaj,D,2025,54,-0.02,-0.03,1.0,6.0,-4.32,-1.05,-0.0,0.0,-1.93,1300000.0,1.3612565445026177,95500000,-0.036933896094309304,-35271.87077006538,-1.398190440596927,-1335271.8707700653,STD,RFA
8478010,Brayden Point,C,2025,47,0.45,0.79,42.0,82.0,5.36,-2.16,-0.13,-0.0,0.67,9500000.0,9.947643979057592,95500000,8.547541510090538,8162902.142136464,-1.400102468967054,-1337097.8578635366,STD,RFA
8481568,Alex Vlasic,D,2025,65,0.03,0.04,4.0,30.0,-1.39,-1.95,-0.06,0.0,0.93,4600000.0,4.81675392670157,95500000,3.3918064034521755,3239175.115296828,-1.4249475232493944,-1360824.8847031717,STD,RFA
8476958,Jaccob Slavin,D,2025,26,0.33,1.04,6.0,27.0,3.94,1.94,-0.04,0.06,0.1,6396062.0,6.697447120418848,95500000,5.264009011733291,5027128.606205293,-1.4334381086855563,-1368933.3937947063,STD,UFA
8477956,David Pastrnak,RW,2025,61,0.95,1.28,43.0,106.0,3.42,-2.43,4.63,-0.0,1.59,11250000.0,11.780104712041885,95500000,10.336245569210094,9871114.51859564,-1.4438591428317906,-1378885.48140436,STD,UFA
8477429,Andrew Copp,C,2025,65,-0.02,-0.03,10.0,23.0,-8.71,0.62,0.42,-0.02,0.19,5625000.0,5.890052356020942,95500000,4.4424183522628855,4242509.526411056,-1.4476340037580568,-1382490.4735889442,STD,UFA
8480860,Kevin Bahl,D,2025,65,0.33,0.42,3.0,20.0,-2.08,-3.76,0.09,0.0,-0.59,5350000.0,5.602094240837696,95500000,4.075281700909272,3891894.024368355,-1.5268125399284234,-1458105.9756316443,STD,RFA
8476448,William Karlsson,C,2025,14,0.07,0.41,9.0,29.0,-0.09,0.78,0.03,0.03,-0.13,5900000.0,6.178010471204189,95500000,4.649072490604118,4439864.228526932,-1.5289379806000714,-1460135.771473068,STD,RFA
8482105,Jake Sanderson,D,2025,62,0.06,0.08,11.0,57.0,9.68,2.12,-0.11,0.01,1.3,8050000.0,8.429319371727749,95500000,6.895570089463311,6585269.435437462,-1.5337492822644379,-1464730.5645625382,STD,RFA
8479661,Tanner Jeannot,LW,2025,62,-0.07,-0.09,7.0,13.0,-1.18,-2.06,-0.09,-0.05,-0.87,2665000.0,2.7905759162303667,95500000,1.2445483303406348,1188543.6554753063,-1.5460275858897319,-1476456.344524694,STD,RFA
8476473,Connor Murphy,D,2025,65,0.03,0.04,2.0,19.0,-5.89,-0.34,-0.04,-0.16,-0.99,4400000.0,4.607329842931937,95500000,3.04817910692271,2911011.047111188,-1.5591507360092267,-1488988.9528888115,STD,UFA
8480192,Johnathan Kovacevic,D,2025,18,0.0,0.0,1.0,17.0,-0.95,-1.35,-0.01,-0.0,-0.96,4000000.0,4.18848167539267,95500000,2.6064320115120747,2489142.5709940316,-1.5820496638805954,-1510857.4290059689,STD,UFA
8474151,Ryan McDonagh,D,2025,32,-0.01,-0.03,4.0,31.0,5.69,2.21,-0.07,0.04,0.28,6750000.0,7.068062827225131,95500000,5.477128590108363,5230657.803553486,-1.5909342371167687,-1519342.196446514,STD,UFA
8471214,Alex Ovechkin,LW,2025,68,0.27,0.33,44.0,73.0,4.85,-3.87,0.24,0.0,-0.63,9500000.0,9.947643979057592,95500000,8.331265775396735,7956358.815503883,-1.6163782036608563,-1543641.1844961175,STD,UFA
8480023,Robert Thomas,C,2025,49,0.29,0.49,21.0,81.0,5.66,-0.82,0.48,-0.01,0.34,8125000.0,8.507853403141361,95500000,6.8638383043157685,6554965.580621559,-1.6440150988255926,-1570034.4193784408,STD,RFA
8481540,Cole Caufield,LW,2025,64,0.73,0.94,37.0,70.0,17.07,0.26,3.16,0.0,0.72,7850000.0,8.219895287958115,95500000,6.555951290746554,6260933.48266296,-1.663943997211561,-1589066.5173370407,STD,RFA
8480188,Fabian Zetterlund,LW,2025,65,0.12,0.15,19.0,41.0,5.77,0.24,0.11,0.0,1.18,4275000.0,4.476439790575916,95500000,2.811183271709746,2684680.0244828076,-1.6652565188661699,-1590319.9755171922,STD,RFA
8477435,Ryan Graves,D,2025,19,0.06,0.26,1.0,4.0,0.4,1.41,-0.0,0.0,-0.12,4500000.0,4.712041884816754,95500000,3.0433103436040287,2906361.3781418474,-1.6687315412127255,-1593638.6218581528,STD,UFA
8479425,Filip Hronek,D,2025,66,0.04,0.05,5.0,33.0,-1.22,-1.66,0.25,-0.19,0.13,7250000.0,7.591623036649215,95500000,5.919307511747023,5652938.673718407,-1.6723155249021913,-1597061.3262815927,STD,RFA
8481528,Dylan Cozens,C,2025,65,0.25,0.32,16.0,47.0,5.19,3.12,2.1,-0.0,0.54,7100000.0,7.43455497382199,95500000,5.751914898669037,5493078.72822893,-1.6826400751529524,-1606921.2717710696,STD,RFA
8475220,Marcus Foligno,LW,2025,48,0.09,0.15,14.0,29.0,-0.56,0.13,0.44,0.0,-0.91,4000000.0,4.18848167539267,95500000,2.501759045790269,2389179.888729707,-1.686722629602401,-1610820.111270293,STD,UFA
8483466,Kevin Korchinski,D,2025,4,0.0,0.0,1.0,2.0,-0.71,-0.4,-0.0,0.0,-0.16,918333.0,0.9616052356020942,95500000,-0.7746111599588605,-739753.6577607119,-1.7362163955609549,-1658086.657760712,ELC,
8477409,Carter Verhaeghe,C,2025,63,0.05,0.07,20.0,53.0,4.93,-2.94,-0.63,-0.0,-0.14,7000000.0,7.329842931937172,95500000,5.582560277571714,5331345.065080986,-1.747282654365458,-1668654.9349190125,STD,UFA
8476917,Adam Pelech,D,2025,67,-0.02,-0.02,0.0,21.0,-0.98,-0.49,-0.14,-0.15,-0.93,5750000.0,6.020942408376963,95500000,4.268859937286281,4076761.240108399,-1.7520824710906817,-1673238.759891601,STD,RFA
8475314,Anders Lee,LW,2025,67,0.2,0.24,29.0,54.0,-1.89,-1.71,0.66,0.0,0.02,7000000.0,7.329842931937172,95500000,5.576152545460344,5325225.680914628,-1.753690386476828,-1674774.3190853707,STD,UFA
8479525,Ross Colton,C,2025,60,0.07,0.1,16.0,29.0,2.96,-0.16,-0.56,0.0,1.67,4000000.0,4.18848167539267,95500000,2.434056565943914,2324524.020476438,-1.7544251094487562,-1675475.9795235621,STD,RFA
8478038,Devon Toews,D,2025,52,0.01,0.02,10.0,44.0,12.83,0.57,-0.94,-0.03,-1.32,7250000.0,7.591623036649215,95500000,5.828145438768429,5565878.89402385,-1.7634775978807857,-1684121.1059761501,STD,UFA
8478469,Thomas Chabot,D,2025,50,-0.03,-0.05,9.0,45.0,8.46,-0.86,-0.1,0.05,-0.47,8000000.0,8.37696335078534,95500000,6.597110173903284,6300240.216077636,-1.7798531768820567,-1699759.783922364,STD,RFA
8473986,Alex Killorn,LW,2025,66,-0.24,-0.3,19.0,37.0,2.92,-3.26,-0.5,0.08,0.54,6250000.0,6.544502617801047,95500000,4.727031017046476,4514314.621279385,-1.8174716007545708,-1735685.378720615,STD,UFA
8479324,Ryan Lindgren,D,2025,60,0.28,0.38,4.0,22.0,-5.72,-0.74,-0.05,0.01,-1.49,4500000.0,4.712041884816754,95500000,2.8751768237231854,2745793.8666556417,-1.8368650610935688,-1754206.133344358,STD,RFA
8479407,Jesper Bratt,LW,2025,66,0.3,0.37,21.0,88.0,7.73,1.25,0.81,-0.01,1.08,7875000.0,8.24607329842932,95500000,6.403537204056514,6115378.029873971,-1.8425360943728055,-1759621.9701260293,STD,RFA
8479365,Trent Frederic,C,2025,64,0.07,0.09,8.0,15.0,-5.43,0.41,-0.07,0.0,0.47,3850000.0,4.031413612565445,95500000,2.18668029674482,2088279.683391303,-1.8447333158206254,-1761720.3166086972,STD,UFA
8478413,Jordan Greenway,C,2025,33,0.03,0.07,3.0,8.0,-1.23,0.49,-0.01,0.01,-0.26,4000000.0,4.18848167539267,95500000,2.3322926033540714,2227339.436203138,-1.8561890720385987,-1772660.5637968618,STD,UFA
8475462,Radko Gudas,D,2025,52,0.05,0.08,1.0,16.0,5.04,1.94,-0.03,0.0,-1.2,4000000.0,4.18848167539267,95500000,2.309613830210994,2205681.2078514993,-1.8788678451816763,-1794318.792148501,STD,UFA
8483460,David Jiricek,D,2025,25,0.03,0.1,1.0,3.0,0.23,-1.82,-0.03,0.0,-0.97,918333.0,0.9616052356020942,95500000,-0.9258450248620154,-884181.9987432247,-1.8874502604641097,-1802514.9987432247,ELC,
8480950,Ilya Lyubushkin,D,2025,44,0.1,0.19,1.0,14.0,-3.32,0.55,-0.01,-0.09,-1.4,3250000.0,3.4031413612565444,95500000,1.5123460840191356,1444290.5102382745,-1.8907952772374088,-1805709.4897617253,STD,UFA
8479398,Samuel Girard,D,2025,47,0.18,0.31,3.0,24.0,6.15,0.41,-0.06,0.01,-0.36,5000000.0,5.2356020942408374,95500000,3.3437453173392147,3193276.77805895,-1.8918567769016228,-1806723.2219410497,STD,RFA
8477073,Kurtis MacDermid,LW,2025,16,0.0,0.0,0.0,0.0,-1.66,-0.17,-0.01,0.0,-0.33,1150000.0,1.2041884816753925,95500000,-0.6950053388727628,-663730.0986234886,-1.8991938205481553,-1813730.098623488,STD,UFA
8482093,Seth Jarvis,C,2025,58,0.54,0.76,32.0,67.0,9.56,1.15,0.46,0.01,1.9,7420087.0,7.769724607329843,95500000,5.821631269275022,5559657.862157646,-1.9480933380548215,-1860429.1378423546,STD,RFA
8482699,Dylan Guenther,RW,2025,65,0.23,0.29,27.0,60.0,18.9,-2.01,1.39,0.0,-0.47,7142875.0,7.479450261780104,95500000,5.517091813436393,5268822.681831756,-1.9623584483437115,-1874052.3181682446,STD,RFA
8481535,Nils Hoglander,LW,2025,25,0.04,0.13,8.0,25.0,-1.65,0.39,-0.09,-0.0,0.22,3000000.0,3.1413612565445024,95500000,1.1765635071281881,1123618.1493074198,-1.9647977494163142,-1876381.85069258,STD,RFA
8482665,Matty Beniers,C,2025,65,0.22,0.28,20.0,43.0,0.37,0.54,0.12,0.0,1.59,7142857.0,7.4794314136125655,95500000,5.505065733279482,5257337.775281905,-1.9743656803330838,-1885519.224718095,STD,RFA
8479410,Mikhail Sergachev,D,2025,63,-0.06,-0.08,15.0,53.0,9.01,-1.92,-0.35,-0.12,-0.57,8500000.0,8.900523560209423,95500000,6.878110523590037,6568595.550028484,-2.022413036619387,-1931404.4499715145,STD,RFA
8478519,Anthony Cirelli,C,2025,57,-0.1,-0.14,27.0,59.0,8.44,-0.72,0.17,-0.07,0.01,6250000.0,6.544502617801047,95500000,4.507410346947472,4304576.881334836,-2.0370922708535755,-1945423.1186651646,STD,RFA
8476539,Jonathan Marchessault,LW,2025,46,-0.01,-0.02,21.0,56.0,0.52,-2.52,-0.34,0.0,0.48,5500000.0,5.7591623036649215,95500000,3.7189775969047343,3551623.6050440213,-2.0401847067601873,-1948376.394955979,STD,UFA
8479066,Ryan Lomberg,LW,2025,55,0.03,0.04,3.0,13.0,-3.87,-0.77,-0.01,-0.0,0.26,2000000.0,2.094240837696335,95500000,0.04964162360000124,47407.75053800118,-2.044599214096334,-1952592.2494619987,STD,UFA
8476822,Luke Glendening,C,2025,56,0.05,0.07,4.0,7.0,-9.25,-2.03,-0.04,-0.11,0.1,800000.0,0.8376963350785341,95500000,-1.2162858640475687,-1161553.000165428,-2.0539821991261027,-1961553.0001654283,STD,UFA
8480434,Sean Durzi,D,2025,46,0.04,0.07,4.0,11.0,5.29,-1.28,-0.14,0.0,-0.34,6000000.0,6.282722513089005,95500000,4.217183743499618,4027410.4750421345,-2.065538769589387,-1972589.5249578648,STD,RFA
8480064,Josh Norris,C,2025,29,0.09,0.25,21.0,35.0,3.0,0.4,0.19,-0.0,0.6,7950000.0,8.324607329842932,95500000,6.2547946030592545,5973328.845921588,-2.0698127267836774,-1976671.1540784119,STD,RFA
8481068,Yegor Sharangovich,C,2025,62,0.09,0.12,17.0,32.0,1.97,-3.99,0.2,-0.01,0.52,5750000.0,6.020942408376963,95500000,3.938342911626492,3761117.4806032996,-2.082599496750471,-1988882.5193967,STD,UFA
8475200,Dmitry Orlov,D,2025,64,0.23,0.29,6.0,28.0,4.09,-1.14,-0.93,0.04,-0.77,7750000.0,8.115183246073299,95500000,6.032258635590699,5760806.996989117,-2.0829246104826,-1989193.0030108828,STD,UFA
8478445,Mathew Barzal,C,2025,66,-0.06,-0.07,6.0,20.0,6.03,-0.61,-0.52,0.0,0.93,9150000.0,9.581151832460733,95500000,7.486595438543583,7149698.643809122,-2.0945563939171503,-2000301.3561908787,STD,RFA
8476292,Ondrej Palat,LW,2025,66,0.06,0.07,15.0,28.0,-3.99,0.32,-0.55,0.05,1.35,6000000.0,6.282722513089005,95500000,4.1477782532401,3961128.2318442953,-2.134944259848905,-2038871.7681557043,STD,UFA
8475167,Victor Hedman,D,2025,31,0.08,0.21,15.0,66.0,1.49,-0.07,0.66,0.05,0.45,8000000.0,8.37696335078534,95500000,6.231434786438319,5951020.221048594,-2.145528564347021,-2048979.7789514053,STD,UFA
8477495,Seth Jones,D,2025,39,0.1,0.21,9.0,36.0,3.0,1.5,-0.12,-0.05,0.34,9500000.0,9.947643979057592,95500000,7.794144905809786,7443408.385048346,-2.153499073247806,-2056591.6149516548,STD,UFA
8478403,Jack Eichel,C,2025,59,0.23,0.32,28.0,94.0,16.59,2.09,-0.84,0.05,2.27,10000000.0,10.471204188481675,95500000,8.299453527922859,7925978.11916633,-2.171750660558816,-2074021.8808336693,STD,RFA
8476885,Jacob Trouba,D,2025,65,-0.01,-0.01,1.0,14.0,12.84,-0.52,-0.33,-0.13,-0.41,8000000.0,8.37696335078534,95500000,6.1965595654652414,5917714.385019305,-2.180403785320099,-2082285.6149806944,STD,RFA
8478500,Ivan Provorov,D,2025,66,-0.1,-0.12,7.0,33.0,7.58,-0.64,0.32,-0.3,-1.22,8500000.0,8.900523560209423,95500000,6.719146947002871,6416785.334387742,-2.1813766132065524,-2083214.6656122576,STD,UFA
8478407,Vince Dunn,D,2025,64,-0.07,-0.09,11.0,39.0,-0.02,-2.01,0.87,0.0,-0.93,7350000.0,7.696335078534032,95500000,5.493339930090984,5246139.633236891,-2.2029951484430477,-2103860.3667631107,STD,RFA
8483424,Owen Beck,C,2025,15,0.02,0.11,0.0,1.0,-0.51,0.11,-0.0,0.0,0.03,853333.0,0.8935424083769633,95500000,-1.3194143874697275,-1260040.7400335898,-2.212956795846691,-2113373.74003359,ELC,
8476462,Dougie Hamilton,D,2025,61,0.21,0.28,9.0,40.0,7.63,0.23,0.27,-0.03,-2.48,9000000.0,9.424083769633508,95500000,7.182653873956744,6859434.449628689,-2.241429895676765,-2140565.5503713107,STD,UFA
8476461,Sean Couturier,C,2025,65,0.21,0.26,15.0,45.0,-3.38,1.65,-0.9,-0.15,-0.48,7750000.0,8.115183246073299,95500000,5.862887195550192,5599057.271750433,-2.252296050523107,-2150942.728249567,STD,UFA
8480830,Andrei Svechnikov,RW,2025,66,0.11,0.14,20.0,48.0,13.3,-0.69,2.05,-0.0,-1.83,7750000.0,8.115183246073299,95500000,5.841489601715187,5578622.569638004,-2.2736936443581115,-2171377.4303619964,STD,RFA
8480803,Evan Bouchard,D,2025,67,-0.02,-0.02,14.0,67.0,20.31,-5.05,1.17,0.07,0.3,10500000.0,10.99476439790576,95500000,8.670756113783588,8280572.088663327,-2.324008284122172,-2219427.9113366744,STD,RFA
8477402,Pavel Buchnevich,C,2025,66,-0.01,-0.01,20.0,57.0,2.25,-1.78,1.33,0.1,-0.29,8000000.0,8.37696335078534,95500000,6.0323086134129245,5760854.725809343,-2.344654737372416,-2239145.274190657,STD,UFA
8477935,Sam Bennett,C,2025,65,0.39,0.49,25.0,51.0,1.73,-2.28,0.21,0.02,-1.99,8000000.0,8.37696335078534,95500000,5.98417738946492,5714889.406938998,-2.3927859613204205,-2285110.5930610015,STD,UFA
8479325,Charlie McAvoy,D,2025,54,0.39,0.59,7.0,23.0,4.55,-0.98,1.32,0.33,-1.46,9500000.0,9.947643979057592,95500000,7.5386407756142955,7199401.940711652,-2.409003203443296,-2300598.0592883476,STD,RFA
8479980,Nicolas Hague,D,2025,51,0.28,0.45,5.0,12.0,6.08,-2.41,-0.07,0.05,-1.52,5500000.0,5.7591623036649215,95500000,3.342101385049755,3191706.8227225165,-2.4170609186151664,-2308293.177277484,STD,RFA
8477934,Leon Draisaitl,C,2025,64,1.54,1.97,52.0,106.0,21.16,0.64,7.1,0.02,-0.08,14000000.0,14.659685863874344,95500000,12.229056972205933,11678749.408456666,-2.4306288916684107,-2321250.591543332,STD,UFA
8478414,Timo Meier,RW,2025,61,0.61,0.82,26.0,53.0,-5.45,-0.91,1.6,0.0,1.06,8800000.0,9.214659685863873,95500000,6.73277756050866,6429802.57028577,-2.481882125355213,-2370197.4297142285,STD,RFA
8477986,Brandon Montour,D,2025,47,-0.06,-0.1,18.0,41.0,-1.6,1.51,0.56,-0.01,-0.65,7142857.0,7.4794314136125655,95500000,4.956670884476958,4733620.694675495,-2.522760529135607,-2409236.3053245046,STD,UFA
8482679,Matt Coronato,RW,2025,65,-0.08,-0.1,24.0,47.0,0.7,-3.39,-0.08,0.0,0.71,6500000.0,6.806282722513089,95500000,4.236928278386671,4046266.5058592707,-2.569354444126418,-2453733.4941407293,STD,RFA
8482087,Kaiden Guhle,D,2025,25,0.09,0.3,6.0,18.0,-0.44,-0.73,-0.0,-0.02,0.6,5550000.0,5.81151832460733,95500000,3.229081762190228,3083773.0828916677,-2.5824365624171017,-2466226.9171083323,STD,RFA
8477903,Garnet Hathaway,RW,2025,54,0.16,0.24,10.0,21.0,-6.84,2.19,-0.01,0.09,-0.07,2400000.0,2.513089005235602,95500000,-0.0814359080083964,-77771.29214801856,-2.5945249132439985,-2477771.2921480187,STD,UFA
8479400,Pierre Luc Dubois,C,2025,16,0.04,0.2,20.0,66.0,4.02,0.19,-0.12,-0.0,1.07,8500000.0,8.900523560209423,95500000,6.304768319416807,6021053.7450430505,-2.5957552407926165,-2478946.254956949,STD,RFA
8475848,Brendan Gallagher,RW,2025,64,0.02,0.03,21.0,38.0,-4.98,-2.87,-0.16,-0.0,-0.19,6500000.0,6.806282722513089,95500000,4.098531881679861,3914097.947004267,-2.707750840833228,-2585902.0529957325,STD,UFA
8479323,Adam Fox,D,2025,39,-0.03,-0.06,10.0,61.0,3.27,3.43,0.16,0.01,-0.34,9500000.0,9.947643979057592,95500000,7.237424494416041,6911740.392167319,-2.7102194846415504,-2588259.6078326805,STD,RFA
8478420,Mikko Rantanen,C,2025,54,0.46,0.7,32.0,88.0,9.42,-0.51,3.83,0.0,0.2,12000000.0,12.56544502617801,95500000,9.832592715693758,9390126.04348754,-2.732852310484251,-2609873.9565124596,STD,UFA
8478439,Travis Konecny,RW,2025,62,0.0,0.0,24.0,76.0,4.74,-1.78,-0.71,0.04,-0.46,8750000.0,9.162303664921465,95500000,6.381259275750443,6094102.608341673,-2.781044389171022,-2655897.391658326,STD,UFA
8475455,Brenden Dillon,D,2025,66,-0.16,-0.2,2.0,16.0,-2.68,1.67,-0.02,0.14,-1.99,4000000.0,4.18848167539267,95500000,1.3456319635979295,1285078.5252360227,-2.8428497117947407,-2714921.4747639773,STD,UFA
8479293,Brandon Tanev,LW,2025,45,0.08,0.15,10.0,22.0,-4.55,-0.66,-0.01,0.0,0.08,3500000.0,3.664921465968586,95500000,0.7311242525758335,698223.6612099209,-2.9337972133927526,-2801776.3387900786,STD,UFA
8478416,Erik Cernak,D,2025,44,-0.09,-0.17,3.0,21.0,2.95,1.57,-0.04,-0.03,-1.89,5200000.0,5.445026178010471,95500000,2.4980031936747498,2385593.0499593862,-2.947022984335721,-2814406.9500406138,STD,RFA
8480145,Neal Pionk,D,2025,39,-0.22,-0.46,10.0,39.0,-0.43,-2.86,-0.3,-0.18,-0.51,7000000.0,7.329842931937172,95500000,4.324180904128633,4129592.763442845,-3.0056620278085386,-2870407.2365571545,STD,UFA
8475763,Kevin Hayes,C,2025,25,-0.02,-0.07,13.0,23.0,1.66,0.54,-0.44,0.0,-0.28,7142857.0,7.4794314136125655,95500000,4.39585238585572,4198039.028492213,-3.083579027756845,-2944817.9715077872,STD,UFA
8475794,Tyler Seguin,C,2025,26,0.08,0.25,9.0,21.0,-0.33,-0.55,-0.4,-0.0,0.42,9850000.0,10.314136125654452,95500000,7.2223943855986565,6897386.638246718,-3.091741740055795,-2952613.3617532845,STD,UFA
8475690,Christopher Tanev,D,2025,11,0.06,0.45,3.0,18.0,-1.22,0.7,-0.0,-0.04,0.38,4500000.0,4.712041884816754,95500000,1.5633051559042155,1492956.4238885257,-3.1487367289125388,-3007043.5761114745,STD,UFA
8476624,Barclay Goodrow,C,2025,64,-0.22,-0.28,5.0,8.0,-5.95,-0.63,-0.05,0.23,-0.55,3641667.0,3.8132638743455494,95500000,0.5961245497461025,569298.945007528,-3.217139324599447,-3072368.054992472,STD,UFA
8476456,Jonathan Huberdeau,LW,2025,50,0.31,0.51,28.0,62.0,1.32,-0.32,-1.24,0.05,0.17,10500000.0,10.99476439790576,95500000,7.644018932809169,7300038.080832757,-3.3507454650965904,-3199961.919167244,STD,UFA
8477498,Darnell Nurse,D,2025,67,-0.17,-0.21,5.0,33.0,13.42,-1.96,-0.26,-0.02,-1.27,9250000.0,9.68586387434555,95500000,6.327819132055934,6043067.271113417,-3.358044742289616,-3206932.7288865834,STD,UFA
8474578,Erik Karlsson,D,2025,61,0.12,0.16,11.0,53.0,5.02,-2.31,-0.72,0.09,0.27,11500000.0,12.041884816753926,95500000,8.682449439802406,8291739.215011298,-3.35943537695152,-3208260.784988702,STD,UFA
8482720,Matthew Knies,LW,2025,64,0.33,0.42,29.0,58.0,0.83,-2.75,0.08,0.0,0.39,7750000.0,8.115183246073299,95500000,4.669309511780712,4459190.58375058,-3.4458737342925865,-3290809.41624942,STD,RFA
8478366,Frank Vatrano,C,2025,42,0.04,0.08,21.0,45.0,-4.66,-1.24,-0.26,0.01,-0.42,4571189.0,4.786585340314136,95500000,1.3335344479634372,1273525.3978050826,-3.4530508923506984,-3297663.6021949165,STD,UFA
8480839,Rasmus Dahlin,D,2025,63,0.07,0.09,17.0,68.0,14.26,-1.52,0.13,0.0,-0.4,11000000.0,11.518324607329843,95500000,8.05554142838315,7693042.064105907,-3.462783178946694,-3306957.935894093,STD,RFA
8478483,Mitchell Marner,RW,2025,66,0.4,0.5,27.0,102.0,13.03,1.81,1.18,0.16,0.58,12000000.0,12.56544502617801,95500000,9.098301710854349,8688878.133865904,-3.4671433153236606,-3311121.866134096,STD,UFA
8474563,Drew Doughty,D,2025,56,-0.1,-0.15,4.0,17.0,3.08,1.99,-1.2,-0.11,-1.97,11000000.0,11.518324607329843,95500000,8.041574585781218,7679703.729421063,-3.476750021548625,-3320296.270578937,STD,UFA
8482122,Brock Faber,D,2025,67,0.07,0.09,10.0,29.0,14.3,-0.01,0.73,0.0,-0.2,8500000.0,8.900523560209423,95500000,5.415222328963109,5171537.324159769,-3.4853012312463143,-3328462.67584023,STD,RFA
8476981,Josh Anderson,RW,2025,59,-0.3,-0.42,15.0,27.0,-2.73,-2.46,-0.06,0.11,-0.53,5500000.0,5.7591623036649215,95500000,2.2670544471680785,2165036.997045515,-3.492107856496843,-3334963.002954485,STD,RFA
8479385,Jordan Kyrou,C,2025,55,0.1,0.15,36.0,70.0,9.28,1.57,-0.38,-0.0,1.18,8125000.0,8.507853403141361,95500000,4.936680624269497,4714529.99617737,-3.5711727788718637,-3410470.00382263,STD,RFA
8480829,Jesperi Kotkaniemi,C,2025,37,0.04,0.09,12.0,33.0,-2.9,0.37,-0.13,0.0,0.92,4820000.0,5.047120418848167,95500000,1.460828886464844,1395091.586573926,-3.5862915323833233,-3424908.4134260737,STD,RFA
8477939,William Nylander,C,2025,50,0.28,0.46,45.0,84.0,9.11,-2.08,1.62,0.0,0.17,11500000.0,12.041884816753926,95500000,8.380595643303513,8003468.839354856,-3.661289173450413,-3496531.1606451445,STD,UFA
8482671,Owen Power,D,2025,66,0.17,0.21,7.0,40.0,11.54,-2.76,-1.14,0.06,0.44,8350000.0,8.743455497382199,95500000,5.019436347634828,4793561.711991262,-3.7240191497473702,-3556438.2880087383,STD,RFA
8478233,Andrew Mangiapane,C,2025,57,0.12,0.17,14.0,28.0,-1.29,0.15,-0.08,0.02,0.81,5800000.0,6.0732984293193715,95500000,2.313489309631155,2209382.290697753,-3.7598091196882164,-3590617.7093022466,STD,RFA
8480865,Noah Dobson,D,2025,65,0.12,0.15,10.0,39.0,14.45,-2.49,-0.54,0.0,-0.58,9500000.0,9.947643979057592,95500000,6.124471036690329,5848869.8400392635,-3.823172942367263,-3651130.159960736,STD,RFA
8481014,Alexander Romanov,D,2025,15,0.05,0.27,4.0,20.0,-1.78,-2.31,-0.04,-0.02,0.22,6250000.0,6.544502617801047,95500000,2.6642644074487993,2544372.5091136033,-3.880238210352248,-3705627.4908863967,STD,RFA
8478550,Artemi Panarin,LW,2025,62,0.41,0.54,37.0,89.0,9.74,-0.31,1.63,0.0,1.09,11642857.0,12.19147329842932,95500000,8.183000032775146,7814765.031300265,-4.008473265654175,-3828091.968699737,STD,UFA
8479339,Patrik Laine,LW,2025,5,0.0,0.0,20.0,33.0,-0.99,0.27,-0.16,-0.0,0.01,8700000.0,9.109947643979059,95500000,4.6450002412387885,4435975.230383043,-4.46494740274027,-4264024.769616958,STD,RFA
8479318,Auston Matthews,C,2025,60,0.68,0.93,33.0,78.0,6.31,-1.26,0.48,0.05,0.74,13250000.0,13.874345549738221,95500000,9.311802925652914,8892771.793998534,-4.562542624085307,-4357228.206001468,STD,UFA
8482175,JJ Peterka,C,2025,67,-0.16,-0.2,27.0,68.0,8.46,-1.04,-0.61,0.0,-0.48,7700000.0,8.06282722513089,95500000,3.260225495862361,3113515.348548555,-4.802601729268529,-4586484.651451445,STD,RFA
8480012,Elias Pettersson,C,2025,58,0.1,0.14,15.0,45.0,1.66,-3.05,-0.39,0.03,1.73,11600000.0,12.146596858638743,95500000,6.5373034251456925,6243124.771014136,-5.60929343349305,-5356875.228985863,STD,RFA
